0.28013864081141965 -0.023029780828765823 0.05082999904714105 -0.2673380118933679 0.5861146541459126 0.31740560691063585 0.6958833812457442
0.2772895592437998 0.018617662446274438 0.050829999049394996 0.2254091232217698 0.6034821693331546 -0.2676241955319125 0.7165035159936337
0.321786085964559 -0.02018068808473555 0.050829999049394996 -0.6034821693331546 0.2254091232217698 0.7165035159936337 0.2676241955319125
0.3189370043969391 0.02146675519030471 0.05082999904714105 -0.5861146541459126 -0.2673380118933679 0.6958833812457442 -0.31740560691063585
0.31706764196212134 -0.021973004983314573 0.05096999904749291 -0.6346544310011053 0.2867294086665586 0.6539884242613058 0.29546427931072045
0.2820080032462374 0.02040997934485346 0.05096999904749291 0.2867294086665586 0.6346544310011053 -0.29546427931072045 0.6539884242613058
0.3207293212803785 0.016748303752845056 0.05096999904731669 -0.6515167596248855 -0.2460201463770633 0.6713644438936768 -0.2535148575129906
0.27834632392798025 -0.01831132939130617 0.05096999904731669 -0.2460201463770633 0.6515167596248855 0.2535148575129906 0.6713644438936768
0.2840187788069837 -0.02244922833783671 0.05505666636958378 -0.32870797821454195 0.648293451194448 0.31058024705890164 0.6125410813433917
0.3150568664013751 0.0208862026993756 0.05505666636958378 -0.6482934511944481 -0.328707978214542 0.6125410813433918 -0.3105802470589017
0.2778701080172559 0.014737524459168922 0.055056666369893786 0.2259810553450168 0.6908443360002718 -0.21351855373482514 0.6527453510002844
0.32120553719110284 -0.016300550097630033 0.055056666369893786 -0.690844336000272 0.22598105534501683 0.6527453510002845 0.21351855373482517
0.2794510644505982 0.014887076947747085 0.07094333565637856 0.22696084266874417 0.6481939846942419 -0.24020793444190752 0.6860273189403222
0.31520640492032465 0.019305227639453693 0.07094333565680554 -0.6188279131323768 -0.2978568113043972 0.6549472284260477 -0.3152419100704137
0.2838692402880341 -0.020868253277914806 0.07094333565680554 -0.2978568113043972 0.6188279131323768 0.3152419100704137 0.6549472284260477
0.3196245509554382 -0.016450101654885623 0.07094333565637856 -0.648193984694242 0.2269608426687442 0.6860273189403223 0.24020793444190755
0.282108567898214 0.02099974972229155 0.05685666669880052 0.2817254102078979 0.5907318577343602 -0.32546666794829604 0.6824500813653236
0.2777565665873567 -0.018210761012481147 0.0568566666980406 -0.21850055724160483 0.616920449170107 0.2524253953035973 0.7127047675487265
0.32131907862100206 0.016647735374020034 0.0568566666980406 -0.616920449170107 -0.21850055724160483 0.7127047675487265 -0.2524253953035973
0.3169670773101448 -0.022562775360752664 0.05685666669880052 -0.5907318577343603 0.28172541020789793 0.6824500813653237 0.3254666679482961
0.2724923502199265 -0.012832021787457716 0.05089666571583537 -0.13898207067687943 0.6549941364510142 0.154168850968655 0.7265663291373761
0.32658329498843225 0.011268997080319178 0.05089666571583537 -0.6549941364510142 -0.13898207067687943 0.7265663291373761 -0.154168850968655
0.31158832505868456 -0.027826982406944215 0.050896665714855904 -0.5614259608680933 0.364875629123744 0.6227738199179356 0.40474613643580737
0.2874873201496742 0.0262639567684831 0.050896665714855904 0.364875629123744 0.5614259608680933 -0.40474613643580737 0.6227738199179356
0.31653696377041324 0.017550337010435058 0.06083000068626878 -0.5861146541459126 -0.2673380118933679 0.6958833812457442 -0.31740560691063585
0.281205971835734 0.01621762181974856 0.06083000068852273 0.2254091232217698 0.6034821693331546 -0.2676241955319125 0.7165035159936337
0.2825386814379455 -0.01911336264889617 0.06083000068626878 -0.2673380118933679 0.5861146541459126 0.31740560691063585 0.6958833812457442
0.3178696733726248 -0.01778064745820967 0.06083000068852273 -0.6034821693331546 0.2254091232217698 0.7165035159936337 0.2676241955319125
0.2988168053477141 0.024786256999537227 0.0710766689935471 0.5131226800172349 0.5244410831875262 -0.4751818388282507 0.48566334591445837
0.27397004626624555 -0.0015025094743916197 0.07107666899354918 -0.008003320717062867 0.7336683728644166 0.007411546602616865 0.6794201457808979
0.3002588100583223 -0.026349282637998343 0.0710766689935471 -0.5244410831875264 0.5131226800172349 0.4856633459144585 0.47518183882825077
0.3251055989421132 -6.051572751203635e-05 0.07107666899354918 -0.7336683728644166 -0.008003320717062867 0.6794201457808979 -0.007411546602616865
0.3187673464423556 0.018986242360724475 0.060843334019118823 -0.6020287227397851 -0.24336820628218186 0.7050528758432967 -0.28501539507962265
0.319305571264787 -0.020011056215063425 0.06084333401819474 -0.5977859009637061 0.2536112832262681 0.7000839885090754 0.2970113510668587
0.2803082689636808 -0.020549267999185588 0.060843334019118823 -0.24336820628218186 0.6020287227397851 0.28501539507962265 0.7050528758432967
0.2797700739435718 0.01844803057660231 0.06084333401819474 0.2536112832262681 0.5977859009637061 -0.2970113510668587 0.7000839885090754
0.3202340975409884 0.019538032359732654 0.05084333237999109 -0.6020287227397851 -0.24336820628218186 0.7050528758432967 -0.28501539507962265
0.31985736126379516 -0.021477794275180193 0.05084333237906701 -0.5977859009637061 0.2536112832262681 0.7000839885090754 0.2970113510668587
0.27884154766737035 -0.021101057998193767 0.05084333237999109 -0.24336820628218186 0.6020287227397851 0.28501539507962265 0.7050528758432967
0.2792182839445636 0.01991476863671908 0.05084333237906701 0.2536112832262681 0.5977859009637061 -0.2970113510668587 0.7000839885090754
0.32485154830605784 0.00850025250675196 0.060910000680661595 -0.665340249674219 -0.11100607986744156 0.7281759846604274 -0.12148966112278105
0.27422409690230093 -0.010063278145213073 0.060910000680661595 -0.11100607986744156 0.665340249674219 0.12148966112278105 0.7281759846604274
0.3088195944418582 -0.026095245042982433 0.06091000068087055 -0.5489597528075435 0.39197345255265853 0.6008043379286458 0.42899201603007864
0.2902560507665006 0.02453221940452132 0.06091000068087055 0.39197345255265853 0.5489597528075435 -0.42899201603007864 0.6008043379286458
0.3206934086647948 0.01695093675141185 0.06485666428405248 -0.616920449170107 -0.21850055724160483 0.7127047675487265 -0.2524253953035973
0.28180535907024157 0.020374079766084276 0.0648566642848124 0.2817254102078979 0.5907318577343602 -0.32546666794829604 0.6824500813653236
0.3172702563357948 -0.02193710540454539 0.0648566642848124 -0.5907318577343603 0.28172541020789793 0.6824500813653237 0.3254666679482961
0.278382236543564 -0.018513962389872962 0.06485666428405248 -0.21850055724160483 0.616920449170107 0.2524253953035973 0.7127047675487265
0.2740743075454719 -0.010504433922807527 0.06102333402045099 -0.13226976672058832 0.7029732401097976 0.12921865314570588 0.6867575060968929
0.32500133766288686 0.008941408284346414 0.06102333402045099 -0.7029732401097976 -0.13226976672058832 0.6867575060968929 -0.12921865314570588
0.30926072507177116 -0.02624502136240701 0.061023334020146904 -0.5906059918864218 0.4035482990852503 0.5769822735860837 0.3942395066716311
0.2898148903342652 0.024681995723945898 0.061023334020146904 0.4035482990852503 0.5906059918864218 -0.3942395066716311 0.5769822735860837
0.32381503882680385 0.0027873132786290504 0.0709366689852841 -0.6822797703778444 -0.05317560798556871 0.7269502308476945 -0.056657140053172565
0.30310664544456967 -0.025058722522258426 0.0709366689852865 -0.5200454858231928 0.4448438186910016 0.5540940862335666 0.473968789318786
0.2959689997637891 0.023495696883797313 0.0709366689852865 0.4448438186910016 0.5200454858231928 -0.473968789318786 0.5540940862335666
0.2752606063815549 -0.0043503384514288765 0.0709366689852841 -0.05317560798556871 0.6822797703778444 0.056657140053172565 0.7269502308476945
0.30428424541501736 0.02590220538012598 0.054863333034864493 -0.497736227780526 -0.42886514663548037 0.5711189378828272 -0.49209398731109477
0.2947913997933414 -0.027465231018587093 0.054863333034864493 -0.42886514663548025 0.4977362277805259 0.49209398731109466 0.5711189378828271
0.3262215361469585 -0.005527928180038623 0.054863333035708554 -0.6552061155263992 0.04869920987754435 0.751805069055246 0.055879077273577146
0.2728541090614003 0.003964903007238798 0.054863333035708554 0.04869920987754435 0.6552061155263992 -0.055879077273577146 0.751805069055246
0.3152712007825871 0.023544575693934214 0.05492999970037108 -0.6009103332453556 -0.322345731468724 0.6445551577981256 -0.34575807923847945
0.2752117406147681 0.014951873747982642 0.05492999970140148 0.19697492231095293 0.652840623500824 -0.2112814426028433 0.7002572043894378
0.2838044146234493 -0.025107601332395327 0.05492999970037108 -0.322345731468724 0.6009103332453556 0.34575807923847945 0.6445551577981256
0.32386390459359066 -0.016514899386443755 0.05492999970140148 -0.652840623500824 0.19697492231095293 0.7002572043894378 0.2112814426028433
0.3223961131786471 -0.008826141255324858 0.071130002330583 -0.7415585932007591 0.1228448446254028 0.6506776263623609 0.10778971913181516
0.2914931969511174 -0.023639796870887745 0.07113000232933529 -0.4374966839202823 0.6112255344272092 0.38387971737649 0.5363174062156432
0.2766795320297117 0.007263115616863745 0.071130002330583 0.1228448446254028 0.7415585932007591 -0.10778971913181516 0.6506776263623609
0.30758244825724135 0.022076771232426632 0.07113000232933529 -0.6112255344272092 -0.4374966839202823 0.5363174062156432 -0.38387971737649
0.2732927396423024 0.0028993507725891396 0.06086333401918519 0.04869920987754435 0.6552061155263992 -0.055879077273577146 0.751805069055246
0.3257829055660564 -0.004462375945388965 0.06086333401918519 -0.6552061155263992 0.04869920987754435 0.751805069055246 0.055879077273577146
0.29585695202799106 -0.027026594849749546 0.06086333401834113 -0.42886514663548025 0.4977362277805259 0.49209398731109466 0.5711189378828271
0.3032186931803677 0.025463569211288433 0.06086333401834113 -0.497736227780526 -0.42886514663548037 0.5711189378828272 -0.49209398731109477
0.2989504487115981 -0.022700280949255074 0.08107666690738453 -0.5244410831875264 0.5131226800172349 0.4856633459144585 0.47518183882825077
0.30016686663670206 0.020521509928566543 0.08107666690738453 0.5131226800172349 0.5244410831875262 -0.47518183882825077 0.48566334591445837
0.3211695531129689 -0.0016975944686884671 0.08107666690738662 -0.7336683728644166 -0.008003320717062824 0.6794201457808979 -0.007411546602616823
0.27794776223533124 -0.0004811765520000263 0.08107666690738662 -0.008003320717062867 0.7336683728644166 0.007411546602616865 0.6794201457808979
0.3089340949644717 -0.0274288989698318 0.054909999697393914 -0.5489597528075435 0.39197345255265853 0.6008043379286458 0.42899201603007864
0.3261852022329072 0.008614769793171828 0.05490999969718496 -0.665340249674219 -0.11100607986744156 0.7281759846604274 -0.12148966112278105
0.29014152044156466 0.025865873331370685 0.054909999697393914 0.39197345255265853 0.5489597528075435 -0.42899201603007864 0.6008043379286458
0.27289044297545156 -0.010177795431632941 0.05490999969718496 -0.11100607986744156 0.665340249674219 0.12148966112278105 0.7281759846604274
0.29916992498042067 -0.021171933603302877 0.07095000232438414 -0.5036301369757978 0.47048558429694753 0.5294739009873172 0.4946285356424272
0.2999057202279381 0.019608907964841764 0.07095000232438414 0.47048558429694753 0.5036301369757978 -0.4946285356424272 0.5294739009873172
0.27914738784994136 -0.00041362211739349834 0.07095000232439878 -0.023436736668234565 0.6888038322216019 0.024639392003798066 0.7241497776377911
0.319928227556095 -0.0011494031136139882 0.07095000232439878 -0.6888038322216019 -0.023436736668234565 0.7241497776377911 -0.024639392003798066
0.31285991256750323 -0.022476301220712324 0.07499666964683137 -0.6154460447976028 0.34577376887576694 0.6175009622129359 0.346928275536217
0.28621573264085554 0.02091327558225121 0.07499666964683137 0.34577376887576694 0.6154460447976028 -0.346928275536217 0.6175009622129359
0.3212326044911396 0.012540578998961379 0.07499666964681041 -0.6796850493220719 -0.19068709189963817 0.6819544548634889 -0.19132377845619067
0.27784304071721916 -0.014103604637422492 0.07499666964681041 -0.19068709189963814 0.6796850493220719 0.19132377845619064 0.6819544548634888
0.3220247304072512 0.0011001134049353862 0.08093666689912153 -0.6822797703778444 -0.05317560798556867 0.7269502308476945 -0.056657140053172524
0.27709258494104894 -0.0032788844256238796 0.08093666689912153 -0.05317560798556871 0.6822797703778444 0.056657140053172565 0.7269502308476945
0.3017481565915894 -0.02355545824310683 0.08093666689912393 -0.5200454858231928 0.4448438186910016 0.5540940862335666 0.473968789318786
0.29736915875671077 0.0213766872224183 0.08093666689912393 0.44484381869100165 0.5200454858231927 -0.473968789318786 0.5540940862335665
0.2997914769573324 -0.029291463560008692 0.0529633327063666 -0.4859364200434157 0.495512322534034 0.5040930657473741 0.5140267648262393
0.2992841682510264 0.02772843792154758 0.0529633327063666 -0.4955123225340341 -0.4859364200434158 0.5140267648262394 -0.5040930657473742
0.27102787838255443 -0.0010351695060849826 0.05296333270635356 0.0067711838052552835 0.6939890612762152 -0.00702418394203513 0.7199194362835203
0.32804776682580433 -0.0005278556667148431 0.05296333270635356 -0.6939890612762152 0.0067711838052552835 0.7199194362835203 0.00702418394203513
0.30490630808496255 0.02494404913097072 0.06687666833511544 -0.5199939199036149 -0.40980441231880693 0.588620444555372 -0.46388860641186974
0.2941693073210738 -0.026507074769431833 0.06687666833511544 -0.409804412318807 0.5199939199036149 0.4638886064118698 0.5886204445553719
0.27381226717041174 0.004586991741970058 0.06687666833521631 0.07791574439606441 0.6574667063192892 -0.08819872367126809 0.7442362877471321
0.325263378037947 -0.0061500169147698834 0.06687666833521631 -0.6574667063192892 0.07791574439606441 0.7442362877471321 0.08819872367126809
0.3090516798531885 0.025251029577226566 0.05501666637069195 -0.5882154497453357 -0.4029093186294866 0.5784922095223117 -0.3962492008375653
0.27350528672649116 0.008732342565865702 0.05501666637080678 0.13103122145948318 0.7008310448445031 -0.1288652667684818 0.6892462612199548
0.2900239653551703 -0.02681405521568768 0.05501666637069195 -0.4029093186294866 0.5882154497453357 0.3962492008375653 0.5784922095223117
0.3255703584818676 -0.010295368204326815 0.05501666637080678 -0.7008310448445031 0.13103122145948318 0.6892462612199548 0.1288652667684818
0.2738099260116453 0.008581350567167776 0.05713000003580418 0.1228448446254028 0.7415585932007591 -0.10778971913181516 0.6506776263623609
0.3252657191967135 -0.010144376205628889 0.05713000003580418 -0.7415585932007591 0.1228448446254028 0.6506776263623609 0.10778971913181516
0.3089006645810939 0.024946377250493038 0.05713000003455646 -0.6112255344272092 -0.4374966839202823 0.5363174062156432 -0.38387971737649
0.2901749508249425 -0.02650940288895415 0.05713000003455646 -0.4374966839202823 0.6112255344272092 0.38387971737649 0.5363174062156432
0.27859962258019205 0.012966243576013338 0.07104333565733098 0.19429931138567036 0.6956395934461829 -0.1860544416390785 0.6661209187313175
0.2857900447943443 -0.02171970632750529 0.07104333565704972 -0.35450111491492503 0.6292818333293618 0.33945826377878996 0.6025789748389849
0.3204760226281667 -0.014529269214474451 0.07104333565733098 -0.6956395934461829 0.19429931138567036 0.6661209187313175 0.1860544416390785
0.3132855706116921 0.020156680689044176 0.07104333565704972 -0.6292818333293618 -0.35450111491492503 0.6025789748389849 -0.33945826377878996
0.285191971788668 -0.02335731414038676 0.06504333094828278 -0.35450111491492503 0.6292818333293618 0.33945826377878996 0.6025789748389849
0.2769620147673106 0.013564333345495951 0.06504333094856404 0.19429931138567036 0.6956395934461829 -0.1860544416390785 0.6661209187313175
0.3221136304410482 -0.015127358983957064 0.06504333094856404 -0.6956395934461829 0.19429931138567036 0.6661209187313175 0.1860544416390785
0.31388367341969076 0.021794288501925645 0.06504333094828278 -0.6292818333293618 -0.35450111491492503 0.6025789748389849 -0.33945826377878996
0.2774608030444783 0.0020236990526091977 0.07486333631396402 0.04869920987754435 0.6552061155263992 -0.055879077273577146 0.751805069055246
0.3216148421638805 -0.0035867241089937016 0.07486333631396402 -0.6552061155263992 0.04869920987754435 0.751805069055246 0.055879077273577146
0.2967326038643863 -0.022858525859638195 0.07486333631311996 -0.42886514663548025 0.4977362277805259 0.49209398731109466 0.5711189378828271
0.30234304134397244 0.021295500221177082 0.07486333631311996 -0.497736227780526 -0.42886514663548037 0.5711189378828272 -0.49209398731109477
0.31670194101444965 -0.005235631544323557 0.09498999880802715 -0.700234981171117 0.06834450383392915 0.7072726954159102 0.0690314005297052
0.2824153743338505 0.003056860523635064 0.09498999880802715 0.06834450383392912 0.700234981171117 -0.06903140052970516 0.7072726954159102
0.3037049037106607 0.016053897829456373 0.0949899988080211 -0.5434677663168535 -0.44681404077263276 0.5489298910756042 -0.45130474695789274
0.2954124116376394 -0.018232668850144903 0.0949899988080211 -0.4468140407726328 0.5434677663168533 0.4513047469578928 0.5489298910756042
0.2818247613205008 0.017314239308860998 0.06695666833520784 0.25690160429116593 0.642133084999924 -0.2682860161792943 0.670588756529476
0.31763358124583546 0.016931541950601755 0.06695666833500764 -0.6357135240346594 -0.27239979515085744 0.6638847175668686 -0.28447099806898507
0.2814420639625233 -0.018494567589062868 0.06695666833500764 -0.27239979515085744 0.6357135240346594 0.28447099806898507 0.6638847175668686
0.31725088388785794 -0.01887726494732211 0.06695666833520784 -0.642133084999924 0.25690160429116593 0.670588756529476 0.2682860161792943
0.28329251107897313 -0.003306559607251153 0.100936670177377 -0.05317560798556871 0.6822797703778444 0.056657140053172565 0.7269502308476945
0.315824804269327 0.0011277885865626602 0.100936670177377 -0.6822797703778444 -0.05317560798556867 0.7269502308476945 -0.056657140053172524
0.2973414835750835 0.015176761084494107 0.1009366701773794 0.44484381869100165 0.5200454858231927 -0.473968789318786 0.5540940862335665
0.30177583177321665 -0.017355532105182637 0.1009366701773794 -0.5200454858231928 0.4448438186910016 0.5540940862335666 0.473968789318786
0.28568750541446225 -0.01663814938943763 0.08083000023923394 -0.2673380118933679 0.5861146541459126 0.31740560691063585 0.6958833812457442
0.31510742156070065 -0.01496053776203537 0.0808300002414879 -0.6034821693331546 0.2254091232217698 0.7165035159936337 0.2676241955319126
0.3134298099338379 0.014459378368749137 0.08083000023923394 -0.5861146541459126 -0.26733801189336787 0.6958833812457442 -0.3174056069106358
0.2840098937875995 0.01278176674134684 0.0808300002414879 0.22540912322176984 0.6034821693331546 -0.2676241955319126 0.7165035159936337
0.3164839349566195 -0.007435611058218932 0.09512999881390896 -0.7415585932007591 0.12284484462540286 0.6506776263623609 0.10778971913181522
0.30590488323296017 0.015835891768572644 0.09512999881266125 -0.6112255344272093 -0.4374966839202823 0.5363174062156433 -0.38387971737649
0.29321243211534 -0.018014662789261175 0.09512999881266125 -0.4374966839202823 0.6112255344272092 0.38387971737649 0.5363174062156432
0.2826333803916807 0.005256840037530439 0.09512999881390896 0.1228448446254028 0.7415585932007591 -0.10778971913181516 0.6506776263623609
0.2915253230442512 -0.024085924611572024 0.07089000232676121 -0.3895890122453516 0.5414982942057375 0.43508407145611067 0.6047328746439555
0.30755032216410755 0.02252289897311091 0.07089000232676121 -0.5414982942057375 -0.3895890122453516 0.6047328746439555 -0.43508407145611067
0.32284222043291644 -0.008794018879935292 0.07089000232709247 -0.6583781493670048 0.1074160774360228 0.735261614934186 0.11995981138993658
0.27623339497311994 0.007230994172796754 0.07089000232709247 0.1074160774360228 0.6583781493670048 -0.11995981138993658 0.735261614934186
0.3259445210703256 -0.00378248526580169 0.0709766689913957 -0.6978077191035459 0.03738610125143161 0.7142843696606395 0.038268862685316554
0.30253878807655527 0.025625199615601467 0.07097666899137808 -0.5198605384355272 -0.46698860154825556 0.5321354963157496 -0.4780151463733331
0.2965368571318035 -0.02718822525406258 0.07097666899137808 -0.46698860154825556 0.5198605384355272 0.4780151463733331 0.5321354963157496
0.27313109433571076 0.0022194600930018644 0.0709766689913957 0.03738610125143161 0.6978077191035459 -0.038268862685316554 0.7142843696606395
0.2821779925741306 -0.01255642660645756 0.08511000089944795 -0.21601561812629988 0.7129777383724227 0.19342769941605437 0.6384244061824943
0.31102569875955993 -0.018470050617658773 0.08511000089829257 -0.6568974996666519 0.3514052888662141 0.588208262929073 0.31466019339998563
0.31693932277416953 0.010377655585769068 0.08511000089944795 -0.7129777383724227 -0.21601561812629985 0.6384244061824943 -0.1934276994160543
0.2880916165887402 0.016291279596970243 0.08511000089829257 0.35140528886621414 0.6568974996666519 -0.3146601933999857 0.588208262929073
0.28241811614751017 0.0030709048680602653 0.10099000351679409 0.06834450383392912 0.700234981171117 -0.06903140052970516 0.7072726954159102
0.2953983672932142 -0.018229927036485235 0.10099000351678804 -0.4468140407726328 0.5434677663168533 0.4513047469578928 0.5489298910756042
0.31669919920079 -0.005249675888748758 0.10099000351679409 -0.700234981171117 0.06834450383392915 0.7072726954159102 0.0690314005297052
0.3037189480550859 0.016051156015796705 0.10099000351678804 -0.5434677663168535 -0.44681404077263276 0.5489298910756042 -0.45130474695789274
0.2858454655730625 -0.0007539510702083443 0.10109000352068764 0.024254634293036714 0.7378426083671986 -0.022161654467788082 0.6741727219818747
0.31327184977523764 -0.0014248199504801858 0.10109000352068764 -0.7378426083671986 0.02425463429303667 0.6741727219818747 0.02216165446778804
0.29922322323629 -0.014802577611602308 0.10109000352045941 -0.5045828960372719 0.5388841275444328 0.46104144784090173 0.49238275912147905
0.2998940921120101 0.012623806590913816 0.10109000352045941 -0.5388841275444328 -0.5045828960372719 0.49238275912147905 -0.46104144784090173
0.31707861256710773 -0.005324453640909784 0.08698999749672497 -0.700234981171117 0.06834450383392915 0.7072726954159102 0.0690314005297052
0.30379372580724695 0.016430569382114454 0.08698999749671892 -0.5434677663168535 -0.44681404077263276 0.5489298910756042 -0.45130474695789274
0.2820387027811924 0.0031456826202212913 0.08698999749672497 0.06834450383392912 0.700234981171117 -0.06903140052970516 0.7072726954159102
0.2953235895410532 -0.018609340402802984 0.08698999749671892 -0.4468140407726328 0.5434677663168533 0.4513047469578928 0.5489298910756042
0.27847825119742103 0.006672349302446621 0.08113000024442044 0.1228448446254028 0.7415585932007591 -0.10778971913181516 0.6506776263623609
0.30732039249787635 0.019991020962832288 0.08113000024317273 -0.6112255344272093 -0.4374966839202823 0.5363174062156433 -0.38387971737649
0.3206390641508791 -0.008851120323135115 0.08113000024442044 -0.7415585932007591 0.12284484462540286 0.6506776263623609 0.10778971913181522
0.2917969228504238 -0.022169791983520818 0.08113000024317273 -0.4374966839202823 0.6112255344272092 0.38387971737649 0.5363174062156432
0.282038229536668 0.0014005279057593544 0.10086333685040583 0.048699209877544405 0.6552061155263992 -0.0558790772735772 0.751805069055246
0.31707908581163213 -0.0035792989264478844 0.10086333685040583 -0.6552061155263992 0.04869920987754437 0.751805069055246 0.05587907727357716
0.29706874425859714 -0.01860981364779089 0.10086333684956177 -0.42886514663548025 0.4977362277805259 0.49209398731109466 0.5711189378828271
0.302048571089703 0.016431042627102398 0.10086333684956177 -0.497736227780526 -0.42886514663548037 0.5711189378828272 -0.49209398731109477
0.28434642135965976 0.013227554814591086 0.07483000298330156 0.2254091232217698 0.6034821693331546 -0.2676241955319125 0.7165035159936337
0.285528748443103 -0.015972894498518898 0.0748300029810476 -0.2673380118933679 0.5861146541459126 0.31740560691063585 0.6958833812457442
0.3147291940463766 -0.014790579521729625 0.07483000298330156 -0.6034821693331546 0.2254091232217698 0.7165035159936337 0.2676241955319125
0.31354689676525577 0.014409868860057785 0.0748300029810476 -0.5861146541459126 -0.2673380118933679 0.6958833812457442 -0.31740560691063585
0.27782644985283966 0.0019837295525641637 0.08086333357215036 0.048699209877544405 0.6552061155263992 -0.0558790772735772 0.751805069055246
0.29648554261179233 -0.022821593331619244 0.0808633335713063 -0.42886514663548025 0.4977362277805259 0.49209398731109466 0.5711189378828271
0.3026317727365078 0.02064282231093075 0.0808633335713063 -0.497736227780526 -0.42886514663548037 0.5711189378828272 -0.49209398731109477
0.3212908654954605 -0.004162500573252694 0.08086333357215036 -0.6552061155263992 0.04869920987754437 0.751805069055246 0.05587907727357716
0.31819745934150895 -0.0017490096134135354 0.08909000155373437 -0.7378426083671986 0.02425463429303667 0.6741727219818747 0.02216165446778804
0.2809198560067912 -0.0004297614072749948 0.08909000155373437 0.024254634293036714 0.7378426083671986 -0.022161654467788082 0.6741727219818747
0.3002182817749435 0.017549416157185124 0.08909000155350613 -0.5388841275444328 -0.5045828960372719 0.49238275912147905 -0.46104144784090173
0.2988990335733567 -0.019728187177873613 0.08909000155350613 -0.5045828960372719 0.5388841275444328 0.46104144784090173 0.49238275912147905
0.3052970574472917 -0.02053902492327977 0.08503666755945732 -0.5761000273080333 0.4317894061107921 0.5553498046828976 0.4162370259177342
0.29382025790100846 0.018360253902591283 0.08503666755945732 0.43178940611079203 0.5761000273080332 -0.41623702591773415 0.5553498046828975
0.3190082970865156 0.004649014264753211 0.085036667559409 -0.7126854528902407 -0.10204301989012875 0.6870156363904213 -0.09836758960856971
0.2801090182617845 -0.006827785285441741 0.085036667559409 -0.1020430198901287 0.7126854528902407 0.09836758960856967 0.6870156363904213
0.3017124306954922 0.018182333261376884 0.08686333082949264 -0.497736227780526 -0.42886514663548037 0.5711189378828272 -0.49209398731109477
0.3188303764459066 -0.003243158532237069 0.0868633308303367 -0.6552061155263992 0.04869920987754437 0.751805069055246 0.05587907727357716
0.29740488465280795 -0.020361104282065372 0.08686333082949264 -0.42886514663548025 0.4977362277805259 0.49209398731109466 0.5711189378828271
0.28028693890239353 0.001064387511548539 0.0868633308303367 0.048699209877544405 0.6552061155263992 -0.0558790772735772 0.751805069055246
0.3211695531129689 -0.0016975944686884671 0.08707666416557296 -0.7336683728644166 -0.008003320717062824 0.6794201457808979 -0.007411546602616823
0.2989504487115981 -0.022700280949255074 0.08707666416557087 -0.5244410831875264 0.5131226800172349 0.4856633459144585 0.47518183882825077
0.27794776223533124 -0.0004811765520000263 0.08707666416557296 -0.008003320717062867 0.7336683728644166 0.007411546602616865 0.6794201457808979
0.30016686663670206 0.020521509928566543 0.08707666416557087 0.5131226800172349 0.5244410831875262 -0.47518183882825077 0.48566334591445837
0.3020638139719015 -0.007297255127076288 0.12090999933976605 -0.5489597528075434 0.39197345255265853 0.6008043379286457 0.42899201603007864
0.297355539497824 0.005361771261816631 0.12090999933976605 0.39197345255265853 0.5489597528075435 -0.42899201603007864 0.6008043379286458
0.2933801635430317 -0.0033218791772302906 0.12090999933955708 -0.11100607986744152 0.6653402496742189 0.12148966112278099 0.7281759846604274
0.3060391899266938 0.0013863953119706556 0.12090999933955708 -0.665340249674219 -0.11100607986744156 0.7281759846604274 -0.12148966112278105
0.2867225648328767 0.0065058364176023824 0.10491666338541773 0.1670111553128919 0.6560797252145908 -0.18156026802997752 0.7132338587281755
0.30715387960631546 0.01174670732862793 0.10491666338537024 -0.5820131439452964 -0.34582370087627634 0.6327149957465407 -0.37594999979332694
0.2919634357419847 -0.013925478349316423 0.10491666338537024 -0.3458237008762764 0.5820131439452964 0.375949999793327 0.6327149957465407
0.3123947505154234 -0.008684607438290913 0.10491666338541773 -0.6560797252145908 0.16701115531289187 0.7132338587281755 0.1815602680299775
0.29409104052923213 0.022793848849623002 0.07292333226019139 0.4186514110231148 0.5351613425742296 -0.4520785852225283 0.5778912408452824
0.27596244324090957 -0.006228287446604629 0.07292333226061043 -0.08238496416845725 0.6744474660238389 0.08896298259799142 0.728298648207076
0.3231131721651268 0.004665262273804803 0.07292333226061043 -0.6744474660238389 -0.08238496416845725 0.728298648207076 -0.08896298259799142
0.30498460467912664 -0.024356874488084115 0.07292333226019139 -0.5351613425742296 0.4186514110231148 0.5778912408452824 0.4520785852225283
0.29367232462606707 -0.004017312503417564 0.11113666810972421 -0.15468111573328808 0.7378394757952937 0.1348062359860638 0.643034943943874
0.302759247310803 -0.007005094039208187 0.11113666810944335 -0.6311073632708251 0.4123552297367942 0.5500167745024852 0.359371963708836
0.2966601061589225 0.00506961017394853 0.11113666810944335 0.41235522973679417 0.6311073632708251 -0.35937196370883595 0.5500167745024852
0.30574702884365845 0.002081828638157929 0.11113666810972421 -0.7378394757952937 -0.1546811157332881 0.643034943943874 -0.13480623598606384
0.3101342521486971 -0.006591180879815077 0.08712999750260678 -0.7415585932007591 0.12284484462540286 0.6506776263623609 0.10778971913181522
0.3050604530545563 0.009486208960650281 0.08712999750135907 -0.6112255344272093 -0.4374966839202823 0.5363174062156433 -0.38387971737649
0.29405686229374384 -0.011664979981338811 0.08712999750135907 -0.4374966839202823 0.6112255344272092 0.38387971737649 0.5363174062156432
0.28898306319960304 0.004412409859126585 0.08712999750260678 0.1228448446254028 0.7415585932007591 -0.10778971913181516 0.6506776263623609
0.310140162625261 -0.014627472237213517 0.09697000286219017 -0.6346544310011053 0.2867294086665586 0.6539884242613058 0.29546427931072045
0.28897715272303914 0.012448701216524987 0.09697000286219017 0.2867294086665586 0.6346544310011052 -0.29546427931072045 0.6539884242613057
0.28602057095442374 -0.011670890469556576 0.09697000286201396 -0.2460201463770633 0.6515167596248855 0.2535148575129906 0.6713644438936768
0.3130967443938764 0.009492119448868084 0.09697000286201396 -0.6515167596248855 -0.24602014637706324 0.6713644438936768 -0.2535148575129906
0.3071292153487694 0.021334525779966113 0.08089000024059864 -0.5414982942057375 -0.3895890122453516 0.6047328746439555 -0.43508407145611067
0.29198809999953074 -0.0235132968006546 0.08089000024059864 -0.3895890122453516 0.5414982942057375 0.43508407145611067 0.6047328746439555
0.2771347463776055 0.0064811721457936206 0.0808900002409299 0.10741607743602283 0.6583781493670048 -0.1199598113899366 0.735261614934186
0.32198256897069466 -0.00865994316648215 0.0808900002409299 -0.6583781493670048 0.10741607743602287 0.735261614934186 0.11995981138993664
0.2956599126896018 0.0024062352413662842 0.14108333595749611 0.2890935783515853 0.6768246230758339 -0.26592741457923813 0.6225881003756283
0.30260675165645734 -0.004406235221498068 0.14108333595749611 -0.6768246230758339 0.28909357835158533 0.6225881003756283 0.26592741457923813
0.29572709693709404 -0.004473419468790017 0.14108333595748032 -0.27416724829968264 0.683007311379428 0.2521971878889972 0.6282753464707231
0.3025395674089651 0.0024734194886582325 0.14108333595748032 -0.683007311379428 -0.2741672482996827 0.6282753464707231 -0.25219718788899725
0.29823091062248314 -0.011947032718761482 0.1408500026073896 -0.44674252374696083 0.4747853303007834 0.5196330409750114 0.552251310848996
0.28818629944477986 -9.757843243523037e-05 0.14085000260729555 0.01982926061140152 0.6516185945545127 -0.023064603010538007 0.7579366937563935
0.300035753723576 0.009947032738629699 0.1408500026073896 -0.4747853303007834 -0.4467425237469608 0.552251310848996 -0.5196330409750113
0.31008036490127927 -0.0019024215476965561 0.14085000260729555 -0.6516185945545127 0.019829260611401563 0.7579366937563935 0.023064603010538056
0.3155105480117757 -0.005297713022509401 0.0910033314858632 -0.7012490152458153 0.09958155160655933 0.6989154012080386 0.09925016448656909
0.28360676733652446 0.003118942001820871 0.0910033314858632 0.09958155160655938 0.7012490152458153 -0.09925016448656913 0.6989154012080386
0.3037669851698215 0.014862504832062308 0.091003331485839 -0.5662727207473002 -0.42544314840992226 0.5643882803738948 -0.42402736018457715
0.29535033017847867 -0.0170412758527508 0.091003331485839 -0.42544314840992226 0.5662727207473002 0.42402736018457715 0.5643882803738948
0.27932303516998813 0.018886969328549604 0.05495666636825457 0.25690160429116593 0.642133084999924 -0.2682860161792943 0.670588756529476
0.27986933580547985 -0.020996293739575563 0.054956666368054366 -0.27239979515085744 0.6357135240346594 0.28447099806898507 0.6638847175668686
0.31975261003837063 -0.020449994967010717 0.05495666636825457 -0.642133084999924 0.25690160429116593 0.670588756529476 0.2682860161792943
0.3192063094028789 0.01943326810111445 0.054956666368054366 -0.6357135240346594 -0.27239979515085744 0.6638847175668686 -0.28447099806898507
0.29115548019387727 -0.008008986918047111 0.13085666392642462 -0.21850055724160478 0.616920449170107 0.2524253953035973 0.7127047675487265
0.30675092171373686 -0.009521938479056725 0.13085666392718454 -0.5907318577343603 0.28172541020789793 0.6824500813653237 0.32546666794829615
0.30826387327584825 0.006073503052787477 0.13085666392642462 -0.616920449170107 -0.21850055724160483 0.7127047675487265 -0.2524253953035973
0.29266843175598867 0.007586454613797068 0.13085666392718454 0.2817254102078979 0.5907318577343602 -0.32546666794829604 0.6824500813653236
0.29870298453880084 -0.00045819535712788434 0.11304999803690052 -0.7210605750651635 -0.071215511046397 0.6858654119241533 -0.06773946264333629
0.30021922330366785 3.8950262088249376e-05 0.11304999803674388 -0.5602237913783629 0.45950985345499895 0.5328791157578364 0.43708105214086396
0.2992001301660577 -0.001974434127347907 0.11304999803674388 0.4595098534549989 0.5602237913783628 -0.4370810521408639 0.5328791157578364
0.3007163689309247 -0.0014772885081317517 0.11304999803690052 -0.07121551104639696 0.7210605750651635 0.06773946264333625 0.6858654119241533
0.31229810175853095 0.008669464523581314 0.10496999672273555 -0.6515167596248855 -0.24602014637706324 0.6713644438936768 -0.2535148575129906
0.30931750769997424 -0.013828829601868058 0.10496999672291175 -0.6346544310011053 0.2867294086665586 0.6539884242613058 0.29546427931072045
0.2868192135897692 -0.010848235544269806 0.10496999672273555 -0.2460201463770633 0.6515167596248855 0.2535148575129906 0.6713644438936768
0.2897998076483259 0.011650058581179528 0.10496999672291175 0.2867294086665586 0.6346544310011052 -0.29546427931072045 0.6539884242613057
0.3095100093896354 -0.005489541810975252 0.14313000668172207 -0.7415585932007591 0.12284484462540286 0.6506776263623609 0.10778971913181522
0.2887566549564237 0.0034895418308434657 0.14313000668172207 0.1228448446254028 0.7415585932007591 -0.10778971913181516 0.6506776263623609
0.3036228740048743 0.009376677222987465 0.14313000668047435 -0.6112255344272093 -0.4374966839202823 0.5363174062156433 -0.38387971737649
0.2946437903411848 -0.011376677203119249 0.14313000668047435 -0.4374966839202823 0.6112255344272092 0.38387971737649 0.5363174062156432
0.2962068656840313 0.002452438338391185 0.1248566666689982 0.2817254102078979 0.5907318577343602 -0.32546666794829604 0.6824500813653236
0.30312985700044237 0.0025350691247448265 0.12485666666823828 -0.616920449170107 -0.21850055724160483 0.7127047675487265 -0.2524253953035973
0.3032124877856942 -0.0043879222036508425 0.1248566666689982 -0.5907318577343603 0.28172541020789793 0.6824500813653237 0.32546666794829615
0.29628949646928315 -0.004470552990004462 0.12485666666823828 -0.21850055724160478 0.616920449170107 0.2524253953035973 0.7127047675487265
0.29835602577181125 -0.01599806849889372 0.09486333214079483 -0.42886514663548025 0.4977362277805259 0.49209398731109466 0.5711189378828271
0.2846499746855652 0.00011324639254524303 0.09486333214163889 0.048699209877544405 0.6552061155263992 -0.0558790772735772 0.751805069055246
0.31446734066273496 -0.002292017413233773 0.09486333214163889 -0.6552061155263992 0.04869920987754437 0.751805069055246 0.05587907727357716
0.3007612895764889 0.013819297478205227 0.09486333214079483 -0.497736227780526 -0.42886514663548037 0.5711189378828272 -0.49209398731109477
0.29689643900629387 -0.007030202603695582 0.13112999726294047 -0.4374966839202823 0.6112255344272092 0.38387971737649 0.5363174062156432
0.30252291446343166 0.005094718738435925 0.13112999726294047 -0.6112255344272093 -0.4374966839202823 0.5363174062156433 -0.38387971737649
0.2936472160602445 0.0018454957850036794 0.1311299972641882 0.1228448446254028 0.7415585932007591 -0.10778971913181516 0.6506776263623609
0.305772137409481 -0.003780979650263316 0.1311299972641882 -0.7415585932007591 0.12284484462540286 0.6506776263623609 0.10778971913181522
0.2954835101537308 0.0029035713992610975 0.1548566678610911 0.2817254102078979 0.5907318577343602 -0.32546666794829604 0.6824500813653236
0.295229760789144 -0.004649822015907858 0.15485666786033117 -0.21850055724160478 0.616920449170107 0.2524253953035973 0.7127047675487265
0.3027831541923283 -0.0049035713793928815 0.1548566678610911 -0.5907318577343603 0.28172541020789793 0.6824500813653237 0.32546666794829615
0.30303690355691515 0.0026498220357760727 0.15485666786033117 -0.616920449170107 -0.21850055724160483 0.7127047675487265 -0.2524253953035973
0.29766624716555345 0.01848231547444772 0.09493666546861246 0.44484381869100165 0.5200454858231927 -0.473968789318786 0.5540940862335665
0.3014510681827467 -0.02066108649513625 0.09493666546861246 -0.5200454858231928 0.4448438186910016 0.5540940862335666 0.473968789318786
0.31913035865928063 0.0008030249960927033 0.09493666546861006 -0.6822797703778444 -0.05317560798556867 0.7269502308476945 -0.056657140053172524
0.2799869566890195 -0.0029817960167811968 0.09493666546861006 -0.05317560798556871 0.6822797703778444 0.056657140053172565 0.7269502308476945
0.3180665739870498 0.0002783412656999339 0.09494999880772474 -0.6888038322216019 -0.023436736668234547 0.7241497776377911 -0.024639392003798048
0.28105074136125036 -0.002457112286388464 0.09494999880772474 -0.023436736668234502 0.6888038322216019 0.024639392003798003 0.7241497776377911
0.2981909308933159 0.017418530802228417 0.0949499988077101 0.47048558429694753 0.5036301369757978 -0.4946285356424272 0.5294739009873172
0.30092638445498426 -0.019597301822916906 0.0949499988077101 -0.5036301369757978 0.47048558429694753 0.5294739009873172 0.4946285356424272
0.3022673900002491 0.0009899634573244348 0.13499667203099622 -0.6796850493220719 -0.19068709189963817 0.6819544548634889 -0.19132377845619067
0.3016673821325941 -0.0035254551932796903 0.13499667203101717 -0.6154460447976027 0.34577376887576694 0.6175009622129358 0.346928275536217
0.29775197133713144 0.0015899713280200334 0.13499667203101717 0.34577376887576694 0.6154460447976028 -0.346928275536217 0.6175009622129359
0.2971519634694764 -0.00292544732258407 0.13499667203099622 -0.19068709189963812 0.6796850493220719 0.1913237784561906 0.6819544548634888
0.29834486787225684 0.005160341606007359 0.11703666535408547 0.43178940611079203 0.5761000273080332 -0.41623702591773415 0.5553498046828975
0.29358159319679555 -0.002332550797191619 0.11703666535403714 -0.1020430198901287 0.7126854528902407 0.09836758960856967 0.6870156363904213
0.3010744855974687 -0.007095825471266996 0.11703666535408547 -0.5761000273080333 0.4317894061107921 0.5553498046828976 0.4162370259177342
0.30583776027292997 0.00039706693193196233 0.11703666535403714 -0.7126854528902407 -0.10204301989012875 0.6870156363904213 -0.09836758960856971
0.27913474670543104 0.004481168092677776 0.08889000155223209 0.10741607743602283 0.6583781493670048 -0.1199598113899366 0.735261614934186
0.2939881040526466 -0.021513296472829055 0.08889000155190083 -0.3895890122453516 0.5414982942057375 0.43508407145611067 0.6047328746439555
0.30512921129565357 0.019334525452140566 0.08889000155190083 -0.5414982942057375 -0.3895890122453516 0.6047328746439555 -0.43508407145611067
0.3199825686428691 -0.006659939113366306 0.08889000155223209 -0.6583781493670048 0.10741607743602287 0.735261614934186 0.11995981138993664
0.31317538230713066 -0.0027885741019815355 0.11486333541989435 -0.6552061155263992 0.04869920987754437 0.751805069055246 0.05587907727357716
0.28624397116259487 0.0008530902367218784 0.11486333541989435 0.048699209877544405 0.6552061155263992 -0.0558790772735772 0.751805069055246
0.3015305089036638 0.012497963639602653 0.11486333541905029 -0.497736227780526 -0.42886514663548037 0.5711189378828272 -0.49209398731109477
0.29788884456606174 -0.01443344750486229 0.11486333541905029 -0.42886514663548025 0.4977362277805259 0.49209398731109466 0.5711189378828271
0.28520445654638954 0.005062291408306139 0.08113000024442044 0.1228448446254028 0.7415585932007591 -0.10778971913181516 0.6506776263623609
0.30571033460373587 0.013264815613863782 0.08113000024317273 -0.6112255344272093 -0.4374966839202823 0.5363174062156433 -0.38387971737649
0.3139128588019106 -0.007241062428994632 0.08113000024442044 -0.7415585932007591 0.12284484462540286 0.6506776263623609 0.10778971913181522
0.2934069807445643 -0.015443586634552312 0.08113000024317273 -0.4374966839202823 0.6112255344272092 0.38387971737649 0.5363174062156432
0.29883495992224024 -0.0010720035496456196 0.14608333118910874 -0.683007311379428 -0.2741672482996827 0.6282753464707231 -0.25219718788899725
0.2990613286181535 -0.0007016277347732142 0.14608333118912453 -0.6768246230758339 0.28909357835158533 0.6225881003756283 0.26592741457923813
0.2994317044238189 -0.0009279964304861656 0.14608333118910874 -0.27416724829968264 0.683007311379428 0.2521971878889972 0.6282753464707231
0.29920533572790564 -0.0012983722453585695 0.14608333118912453 0.2890935783515853 0.6768246230758339 -0.26592741457923813 0.6225881003756283
0.31209570223931893 -0.00017640276473789197 0.11095000143032911 -0.6888038322216019 -0.023436736668234547 0.7241497776377911 -0.024639392003798048
0.3005010159075447 -0.013353767436758918 0.11095000143031447 -0.5036301369757978 0.47048558429694753 0.5294739009873172 0.4946285356424272
0.29891833756218084 0.011418283571499281 0.11095000143031447 0.47048558429694753 0.5036301369757978 -0.4946285356424272 0.5294739009873172
0.2873236512304066 -0.0017590811005217652 0.11095000143032911 -0.023436736668234502 0.6888038322216019 0.024639392003798003 0.7241497776377911
0.2785604044716807 -0.014285390153884477 0.07487000298581126 -0.19278104641136382 0.6307420002933433 0.2197070163222894 0.7188385244192531
0.3130417073901941 -0.021758933745215467 0.0748700029860929 -0.5823187311838222 0.3096851598685294 0.6636519162107795 0.3529392740676892
0.3205152407366781 0.012722365446745938 0.07487000298581126 -0.6307420002933433 -0.19278104641136382 0.7188385244192531 -0.2197070163222894
0.28603393781816466 0.020195908106754354 0.0748700029860929 0.3096851598685294 0.5823187311838222 -0.3529392740676892 0.6636519162107795
0.2919853172850529 0.001170797268265401 0.1409900026227244 0.06834450383392912 0.700234981171117 -0.06903140052970516 0.7072726954159102
0.30628134706100624 -0.0031707972483971873 0.1409900026227244 -0.700234981171117 0.06834450383392915 0.7072726954159102 0.0690314005297052
0.29696253491216695 -0.008148014877543627 0.14099000262271835 -0.4468140407726328 0.5434677663168533 0.4513047469578928 0.5489298910756042
0.3013041294338922 0.006148014897411842 0.14099000262271835 -0.5434677663168535 -0.44681404077263276 0.5489298910756042 -0.45130474695789274
0.2916637742286676 0.006581779026461499 0.15108332642075295 0.2890935783515853 0.6768246230758339 -0.26592741457923813 0.6225881003756283
0.3066028901173915 -0.008581779006593283 0.15108332642075295 -0.6768246230758339 0.28909357835158533 0.6225881003756283 0.26592741457923813
0.3067151111940603 0.006469557949592395 0.15108332642073716 -0.683007311379428 -0.2741672482996827 0.6282753464707231 -0.25219718788899725
0.2915515531519988 -0.008469557929724179 0.15108332642073716 -0.27416724829968264 0.683007311379428 0.2521971878889972 0.6282753464707231
0.2984271311719268 -0.0024765149333307304 0.14094333595482877 -0.6188279131323768 -0.2978568113043972 0.6549472284260477 -0.3152419100704137
0.2998395331741323 0.00047651495319894484 0.14094333595482877 -0.2978568113043972 0.6188279131323768 0.3152419100704137 0.6549472284260477
0.3006098471165264 -0.0017062009909168574 0.14094333595440178 0.22696084266874417 0.6481939846942419 -0.24020793444190752 0.6860273189403222
0.29765681722953274 -0.0002937989892149266 0.14094333595440178 -0.648193984694242 0.22696084266874425 0.6860273189403223 0.24020793444190758
0.311343096018951 -0.00398241408559858 0.10498999672186458 -0.700234981171117 0.06834450383392915 0.7072726954159102 0.0690314005297052
0.2966656290963644 -0.012873823854646246 0.10498999672185853 -0.4468140407726328 0.5434677663168533 0.4513047469578928 0.5489298910756042
0.30245168625193575 0.010695052833957715 0.10498999672185853 -0.5434677663168535 -0.44681404077263276 0.5489298910756042 -0.45130474695789274
0.28777421932934916 0.0018036430649100885 0.10498999672186458 0.06834450383392912 0.700234981171117 -0.06903140052970516 0.7072726954159102
0.2807974187531968 -0.00029007792224386685 0.0950899988119207 0.024254634293036714 0.7378426083671986 -0.022161654467788082 0.6741727219818747
0.31831989659510335 -0.0018886930984446633 0.0950899988119207 -0.7378426083671986 0.02425463429303667 0.6741727219818747 0.02216165446778804
0.29875935008832555 -0.01985062443146801 0.09508999881169247 -0.5045828960372719 0.5388841275444328 0.46104144784090173 0.49238275912147905
0.3003579652599746 0.017671853410779523 0.09508999881169247 -0.5388841275444328 -0.5045828960372719 0.49238275912147905 -0.46104144784090173
0.2879732934230555 0.0025547554276015103 0.11500333541976976 0.09958155160655938 0.7012490152458153 -0.09925016448656913 0.6989154012080386
0.31144606004667 -0.004490239292861168 0.11500333541976976 -0.7012490152458153 0.09958155160655933 0.6989154012080386 0.09925016448656909
0.29618717939112515 -0.01270412524921801 0.11500333541974556 -0.42544314840992226 0.5662727207473002 0.42402736018457715 0.5643882803738948
0.30323217407860037 0.010768641383958373 0.11500333541974556 -0.5662727207473002 -0.42544314840992226 0.5643882803738948 -0.42402736018457715
0.2955053320572171 -0.014506485888194106 0.10500333005532753 -0.42544314840992226 0.5662727207473002 0.42402736018457715 0.5643882803738948
0.28614155730108115 0.002963940123082468 0.10500333005535173 0.09958155160655938 0.7012490152458153 -0.09925016448656913 0.6989154012080386
0.312975758047219 -0.005142711143770998 0.10500333005535173 -0.7012490152458153 0.09958155160655933 0.6989154012080386 0.09925016448656909
0.3036119832910831 0.012327714867505614 0.10500333005532753 -0.5662727207473002 -0.42544314840992226 0.5643882803738948 -0.42402736018457715
0.2970702929803122 0.001151805384747386 0.13685666118537088 0.2817254102078979 0.5907318577343602 -0.32546666794829604 0.6824500813653236
0.30182922404679857 0.0016716418284639656 0.13685666118461096 -0.616920449170107 -0.21850055724160483 0.7127047675487265 -0.2524253953035973
0.30234906048941335 -0.0030872892500070437 0.13685666118537088 -0.5907318577343603 0.28172541020789793 0.6824500813653237 0.32546666794829615
0.29759012942292695 -0.0036071256937236012 0.13685666118461096 -0.21850055724160478 0.616920449170107 0.2524253953035973 0.7127047675487265
0.28652721565005795 -0.0153671399442472 0.09082999815307137 -0.2673380118933679 0.5861146541459126 0.31740560691063585 0.6958833812457442
0.3138364121155102 -0.014120827526439667 0.09082999815532533 -0.6034821693331546 0.2254091232217698 0.7165035159936337 0.2676241955319126
0.3125900996982422 0.013188368923558708 0.09082999815307137 -0.5861146541459126 -0.26733801189336787 0.6958833812457442 -0.3174056069106358
0.28528090323278993 0.011942056505751137 0.09082999815532533 0.22540912322176984 0.6034821693331546 -0.2676241955319126 0.7165035159936337
0.29676984240883386 -0.008051723573908983 0.1509899930859752 -0.4468140407726328 0.5434677663168533 0.4513047469578928 0.5489298910756042
0.30149682193722527 0.006051723593777199 0.1509899930859752 -0.5434677663168535 -0.44681404077263276 0.5489298910756042 -0.45130474695789274
0.29208160858868754 0.0013634897715984926 0.15098999308598124 0.06834450383392912 0.700234981171117 -0.06903140052970516 0.7072726954159102
0.3061850557573716 -0.0033634897517302786 0.15098999308598124 -0.700234981171117 0.06834450383392915 0.7072726954159102 0.0690314005297052
0.2903989533417105 -0.00856260058715591 0.14085666929084265 -0.21850055724160478 0.616920449170107 0.2524253953035973 0.7127047675487265
0.3066959327635764 -0.009734378826826352 0.14085666929160257 -0.5907318577343603 0.28172541020789793 0.6824500813653237 0.32546666794829615
0.3078677110043486 0.006562600607024127 0.14085666929084265 -0.616920449170107 -0.21850055724160483 0.7127047675487265 -0.2524253953035973
0.29157073158248276 0.007734378846694569 0.14085666929160257 0.2817254102078979 0.5907318577343602 -0.32546666794829604 0.6824500813653236
0.29832598503084445 -0.007509208517595272 0.10086333684956177 -0.42886514663548025 0.4977362277805259 0.49209398731109466 0.5711189378828271
0.29313883466686363 0.0001432871335120399 0.10086333685040583 0.048699209877544405 0.6552061155263992 -0.0558790772735772 0.751805069055246
0.3059784806814365 -0.00232205815420057 0.10086333685040583 -0.6552061155263992 0.04869920987754437 0.751805069055246 0.05587907727357716
0.3007913303174557 0.005330437496906781 0.10086333684956177 -0.497736227780526 -0.42886514663548037 0.5711189378828272 -0.49209398731109477
0.29775126459539497 -0.012405154018505135 0.15084999307064645 -0.44674252374696083 0.4747853303007834 0.5196330409750114 0.552251310848996
0.2877281781450362 0.0003820675946529349 0.15084999307055239 0.01982926061140152 0.6516185945545127 -0.023064603010538007 0.7579366937563935
0.30051539975066416 0.010405154038373351 0.15084999307064645 -0.4747853303007834 -0.4467425237469608 0.552251310848996 -0.5196330409750113
0.3105384862010229 -0.0023820675747847214 0.15084999307055239 -0.6516185945545127 0.019829260611401563 0.7579366937563935 0.023064603010538056
0.28903633264865036 -0.0005424345023064415 0.0908633314859878 0.048699209877544405 0.6552061155263992 -0.0558790772735772 0.751805069055246
0.3001056086816372 0.009432939515120052 0.09086333148514374 -0.497736227780526 -0.42886514663548037 0.5711189378828272 -0.49209398731109477
0.3100809826996498 -0.0016363365183820885 0.0908633314859878 -0.6552061155263992 0.04869920987754437 0.751805069055246 0.05587907727357716
0.29901170666666294 -0.011611710535808544 0.09086333148514374 -0.42886514663548025 0.4977362277805259 0.49209398731109466 0.5711189378828271
0.29868195011587556 0.015249734036255206 0.1049633300539599 -0.4955123225340341 -0.4859364200434158 0.5140267648262394 -0.5040930657473742
0.28321953812744577 -0.0019660930740137287 0.10496333005394687 0.006771183805255325 0.6939890612762152 -0.0070241839420351745 0.7199194362835203
0.3158977772208544 -0.00021267794667476016 0.10496333005394687 -0.6939890612762152 0.0067711838052552835 0.7199194362835203 0.00702418394203513
0.3004353652324246 -0.017428505056943735 0.1049633300539599 -0.4859364200434157 0.49551232253403404 0.5040930657473742 0.5140267648262394
0.3121136610993765 -0.0032533148183051274 0.10310333345143628 -0.7405630222073514 0.05686014643503535 0.6676120497440269 0.05125899845958164
0.301722586984745 0.011465617914462895 0.10310333345155381 -0.563863330508629 -0.48345093926889526 0.5083185937074872 -0.4358274212563756
0.28700365424892366 0.001074543797616638 0.10310333345143628 0.05686014643503538 0.7405630222073514 -0.05125899845958167 0.6676120497440269
0.2973947283635551 -0.013644388935151425 0.10310333345155381 -0.48345093926889515 0.563863330508629 0.43582742125637547 0.5083185937074872
0.28013864081141965 -0.023029780828765823 0.05082999904714105 0.5861146541459126 0.267338011893368 0.6958833812457442 -0.3174056069106358
0.2772895592437998 0.018617662446274438 0.050829999049394996 0.6034821693331547 -0.2254091232217698 0.7165035159936338 0.26762419553191263
0.321786085964559 -0.02018068808473555 0.050829999049394996 0.2254091232217698 0.6034821693331547 0.26762419553191263 -0.7165035159936338
0.3189370043969391 0.02146675519030471 0.05082999904714105 -0.267338011893368 0.5861146541459126 -0.3174056069106358 -0.6958833812457442
0.31706764196212134 -0.021973004983314573 0.05096999904749291 0.28672940866655855 0.6346544310011053 0.2954642793107205 -0.6539884242613058
0.2820080032462374 0.02040997934485346 0.05096999904749291 0.6346544310011053 -0.28672940866655855 0.6539884242613058 0.2954642793107205
0.3207293212803785 0.016748303752845056 0.05096999904731669 -0.24602014637706332 0.6515167596248855 -0.2535148575129905 -0.6713644438936768
0.27834632392798025 -0.01831132939130617 0.05096999904731669 0.6515167596248854 0.24602014637706326 0.6713644438936767 -0.25351485751299047
0.2840187788069837 -0.02244922833783671 0.05505666636958378 0.6482934511944481 0.32870797821454206 0.6125410813433918 -0.31058024705890164
0.3150568664013751 0.0208862026993756 0.05505666636958378 -0.32870797821454206 0.6482934511944481 -0.31058024705890164 -0.6125410813433918
0.2778701080172559 0.014737524459168922 0.055056666369893786 0.690844336000272 -0.22598105534501678 0.6527453510002845 0.2135185537348252
0.32120553719110284 -0.016300550097630033 0.055056666369893786 0.22598105534501678 0.690844336000272 0.2135185537348252 -0.6527453510002845
0.2794510644505982 0.014887076947747085 0.07094333565637856 0.648193984694242 -0.22696084266874417 0.6860273189403223 0.2402079344419076
0.31520640492032465 0.019305227639453693 0.07094333565680554 -0.29785681130439723 0.6188279131323768 -0.31524191007041363 -0.6549472284260477
0.2838692402880341 -0.020868253277914806 0.07094333565680554 0.6188279131323768 0.29785681130439723 0.6549472284260477 -0.31524191007041363
0.3196245509554382 -0.016450101654885623 0.07094333565637856 0.22696084266874417 0.648193984694242 0.2402079344419076 -0.6860273189403223
0.282108567898214 0.02099974972229155 0.05685666669880052 0.5907318577343603 -0.2817254102078979 0.6824500813653237 0.32546666794829615
0.2777565665873567 -0.018210761012481147 0.0568566666980406 0.616920449170107 0.21850055724160486 0.7127047675487265 -0.25242539530359726
0.32131907862100206 0.016647735374020034 0.0568566666980406 -0.21850055724160486 0.616920449170107 -0.25242539530359726 -0.7127047675487265
0.3169670773101448 -0.022562775360752664 0.05685666669880052 0.2817254102078979 0.5907318577343603 0.32546666794829615 -0.6824500813653237
0.2724923502199265 -0.012832021787457716 0.05089666571583537 0.6549941364510142 0.13898207067687945 0.7265663291373761 -0.15416885096865496
0.32658329498843225 0.011268997080319178 0.05089666571583537 -0.13898207067687945 0.6549941364510142 -0.15416885096865496 -0.7265663291373761
0.31158832505868456 -0.027826982406944215 0.050896665714855904 0.36487562912374394 0.5614259608680933 0.4047461364358074 -0.6227738199179356
0.2874873201496742 0.0262639567684831 0.050896665714855904 0.5614259608680933 -0.36487562912374394 0.6227738199179356 0.4047461364358074
0.31653696377041324 0.017550337010435058 0.06083000068626878 -0.267338011893368 0.5861146541459126 -0.3174056069106358 -0.6958833812457442
0.281205971835734 0.01621762181974856 0.06083000068852273 0.6034821693331547 -0.2254091232217698 0.7165035159936338 0.26762419553191263
0.2825386814379455 -0.01911336264889617 0.06083000068626878 0.5861146541459126 0.267338011893368 0.6958833812457442 -0.3174056069106358
0.3178696733726248 -0.01778064745820967 0.06083000068852273 0.2254091232217698 0.6034821693331547 0.26762419553191263 -0.7165035159936338
0.2988168053477141 0.024786256999537227 0.0710766689935471 0.5244410831875262 -0.5131226800172349 0.4856633459144583 0.47518183882825077
0.27397004626624555 -0.0015025094743916197 0.07107666899354918 0.7336683728644166 0.008003320717062912 0.6794201457808979 -0.007411546602616823
0.3002588100583223 -0.026349282637998343 0.0710766689935471 0.5131226800172349 0.5244410831875264 0.4751818388282508 -0.4856633459144584
0.3251055989421132 -6.051572751203635e-05 0.07107666899354918 -0.008003320717062912 0.7336683728644166 -0.007411546602616823 -0.6794201457808979
0.3187673464423556 0.018986242360724475 0.060843334019118823 -0.2433682062821819 0.6020287227397851 -0.2850153950796226 -0.7050528758432967
0.319305571264787 -0.020011056215063425 0.06084333401819474 0.253611283226268 0.5977859009637061 0.2970113510668588 -0.7000839885090754
0.2803082689636808 -0.020549267999185588 0.060843334019118823 0.6020287227397851 0.2433682062821819 0.7050528758432967 -0.2850153950796226
0.2797700739435718 0.01844803057660231 0.06084333401819474 0.5977859009637061 -0.253611283226268 0.7000839885090754 0.2970113510668588
0.3202340975409884 0.019538032359732654 0.05084333237999109 -0.2433682062821819 0.6020287227397851 -0.2850153950796226 -0.7050528758432967
0.31985736126379516 -0.021477794275180193 0.05084333237906701 0.253611283226268 0.5977859009637061 0.2970113510668588 -0.7000839885090754
0.27884154766737035 -0.021101057998193767 0.05084333237999109 0.6020287227397851 0.2433682062821819 0.7050528758432967 -0.2850153950796226
0.2792182839445636 0.01991476863671908 0.05084333237906701 0.5977859009637061 -0.253611283226268 0.7000839885090754 0.2970113510668588
0.32485154830605784 0.00850025250675196 0.060910000680661595 -0.1110060798674416 0.665340249674219 -0.121489661122781 -0.7281759846604274
0.27422409690230093 -0.010063278145213073 0.060910000680661595 0.665340249674219 0.1110060798674416 0.7281759846604274 -0.121489661122781
0.3088195944418582 -0.026095245042982433 0.06091000068087055 0.3919734525526585 0.5489597528075435 0.4289920160300787 -0.6008043379286458
0.2902560507665006 0.02453221940452132 0.06091000068087055 0.5489597528075435 -0.3919734525526585 0.6008043379286458 0.4289920160300787
0.3206934086647948 0.01695093675141185 0.06485666428405248 -0.21850055724160486 0.616920449170107 -0.25242539530359726 -0.7127047675487265
0.28180535907024157 0.020374079766084276 0.0648566642848124 0.5907318577343603 -0.2817254102078979 0.6824500813653237 0.32546666794829615
0.3172702563357948 -0.02193710540454539 0.0648566642848124 0.2817254102078979 0.5907318577343603 0.32546666794829615 -0.6824500813653237
0.278382236543564 -0.018513962389872962 0.06485666428405248 0.616920449170107 0.21850055724160486 0.7127047675487265 -0.25242539530359726
0.2740743075454719 -0.010504433922807527 0.06102333402045099 0.7029732401097976 0.13226976672058838 0.6867575060968929 -0.12921865314570583
0.32500133766288686 0.008941408284346414 0.06102333402045099 -0.13226976672058838 0.7029732401097976 -0.12921865314570583 -0.6867575060968929
0.30926072507177116 -0.02624502136240701 0.061023334020146904 0.40354829908525025 0.5906059918864218 0.39423950667163116 -0.5769822735860837
0.2898148903342652 0.024681995723945898 0.061023334020146904 0.5906059918864218 -0.40354829908525025 0.5769822735860837 0.39423950667163116
0.32381503882680385 0.0027873132786290504 0.0709366689852841 -0.05317560798556875 0.6822797703778444 -0.056657140053172524 -0.7269502308476945
0.30310664544456967 -0.025058722522258426 0.0709366689852865 0.44484381869100154 0.5200454858231928 0.47396878931878605 -0.5540940862335666
0.2959689997637891 0.023495696883797313 0.0709366689852865 0.5200454858231928 -0.44484381869100154 0.5540940862335666 0.47396878931878605
0.2752606063815549 -0.0043503384514288765 0.0709366689852841 0.6822797703778444 0.05317560798556875 0.7269502308476945 -0.056657140053172524
0.30428424541501736 0.02590220538012598 0.054863333034864493 -0.4288651466354804 0.497736227780526 -0.4920939873110947 -0.5711189378828272
0.2947913997933414 -0.027465231018587093 0.054863333034864493 0.49773622778052595 0.42886514663548037 0.5711189378828272 -0.49209398731109466
0.3262215361469585 -0.005527928180038623 0.054863333035708554 0.04869920987754431 0.6552061155263992 0.055879077273577195 -0.751805069055246
0.2728541090614003 0.003964903007238798 0.054863333035708554 0.6552061155263992 -0.04869920987754431 0.751805069055246 0.055879077273577195
0.3152712007825871 0.023544575693934214 0.05492999970037108 -0.32234573146872403 0.6009103332453556 -0.3457580792384794 -0.6445551577981256
0.2752117406147681 0.014951873747982642 0.05492999970140148 0.652840623500824 -0.1969749223109529 0.7002572043894378 0.21128144260284334
0.2838044146234493 -0.025107601332395327 0.05492999970037108 0.6009103332453556 0.32234573146872403 0.6445551577981256 -0.3457580792384794
0.32386390459359066 -0.016514899386443755 0.05492999970140148 0.1969749223109529 0.652840623500824 0.21128144260284334 -0.7002572043894378
0.3223961131786471 -0.008826141255324858 0.071130002330583 0.12284484462540275 0.7415585932007591 0.1077897191318152 -0.6506776263623609
0.2914931969511174 -0.023639796870887745 0.07113000232933529 0.6112255344272092 0.43749668392028235 0.5363174062156432 -0.38387971737648996
0.2766795320297117 0.007263115616863745 0.071130002330583 0.7415585932007591 -0.12284484462540275 0.6506776263623609 0.1077897191318152
0.30758244825724135 0.022076771232426632 0.07113000232933529 -0.43749668392028235 0.6112255344272092 -0.38387971737648996 -0.5363174062156432
0.2732927396423024 0.0028993507725891396 0.06086333401918519 0.6552061155263992 -0.04869920987754431 0.751805069055246 0.055879077273577195
0.3257829055660564 -0.004462375945388965 0.06086333401918519 0.04869920987754431 0.6552061155263992 0.055879077273577195 -0.751805069055246
0.29585695202799106 -0.027026594849749546 0.06086333401834113 0.49773622778052595 0.42886514663548037 0.5711189378828272 -0.49209398731109466
0.3032186931803677 0.025463569211288433 0.06086333401834113 -0.4288651466354804 0.497736227780526 -0.4920939873110947 -0.5711189378828272
0.2989504487115981 -0.022700280949255074 0.08107666690738453 0.5131226800172349 0.5244410831875264 0.4751818388282508 -0.4856633459144584
0.30016686663670206 0.020521509928566543 0.08107666690738453 0.5244410831875262 -0.5131226800172349 0.4856633459144583 0.4751818388282508
0.3211695531129689 -0.0016975944686884671 0.08107666690738662 -0.008003320717062869 0.7336683728644166 -0.007411546602616782 -0.6794201457808979
0.27794776223533124 -0.0004811765520000263 0.08107666690738662 0.7336683728644166 0.008003320717062912 0.6794201457808979 -0.007411546602616823
0.3089340949644717 -0.0274288989698318 0.054909999697393914 0.3919734525526585 0.5489597528075435 0.4289920160300787 -0.6008043379286458
0.3261852022329072 0.008614769793171828 0.05490999969718496 -0.1110060798674416 0.665340249674219 -0.121489661122781 -0.7281759846604274
0.29014152044156466 0.025865873331370685 0.054909999697393914 0.5489597528075435 -0.3919734525526585 0.6008043379286458 0.4289920160300787
0.27289044297545156 -0.010177795431632941 0.05490999969718496 0.665340249674219 0.1110060798674416 0.7281759846604274 -0.121489661122781
0.29916992498042067 -0.021171933603302877 0.07095000232438414 0.4704855842969475 0.5036301369757978 0.49462853564242726 -0.5294739009873172
0.2999057202279381 0.019608907964841764 0.07095000232438414 0.5036301369757978 -0.4704855842969475 0.5294739009873172 0.49462853564242726
0.27914738784994136 -0.00041362211739349834 0.07095000232439878 0.6888038322216019 0.023436736668234606 0.7241497776377911 -0.02463939200379802
0.319928227556095 -0.0011494031136139882 0.07095000232439878 -0.023436736668234606 0.6888038322216019 -0.02463939200379802 -0.7241497776377911
0.31285991256750323 -0.022476301220712324 0.07499666964683137 0.3457737688757669 0.6154460447976028 0.3469282755362171 -0.6175009622129359
0.28621573264085554 0.02091327558225121 0.07499666964683137 0.6154460447976028 -0.3457737688757669 0.6175009622129359 0.3469282755362171
0.3212326044911396 0.012540578998961379 0.07499666964681041 -0.1906870918996382 0.6796850493220719 -0.1913237784561906 -0.6819544548634889
0.27784304071721916 -0.014103604637422492 0.07499666964681041 0.6796850493220719 0.19068709189963817 0.6819544548634888 -0.19132377845619059
0.3220247304072512 0.0011001134049353862 0.08093666689912153 -0.05317560798556871 0.6822797703778444 -0.05665714005317248 -0.7269502308476945
0.27709258494104894 -0.0032788844256238796 0.08093666689912153 0.6822797703778444 0.05317560798556875 0.7269502308476945 -0.056657140053172524
0.3017481565915894 -0.02355545824310683 0.08093666689912393 0.44484381869100154 0.5200454858231928 0.47396878931878605 -0.5540940862335666
0.29736915875671077 0.0213766872224183 0.08093666689912393 0.5200454858231927 -0.4448438186910016 0.5540940862335665 0.47396878931878605
0.2997914769573324 -0.029291463560008692 0.0529633327063666 0.49551232253403393 0.48593642004341575 0.5140267648262393 -0.5040930657473741
0.2992841682510264 0.02772843792154758 0.0529633327063666 -0.48593642004341575 0.49551232253403393 -0.5040930657473741 -0.5140267648262393
0.27102787838255443 -0.0010351695060849826 0.05296333270635356 0.6939890612762152 -0.006771183805255241 0.7199194362835203 0.0070241839420351745
0.32804776682580433 -0.0005278556667148431 0.05296333270635356 0.006771183805255241 0.6939890612762152 0.0070241839420351745 -0.7199194362835203
0.30490630808496255 0.02494404913097072 0.06687666833511544 -0.409804412318807 0.5199939199036149 -0.4638886064118697 -0.588620444555372
0.2941693073210738 -0.026507074769431833 0.06687666833511544 0.5199939199036149 0.40980441231880704 0.5886204445553719 -0.46388860641186974
0.27381226717041174 0.004586991741970058 0.06687666833521631 0.6574667063192892 -0.07791574439606437 0.7442362877471321 0.08819872367126813
0.325263378037947 -0.0061500169147698834 0.06687666833521631 0.07791574439606437 0.6574667063192892 0.08819872367126813 -0.7442362877471321
0.3090516798531885 0.025251029577226566 0.05501666637069195 -0.40290931862948665 0.5882154497453357 -0.39624920083756526 -0.5784922095223117
0.27350528672649116 0.008732342565865702 0.05501666637080678 0.7008310448445031 -0.13103122145948312 0.6892462612199548 0.12886526676848187
0.2900239653551703 -0.02681405521568768 0.05501666637069195 0.5882154497453357 0.40290931862948665 0.5784922095223117 -0.39624920083756526
0.3255703584818676 -0.010295368204326815 0.05501666637080678 0.13103122145948312 0.7008310448445031 0.12886526676848187 -0.6892462612199548
0.2738099260116453 0.008581350567167776 0.05713000003580418 0.7415585932007591 -0.12284484462540275 0.6506776263623609 0.1077897191318152
0.3252657191967135 -0.010144376205628889 0.05713000003580418 0.12284484462540275 0.7415585932007591 0.1077897191318152 -0.6506776263623609
0.3089006645810939 0.024946377250493038 0.05713000003455646 -0.43749668392028235 0.6112255344272092 -0.38387971737648996 -0.5363174062156432
0.2901749508249425 -0.02650940288895415 0.05713000003455646 0.6112255344272092 0.43749668392028235 0.5363174062156432 -0.38387971737648996
0.27859962258019205 0.012966243576013338 0.07104333565733098 0.6956395934461829 -0.1942993113856703 0.6661209187313175 0.18605444163907853
0.2857900447943443 -0.02171970632750529 0.07104333565704972 0.6292818333293618 0.3545011149149251 0.6025789748389849 -0.3394582637787899
0.3204760226281667 -0.014529269214474451 0.07104333565733098 0.1942993113856703 0.6956395934461829 0.18605444163907853 -0.6661209187313175
0.3132855706116921 0.020156680689044176 0.07104333565704972 -0.3545011149149251 0.6292818333293618 -0.3394582637787899 -0.6025789748389849
0.285191971788668 -0.02335731414038676 0.06504333094828278 0.6292818333293618 0.3545011149149251 0.6025789748389849 -0.3394582637787899
0.2769620147673106 0.013564333345495951 0.06504333094856404 0.6956395934461829 -0.1942993113856703 0.6661209187313175 0.18605444163907853
0.3221136304410482 -0.015127358983957064 0.06504333094856404 0.1942993113856703 0.6956395934461829 0.18605444163907853 -0.6661209187313175
0.31388367341969076 0.021794288501925645 0.06504333094828278 -0.3545011149149251 0.6292818333293618 -0.3394582637787899 -0.6025789748389849
0.2774608030444783 0.0020236990526091977 0.07486333631396402 0.6552061155263992 -0.04869920987754431 0.751805069055246 0.055879077273577195
0.3216148421638805 -0.0035867241089937016 0.07486333631396402 0.04869920987754431 0.6552061155263992 0.055879077273577195 -0.751805069055246
0.2967326038643863 -0.022858525859638195 0.07486333631311996 0.49773622778052595 0.42886514663548037 0.5711189378828272 -0.49209398731109466
0.30234304134397244 0.021295500221177082 0.07486333631311996 -0.4288651466354804 0.497736227780526 -0.4920939873110947 -0.5711189378828272
0.31670194101444965 -0.005235631544323557 0.09498999880802715 0.06834450383392911 0.700234981171117 0.06903140052970524 -0.7072726954159102
0.2824153743338505 0.003056860523635064 0.09498999880802715 0.700234981171117 -0.06834450383392908 0.7072726954159102 0.0690314005297052
0.3037049037106607 0.016053897829456373 0.0949899988080211 -0.4468140407726327 0.5434677663168533 -0.4513047469578926 -0.5489298910756041
0.2954124116376394 -0.018232668850144903 0.0949899988080211 0.5434677663168533 0.44681404077263287 0.5489298910756042 -0.45130474695789274
0.2818247613205008 0.017314239308860998 0.06695666833520784 0.642133084999924 -0.2569016042911659 0.670588756529476 0.2682860161792944
0.31763358124583546 0.016931541950601755 0.06695666833500764 -0.2723997951508575 0.6357135240346594 -0.284470998068985 -0.6638847175668686
0.2814420639625233 -0.018494567589062868 0.06695666833500764 0.6357135240346594 0.2723997951508575 0.6638847175668686 -0.284470998068985
0.31725088388785794 -0.01887726494732211 0.06695666833520784 0.2569016042911659 0.642133084999924 0.2682860161792944 -0.670588756529476
0.28329251107897313 -0.003306559607251153 0.100936670177377 0.6822797703778444 0.05317560798556875 0.7269502308476945 -0.056657140053172524
0.315824804269327 0.0011277885865626602 0.100936670177377 -0.05317560798556871 0.6822797703778444 -0.05665714005317248 -0.7269502308476945
0.2973414835750835 0.015176761084494107 0.1009366701773794 0.5200454858231927 -0.4448438186910016 0.5540940862335665 0.47396878931878605
0.30177583177321665 -0.017355532105182637 0.1009366701773794 0.44484381869100154 0.5200454858231928 0.47396878931878605 -0.5540940862335666
0.28568750541446225 -0.01663814938943763 0.08083000023923394 0.5861146541459126 0.267338011893368 0.6958833812457442 -0.3174056069106358
0.31510742156070065 -0.01496053776203537 0.0808300002414879 0.22540912322176979 0.6034821693331546 0.26762419553191263 -0.7165035159936337
0.3134298099338379 0.014459378368749137 0.08083000023923394 -0.2673380118933679 0.5861146541459126 -0.31740560691063574 -0.6958833812457442
0.2840098937875995 0.01278176674134684 0.0808300002414879 0.6034821693331546 -0.2254091232217698 0.7165035159936337 0.26762419553191263
0.3164839349566195 -0.007435611058218932 0.09512999881390896 0.12284484462540282 0.7415585932007591 0.10778971913181526 -0.6506776263623609
0.30590488323296017 0.015835891768572644 0.09512999881266125 -0.43749668392028235 0.6112255344272093 -0.38387971737648996 -0.5363174062156433
0.29321243211534 -0.018014662789261175 0.09512999881266125 0.6112255344272092 0.43749668392028235 0.5363174062156432 -0.38387971737648996
0.2826333803916807 0.005256840037530439 0.09512999881390896 0.7415585932007591 -0.12284484462540275 0.6506776263623609 0.1077897191318152
0.2915253230442512 -0.024085924611572024 0.07089000232676121 0.5414982942057375 0.38958901224535164 0.6047328746439555 -0.4350840714561106
0.30755032216410755 0.02252289897311091 0.07089000232676121 -0.38958901224535164 0.5414982942057375 -0.4350840714561106 -0.6047328746439555
0.32284222043291644 -0.008794018879935292 0.07089000232709247 0.10741607743602276 0.6583781493670048 0.11995981138993662 -0.735261614934186
0.27623339497311994 0.007230994172796754 0.07089000232709247 0.6583781493670048 -0.10741607743602276 0.735261614934186 0.11995981138993662
0.3259445210703256 -0.00378248526580169 0.0709766689913957 0.03738610125143157 0.6978077191035459 0.038268862685316596 -0.7142843696606395
0.30253878807655527 0.025625199615601467 0.07097666899137808 -0.4669886015482556 0.5198605384355272 -0.47801514637333303 -0.5321354963157496
0.2965368571318035 -0.02718822525406258 0.07097666899137808 0.5198605384355273 0.46698860154825567 0.5321354963157497 -0.4780151463733331
0.27313109433571076 0.0022194600930018644 0.0709766689913957 0.6978077191035459 -0.03738610125143157 0.7142843696606395 0.038268862685316596
0.2821779925741306 -0.01255642660645756 0.08511000089944795 0.7129777383724227 0.21601561812629994 0.6384244061824943 -0.19342769941605434
0.31102569875955993 -0.018470050617658773 0.08511000089829257 0.351405288866214 0.6568974996666519 0.3146601933999857 -0.588208262929073
0.31693932277416953 0.010377655585769068 0.08511000089944795 -0.2160156181262999 0.7129777383724227 -0.19342769941605428 -0.6384244061824943
0.2880916165887402 0.016291279596970243 0.08511000089829257 0.6568974996666519 -0.3514052888662141 0.588208262929073 0.31466019339998574
0.28241811614751017 0.0030709048680602653 0.10099000351679409 0.700234981171117 -0.06834450383392908 0.7072726954159102 0.0690314005297052
0.2953983672932142 -0.018229927036485235 0.10099000351678804 0.5434677663168533 0.44681404077263287 0.5489298910756042 -0.45130474695789274
0.31669919920079 -0.005249675888748758 0.10099000351679409 0.06834450383392911 0.700234981171117 0.06903140052970524 -0.7072726954159102
0.3037189480550859 0.016051156015796705 0.10099000351678804 -0.4468140407726327 0.5434677663168533 -0.4513047469578926 -0.5489298910756041
0.2858454655730625 -0.0007539510702083443 0.10109000352068764 0.7378426083671986 -0.02425463429303667 0.6741727219818747 0.022161654467788124
0.31327184977523764 -0.0014248199504801858 0.10109000352068764 0.024254634293036623 0.7378426083671986 0.022161654467788082 -0.6741727219818747
0.29922322323629 -0.014802577611602308 0.10109000352045941 0.5388841275444328 0.5045828960372719 0.4923827591214791 -0.4610414478409017
0.2998940921120101 0.012623806590913816 0.10109000352045941 -0.5045828960372719 0.5388841275444328 -0.4610414478409017 -0.4923827591214791
0.31707861256710773 -0.005324453640909784 0.08698999749672497 0.06834450383392911 0.700234981171117 0.06903140052970524 -0.7072726954159102
0.30379372580724695 0.016430569382114454 0.08698999749671892 -0.4468140407726327 0.5434677663168533 -0.4513047469578926 -0.5489298910756041
0.2820387027811924 0.0031456826202212913 0.08698999749672497 0.700234981171117 -0.06834450383392908 0.7072726954159102 0.0690314005297052
0.2953235895410532 -0.018609340402802984 0.08698999749671892 0.5434677663168533 0.44681404077263287 0.5489298910756042 -0.45130474695789274
0.27847825119742103 0.006672349302446621 0.08113000024442044 0.7415585932007591 -0.12284484462540275 0.6506776263623609 0.1077897191318152
0.30732039249787635 0.019991020962832288 0.08113000024317273 -0.43749668392028235 0.6112255344272093 -0.38387971737648996 -0.5363174062156433
0.3206390641508791 -0.008851120323135115 0.08113000024442044 0.12284484462540282 0.7415585932007591 0.10778971913181526 -0.6506776263623609
0.2917969228504238 -0.022169791983520818 0.08113000024317273 0.6112255344272092 0.43749668392028235 0.5363174062156432 -0.38387971737648996
0.282038229536668 0.0014005279057593544 0.10086333685040583 0.6552061155263992 -0.048699209877544364 0.751805069055246 0.05587907727357725
0.31707908581163213 -0.0035792989264478844 0.10086333685040583 0.04869920987754433 0.6552061155263992 0.05587907727357721 -0.751805069055246
0.29706874425859714 -0.01860981364779089 0.10086333684956177 0.49773622778052595 0.42886514663548037 0.5711189378828272 -0.49209398731109466
0.302048571089703 0.016431042627102398 0.10086333684956177 -0.4288651466354804 0.497736227780526 -0.4920939873110947 -0.5711189378828272
0.28434642135965976 0.013227554814591086 0.07483000298330156 0.6034821693331547 -0.2254091232217698 0.7165035159936338 0.26762419553191263
0.285528748443103 -0.015972894498518898 0.0748300029810476 0.5861146541459126 0.267338011893368 0.6958833812457442 -0.3174056069106358
0.3147291940463766 -0.014790579521729625 0.07483000298330156 0.2254091232217698 0.6034821693331547 0.26762419553191263 -0.7165035159936338
0.31354689676525577 0.014409868860057785 0.0748300029810476 -0.267338011893368 0.5861146541459126 -0.3174056069106358 -0.6958833812457442
0.27782644985283966 0.0019837295525641637 0.08086333357215036 0.6552061155263992 -0.048699209877544364 0.751805069055246 0.05587907727357725
0.29648554261179233 -0.022821593331619244 0.0808633335713063 0.49773622778052595 0.42886514663548037 0.5711189378828272 -0.49209398731109466
0.3026317727365078 0.02064282231093075 0.0808633335713063 -0.4288651466354804 0.497736227780526 -0.4920939873110947 -0.5711189378828272
0.3212908654954605 -0.004162500573252694 0.08086333357215036 0.04869920987754433 0.6552061155263992 0.05587907727357721 -0.751805069055246
0.31819745934150895 -0.0017490096134135354 0.08909000155373437 0.024254634293036623 0.7378426083671986 0.022161654467788082 -0.6741727219818747
0.2809198560067912 -0.0004297614072749948 0.08909000155373437 0.7378426083671986 -0.02425463429303667 0.6741727219818747 0.022161654467788124
0.3002182817749435 0.017549416157185124 0.08909000155350613 -0.5045828960372719 0.5388841275444328 -0.4610414478409017 -0.4923827591214791
0.2988990335733567 -0.019728187177873613 0.08909000155350613 0.5388841275444328 0.5045828960372719 0.4923827591214791 -0.4610414478409017
0.3052970574472917 -0.02053902492327977 0.08503666755945732 0.4317894061107919 0.5761000273080332 0.41623702591773415 -0.5553498046828975
0.29382025790100846 0.018360253902591283 0.08503666755945732 0.5761000273080332 -0.431789406110792 0.5553498046828975 0.4162370259177342
0.3190082970865156 0.004649014264753211 0.085036667559409 -0.10204301989012879 0.7126854528902407 -0.09836758960856967 -0.6870156363904213
0.2801090182617845 -0.006827785285441741 0.085036667559409 0.7126854528902407 0.10204301989012875 0.6870156363904213 -0.09836758960856963
0.3017124306954922 0.018182333261376884 0.08686333082949264 -0.4288651466354804 0.497736227780526 -0.4920939873110947 -0.5711189378828272
0.3188303764459066 -0.003243158532237069 0.0868633308303367 0.04869920987754433 0.6552061155263992 0.05587907727357721 -0.751805069055246
0.29740488465280795 -0.020361104282065372 0.08686333082949264 0.49773622778052595 0.42886514663548037 0.5711189378828272 -0.49209398731109466
0.28028693890239353 0.001064387511548539 0.0868633308303367 0.6552061155263992 -0.048699209877544364 0.751805069055246 0.05587907727357725
0.3211695531129689 -0.0016975944686884671 0.08707666416557296 -0.008003320717062869 0.7336683728644166 -0.007411546602616782 -0.6794201457808979
0.2989504487115981 -0.022700280949255074 0.08707666416557087 0.5131226800172349 0.5244410831875264 0.4751818388282508 -0.4856633459144584
0.27794776223533124 -0.0004811765520000263 0.08707666416557296 0.7336683728644166 0.008003320717062912 0.6794201457808979 -0.007411546602616823
0.30016686663670206 0.020521509928566543 0.08707666416557087 0.5244410831875262 -0.5131226800172349 0.4856633459144583 0.4751818388282508
0.3020638139719015 -0.007297255127076288 0.12090999933976605 0.3919734525526585 0.5489597528075434 0.4289920160300787 -0.6008043379286457
0.297355539497824 0.005361771261816631 0.12090999933976605 0.5489597528075435 -0.3919734525526585 0.6008043379286458 0.4289920160300787
0.2933801635430317 -0.0033218791772302906 0.12090999933955708 0.6653402496742189 0.11100607986744156 0.7281759846604274 -0.12148966112278095
0.3060391899266938 0.0013863953119706556 0.12090999933955708 -0.1110060798674416 0.665340249674219 -0.121489661122781 -0.7281759846604274
0.2867225648328767 0.0065058364176023824 0.10491666338541773 0.6560797252145908 -0.16701115531289187 0.7132338587281755 0.18156026802997757
0.30715387960631546 0.01174670732862793 0.10491666338537024 -0.3458237008762764 0.5820131439452964 -0.3759499997933269 -0.6327149957465407
0.2919634357419847 -0.013925478349316423 0.10491666338537024 0.5820131439452964 0.34582370087627645 0.6327149957465407 -0.37594999979332694
0.3123947505154234 -0.008684607438290913 0.10491666338541773 0.16701115531289185 0.6560797252145908 0.18156026802997755 -0.7132338587281755
0.29409104052923213 0.022793848849623002 0.07292333226019139 0.5351613425742296 -0.41865141102311476 0.5778912408452824 0.45207858522252836
0.27596244324090957 -0.006228287446604629 0.07292333226061043 0.6744474660238389 0.0823849641684573 0.728298648207076 -0.08896298259799137
0.3231131721651268 0.004665262273804803 0.07292333226061043 -0.0823849641684573 0.6744474660238389 -0.08896298259799137 -0.728298648207076
0.30498460467912664 -0.024356874488084115 0.07292333226019139 0.41865141102311476 0.5351613425742296 0.45207858522252836 -0.5778912408452824
0.29367232462606707 -0.004017312503417564 0.11113666810972421 0.7378394757952937 0.15468111573328813 0.643034943943874 -0.13480623598606378
0.302759247310803 -0.007005094039208187 0.11113666810944335 0.41235522973679417 0.6311073632708251 0.35937196370883606 -0.5500167745024852
0.2966601061589225 0.00506961017394853 0.11113666810944335 0.6311073632708251 -0.4123552297367941 0.5500167745024852 0.359371963708836
0.30574702884365845 0.002081828638157929 0.11113666810972421 -0.15468111573328816 0.7378394757952937 -0.1348062359860638 -0.643034943943874
0.3101342521486971 -0.006591180879815077 0.08712999750260678 0.12284484462540282 0.7415585932007591 0.10778971913181526 -0.6506776263623609
0.3050604530545563 0.009486208960650281 0.08712999750135907 -0.43749668392028235 0.6112255344272093 -0.38387971737648996 -0.5363174062156433
0.29405686229374384 -0.011664979981338811 0.08712999750135907 0.6112255344272092 0.43749668392028235 0.5363174062156432 -0.38387971737648996
0.28898306319960304 0.004412409859126585 0.08712999750260678 0.7415585932007591 -0.12284484462540275 0.6506776263623609 0.1077897191318152
0.310140162625261 -0.014627472237213517 0.09697000286219017 0.28672940866655855 0.6346544310011053 0.2954642793107205 -0.6539884242613058
0.28897715272303914 0.012448701216524987 0.09697000286219017 0.6346544310011053 -0.2867294086665586 0.6539884242613058 0.29546427931072056
0.28602057095442374 -0.011670890469556576 0.09697000286201396 0.6515167596248854 0.24602014637706326 0.6713644438936767 -0.25351485751299047
0.3130967443938764 0.009492119448868084 0.09697000286201396 -0.24602014637706326 0.6515167596248855 -0.2535148575129905 -0.6713644438936768
0.3071292153487694 0.021334525779966113 0.08089000024059864 -0.38958901224535164 0.5414982942057375 -0.4350840714561106 -0.6047328746439555
0.29198809999953074 -0.0235132968006546 0.08089000024059864 0.5414982942057375 0.38958901224535164 0.6047328746439555 -0.4350840714561106
0.2771347463776055 0.0064811721457936206 0.0808900002409299 0.6583781493670048 -0.10741607743602279 0.735261614934186 0.11995981138993664
0.32198256897069466 -0.00865994316648215 0.0808900002409299 0.10741607743602283 0.6583781493670048 0.11995981138993668 -0.735261614934186
0.2956599126896018 0.0024062352413662842 0.14108333595749611 0.6768246230758339 -0.2890935783515852 0.6225881003756283 0.2659274145792382
0.30260675165645734 -0.004406235221498068 0.14108333595749611 0.2890935783515853 0.6768246230758339 0.2659274145792382 -0.6225881003756283
0.29572709693709404 -0.004473419468790017 0.14108333595748032 0.683007311379428 0.2741672482996827 0.6282753464707231 -0.25219718788899714
0.3025395674089651 0.0024734194886582325 0.14108333595748032 -0.27416724829968275 0.683007311379428 -0.2521971878889972 -0.6282753464707231
0.29823091062248314 -0.011947032718761482 0.1408500026073896 0.4747853303007834 0.4467425237469609 0.552251310848996 -0.5196330409750114
0.28818629944477986 -9.757843243523037e-05 0.14085000260729555 0.6516185945545127 -0.01982926061140148 0.7579366937563935 0.023064603010538053
0.300035753723576 0.009947032738629699 0.1408500026073896 -0.44674252374696083 0.4747853303007834 -0.5196330409750113 -0.552251310848996
0.31008036490127927 -0.0019024215476965561 0.14085000260729555 0.01982926061140152 0.6516185945545127 0.0230646030105381 -0.7579366937563935
0.3155105480117757 -0.005297713022509401 0.0910033314858632 0.0995815516065593 0.7012490152458153 0.09925016448656913 -0.6989154012080386
0.28360676733652446 0.003118942001820871 0.0910033314858632 0.7012490152458153 -0.09958155160655933 0.6989154012080386 0.09925016448656918
0.3037669851698215 0.014862504832062308 0.091003331485839 -0.4254431484099223 0.5662727207473002 -0.4240273601845771 -0.5643882803738948
0.29535033017847867 -0.0170412758527508 0.091003331485839 0.5662727207473002 0.4254431484099223 0.5643882803738948 -0.4240273601845771
0.27932303516998813 0.018886969328549604 0.05495666636825457 0.642133084999924 -0.2569016042911659 0.670588756529476 0.2682860161792944
0.27986933580547985 -0.020996293739575563 0.054956666368054366 0.6357135240346594 0.2723997951508575 0.6638847175668686 -0.284470998068985
0.31975261003837063 -0.020449994967010717 0.05495666636825457 0.2569016042911659 0.642133084999924 0.2682860161792944 -0.670588756529476
0.3192063094028789 0.01943326810111445 0.054956666368054366 -0.2723997951508575 0.6357135240346594 -0.284470998068985 -0.6638847175668686
0.29115548019387727 -0.008008986918047111 0.13085666392642462 0.616920449170107 0.2185005572416048 0.7127047675487265 -0.25242539530359726
0.30675092171373686 -0.009521938479056725 0.13085666392718454 0.2817254102078978 0.5907318577343602 0.32546666794829615 -0.6824500813653236
0.30826387327584825 0.006073503052787477 0.13085666392642462 -0.21850055724160486 0.616920449170107 -0.25242539530359726 -0.7127047675487265
0.29266843175598867 0.007586454613797068 0.13085666392718454 0.5907318577343603 -0.2817254102078979 0.6824500813653237 0.32546666794829615
0.29870298453880084 -0.00045819535712788434 0.11304999803690052 -0.07121551104639705 0.7210605750651635 -0.06773946264333625 -0.6858654119241533
0.30021922330366785 3.8950262088249376e-05 0.11304999803674388 0.4595098534549989 0.5602237913783629 0.437081052140864 -0.5328791157578364
0.2992001301660577 -0.001974434127347907 0.11304999803674388 0.5602237913783628 -0.45950985345499884 0.5328791157578364 0.43708105214086396
0.3007163689309247 -0.0014772885081317517 0.11304999803690052 0.7210605750651635 0.071215511046397 0.6858654119241533 -0.0677394626433362
0.31229810175853095 0.008669464523581314 0.10496999672273555 -0.24602014637706326 0.6515167596248855 -0.2535148575129905 -0.6713644438936768
0.30931750769997424 -0.013828829601868058 0.10496999672291175 0.28672940866655855 0.6346544310011053 0.2954642793107205 -0.6539884242613058
0.2868192135897692 -0.010848235544269806 0.10496999672273555 0.6515167596248854 0.24602014637706326 0.6713644438936767 -0.25351485751299047
0.2897998076483259 0.011650058581179528 0.10496999672291175 0.6346544310011053 -0.2867294086665586 0.6539884242613058 0.29546427931072056
0.3095100093896354 -0.005489541810975252 0.14313000668172207 0.12284484462540282 0.7415585932007591 0.10778971913181526 -0.6506776263623609
0.2887566549564237 0.0034895418308434657 0.14313000668172207 0.7415585932007591 -0.12284484462540275 0.6506776263623609 0.1077897191318152
0.3036228740048743 0.009376677222987465 0.14313000668047435 -0.43749668392028235 0.6112255344272093 -0.38387971737648996 -0.5363174062156433
0.2946437903411848 -0.011376677203119249 0.14313000668047435 0.6112255344272092 0.43749668392028235 0.5363174062156432 -0.38387971737648996
0.2962068656840313 0.002452438338391185 0.1248566666689982 0.5907318577343603 -0.2817254102078979 0.6824500813653237 0.32546666794829615
0.30312985700044237 0.0025350691247448265 0.12485666666823828 -0.21850055724160486 0.616920449170107 -0.25242539530359726 -0.7127047675487265
0.3032124877856942 -0.0043879222036508425 0.1248566666689982 0.2817254102078978 0.5907318577343602 0.32546666794829615 -0.6824500813653236
0.29628949646928315 -0.004470552990004462 0.12485666666823828 0.616920449170107 0.2185005572416048 0.7127047675487265 -0.25242539530359726
0.29835602577181125 -0.01599806849889372 0.09486333214079483 0.49773622778052595 0.42886514663548037 0.5711189378828272 -0.49209398731109466
0.2846499746855652 0.00011324639254524303 0.09486333214163889 0.6552061155263992 -0.048699209877544364 0.751805069055246 0.05587907727357725
0.31446734066273496 -0.002292017413233773 0.09486333214163889 0.04869920987754433 0.6552061155263992 0.05587907727357721 -0.751805069055246
0.3007612895764889 0.013819297478205227 0.09486333214079483 -0.4288651466354804 0.497736227780526 -0.4920939873110947 -0.5711189378828272
0.29689643900629387 -0.007030202603695582 0.13112999726294047 0.6112255344272092 0.43749668392028235 0.5363174062156432 -0.38387971737648996
0.30252291446343166 0.005094718738435925 0.13112999726294047 -0.43749668392028235 0.6112255344272093 -0.38387971737648996 -0.5363174062156433
0.2936472160602445 0.0018454957850036794 0.1311299972641882 0.7415585932007591 -0.12284484462540275 0.6506776263623609 0.1077897191318152
0.305772137409481 -0.003780979650263316 0.1311299972641882 0.12284484462540282 0.7415585932007591 0.10778971913181526 -0.6506776263623609
0.2954835101537308 0.0029035713992610975 0.1548566678610911 0.5907318577343603 -0.2817254102078979 0.6824500813653237 0.32546666794829615
0.295229760789144 -0.004649822015907858 0.15485666786033117 0.616920449170107 0.2185005572416048 0.7127047675487265 -0.25242539530359726
0.3027831541923283 -0.0049035713793928815 0.1548566678610911 0.2817254102078978 0.5907318577343602 0.32546666794829615 -0.6824500813653236
0.30303690355691515 0.0026498220357760727 0.15485666786033117 -0.21850055724160486 0.616920449170107 -0.25242539530359726 -0.7127047675487265
0.29766624716555345 0.01848231547444772 0.09493666546861246 0.5200454858231927 -0.4448438186910016 0.5540940862335665 0.47396878931878605
0.3014510681827467 -0.02066108649513625 0.09493666546861246 0.44484381869100154 0.5200454858231928 0.47396878931878605 -0.5540940862335666
0.31913035865928063 0.0008030249960927033 0.09493666546861006 -0.05317560798556871 0.6822797703778444 -0.05665714005317248 -0.7269502308476945
0.2799869566890195 -0.0029817960167811968 0.09493666546861006 0.6822797703778444 0.05317560798556875 0.7269502308476945 -0.056657140053172524
0.3180665739870498 0.0002783412656999339 0.09494999880772474 -0.02343673666823459 0.6888038322216019 -0.024639392003798003 -0.7241497776377911
0.28105074136125036 -0.002457112286388464 0.09494999880772474 0.6888038322216019 0.023436736668234544 0.7241497776377911 -0.024639392003797958
0.2981909308933159 0.017418530802228417 0.0949499988077101 0.5036301369757978 -0.4704855842969475 0.5294739009873172 0.49462853564242726
0.30092638445498426 -0.019597301822916906 0.0949499988077101 0.4704855842969475 0.5036301369757978 0.49462853564242726 -0.5294739009873172
0.3022673900002491 0.0009899634573244348 0.13499667203099622 -0.1906870918996382 0.6796850493220719 -0.1913237784561906 -0.6819544548634889
0.3016673821325941 -0.0035254551932796903 0.13499667203101717 0.3457737688757669 0.6154460447976027 0.3469282755362171 -0.6175009622129358
0.29775197133713144 0.0015899713280200334 0.13499667203101717 0.6154460447976028 -0.3457737688757669 0.6175009622129359 0.3469282755362171
0.2971519634694764 -0.00292544732258407 0.13499667203099622 0.6796850493220719 0.19068709189963814 0.6819544548634888 -0.19132377845619056
0.29834486787225684 0.005160341606007359 0.11703666535408547 0.5761000273080332 -0.431789406110792 0.5553498046828975 0.4162370259177342
0.29358159319679555 -0.002332550797191619 0.11703666535403714 0.7126854528902407 0.10204301989012875 0.6870156363904213 -0.09836758960856963
0.3010744855974687 -0.007095825471266996 0.11703666535408547 0.4317894061107919 0.5761000273080332 0.41623702591773415 -0.5553498046828975
0.30583776027292997 0.00039706693193196233 0.11703666535403714 -0.10204301989012879 0.7126854528902407 -0.09836758960856967 -0.6870156363904213
0.27913474670543104 0.004481168092677776 0.08889000155223209 0.6583781493670048 -0.10741607743602279 0.735261614934186 0.11995981138993664
0.2939881040526466 -0.021513296472829055 0.08889000155190083 0.5414982942057375 0.38958901224535164 0.6047328746439555 -0.4350840714561106
0.30512921129565357 0.019334525452140566 0.08889000155190083 -0.38958901224535164 0.5414982942057375 -0.4350840714561106 -0.6047328746439555
0.3199825686428691 -0.006659939113366306 0.08889000155223209 0.10741607743602283 0.6583781493670048 0.11995981138993668 -0.735261614934186
0.31317538230713066 -0.0027885741019815355 0.11486333541989435 0.04869920987754433 0.6552061155263992 0.05587907727357721 -0.751805069055246
0.28624397116259487 0.0008530902367218784 0.11486333541989435 0.6552061155263992 -0.048699209877544364 0.751805069055246 0.05587907727357725
0.3015305089036638 0.012497963639602653 0.11486333541905029 -0.4288651466354804 0.497736227780526 -0.4920939873110947 -0.5711189378828272
0.29788884456606174 -0.01443344750486229 0.11486333541905029 0.49773622778052595 0.42886514663548037 0.5711189378828272 -0.49209398731109466
0.28520445654638954 0.005062291408306139 0.08113000024442044 0.7415585932007591 -0.12284484462540275 0.6506776263623609 0.1077897191318152
0.30571033460373587 0.013264815613863782 0.08113000024317273 -0.43749668392028235 0.6112255344272093 -0.38387971737648996 -0.5363174062156433
0.3139128588019106 -0.007241062428994632 0.08113000024442044 0.12284484462540282 0.7415585932007591 0.10778971913181526 -0.6506776263623609
0.2934069807445643 -0.015443586634552312 0.08113000024317273 0.6112255344272092 0.43749668392028235 0.5363174062156432 -0.38387971737648996
0.29883495992224024 -0.0010720035496456196 0.14608333118910874 -0.27416724829968275 0.683007311379428 -0.2521971878889972 -0.6282753464707231
0.2990613286181535 -0.0007016277347732142 0.14608333118912453 0.2890935783515853 0.6768246230758339 0.2659274145792382 -0.6225881003756283
0.2994317044238189 -0.0009279964304861656 0.14608333118910874 0.683007311379428 0.2741672482996827 0.6282753464707231 -0.25219718788899714
0.29920533572790564 -0.0012983722453585695 0.14608333118912453 0.6768246230758339 -0.2890935783515852 0.6225881003756283 0.2659274145792382
0.31209570223931893 -0.00017640276473789197 0.11095000143032911 -0.02343673666823459 0.6888038322216019 -0.024639392003798003 -0.7241497776377911
0.3005010159075447 -0.013353767436758918 0.11095000143031447 0.4704855842969475 0.5036301369757978 0.49462853564242726 -0.5294739009873172
0.29891833756218084 0.011418283571499281 0.11095000143031447 0.5036301369757978 -0.4704855842969475 0.5294739009873172 0.49462853564242726
0.2873236512304066 -0.0017590811005217652 0.11095000143032911 0.6888038322216019 0.023436736668234544 0.7241497776377911 -0.024639392003797958
0.2785604044716807 -0.014285390153884477 0.07487000298581126 0.6307420002933433 0.19278104641136384 0.7188385244192531 -0.21970701632228934
0.3130417073901941 -0.021758933745215467 0.0748700029860929 0.30968515986852935 0.5823187311838222 0.35293927406768927 -0.6636519162107795
0.3205152407366781 0.012722365446745938 0.07487000298581126 -0.19278104641136384 0.6307420002933433 -0.21970701632228934 -0.7188385244192531
0.28603393781816466 0.020195908106754354 0.0748700029860929 0.5823187311838222 -0.30968515986852935 0.6636519162107795 0.35293927406768927
0.2919853172850529 0.001170797268265401 0.1409900026227244 0.700234981171117 -0.06834450383392908 0.7072726954159102 0.0690314005297052
0.30628134706100624 -0.0031707972483971873 0.1409900026227244 0.06834450383392911 0.700234981171117 0.06903140052970524 -0.7072726954159102
0.29696253491216695 -0.008148014877543627 0.14099000262271835 0.5434677663168533 0.44681404077263287 0.5489298910756042 -0.45130474695789274
0.3013041294338922 0.006148014897411842 0.14099000262271835 -0.4468140407726327 0.5434677663168533 -0.4513047469578926 -0.5489298910756041
0.2916637742286676 0.006581779026461499 0.15108332642075295 0.6768246230758339 -0.2890935783515852 0.6225881003756283 0.2659274145792382
0.3066028901173915 -0.008581779006593283 0.15108332642075295 0.2890935783515853 0.6768246230758339 0.2659274145792382 -0.6225881003756283
0.3067151111940603 0.006469557949592395 0.15108332642073716 -0.27416724829968275 0.683007311379428 -0.2521971878889972 -0.6282753464707231
0.2915515531519988 -0.008469557929724179 0.15108332642073716 0.683007311379428 0.2741672482996827 0.6282753464707231 -0.25219718788899714
0.2984271311719268 -0.0024765149333307304 0.14094333595482877 -0.29785681130439723 0.6188279131323768 -0.31524191007041363 -0.6549472284260477
0.2998395331741323 0.00047651495319894484 0.14094333595482877 0.6188279131323768 0.29785681130439723 0.6549472284260477 -0.31524191007041363
0.3006098471165264 -0.0017062009909168574 0.14094333595440178 0.648193984694242 -0.22696084266874417 0.6860273189403223 0.2402079344419076
0.29765681722953274 -0.0002937989892149266 0.14094333595440178 0.22696084266874417 0.6481939846942419 0.24020793444190758 -0.6860273189403222
0.311343096018951 -0.00398241408559858 0.10498999672186458 0.06834450383392911 0.700234981171117 0.06903140052970524 -0.7072726954159102
0.2966656290963644 -0.012873823854646246 0.10498999672185853 0.5434677663168533 0.44681404077263287 0.5489298910756042 -0.45130474695789274
0.30245168625193575 0.010695052833957715 0.10498999672185853 -0.4468140407726327 0.5434677663168533 -0.4513047469578926 -0.5489298910756041
0.28777421932934916 0.0018036430649100885 0.10498999672186458 0.700234981171117 -0.06834450383392908 0.7072726954159102 0.0690314005297052
0.2807974187531968 -0.00029007792224386685 0.0950899988119207 0.7378426083671986 -0.02425463429303667 0.6741727219818747 0.022161654467788124
0.31831989659510335 -0.0018886930984446633 0.0950899988119207 0.024254634293036623 0.7378426083671986 0.022161654467788082 -0.6741727219818747
0.29875935008832555 -0.01985062443146801 0.09508999881169247 0.5388841275444328 0.5045828960372719 0.4923827591214791 -0.4610414478409017
0.3003579652599746 0.017671853410779523 0.09508999881169247 -0.5045828960372719 0.5388841275444328 -0.4610414478409017 -0.4923827591214791
0.2879732934230555 0.0025547554276015103 0.11500333541976976 0.7012490152458153 -0.09958155160655933 0.6989154012080386 0.09925016448656918
0.31144606004667 -0.004490239292861168 0.11500333541976976 0.0995815516065593 0.7012490152458153 0.09925016448656913 -0.6989154012080386
0.29618717939112515 -0.01270412524921801 0.11500333541974556 0.5662727207473002 0.4254431484099223 0.5643882803738948 -0.4240273601845771
0.30323217407860037 0.010768641383958373 0.11500333541974556 -0.4254431484099223 0.5662727207473002 -0.4240273601845771 -0.5643882803738948
0.2955053320572171 -0.014506485888194106 0.10500333005532753 0.5662727207473002 0.4254431484099223 0.5643882803738948 -0.4240273601845771
0.28614155730108115 0.002963940123082468 0.10500333005535173 0.7012490152458153 -0.09958155160655933 0.6989154012080386 0.09925016448656918
0.312975758047219 -0.005142711143770998 0.10500333005535173 0.0995815516065593 0.7012490152458153 0.09925016448656913 -0.6989154012080386
0.3036119832910831 0.012327714867505614 0.10500333005532753 -0.4254431484099223 0.5662727207473002 -0.4240273601845771 -0.5643882803738948
0.2970702929803122 0.001151805384747386 0.13685666118537088 0.5907318577343603 -0.2817254102078979 0.6824500813653237 0.32546666794829615
0.30182922404679857 0.0016716418284639656 0.13685666118461096 -0.21850055724160486 0.616920449170107 -0.25242539530359726 -0.7127047675487265
0.30234906048941335 -0.0030872892500070437 0.13685666118537088 0.2817254102078978 0.5907318577343602 0.32546666794829615 -0.6824500813653236
0.29759012942292695 -0.0036071256937236012 0.13685666118461096 0.616920449170107 0.2185005572416048 0.7127047675487265 -0.25242539530359726
0.28652721565005795 -0.0153671399442472 0.09082999815307137 0.5861146541459126 0.267338011893368 0.6958833812457442 -0.3174056069106358
0.3138364121155102 -0.014120827526439667 0.09082999815532533 0.22540912322176979 0.6034821693331546 0.26762419553191263 -0.7165035159936337
0.3125900996982422 0.013188368923558708 0.09082999815307137 -0.2673380118933679 0.5861146541459126 -0.31740560691063574 -0.6958833812457442
0.28528090323278993 0.011942056505751137 0.09082999815532533 0.6034821693331546 -0.2254091232217698 0.7165035159936337 0.26762419553191263
0.29676984240883386 -0.008051723573908983 0.1509899930859752 0.5434677663168533 0.44681404077263287 0.5489298910756042 -0.45130474695789274
0.30149682193722527 0.006051723593777199 0.1509899930859752 -0.4468140407726327 0.5434677663168533 -0.4513047469578926 -0.5489298910756041
0.29208160858868754 0.0013634897715984926 0.15098999308598124 0.700234981171117 -0.06834450383392908 0.7072726954159102 0.0690314005297052
0.3061850557573716 -0.0033634897517302786 0.15098999308598124 0.06834450383392911 0.700234981171117 0.06903140052970524 -0.7072726954159102
0.2903989533417105 -0.00856260058715591 0.14085666929084265 0.616920449170107 0.2185005572416048 0.7127047675487265 -0.25242539530359726
0.3066959327635764 -0.009734378826826352 0.14085666929160257 0.2817254102078978 0.5907318577343602 0.32546666794829615 -0.6824500813653236
0.3078677110043486 0.006562600607024127 0.14085666929084265 -0.21850055724160486 0.616920449170107 -0.25242539530359726 -0.7127047675487265
0.29157073158248276 0.007734378846694569 0.14085666929160257 0.5907318577343603 -0.2817254102078979 0.6824500813653237 0.32546666794829615
0.29832598503084445 -0.007509208517595272 0.10086333684956177 0.49773622778052595 0.42886514663548037 0.5711189378828272 -0.49209398731109466
0.29313883466686363 0.0001432871335120399 0.10086333685040583 0.6552061155263992 -0.048699209877544364 0.751805069055246 0.05587907727357725
0.3059784806814365 -0.00232205815420057 0.10086333685040583 0.04869920987754433 0.6552061155263992 0.05587907727357721 -0.751805069055246
0.3007913303174557 0.005330437496906781 0.10086333684956177 -0.4288651466354804 0.497736227780526 -0.4920939873110947 -0.5711189378828272
0.29775126459539497 -0.012405154018505135 0.15084999307064645 0.4747853303007834 0.4467425237469609 0.552251310848996 -0.5196330409750114
0.2877281781450362 0.0003820675946529349 0.15084999307055239 0.6516185945545127 -0.01982926061140148 0.7579366937563935 0.023064603010538053
0.30051539975066416 0.010405154038373351 0.15084999307064645 -0.44674252374696083 0.4747853303007834 -0.5196330409750113 -0.552251310848996
0.3105384862010229 -0.0023820675747847214 0.15084999307055239 0.01982926061140152 0.6516185945545127 0.0230646030105381 -0.7579366937563935
0.28903633264865036 -0.0005424345023064415 0.0908633314859878 0.6552061155263992 -0.048699209877544364 0.751805069055246 0.05587907727357725
0.3001056086816372 0.009432939515120052 0.09086333148514374 -0.4288651466354804 0.497736227780526 -0.4920939873110947 -0.5711189378828272
0.3100809826996498 -0.0016363365183820885 0.0908633314859878 0.04869920987754433 0.6552061155263992 0.05587907727357721 -0.751805069055246
0.29901170666666294 -0.011611710535808544 0.09086333148514374 0.49773622778052595 0.42886514663548037 0.5711189378828272 -0.49209398731109466
0.29868195011587556 0.015249734036255206 0.1049633300539599 -0.48593642004341575 0.49551232253403393 -0.5040930657473741 -0.5140267648262393
0.28321953812744577 -0.0019660930740137287 0.10496333005394687 0.6939890612762152 -0.006771183805255283 0.7199194362835203 0.007024183942035219
0.3158977772208544 -0.00021267794667476016 0.10496333005394687 0.006771183805255241 0.6939890612762152 0.0070241839420351745 -0.7199194362835203
0.3004353652324246 -0.017428505056943735 0.1049633300539599 0.495512322534034 0.48593642004341575 0.5140267648262394 -0.5040930657473742
0.3121136610993765 -0.0032533148183051274 0.10310333345143628 0.0568601464350353 0.7405630222073514 0.05125899845958168 -0.6676120497440269
0.301722586984745 0.011465617914462895 0.10310333345155381 -0.4834509392688953 0.563863330508629 -0.4358274212563755 -0.5083185937074872
0.28700365424892366 0.001074543797616638 0.10310333345143628 0.7405630222073514 -0.056860146435035334 0.6676120497440269 0.05125899845958171
0.2973947283635551 -0.013644388935151425 0.10310333345155381 0.563863330508629 0.4834509392688952 0.5083185937074872 -0.4358274212563754
