0.2794101950350889 0.02665416409494771 0.0809700002395858 0.2867294086665586 0.6346544310011052 -0.29546427931072045 0.6539884242613057
0.32495714773866 -0.026972531455107487 0.0809700002395858 -0.6346544310011053 0.2867294086665586 0.6539884242613058 0.29546427931072045
0.32899701915475915 0.022614292679807073 0.08097000023940959 -0.6515167596248855 -0.24602014637706324 0.6713644438936768 -0.2535148575129906
0.2753703236189898 -0.02293266003996683 0.08097000023940959 -0.2460201463770633 0.6515167596248855 0.2535148575129906 0.6713644438936768
0.27398257124382336 0.025568341050891393 0.0808300002414879 0.22540912322176984 0.6034821693331546 -0.2676241955319126 0.7165035159936337
0.32791119612584246 0.028041916455514026 0.08083000023923394 -0.5861146541459126 -0.26733801189336787 0.6958833812457442 -0.3174056069106358
0.33038477152992557 -0.02588670841105117 0.0808300002414879 -0.6034821693331546 0.2254091232217698 0.7165035159936337 0.2676241955319126
0.27645614664790646 -0.028360283815673782 0.08083000023923394 -0.2673380118933679 0.5861146541459126 0.31740560691063585 0.6958833812457442
0.3160834343667005 -0.03556335138301279 0.08102333357311206 -0.5906059918864218 0.4035482990852503 0.5769822735860837 0.3942395066716311
0.28828390840704843 0.03524498402285301 0.08102333357311206 0.4035482990852503 0.5906059918864217 -0.3942395066716311 0.5769822735860836
0.26677950368766856 -0.014058946669439626 0.08102333357341615 -0.13226976672058832 0.7029732401097976 0.12921865314570588 0.6867575060968929
0.33758783908608037 0.013740579309279865 0.08102333357341615 -0.7029732401097976 -0.1322697667205883 0.6867575060968929 -0.12921865314570583
0.2706407685197941 -0.02025244329808268 0.08111000024379686 -0.21601561812629988 0.7129777383724227 0.19342769941605437 0.6384244061824943
0.33372657425395486 0.019934075937922922 0.08111000024379686 -0.7129777383724227 -0.21601561812629985 0.6384244061824943 -0.1934276994160543
0.3222769309941738 -0.03170208655445533 0.08111000024264148 -0.6568974996666519 0.3514052888662141 0.588208262929073 0.31466019339998563
0.2820904117795751 0.031383719194295556 0.08111000024264148 0.35140528886621414 0.6568974996666519 -0.3146601933999857 0.588208262929073
0.29556292231531406 -0.036683681654258705 0.05286333270703895 -0.42886514663548025 0.4977362277805259 0.49209398731109466 0.5711189378828271
0.33709896658595384 -0.005579152318626337 0.05286333270788301 -0.6552061155263992 0.04869920987754435 0.751805069055246 0.055879077273577146
0.2644584074145955 0.004852376586734943 0.05286333270788301 0.04869920987754435 0.6552061155263992 -0.055879077273577146 0.751805069055246
0.30599445168523526 0.03595690731935118 0.05286333270703895 -0.497736227780526 -0.42886514663548037 0.5711189378828272 -0.49209398731109477
0.27342720806467685 0.022398820923342385 0.050829999049394996 0.2254091232217698 0.6034821693331546 -0.2676241955319125 0.7165035159936337
0.3235408969617127 0.02698809176068683 0.05082999904714105 -0.5861146541459126 -0.2673380118933679 0.6958833812457442 -0.31740560691063585
0.32813016593587246 -0.023125597120895066 0.050829999049394996 -0.6034821693331546 0.2254091232217698 0.7165035159936337 0.2676241955319125
0.27801647703883664 -0.02771486795823951 0.05082999904714105 -0.2673380118933679 0.5861146541459126 0.31740560691063585 0.6958833812457442
0.26884228098050256 -0.01837714841880336 0.08088333357343001 -0.16625799792675403 0.6434477023279396 0.18693129355244498 0.7234569952561745
0.3204016361351162 -0.03350057408113121 0.08088333357305842 -0.5725483925805358 0.3374240736423025 0.6437417353565198 0.379380957403314
0.33552506179324637 0.018058781058643603 0.08088333357343001 -0.6434477023279396 -0.166257997926754 0.7234569952561745 -0.18693129355244495
0.28396570663863274 0.033182206720971434 0.08088333357305842 0.3374240736423026 0.5725483925805358 -0.3793809574033141 0.6437417353565198
0.28243572268160566 -0.032916218529331985 0.05091666570995139 -0.3458237008762764 0.5820131439452964 0.375949999793327 0.6327149957465407
0.31912165131894366 0.03218944419442445 0.05091666570995139 -0.5820131439452964 -0.3458237008762764 0.6327149957465407 -0.375949999793327
0.26822585191080495 0.017979575284351342 0.050916665709998886 0.16701115531289185 0.6560797252145908 -0.18156026802997746 0.7132338587281755
0.33333152208974437 -0.018706351481904023 0.050916665709998886 -0.6560797252145908 0.16701115531289185 0.7132338587281755 0.18156026802997746
0.2883574169346025 0.028730253381189962 0.07499666964683137 0.34577376887576694 0.6154460447976028 -0.346928275536217 0.6175009622129359
0.32987232755365486 0.012057868920602729 0.07499666964681041 -0.6796850493220719 -0.19068709189963817 0.6819544548634889 -0.19132377845619067
0.27168504644689445 -0.01278464511815541 0.07499666964681041 -0.19068709189963814 0.6796850493220719 0.19132377845619064 0.6819544548634888
0.31319995706594683 -0.029457029578742643 0.07499666964683137 -0.6154460447976028 0.34577376887576694 0.6175009622129359 0.346928275536217
0.2957965427205112 -0.03612069343261335 0.0848633342269574 -0.42886514663548025 0.4977362277805259 0.49209398731109466 0.5711189378828271
0.26622216163430557 0.006227944986834057 0.08486333422780146 0.048699209877544405 0.6552061155263992 -0.0558790772735772 0.751805069055246
0.33814518113944336 -0.006546312346993834 0.08486333422780146 -0.6552061155263992 0.04869920987754437 0.751805069055246 0.05587907727357716
0.3085708000532377 0.0358023260724536 0.0848633342269574 -0.497736227780526 -0.42886514663548037 0.5711189378828272 -0.49209398731109477
0.26554272470202 -0.006149266235394941 0.08093666689912153 -0.05317560798556871 0.6822797703778444 0.056657140053172565 0.7269502308476945
0.3388246180717289 0.005830898875235181 0.08093666689912153 -0.6822797703778444 -0.05317560798556867 0.7269502308476945 -0.056657140053172524
0.3081737539443492 -0.03680013036459577 0.08093666689912393 -0.5200454858231928 0.4448438186910016 0.5540940862335666 0.473968789318786
0.2961935888293997 0.036481763004435994 0.08093666689912393 0.44484381869100165 0.5200454858231927 -0.473968789318786 0.5540940862335665
0.3365141258114177 -0.005491742107063226 0.06086333401918519 -0.6552061155263992 0.04869920987754435 0.751805069055246 0.055879077273577146
0.2650432481891316 0.004764966375171833 0.06086333401918519 0.04869920987754435 0.6552061155263992 -0.055879077273577146 0.751805069055246
0.30590704147367215 0.03537206281952475 0.06086333401834113 -0.497736227780526 -0.42886514663548037 0.5711189378828272 -0.49209398731109477
0.29565033252687717 -0.036098837154432274 0.06086333401834113 -0.42886514663548025 0.4977362277805259 0.49209398731109466 0.5711189378828271
0.3264550754910215 -0.02408151184166342 0.07097000232574836 -0.6346544310011053 0.2867294086665586 0.6539884242613058 0.29546427931072045
0.2770605623332079 -0.026039768215721376 0.07097000232557216 -0.2460201463770633 0.6515167596248855 0.2535148575129906 0.6713644438936768
0.27510229850952783 0.02335473564411074 0.07097000232574836 0.2867294086665586 0.6346544310011053 -0.29546427931072045 0.6539884242613058
0.3244968116673414 0.025312992018168695 0.07097000232557216 -0.6515167596248855 -0.2460201463770633 0.6713644438936768 -0.2535148575129906
0.32664648493262594 -0.029484539406843938 0.08497000089523689 -0.6346544310011053 0.2867294086665586 0.6539884242613058 0.29546427931072045
0.2728583156672533 -0.02462199723393274 0.08497000089506068 -0.2460201463770633 0.6515167596248855 0.2535148575129906 0.6713644438936768
0.3315090271064956 0.024303629873772985 0.08497000089506068 -0.6515167596248855 -0.24602014637706324 0.6713644438936768 -0.2535148575129906
0.277720857841123 0.02916617204668416 0.08497000089523689 0.2867294086665586 0.6346544310011052 -0.29546427931072045 0.6539884242613057
0.32174874072796095 -0.026556923585344873 0.06085666735445161 -0.5907318577343603 0.28172541020789793 0.6824500813653237 0.3254666679482961
0.27980863327258837 0.025830147387792192 0.06085666735445161 0.2817254102078979 0.5907318577343602 -0.32546666794829604 0.6824500813653236
0.3269722215500792 0.02060667029206603 0.06085666735369169 -0.616920449170107 -0.21850055724160483 0.7127047675487265 -0.2524253953035973
0.2745851524504701 -0.021333446489618713 0.06085666735369169 -0.21850055724160483 0.616920449170107 0.2524253953035973 0.7127047675487265
0.32717013959016245 0.024548528921311624 0.05096999904731669 -0.6515167596248855 -0.2460201463770633 0.6713644438936768 -0.2535148575129906
0.2758667578810946 0.026028063566931783 0.05096999904749291 0.2867294086665586 0.6346544310011053 -0.29546427931072045 0.6539884242613058
0.27438723441038687 -0.025275305118864305 0.05096999904731669 -0.2460201463770633 0.6515167596248855 0.2535148575129906 0.6713644438936768
0.3256906161194547 -0.026754839764484464 0.05096999904749291 -0.6346544310011053 0.2867294086665586 0.6539884242613058 0.29546427931072045
0.3338429023061643 0.015613666608114387 0.06088333402046485 -0.6434477023279396 -0.16625799792675403 0.7234569952561745 -0.18693129355244498
0.2848016388031237 0.032700828133115305 0.06088333402009326 0.3374240736423025 0.5725483925805358 -0.379380957403314 0.6437417353565198
0.267714471694385 -0.016340442805667068 0.06088333402046485 -0.16625799792675403 0.6434477023279396 0.18693129355244498 0.7234569952561745
0.3167557351974256 -0.033427602468022836 0.06088333402009326 -0.5725483925805358 0.3374240736423025 0.6437417353565198 0.379380957403314
0.31904708590832964 0.03205245595692426 0.06491666427943991 -0.5820131439452964 -0.3458237008762764 0.6327149957465407 -0.375949999793327
0.33319452081372813 -0.01863178607129001 0.0649166642794874 -0.6560797252145908 0.16701115531289185 0.7132338587281755 0.18156026802997746
0.2683628531868212 0.01790500987373733 0.0649166642794874 0.16701115531289185 0.6560797252145908 -0.18156026802997746 0.7132338587281755
0.2825102880922197 -0.032779232154476944 0.06491666427943991 -0.3458237008762764 0.5820131439452964 0.375949999793327 0.6327149957465407
0.3187924557117231 -0.03229979318190528 0.07488333631487208 -0.5725483925805358 0.3374240736423025 0.6437417353565198 0.379380957403314
0.33271509302004676 0.01765037222125068 0.07488333631524367 -0.6434477023279396 -0.16625799792675403 0.7234569952561745 -0.18693129355244498
0.2827649182888262 0.0315730169843526 0.07488333631487208 0.3374240736423025 0.5725483925805358 -0.379380957403314 0.6437417353565198
0.26884228098050256 -0.01837714841880336 0.07488333631524367 -0.16625799792675403 0.6434477023279396 0.18693129355244498 0.7234569952561745
0.3298154877335528 -0.02128518968264819 0.055056666369893786 -0.690844336000272 0.22598105534501683 0.6527453510002845 0.21351855373482517
0.2717418862669965 0.02055841348509551 0.055056666369893786 0.2259810553450168 0.6908443360002718 -0.21351855373482514 0.6527453510002844
0.279856884485542 -0.02940019535167262 0.05505666636958378 -0.32870797821454195 0.648293451194448 0.31058024705890164 0.6125410813433917
0.3217004895150073 0.028673419154119938 0.05505666636958378 -0.6482934511944481 -0.328707978214542 0.6125410813433918 -0.3105802470589017
0.2650432481891316 0.004764966375171833 0.07086333565831293 0.04869920987754435 0.6552061155263992 -0.055879077273577146 0.751805069055246
0.3365141258114177 -0.005491742107063226 0.07086333565831293 -0.6552061155263992 0.04869920987754435 0.751805069055246 0.055879077273577146
0.29565033252687717 -0.036098837154432274 0.07086333565746887 -0.42886514663548025 0.4977362277805259 0.49209398731109466 0.5711189378828271
0.30590704147367215 0.03537206281952475 0.07086333565746887 -0.497736227780526 -0.42886514663548037 0.5711189378828272 -0.49209398731109477
0.2758912086096819 -0.024712208863800295 0.06496999761680522 -0.2460201463770633 0.6515167596248855 0.2535148575129906 0.6713644438936768
0.2764298727626101 0.02452408936763674 0.06496999761698143 0.2867294086665586 0.6346544310011053 -0.29546427931072045 0.6539884242613058
0.3256661653908674 0.023985432666247614 0.06496999761680522 -0.6515167596248855 -0.2460201463770633 0.6713644438936768 -0.2535148575129906
0.3251275012379392 -0.02525086556518942 0.06496999761698143 -0.6346544310011053 0.2867294086665586 0.6539884242613058 0.29546427931072045
0.27278177916872653 0.02395915131427256 0.06482999761888353 0.2254091232217698 0.6034821693331546 -0.2676241955319125 0.7165035159936337
0.27645614664790646 -0.028360283815673782 0.06482999761662957 -0.2673380118933679 0.5861146541459126 0.31740560691063585 0.6958833812457442
0.32510122735264285 0.0276335076181211 0.06482999761662957 -0.5861146541459126 -0.2673380118933679 0.6958833812457442 -0.31740560691063585
0.3287755948318228 -0.024685927511825242 0.06482999761888353 -0.6034821693331546 0.2254091232217698 0.7165035159936337 0.2676241955319125
0.32004484767393615 -0.02949805930306086 0.06484333094855553 -0.5977859009637061 0.2536112832262681 0.7000839885090754 0.2970113510668587
0.3299133554107089 0.018902773506297137 0.06484333094947961 -0.6020287227397851 -0.24336820628218186 0.7050528758432967 -0.28501539507962265
0.28151252632661317 0.02877128310550818 0.06484333094855553 0.2536112832262681 0.5977859009637061 -0.2970113510668587 0.7000839885090754
0.27164401858984044 -0.01962954970384982 0.06484333094947961 -0.24336820628218186 0.6020287227397851 0.28501539507962265 0.7050528758432967
0.2706407685197941 -0.02025244329808268 0.07111000232995943 -0.21601561812629988 0.7129777383724227 0.19342769941605437 0.6384244061824943
0.28088963274299433 0.029774529457676724 0.07111000232880405 0.3514052888662141 0.6568974996666518 -0.31466019339998563 0.588208262929073
0.320667741257555 -0.030501305655229405 0.07111000232880405 -0.6568974996666519 0.3514052888662141 0.588208262929073 0.31466019339998563
0.33091660548075524 0.019525667100529998 0.07111000232995943 -0.7129777383724227 -0.21601561812629988 0.6384244061824943 -0.19342769941605437
0.2987275659587539 -0.0368470448840695 0.0748500029650175 -0.44674252374696083 0.4747853303007834 0.5196330409750114 0.552251310848996
0.2642950292841048 0.0016877278275545082 0.07485000296492343 0.01982926061140152 0.6516185945545127 -0.023064603010538007 0.7579366937563935
0.3372623447164445 -0.0024145037922765453 0.07485000296492343 -0.6516185945545127 0.01982926061140152 0.7579366937563935 0.023064603010538007
0.30282980804179543 0.03612027054916197 0.0748500029650175 -0.4747853303007834 -0.44674252374696083 0.552251310848996 -0.5196330409750114
0.272417296765925 0.02353929619647471 0.07483000298330156 0.2254091232217698 0.6034821693331546 -0.2676241955319125 0.7165035159936337
0.3291400772346243 -0.02426607239402739 0.07483000298330156 -0.6034821693331546 0.2254091232217698 0.7165035159936337 0.2676241955319125
0.2768760017657043 -0.02872477925699134 0.0748300029810476 -0.2673380118933679 0.5861146541459126 0.31740560691063585 0.6958833812457442
0.324681372234845 0.02799800305943866 0.0748300029810476 -0.5861146541459126 -0.2673380118933679 0.6958833812457442 -0.31740560691063585
0.327497726717848 0.022717878427809007 0.07497000298122325 -0.6515167596248855 -0.2460201463770633 0.6713644438936768 -0.2535148575129906
0.27769742513840356 0.02635565069461733 0.07497000298139946 0.2867294086665586 0.6346544310011053 -0.29546427931072045 0.6539884242613058
0.32385994886214575 -0.02708242689217001 0.07497000298139946 -0.6346544310011053 0.2867294086665586 0.6539884242613058 0.29546427931072045
0.2740596472827013 -0.02344465462536169 0.07497000298122325 -0.2460201463770633 0.6515167596248855 0.2535148575129906 0.6713644438936768
0.28881444736792067 0.03169835810181516 0.060896667353983636 0.364875629123744 0.5614259608680933 -0.40474613643580737 0.6227738199179356
0.2687169324152085 -0.012327627725594294 0.0608966673549631 -0.13898207067687943 0.6549941364510142 0.154168850968655 0.7265663291373761
0.31274292663262865 -0.032425134299367844 0.060896667353983636 -0.5614259608680933 0.364875629123744 0.6227738199179356 0.40474613643580737
0.3328404415853408 0.011600851528041613 0.0608966673549631 -0.6549941364510142 -0.13898207067687943 0.7265663291373761 -0.154168850968655
0.2726596221321683 -0.016715180597557094 0.06984333363168863 -0.24336820628218186 0.6020287227397851 0.28501539507962265 0.7050528758432967
0.3171304785676434 -0.028482450172797533 0.06984333363076455 -0.5977859009637061 0.2536112832262681 0.7000839885090754 0.2970113510668587
0.328897751868381 0.015988403468681838 0.06984333363168863 -0.6020287227397851 -0.24336820628218186 0.7050528758432967 -0.28501539507962265
0.2844268954329059 0.02775567397524485 0.06984333363076455 0.2536112832262681 0.5977859009637061 -0.2970113510668587 0.7000839885090754
0.3302485676834304 0.023193398369928724 0.09096999815324702 -0.6515167596248855 -0.24602014637706324 0.6713644438936768 -0.2535148575129906
0.3255362534287817 -0.028224079983778752 0.09096999815342323 -0.6346544310011053 0.2867294086665586 0.6539884242613058 0.29546427931072045
0.2741187750903185 -0.02351176573008848 0.09096999815324702 -0.2460201463770633 0.6515167596248855 0.2535148575129906 0.6713644438936768
0.27883108934496725 0.027905712623618975 0.09096999815342323 0.2867294086665586 0.6346544310011052 -0.29546427931072045 0.6539884242613057
0.26731947388002797 0.015662237033773892 0.07491666964390543 0.16701115531289185 0.6560797252145908 -0.18156026802997746 0.7132338587281755
0.2847530618635057 -0.03382259656010896 0.07491666964385794 -0.3458237008762764 0.5820131439452964 0.375949999793327 0.6327149957465407
0.33423790012052135 -0.016389012300004 0.07491666964390543 -0.6560797252145908 0.16701115531289185 0.7132338587281755 0.18156026802997746
0.31680431213704363 0.03309582222520143 0.07491666964385794 -0.5820131439452964 -0.3458237008762764 0.6327149957465407 -0.375949999793327
0.28114548247096555 -0.03095871850233455 0.0708300023253965 -0.2673380118933679 0.5861146541459126 0.31740560691063585 0.6958833812457442
0.27018334448206577 0.01926981549121348 0.07083000232765047 0.2254091232217698 0.6034821693331546 -0.2676241955319125 0.7165035159936337
0.32041189152958377 0.030231942304781868 0.0708300023253965 -0.5861146541459126 -0.2673380118933679 0.6958833812457442 -0.31740560691063585
0.33137402951848355 -0.01999659168876616 0.07083000232765047 -0.6034821693331546 0.2254091232217698 0.7165035159936337 0.2676241955319125
0.32696310430826137 0.021816546566142108 0.054843333035642185 -0.6020287227397851 -0.24336820628218186 0.7050528758432967 -0.28501539507962265
0.3229586207337811 -0.026547819376484247 0.054843333034718104 -0.5977859009637061 0.2536112832262681 0.7000839885090754 0.2970113510668587
0.2785987532667682 0.025821043178931566 0.054843333034718104 0.2536112832262681 0.5977859009637061 -0.2970113510668587 0.7000839885090754
0.27459426969228795 -0.02254332276369479 0.054843333035642185 -0.24336820628218186 0.6020287227397851 0.28501539507962265 0.7050528758432967
0.334332045616223 -0.009111855633162658 0.09111666482066166 -0.7418078872839948 0.08974626770000868 0.6597691116077563 0.07982095693166384
0.27003529715752594 0.008793488273002881 0.09111666482066166 0.08974626770000864 0.7418078872839948 -0.0798209569316638 0.6597691116077563
0.29323099943468905 -0.03230755790966482 0.09111666482052873 -0.4610771930383181 0.5879975817945704 0.41008527333284217 0.522969152492928
0.3111363433390599 0.03198919054950507 0.09111666482052873 -0.5879975817945704 -0.4610771930383181 0.522969152492928 -0.41008527333284217
0.3372623447164445 -0.0024145037922765453 0.0648499976005054 -0.6516185945545127 0.01982926061140152 0.7579366937563935 0.023064603010538007
0.2642950292841048 0.0016877278275545082 0.0648499976005054 0.01982926061140152 0.6516185945545127 -0.023064603010538007 0.7579366937563935
0.2987275659587539 -0.0368470448840695 0.06484999760059947 -0.44674252374696083 0.4747853303007834 0.5196330409750114 0.552251310848996
0.30282980804179543 0.03612027054916197 0.06484999760059947 -0.4747853303007834 -0.44674252374696083 0.552251310848996 -0.5196330409750114
0.2679492860894028 0.00966965721891808 0.06487666428210047 0.07791574439606441 0.6574667063192892 -0.08819872367126809 0.7442362877471321
0.2907456463274978 -0.03319278807550121 0.06487666428199959 -0.409804412318807 0.5199939199036149 0.4638886064118698 0.5886204445553719
0.31081172767305154 0.03246601374059368 0.06487666428199959 -0.5199939199036149 -0.40980441231880693 0.588620444555372 -0.46388860641186974
0.3336080879111465 -0.01039643341647076 0.06487666428210047 -0.6574667063192892 0.07791574439606441 0.7442362877471321 0.08819872367126809
0.31284531860624076 -0.033877060849768915 0.07102333565927463 -0.5906059918864218 0.4035482990852503 0.5769822735860837 0.3942395066716311
0.28871202559198617 0.033150286514861384 0.07102333565927463 0.4035482990852503 0.5906059918864218 -0.3942395066716311 0.5769822735860837
0.3342923606788628 0.01170325841788466 0.07102333565957872 -0.7029732401097976 -0.13226976672058832 0.6867575060968929 -0.12921865314570588
0.2672650133216865 -0.012430034615437341 0.07102333565957872 -0.13226976672058832 0.7029732401097976 0.12921865314570588 0.6867575060968929
0.2885490354549448 0.03412867843317711 0.0910233314869495 0.4035482990852503 0.5906059918864217 -0.3942395066716311 0.5769822735860836
0.3158183073188041 -0.034447045793336885 0.0910233314869495 -0.5906059918864218 0.4035482990852503 0.5769822735860837 0.3942395066716311
0.26789580927734447 -0.013793819621543241 0.09102333148725358 -0.13226976672058832 0.7029732401097976 0.12921865314570588 0.6867575060968929
0.33647153349640446 0.01347545226138348 0.09102333148725358 -0.7029732401097976 -0.1322697667205883 0.6867575060968929 -0.12921865314570583
0.28865955392884485 -0.03011625111761584 0.0850300008936314 -0.3792488995883361 0.6092374511977243 0.36803708703524934 0.591226439518519
0.27222660395588594 0.013364933791273102 0.08503000089341593 0.1626264694862787 0.6989654004995928 -0.15781870980590912 0.6783017434461382
0.332140738817863 -0.013683301151432879 0.08503000089341593 -0.6989654004995928 0.16262646948627876 0.6783017434461382 0.15781870980590917
0.3157077888449041 0.029797883757456088 0.0850300008936314 -0.6092374511977243 -0.3792488995883361 0.591226439518519 -0.36803708703524934
0.3328796316419492 0.017741474195499565 0.05488333303698821 -0.6434477023279396 -0.16625799792675403 0.7234569952561745 -0.18693129355244498
0.2686777423586001 -0.018468250393052246 0.05488333303698821 -0.16625799792675403 0.6434477023279396 0.18693129355244498 0.7234569952561745
0.3188835614112623 -0.03246433180380775 0.05488333303661662 -0.5725483925805358 0.3374240736423025 0.6437417353565198 0.379380957403314
0.28267381258928703 0.03173755560625507 0.05488333303661662 0.3374240736423025 0.5725483925805358 -0.379380957403314 0.6437417353565198
0.2832374202656151 0.0281276680253044 0.07085666899357934 0.2817254102078979 0.5907318577343602 -0.32546666794829604 0.6824500813653236
0.3183199537349342 -0.02885444422285708 0.07085666899357934 -0.5907318577343603 0.28172541020789793 0.6824500813653237 0.3254666679482961
0.3292697421875914 0.017177885161684447 0.07085666899281942 -0.616920449170107 -0.21850055724160483 0.7127047675487265 -0.2524253953035973
0.2722876318129579 -0.01790466135923713 0.07085666899281942 -0.21850055724160483 0.616920449170107 0.2524253953035973 0.7127047675487265
0.2724805414286669 -0.02419310828716112 0.06097000068644442 -0.2460201463770633 0.6515167596248855 0.2535148575129906 0.6713644438936768
0.3290768325718824 0.023466332089608438 0.06097000068644442 -0.6515167596248855 -0.2460201463770633 0.6713644438936768 -0.2535148575129906
0.32460840438659033 -0.028661532746204435 0.06097000068662064 -0.6346544310011053 0.2867294086665586 0.6539884242613058 0.29546427931072045
0.276948969613959 0.027934756548651754 0.06097000068662064 0.2867294086665586 0.6346544310011053 -0.29546427931072045 0.6539884242613058
0.31836466718076417 0.025212085392446446 0.0750166696489474 -0.5882154497453357 -0.4029093186294866 0.5784922095223117 -0.3962492008375653
0.2752032144398853 0.017222583698542304 0.07501666964906224 0.13103122145948318 0.7008310448445031 -0.1288652667684818 0.6892462612199548
0.326354159560664 -0.017949359896094984 0.07501666964906224 -0.7008310448445031 0.13103122145948318 0.6892462612199548 0.1288652667684818
0.28319270681978514 -0.025938861589999127 0.0750166696489474 -0.4029093186294866 0.5882154497453357 0.3962492008375653 0.5784922095223117
0.30922927405700645 -0.03520250925854471 0.07516333630430709 -0.5995519081915538 0.47138537463660696 0.5084531467403364 0.3997608479233836
0.33561780909009564 0.008087192443611162 0.07516333630475767 -0.7572670150791347 -0.09062742485505368 0.6422042738107009 -0.07685706497485882
0.29232809994354286 0.03447573492363718 0.07516333630430709 0.4713853746366069 0.5995519081915537 -0.39976084792338357 0.5084531467403363
0.2659395649104537 -0.008813968641163843 0.07516333630475767 -0.09062742485505368 0.7572670150791347 0.07685706497485882 0.6422042738107009
0.2744577897633918 0.02441946152284574 0.09082999815532533 0.22540912322176984 0.6034821693331546 -0.2676241955319126 0.7165035159936337
0.3299095530103571 -0.024737828883005516 0.09082999815532533 -0.6034821693331546 0.2254091232217698 0.7165035159936337 0.2676241955319126
0.2776050261759521 -0.02788506529610534 0.09082999815307137 -0.2673380118933679 0.5861146541459126 0.31740560691063585 0.6958833812457442
0.3267623165977968 0.027566697935945583 0.09082999815307137 -0.5861146541459126 -0.26733801189336787 0.6958833812457442 -0.3174056069106358
0.33612619294846974 -0.002509870292979415 0.07496333631243457 -0.6939890612762152 0.0067711838052552835 0.7199194362835203 0.00702418394203513
0.3029251775817759 0.03498411878063648 0.0749633363124476 -0.4955123225340341 -0.4859364200434158 0.5140267648262394 -0.5040930657473742
0.2986321964187734 -0.03571089311554401 0.0749633363124476 -0.4859364200434157 0.495512322534034 0.5040930657473741 0.5140267648262393
0.2654311810520796 0.001783094328257378 0.07496333631243457 0.0067711838052552835 0.6939890612762152 -0.00702418394203513 0.7199194362835203
0.2689124356474032 -0.01889204500534072 0.09088333148726745 -0.16625799792675403 0.6434477023279396 0.18693129355244498 0.7234569952561745
0.2834508100520954 0.0331120520540708 0.09088333148689585 0.3374240736423026 0.5725483925805358 -0.3793809574033141 0.6437417353565198
0.32091653272165355 -0.033430419414230576 0.09088333148689585 -0.5725483925805358 0.3374240736423025 0.6437417353565198 0.379380957403314
0.33545490712634574 0.018573677645180964 0.09088333148726745 -0.6434477023279396 -0.166257997926754 0.7234569952561745 -0.18693129355244495
0.28022426724840704 -0.027949491830842776 0.07094333565680554 -0.2978568113043972 0.6188279131323768 0.3152419100704137 0.6549472284260477
0.32836479725136714 -0.02091780878221831 0.07094333565637856 -0.648193984694242 0.2269608426687442 0.6860273189403223 0.24020793444190755
0.2731925767491822 0.02019103258466563 0.07094333565637856 0.22696084266874417 0.6481939846942419 -0.24020793444190752 0.6860273189403222
0.3213331067521423 0.027222715633290095 0.07094333565680554 -0.6188279131323768 -0.2978568113043972 0.6549472284260477 -0.3152419100704137
0.2795772742050849 0.023562647579588553 0.07493000297965693 0.19697492231095293 0.652840623500824 -0.2112814426028433 0.7002572043894378
0.3247047087018986 0.020838025632231486 0.07493000297862654 -0.6009103332453556 -0.322345731468724 0.6445551577981256 -0.34575807923847945
0.32198009979546444 -0.024289423777141234 0.07493000297965693 -0.652840623500824 0.19697492231095293 0.7002572043894378 0.2112814426028433
0.2768526652986507 -0.021564801829784166 0.07493000297862654 -0.322345731468724 0.6009103332453556 0.34575807923847945 0.6445551577981256
0.3388071785057401 -0.005332100060173788 0.08099000023853863 -0.700234981171117 0.06834450383392915 0.7072726954159102 0.0690314005297052
0.3073565877694997 0.03646432343828681 0.08099000023853258 -0.5434677663168535 -0.44681404077263276 0.5489298910756042 -0.45130474695789274
0.2655601642680088 0.005013732700014029 0.08099000023853863 0.06834450383392912 0.700234981171117 -0.06903140052970516 0.7072726954159102
0.2970107550042492 -0.036782690798446586 0.08099000023853258 -0.4468140407726328 0.5434677663168533 0.4513047469578928 0.5489298910756042
0.33351754650752974 -0.016884726226963884 0.09102999815160227 -0.6989654004995928 0.16262646948627876 0.6783017434461382 0.15781870980590917
0.28545812885331384 -0.031493058807282585 0.09102999815181774 -0.3792488995883361 0.6092374511977243 0.36803708703524934 0.591226439518519
0.3189092139204351 0.031174691447122836 0.09102999815181774 -0.6092374511977243 -0.3792488995883361 0.591226439518519 -0.36803708703524934
0.2708497962662192 0.016566358866804107 0.09102999815160227 0.1626264694862787 0.6989654004995928 -0.15781870980590912 0.6783017434461382
0.28088963274299433 0.029774529457676724 0.051109999050548575 0.3514052888662141 0.6568974996666518 -0.31466019339998563 0.588208262929073
0.2706407685197941 -0.02025244329808268 0.05110999905170397 -0.21601561812629988 0.7129777383724227 0.19342769941605437 0.6384244061824943
0.33091660548075524 0.019525667100529998 0.05110999905170397 -0.7129777383724227 -0.21601561812629988 0.6384244061824943 -0.19342769941605437
0.320667741257555 -0.030501305655229405 0.051109999050548575 -0.6568974996666519 0.3514052888662141 0.588208262929073 0.31466019339998563
0.28342747455163453 0.026789814234272333 0.07784333494206673 0.2536112832262681 0.5977859009637061 -0.2970113510668587 0.7000839885090754
0.3181298994489148 -0.027516590431825014 0.07784333494206673 -0.5977859009637061 0.2536112832262681 0.7000839885090754 0.2970113510668587
0.27362548559843114 -0.017714601478828456 0.07784333494299081 -0.24336820628218186 0.6020287227397851 0.28501539507962265 0.7050528758432967
0.3279318884021182 0.016987825281275775 0.07784333494299081 -0.6020287227397851 -0.24336820628218186 0.7050528758432967 -0.28501539507962265
0.28162872910230613 0.031075682390096337 0.09510999881213 0.35140528886621414 0.6568974996666519 -0.3146601933999857 0.588208262929073
0.2709488053239933 -0.02071412597535166 0.09510999881328538 -0.21601561812629988 0.7129777383724227 0.19342769941605437 0.6384244061824943
0.3227386136714428 -0.031394049750256114 0.09510999881213 -0.6568974996666519 0.3514052888662141 0.588208262929073 0.31466019339998563
0.33341853744975564 0.020395758615191904 0.09510999881328538 -0.7129777383724227 -0.21601561812629985 0.6384244061824943 -0.1934276994160543
0.31095731201791543 0.030911822628075365 0.07087666899076653 -0.5199939199036149 -0.40980441231880693 0.588620444555372 -0.46388860641186974
0.2906000619826339 -0.03163859882562805 0.07087666899076653 -0.409804412318807 0.5199939199036149 0.4638886064118698 0.5886204445553719
0.3320538967986282 -0.010542020555302376 0.0708766689908674 -0.6574667063192892 0.07791574439606441 0.7442362877471321 0.08819872367126809
0.26950347720192114 0.009815244357749695 0.0708766689908674 0.07791574439606441 0.6574667063192892 -0.08819872367126809 0.7442362877471321
0.33725042719126547 -0.007381658064538155 0.07099000232470119 -0.700234981171117 0.06834450383392912 0.7072726954159102 0.06903140052970516
0.29376042355123955 -0.036835127357945634 0.07099000232469514 -0.4468140407726328 0.5434677663168533 0.4513047469578928 0.5489298910756042
0.26430694680928385 0.006654882332646762 0.07099000232470119 0.06834450383392912 0.700234981171117 -0.06903140052970516 0.7072726954159102
0.30779695044930977 0.0361083530230381 0.07099000232469514 -0.5434677663168533 -0.4468140407726328 0.5489298910756042 -0.4513047469578928
0.32517356699507044 0.024349710860540195 0.08508333422894562 -0.683007311379428 -0.2741672482996827 0.6282753464707231 -0.25219718788899725
0.2791937757786785 -0.024668078220699947 0.08508333422894562 -0.27416724829968264 0.683007311379428 0.2521971878889972 0.6282753464707231
0.27767477684155073 0.022830711923612735 0.08508333422896142 0.2890935783515853 0.6768246230758339 -0.26592741457923813 0.6225881003756283
0.3266925659321982 -0.023149079283772512 0.08508333422896142 -0.6768246230758339 0.28909357835158533 0.6225881003756283 0.26592741457923813
0.2828861698367503 0.024061027432738896 0.09494333213970452 0.22696084266874417 0.6481939846942419 -0.24020793444190752 0.6860273189403222
0.32640388249944147 0.019138317870276256 0.0949433321401315 -0.6188279131323768 -0.2978568113043972 0.6549472284260477 -0.3152419100704137
0.27796346027430746 -0.01945668523043601 0.0949433321401315 -0.2978568113043972 0.6188279131323768 0.3152419100704137 0.6549472284260477
0.3214811729369986 -0.024379394792898672 0.09494333213970452 -0.648193984694242 0.22696084266874425 0.6860273189403223 0.24020793444190758
0.273626605348039 -0.016950355394148155 0.08099666690499675 -0.19068709189963812 0.6796850493220719 0.1913237784561906 0.6819544548634888
0.3307407374257099 0.016631988033988406 0.08099666690499675 -0.6796850493220719 -0.19068709189963817 0.6819544548634889 -0.19132377845619067
0.3189748431087198 -0.028716249714178865 0.08099666690501771 -0.6154460447976027 0.34577376887576694 0.6175009622129358 0.346928275536217
0.2853924996650291 0.028397882354019088 0.08099666690501771 0.34577376887576694 0.6154460447976028 -0.346928275536217 0.6175009622129359
0.2695636229101762 0.019514199610356164 0.0949166654715803 0.1670111553128919 0.6560797252145908 -0.18156026802997752 0.7132338587281755
0.3348037198635727 -0.019832566970515938 0.0949166654715803 -0.6560797252145908 0.16701115531289187 0.7132338587281755 0.1815602680299775
0.2825102880922197 -0.032779232154476944 0.09491666547153281 -0.3458237008762764 0.5820131439452964 0.375949999793327 0.6327149957465407
0.32185705468152925 0.03246086479431719 0.09491666547153281 -0.5820131439452964 -0.34582370087627634 0.6327149957465407 -0.37594999979332694
0.33190752431438714 -0.014263587477119154 0.07501666964906224 -0.7008310448445031 0.13103122145948318 0.6892462612199548 0.1288652667684818
0.31467889476178834 0.03076545014616959 0.0750166696489474 -0.5882154497453357 -0.4029093186294866 0.5784922095223117 -0.3962492008375653
0.286878479238761 -0.03149222634372227 0.0750166696489474 -0.4029093186294866 0.5882154497453357 0.3962492008375653 0.5784922095223117
0.2696498496861622 0.013536811279566473 0.07501666964906224 0.13103122145948318 0.7008310448445031 -0.1288652667684818 0.6892462612199548
0.3266925659321982 -0.023149079283772512 0.09108333148714776 -0.6768246230758339 0.28909357835158533 0.6225881003756283 0.26592741457923813
0.2791937757786785 -0.024668078220699947 0.09108333148713196 -0.27416724829968264 0.683007311379428 0.2521971878889972 0.6282753464707231
0.27767477684155073 0.022830711923612735 0.09108333148714776 0.2890935783515853 0.6768246230758339 -0.26592741457923813 0.6225881003756283
0.32517356699507044 0.024349710860540195 0.09108333148713196 -0.683007311379428 -0.2741672482996827 0.6282753464707231 -0.25219718788899725
0.320667741257555 -0.030501305655229405 0.06111000068967631 -0.6568974996666519 0.3514052888662141 0.588208262929073 0.31466019339998563
0.28088963274299433 0.029774529457676724 0.06111000068967631 0.3514052888662141 0.6568974996666518 -0.31466019339998563 0.588208262929073
0.2706407685197941 -0.02025244329808268 0.0611100006908317 -0.21601561812629988 0.7129777383724227 0.19342769941605437 0.6384244061824943
0.33091660548075524 0.019525667100529998 0.0611100006908317 -0.7129777383724227 -0.21601561812629988 0.6384244061824943 -0.19342769941605437
0.30779695044930977 0.0361083530230381 0.0649899976159282 -0.5434677663168533 -0.4468140407726328 0.5489298910756042 -0.4513047469578928
0.33725042719126547 -0.007381658064538155 0.06498999761593426 -0.700234981171117 0.06834450383392912 0.7072726954159102 0.06903140052970516
0.29376042355123955 -0.036835127357945634 0.0649899976159282 -0.4468140407726328 0.5434677663168533 0.4513047469578928 0.5489298910756042
0.26430694680928385 0.006654882332646762 0.06498999761593426 0.06834450383392912 0.700234981171117 -0.06903140052970516 0.7072726954159102
0.3135346916458338 0.036006617298438855 0.09112999815701016 -0.6112255344272093 -0.4374966839202823 0.5363174062156433 -0.38387971737649
0.26601787040480324 0.011191836567944067 0.09112999815825787 0.1228448446254028 0.7415585932007591 -0.10778971913181516 0.6506776263623609
0.3383494723689457 -0.011510203928103827 0.09112999815825787 -0.7415585932007591 0.12284484462540286 0.6506776263623609 0.10778971913181522
0.2908326511279151 -0.03632498465859863 0.09112999815701016 -0.4374966839202823 0.6112255344272092 0.38387971737649 0.5363174062156432
0.3277209154931029 0.023213077099965507 0.07485666964847051 -0.616920449170107 -0.21850055724160483 0.7127047675487265 -0.2524253953035973
0.2772022115635277 0.026578841330815874 0.07485666964923043 0.2817254102078979 0.5907318577343602 -0.32546666794829604 0.6824500813653236
0.2738364585074464 -0.023939853297518188 0.07485666964847051 -0.21850055724160483 0.616920449170107 0.2524253953035973 0.7127047675487265
0.3243551624370216 -0.027305617528368555 0.07485666964923043 -0.5907318577343603 0.28172541020789793 0.6824500813653237 0.3254666679482961
0.2718623208561154 0.012624465289228424 0.09502999880725337 0.1626264694862787 0.6989654004995928 -0.15781870980590912 0.6783017434461382
0.2894000224308895 -0.030480534217386387 0.09502999880746883 -0.3792488995883361 0.6092374511977243 0.36803708703524934 0.591226439518519
0.3149673203428594 0.030162166857226634 0.09502999880746883 -0.6092374511977243 -0.3792488995883361 0.591226439518519 -0.36803708703524934
0.33250502191763354 -0.0129428326493882 0.09502999880725337 -0.6989654004995928 0.16262646948627876 0.6783017434461382 0.15781870980590917
0.27381733261041413 0.018651479231655665 0.09515666548563978 0.1894018055485717 0.736519039075893 -0.16172592196160418 0.6288969607967059
0.28337300847243596 -0.028525522455293693 0.09515666548430268 -0.38687030481153906 0.6547249082269713 0.33033980888066766 0.5590548027437875
0.3305500101633348 -0.018969846591815415 0.09515666548563978 -0.736519039075893 0.18940180554857164 0.6288969607967059 0.16172592196160412
0.32099433430131297 0.028207155095133916 0.09515666548430268 -0.6547249082269713 -0.38687030481153917 0.5590548027437875 -0.33033980888066766
0.3241512612494868 0.02441747763934711 0.0949299988063014 -0.6009103332453556 -0.322345731468724 0.6445551577981256 -0.34575807923847945
0.27760701007194294 0.021808406189434793 0.0949299988073318 0.19697492231095295 0.652840623500824 -0.21128144260284334 0.7002572043894378
0.28021608152426214 -0.024735844999506887 0.0949299988063014 -0.322345731468724 0.6009103332453556 0.34575807923847945 0.6445551577981256
0.326760332701806 -0.022126773549594542 0.0949299988073318 -0.652840623500824 0.19697492231095293 0.7002572043894378 0.2112814426028433
0.2763289697327521 0.01938620534068262 0.08094333357021599 0.22696084266874417 0.6481939846942419 -0.24020793444190752 0.6860273189403222
0.3217290604073852 0.02569551797427444 0.08094333357064297 -0.6188279131323768 -0.2978568113043972 0.6549472284260477 -0.3152419100704137
0.28263828236636374 -0.026013885334434193 0.08094333357064297 -0.2978568113043972 0.6188279131323768 0.3152419100704137 0.6549472284260477
0.3280383730409968 -0.019704572700842398 0.08094333357021599 -0.648193984694242 0.22696084266874425 0.6860273189403223 0.24020793444190758
0.30899773740213243 0.037717540897011785 0.09098999815237001 -0.5434677663168535 -0.44681404077263276 0.5489298910756042 -0.45130474695789274
0.26430694680928385 0.006654882332646762 0.09098999815237606 0.06834450383392912 0.700234981171117 -0.06903140052970516 0.7072726954159102
0.3400603959644651 -0.006973249692806521 0.09098999815237606 -0.700234981171117 0.06834450383392915 0.7072726954159102 0.0690314005297052
0.2953696053716165 -0.03803590825717156 0.09098999815237001 -0.4468140407726328 0.5434677663168533 0.4513047469578928 0.5489298910756042
0.2719712689884603 0.01268441424189646 0.08501666756289968 0.13103122145948323 0.7008310448445031 -0.12886526676848187 0.6892462612199548
0.3323960737852886 -0.013002781602056212 0.08501666756289968 -0.7008310448445031 0.13103122145948318 0.6892462612199548 0.1288652667684818
0.3150272693101185 0.03005321871784515 0.08501666756278484 -0.5882154497453357 -0.4029093186294866 0.5784922095223117 -0.3962492008375653
0.28934007346363044 -0.030371586078004928 0.08501666756278484 -0.4029093186294865 0.5882154497453358 0.3962492008375652 0.5784922095223118
0.2663397429719959 0.007014547483934887 0.09486333214163889 0.048699209877544405 0.6552061155263992 -0.0558790772735772 0.751805069055246
0.338027599801753 -0.007332914844094664 0.09486333214163889 -0.6552061155263992 0.04869920987754437 0.751805069055246 0.05587907727357716
0.29500994022341037 -0.036003112094923 0.09486333214079483 -0.42886514663548025 0.4977362277805259 0.49209398731109466 0.5711189378828271
0.30935740255033856 0.03568474473476325 0.09486333214079483 -0.497736227780526 -0.42886514663548037 0.5711189378828272 -0.49209398731109477
0.2871526518482956 -0.03398497016048707 0.054903333039672444 -0.3682506014442031 0.562190504530109 0.4057483533635791 0.6194365220867336
0.2671571040075961 0.013262641465985023 0.05490333303927639 0.13713622133310813 0.6579212152289095 -0.1511003529485271 0.7249151775821929
0.3344002699929532 -0.013989417663537704 0.05490333303927639 -0.6579212152289095 0.13713622133310813 0.7249151775821929 0.1511003529485271
0.31440472215225373 0.03325819582557954 0.054903333039672444 -0.562190504530109 -0.3682506014442031 0.6194365220867336 -0.4057483533635791
0.29711941935136993 0.03423668577531367 0.09106333148914372 0.486642913993377 0.54299663231358 -0.4567391308004818 0.5096299617877328
0.307247923422379 -0.034555053135473426 0.09106333148914372 -0.54299663231358 0.486642913993377 0.5096299617877328 0.4567391308004818
0.3365795408438625 0.0049050683409309 0.09106333148909439 -0.7280651056534003 -0.039848090908952395 0.6833261387821985 -0.03739946039485968
0.26778780192988644 -0.005223435701090677 0.09106333148909439 -0.039848090908952444 0.7280651056534003 0.03739946039485972 0.6833261387821985
0.3390347244445622 0.004491166671602588 0.09093666481295896 -0.6822797703778444 -0.05317560798556867 0.7269502308476945 -0.056657140053172524
0.26533261832918675 -0.004809534031762348 0.09093666481295896 -0.05317560798556871 0.6822797703778444 0.056657140053172565 0.7269502308476945
0.3068340217407166 -0.03701023673742902 0.09093666481296137 -0.5200454858231928 0.4448438186910016 0.5540940862335666 0.473968789318786
0.2975333210330323 0.036691869377269246 0.09093666481296137 0.44484381869100165 0.5200454858231927 -0.473968789318786 0.5540940862335665
0.3163638922933357 0.030760368223460385 0.09101666482097118 -0.5882154497453357 -0.4029093186294866 0.5784922095223117 -0.3962492008375653
0.27126411948284507 0.014021037225113699 0.09101666482108602 0.13103122145948323 0.7008310448445031 -0.12886526676848187 0.6892462612199548
0.33310322329090386 -0.014339404585273451 0.09101666482108602 -0.7008310448445031 0.13103122145948318 0.6892462612199548 0.1288652667684818
0.2880034504804132 -0.031078735583620162 0.09101666482097118 -0.4029093186294865 0.5882154497453358 0.3962492008375652 0.5784922095223118
0.27534333492843843 -0.020605711434363554 0.0948433321415725 -0.24336820628218186 0.6020287227397851 0.28501539507962265 0.7050528758432967
0.3290240078453105 0.020287344074203777 0.0948433321415725 -0.6020287227397851 -0.24336820628218186 0.7050528758432967 -0.28501539507962265
0.3226301991410687 -0.0269995201383985 0.09484333214064843 -0.5977859009637061 0.2536112832262681 0.7000839885090754 0.2970113510668587
0.2817371436326802 0.026681152778238747 0.09484333214064843 0.2536112832262681 0.597785900963706 -0.2970113510668587 0.7000839885090753
0.32803268079742076 -0.020700029873236197 0.09494333213970452 -0.648193984694242 0.22696084266874425 0.6860273189403223 0.24020793444190758
0.322724517579779 0.02568982573069839 0.0949433321401315 -0.6188279131323768 -0.2978568113043972 0.6549472284260477 -0.3152419100704137
0.28164282519396994 -0.026008193090858143 0.0949433321401315 -0.2978568113043972 0.6188279131323768 0.3152419100704137 0.6549472284260477
0.27633466197632817 0.02038166251307642 0.09494333213970452 0.22696084266874417 0.6481939846942419 -0.24020793444190752 0.6860273189403222
0.27826665631443676 -0.02614347519089621 0.07095666899065874 -0.27239979515085744 0.6357135240346594 0.28447099806898507 0.6638847175668686
0.274998598982244 0.022148636073497038 0.07095666899085894 0.25690160429116593 0.642133084999924 -0.2682860161792943 0.670588756529476
0.3265587750183053 -0.02287541227104972 0.07095666899085894 -0.642133084999924 0.25690160429116593 0.670588756529476 0.2682860161792943
0.32329071768611256 0.02541669899334353 0.07095666899065874 -0.6357135240346594 -0.27239979515085744 0.6638847175668686 -0.28447099806898507
0.3344002699929532 -0.013989417663537704 0.06090333402275303 -0.6579212152289095 0.13713622133310813 0.7249151775821929 0.1511003529485271
0.2871526518482956 -0.03398497016048707 0.06090333402314908 -0.3682506014442031 0.562190504530109 0.4057483533635791 0.6194365220867336
0.2671571040075961 0.013262641465985023 0.06090333402275303 0.13713622133310813 0.6579212152289095 -0.1511003529485271 0.7249151775821929
0.31440472215225373 0.03325819582557954 0.06090333402314908 -0.562190504530109 -0.3682506014442031 0.6194365220867336 -0.4057483533635791
0.27572228304058727 -0.02781434239556235 0.07495666964630983 -0.27239979515085744 0.6357135240346594 0.28447099806898507 0.6638847175668686
0.32583509095996205 0.027087566198009668 0.07495666964630983 -0.6357135240346594 -0.27239979515085744 0.6638847175668686 -0.28447099806898507
0.32822964222297146 -0.02541977809431861 0.07495666964651003 -0.642133084999924 0.25690160429116593 0.670588756529476 0.2682860161792943
0.27332773177757785 0.024693001896765928 0.07495666964651003 0.25690160429116593 0.642133084999924 -0.2682860161792943 0.670588756529476
0.2913127292886779 -0.03585118733727905 0.08513000089882382 -0.4374966839202823 0.6112255344272092 0.38387971737649 0.5363174062156432
0.2664916677261228 0.01071175840718128 0.08513000090007153 0.1228448446254028 0.7415585932007591 -0.10778971913181516 0.6506776263623609
0.3378756750476261 -0.01103012576734104 0.08513000090007153 -0.7415585932007591 0.12284484462540286 0.6506776263623609 0.10778971913181522
0.313054613485071 0.035532819977119275 0.08513000089882382 -0.6112255344272093 -0.4374966839202823 0.5363174062156433 -0.38387971737649
0.3018042591121408 0.03358777347910407 0.09098999815237001 -0.5434677663168535 -0.44681404077263276 0.5489298910756042 -0.45130474695789274
0.26843671422719156 -0.0005385959573448553 0.09098999815237606 0.06834450383392912 0.700234981171117 -0.06903140052970516 0.7072726954159102
0.3025630836616081 -0.03390614083926385 0.09098999815237001 -0.4468140407726328 0.5434677663168533 0.4513047469578928 0.5489298910756042
0.33593062854655736 0.00022022859718509653 0.09098999815237606 -0.700234981171117 0.06834450383392915 0.7072726954159102 0.0690314005297052
0.32283221782362376 -0.025802911489640958 0.08085666690741677 -0.5907318577343603 0.28172541020789793 0.6824500813653237 0.32546666794829615
0.32782739919099413 0.020489362763212615 0.08085666690665685 -0.616920449170107 -0.21850055724160483 0.7127047675487265 -0.2524253953035973
0.2765399435827548 -0.020807730123372364 0.08085666690665685 -0.21850055724160478 0.616920449170107 0.2524253953035973 0.7127047675487265
0.28153512495012517 0.02548454412948118 0.08085666690741677 0.2817254102078979 0.5907318577343602 -0.32546666794829604 0.6824500813653236
0.3213775659736444 -0.02967250087101274 0.06486999762167488 -0.5823187311838222 0.3096851598685294 0.6636519162107795 0.3529392740676892
0.2714695677082987 -0.020962266140043324 0.06486999762139323 -0.19278104641136382 0.6307420002933433 0.2197070163222894 0.7188385244192531
0.2801798080269049 0.028945724673460058 0.06486999762167488 0.3096851598685294 0.5823187311838222 -0.3529392740676892 0.6636519162107795
0.3300878062922506 0.020235489942490643 0.06486999762139323 -0.6307420002933433 -0.19278104641136382 0.7188385244192531 -0.2197070163222894
0.31914291595522154 0.031101973179540648 0.08504333422653824 -0.6292818333293618 -0.354501114914925 0.6025789748389849 -0.3394582637787899
0.3334448282429496 -0.017118428254254952 0.0850433342268195 -0.6956395934461829 0.19429931138567041 0.6661209187313175 0.18605444163907855
0.2852244268185274 -0.03142034053970042 0.08504333422653824 -0.35450111491492503 0.6292818333293618 0.33945826377878996 0.6025789748389849
0.27092251453079935 0.016800060894095196 0.0850433342268195 0.19429931138567036 0.6956395934461829 -0.1860544416390785 0.6661209187313175
0.33004078616134747 -0.02405986119682799 0.08095666690469637 -0.642133084999924 0.256901604291166 0.670588756529476 0.2682860161792944
0.27828299387581984 -0.02801629845996467 0.08095666690449617 -0.27239979515085744 0.6357135240346594 0.28447099806898507 0.6638847175668686
0.3260843488979291 0.027697931099804892 0.08095666690449617 -0.6357135240346594 -0.2723997951508574 0.6638847175668686 -0.284470998068985
0.27432655661240146 0.023741493836668234 0.08095666690469637 0.25690160429116593 0.642133084999924 -0.2682860161792943 0.670588756529476
0.28866780780720064 -0.035401519873799914 0.09490333214560277 -0.3682506014442031 0.562190504530109 0.4057483533635791 0.6194365220867336
0.2669413351935092 0.013356679900311672 0.09490333214520671 0.13713622133310813 0.6579212152289095 -0.1511003529485271 0.7249151775821929
0.3374260075802397 -0.013675047260471432 0.09490333214520671 -0.6579212152289095 0.13713622133310815 0.7249151775821929 0.15110035294852717
0.3156995349665483 0.03508315251364014 0.09490333214560277 -0.5621905045301091 -0.36825060144420296 0.6194365220867337 -0.40574835336357906
0.2697019902197337 0.018086565684282078 0.07504333631298207 0.19429931138567036 0.6956395934461829 -0.1860544416390785 0.6661209187313175
0.31922863053295675 0.03071330775398749 0.07504333631270081 -0.6292818333293618 -0.35450111491492503 0.6025789748389849 -0.33945826377878996
0.33185538378081564 -0.01881334188183476 0.07504333631298207 -0.6956395934461829 0.19429931138567036 0.6661209187313175 0.1860544416390785
0.28232874346759257 -0.03144008395154017 0.07504333631270081 -0.35450111491492503 0.6292818333293618 0.33945826377878996 0.6025789748389849
0.3189812960982679 0.030835242394170775 0.09104333148472459 -0.6292818333293618 -0.354501114914925 0.6025789748389849 -0.3394582637787899
0.285386046675481 -0.03115360975433055 0.09104333148472459 -0.35450111491492503 0.6292818333293618 0.33945826377878996 0.6025789748389849
0.3331780974575797 -0.01695680839730133 0.09104333148500585 -0.6956395934461829 0.19429931138567041 0.6661209187313175 0.18605444163907855
0.2711892453161692 0.016638441037141575 0.09104333148500585 0.19429931138567036 0.6956395934461829 -0.1860544416390785 0.6661209187313175
0.31204838587168227 0.03449470420473861 0.07113000232933529 -0.6112255344272092 -0.4374966839202823 0.5363174062156432 -0.38387971737649
0.28950898812886705 -0.03522147853964614 0.07113000232933529 -0.4374966839202823 0.6112255344272092 0.38387971737649 0.5363174062156432
0.2659205956245298 0.010906302379792707 0.071130002330583 0.1228448446254028 0.7415585932007591 -0.10778971913181516 0.6506776263623609
0.3356367783760195 -0.011633078577345388 0.071130002330583 -0.7415585932007591 0.1228448446254028 0.6506776263623609 0.10778971913181516
0.28950898812886705 -0.03522147853964614 0.06512999762056836 -0.4374966839202823 0.6112255344272092 0.38387971737649 0.5363174062156432
0.3356367783760195 -0.011633078577345388 0.06512999762181607 -0.7415585932007591 0.1228448446254028 0.6506776263623609 0.10778971913181516
0.31204838587168227 0.03449470420473861 0.06512999762056836 -0.6112255344272092 -0.4374966839202823 0.5363174062156432 -0.38387971737649
0.2659205956245298 0.010906302379792707 0.06512999762181607 0.1228448446254028 0.7415585932007591 -0.10778971913181516 0.6506776263623609
0.33158865299544577 -0.01865172016223599 0.06504333094856404 -0.6956395934461829 0.19429931138567036 0.6661209187313175 0.1860544416390785
0.26996872100510355 0.017924943964683308 0.06504333094856404 0.19429931138567036 0.6956395934461829 -0.1860544416390785 0.6661209187313175
0.3190670125386483 0.030446576968617616 0.06504333094828278 -0.6292818333293618 -0.35450111491492503 0.6025789748389849 -0.33945826377878996
0.28249036146190104 -0.031173353166170297 0.06504333094828278 -0.35450111491492503 0.6292818333293618 0.33945826377878996 0.6025789748389849
0.3266959943823664 0.021303571479111882 0.07109666899164707 -0.6986091698700273 -0.245516926720892 0.6340463081409 -0.22282716530965033
0.3224456475102261 -0.02628069082360551 0.07109666899209532 -0.6675979657018098 0.3203845969267161 0.6059010434964879 0.29077584447951954
0.27911172649032323 0.025553914626052828 0.07109666899209532 0.3203845969267161 0.6675979657018098 -0.29077584447951954 0.6059010434964879
0.2748613796181829 -0.022030347676664563 0.07109666899164707 -0.245516926720892 0.6986091698700273 0.22282716530965033 0.6340463081409
0.3300878062922506 0.020235489942490643 0.07087000233016016 -0.6307420002933433 -0.19278104641136382 0.7188385244192531 -0.2197070163222894
0.2714695677082987 -0.020962266140043324 0.07087000233016016 -0.19278104641136382 0.6307420002933433 0.2197070163222894 0.7188385244192531
0.3213775659736444 -0.02967250087101274 0.07087000233044181 -0.5823187311838222 0.3096851598685294 0.6636519162107795 0.3529392740676892
0.2801798080269049 0.028945724673460058 0.07087000233044181 0.3096851598685294 0.5823187311838222 -0.3529392740676892 0.6636519162107795
0.27622171035916027 -0.028290106670159517 0.060956667351531005 -0.27239979515085744 0.6357135240346594 0.28447099806898507 0.6638847175668686
0.2728519675029807 0.024193589479354124 0.060956667351731206 0.25690160429116593 0.642133084999924 -0.2682860161792943 0.670588756529476
0.32870540649756863 -0.024920365676906805 0.060956667351731206 -0.642133084999924 0.25690160429116593 0.670588756529476 0.2682860161792943
0.32533566364138905 0.027563330472606836 0.060956667351531005 -0.6357135240346594 -0.27239979515085744 0.6638847175668686 -0.28447099806898507
0.26778780192988644 -0.005223435701090677 0.08506333423090805 -0.039848090908952444 0.7280651056534003 0.03739946039485972 0.6833261387821985
0.307247923422379 -0.034555053135473426 0.08506333423095738 -0.54299663231358 0.486642913993377 0.5096299617877328 0.4567391308004818
0.29711941935136993 0.03423668577531367 0.08506333423095738 0.486642913993377 0.54299663231358 -0.4567391308004818 0.5096299617877328
0.3365795408438625 0.0049050683409309 0.08506333423090805 -0.7280651056534003 -0.039848090908952395 0.6833261387821985 -0.03739946039485968
0.275073302085101 -0.019121123993157192 0.0808700002439976 -0.19278104641136382 0.6307420002933433 0.2197070163222894 0.7188385244192531
0.3292940406886479 0.018802756632997415 0.0808700002439976 -0.6307420002933433 -0.1927810464113638 0.7188385244192531 -0.21970701632228937
0.32114561170073197 -0.027269552981371813 0.08087000024427925 -0.5823187311838222 0.30968515986852946 0.6636519162107795 0.35293927406768927
0.28322173107301696 0.026951185621212057 0.08087000024427925 0.3096851598685294 0.5823187311838222 -0.3529392740676892 0.6636519162107795
0.2794101950350889 0.02665416409494771 0.0809700002395858 0.6346544310011053 -0.2867294086665586 0.6539884242613058 0.29546427931072056
0.32495714773866 -0.026972531455107487 0.0809700002395858 0.28672940866655855 0.6346544310011053 0.2954642793107205 -0.6539884242613058
0.32899701915475915 0.022614292679807073 0.08097000023940959 -0.24602014637706326 0.6515167596248855 -0.2535148575129905 -0.6713644438936768
0.2753703236189898 -0.02293266003996683 0.08097000023940959 0.6515167596248854 0.24602014637706326 0.6713644438936767 -0.25351485751299047
0.27398257124382336 0.025568341050891393 0.0808300002414879 0.6034821693331546 -0.2254091232217698 0.7165035159936337 0.26762419553191263
0.32791119612584246 0.028041916455514026 0.08083000023923394 -0.2673380118933679 0.5861146541459126 -0.31740560691063574 -0.6958833812457442
0.33038477152992557 -0.02588670841105117 0.0808300002414879 0.22540912322176979 0.6034821693331546 0.26762419553191263 -0.7165035159936337
0.27645614664790646 -0.028360283815673782 0.08083000023923394 0.5861146541459126 0.267338011893368 0.6958833812457442 -0.3174056069106358
0.3160834343667005 -0.03556335138301279 0.08102333357311206 0.40354829908525025 0.5906059918864218 0.39423950667163116 -0.5769822735860837
0.28828390840704843 0.03524498402285301 0.08102333357311206 0.5906059918864218 -0.4035482990852503 0.5769822735860837 0.3942395066716312
0.26677950368766856 -0.014058946669439626 0.08102333357341615 0.7029732401097976 0.13226976672058838 0.6867575060968929 -0.12921865314570583
0.33758783908608037 0.013740579309279865 0.08102333357341615 -0.13226976672058835 0.7029732401097976 -0.12921865314570577 -0.6867575060968929
0.2706407685197941 -0.02025244329808268 0.08111000024379686 0.7129777383724227 0.21601561812629994 0.6384244061824943 -0.19342769941605434
0.33372657425395486 0.019934075937922922 0.08111000024379686 -0.2160156181262999 0.7129777383724227 -0.19342769941605428 -0.6384244061824943
0.3222769309941738 -0.03170208655445533 0.08111000024264148 0.351405288866214 0.6568974996666519 0.3146601933999857 -0.588208262929073
0.2820904117795751 0.031383719194295556 0.08111000024264148 0.6568974996666519 -0.3514052888662141 0.588208262929073 0.31466019339998574
0.29556292231531406 -0.036683681654258705 0.05286333270703895 0.49773622778052595 0.42886514663548037 0.5711189378828272 -0.49209398731109466
0.33709896658595384 -0.005579152318626337 0.05286333270788301 0.04869920987754431 0.6552061155263992 0.055879077273577195 -0.751805069055246
0.2644584074145955 0.004852376586734943 0.05286333270788301 0.6552061155263992 -0.04869920987754431 0.751805069055246 0.055879077273577195
0.30599445168523526 0.03595690731935118 0.05286333270703895 -0.4288651466354804 0.497736227780526 -0.4920939873110947 -0.5711189378828272
0.27342720806467685 0.022398820923342385 0.050829999049394996 0.6034821693331547 -0.2254091232217698 0.7165035159936338 0.26762419553191263
0.3235408969617127 0.02698809176068683 0.05082999904714105 -0.267338011893368 0.5861146541459126 -0.3174056069106358 -0.6958833812457442
0.32813016593587246 -0.023125597120895066 0.050829999049394996 0.2254091232217698 0.6034821693331547 0.26762419553191263 -0.7165035159936338
0.27801647703883664 -0.02771486795823951 0.05082999904714105 0.5861146541459126 0.267338011893368 0.6958833812457442 -0.3174056069106358
0.26884228098050256 -0.01837714841880336 0.08088333357343001 0.6434477023279396 0.16625799792675405 0.7234569952561745 -0.18693129355244492
0.3204016361351162 -0.03350057408113121 0.08088333357305842 0.3374240736423024 0.5725483925805358 0.37938095740331407 -0.6437417353565198
0.33552506179324637 0.018058781058643603 0.08088333357343001 -0.16625799792675403 0.6434477023279396 -0.1869312935524449 -0.7234569952561745
0.28396570663863274 0.033182206720971434 0.08088333357305842 0.5725483925805358 -0.33742407364230254 0.6437417353565198 0.3793809574033142
0.28243572268160566 -0.032916218529331985 0.05091666570995139 0.5820131439452964 0.34582370087627645 0.6327149957465407 -0.37594999979332694
0.31912165131894366 0.03218944419442445 0.05091666570995139 -0.34582370087627645 0.5820131439452964 -0.37594999979332694 -0.6327149957465407
0.26822585191080495 0.017979575284351342 0.050916665709998886 0.6560797252145908 -0.16701115531289182 0.7132338587281755 0.18156026802997752
0.33333152208974437 -0.018706351481904023 0.050916665709998886 0.16701115531289182 0.6560797252145908 0.18156026802997752 -0.7132338587281755
0.2883574169346025 0.028730253381189962 0.07499666964683137 0.6154460447976028 -0.3457737688757669 0.6175009622129359 0.3469282755362171
0.32987232755365486 0.012057868920602729 0.07499666964681041 -0.1906870918996382 0.6796850493220719 -0.1913237784561906 -0.6819544548634889
0.27168504644689445 -0.01278464511815541 0.07499666964681041 0.6796850493220719 0.19068709189963817 0.6819544548634888 -0.19132377845619059
0.31319995706594683 -0.029457029578742643 0.07499666964683137 0.3457737688757669 0.6154460447976028 0.3469282755362171 -0.6175009622129359
0.2957965427205112 -0.03612069343261335 0.0848633342269574 0.49773622778052595 0.42886514663548037 0.5711189378828272 -0.49209398731109466
0.26622216163430557 0.006227944986834057 0.08486333422780146 0.6552061155263992 -0.048699209877544364 0.751805069055246 0.05587907727357725
0.33814518113944336 -0.006546312346993834 0.08486333422780146 0.04869920987754433 0.6552061155263992 0.05587907727357721 -0.751805069055246
0.3085708000532377 0.0358023260724536 0.0848633342269574 -0.4288651466354804 0.497736227780526 -0.4920939873110947 -0.5711189378828272
0.26554272470202 -0.006149266235394941 0.08093666689912153 0.6822797703778444 0.05317560798556875 0.7269502308476945 -0.056657140053172524
0.3388246180717289 0.005830898875235181 0.08093666689912153 -0.05317560798556871 0.6822797703778444 -0.05665714005317248 -0.7269502308476945
0.3081737539443492 -0.03680013036459577 0.08093666689912393 0.44484381869100154 0.5200454858231928 0.47396878931878605 -0.5540940862335666
0.2961935888293997 0.036481763004435994 0.08093666689912393 0.5200454858231927 -0.4448438186910016 0.5540940862335665 0.47396878931878605
0.3365141258114177 -0.005491742107063226 0.06086333401918519 0.04869920987754431 0.6552061155263992 0.055879077273577195 -0.751805069055246
0.2650432481891316 0.004764966375171833 0.06086333401918519 0.6552061155263992 -0.04869920987754431 0.751805069055246 0.055879077273577195
0.30590704147367215 0.03537206281952475 0.06086333401834113 -0.4288651466354804 0.497736227780526 -0.4920939873110947 -0.5711189378828272
0.29565033252687717 -0.036098837154432274 0.06086333401834113 0.49773622778052595 0.42886514663548037 0.5711189378828272 -0.49209398731109466
0.3264550754910215 -0.02408151184166342 0.07097000232574836 0.28672940866655855 0.6346544310011053 0.2954642793107205 -0.6539884242613058
0.2770605623332079 -0.026039768215721376 0.07097000232557216 0.6515167596248854 0.24602014637706326 0.6713644438936767 -0.25351485751299047
0.27510229850952783 0.02335473564411074 0.07097000232574836 0.6346544310011053 -0.28672940866655855 0.6539884242613058 0.2954642793107205
0.3244968116673414 0.025312992018168695 0.07097000232557216 -0.24602014637706332 0.6515167596248855 -0.2535148575129905 -0.6713644438936768
0.32664648493262594 -0.029484539406843938 0.08497000089523689 0.28672940866655855 0.6346544310011053 0.2954642793107205 -0.6539884242613058
0.2728583156672533 -0.02462199723393274 0.08497000089506068 0.6515167596248854 0.24602014637706326 0.6713644438936767 -0.25351485751299047
0.3315090271064956 0.024303629873772985 0.08497000089506068 -0.24602014637706326 0.6515167596248855 -0.2535148575129905 -0.6713644438936768
0.277720857841123 0.02916617204668416 0.08497000089523689 0.6346544310011053 -0.2867294086665586 0.6539884242613058 0.29546427931072056
0.32174874072796095 -0.026556923585344873 0.06085666735445161 0.2817254102078979 0.5907318577343603 0.32546666794829615 -0.6824500813653237
0.27980863327258837 0.025830147387792192 0.06085666735445161 0.5907318577343603 -0.2817254102078979 0.6824500813653237 0.32546666794829615
0.3269722215500792 0.02060667029206603 0.06085666735369169 -0.21850055724160486 0.616920449170107 -0.25242539530359726 -0.7127047675487265
0.2745851524504701 -0.021333446489618713 0.06085666735369169 0.616920449170107 0.21850055724160486 0.7127047675487265 -0.25242539530359726
0.32717013959016245 0.024548528921311624 0.05096999904731669 -0.24602014637706332 0.6515167596248855 -0.2535148575129905 -0.6713644438936768
0.2758667578810946 0.026028063566931783 0.05096999904749291 0.6346544310011053 -0.28672940866655855 0.6539884242613058 0.2954642793107205
0.27438723441038687 -0.025275305118864305 0.05096999904731669 0.6515167596248854 0.24602014637706326 0.6713644438936767 -0.25351485751299047
0.3256906161194547 -0.026754839764484464 0.05096999904749291 0.28672940866655855 0.6346544310011053 0.2954642793107205 -0.6539884242613058
0.3338429023061643 0.015613666608114387 0.06088333402046485 -0.16625799792675405 0.6434477023279396 -0.18693129355244492 -0.7234569952561745
0.2848016388031237 0.032700828133115305 0.06088333402009326 0.5725483925805358 -0.3374240736423024 0.6437417353565198 0.37938095740331407
0.267714471694385 -0.016340442805667068 0.06088333402046485 0.6434477023279396 0.16625799792675405 0.7234569952561745 -0.18693129355244492
0.3167557351974256 -0.033427602468022836 0.06088333402009326 0.3374240736423024 0.5725483925805358 0.37938095740331407 -0.6437417353565198
0.31904708590832964 0.03205245595692426 0.06491666427943991 -0.34582370087627645 0.5820131439452964 -0.37594999979332694 -0.6327149957465407
0.33319452081372813 -0.01863178607129001 0.0649166642794874 0.16701115531289182 0.6560797252145908 0.18156026802997752 -0.7132338587281755
0.2683628531868212 0.01790500987373733 0.0649166642794874 0.6560797252145908 -0.16701115531289182 0.7132338587281755 0.18156026802997752
0.2825102880922197 -0.032779232154476944 0.06491666427943991 0.5820131439452964 0.34582370087627645 0.6327149957465407 -0.37594999979332694
0.3187924557117231 -0.03229979318190528 0.07488333631487208 0.3374240736423024 0.5725483925805358 0.37938095740331407 -0.6437417353565198
0.33271509302004676 0.01765037222125068 0.07488333631524367 -0.16625799792675405 0.6434477023279396 -0.18693129355244492 -0.7234569952561745
0.2827649182888262 0.0315730169843526 0.07488333631487208 0.5725483925805358 -0.3374240736423024 0.6437417353565198 0.37938095740331407
0.26884228098050256 -0.01837714841880336 0.07488333631524367 0.6434477023279396 0.16625799792675405 0.7234569952561745 -0.18693129355244492
0.3298154877335528 -0.02128518968264819 0.055056666369893786 0.22598105534501678 0.690844336000272 0.2135185537348252 -0.6527453510002845
0.2717418862669965 0.02055841348509551 0.055056666369893786 0.690844336000272 -0.22598105534501678 0.6527453510002845 0.2135185537348252
0.279856884485542 -0.02940019535167262 0.05505666636958378 0.6482934511944481 0.32870797821454206 0.6125410813433918 -0.31058024705890164
0.3217004895150073 0.028673419154119938 0.05505666636958378 -0.32870797821454206 0.6482934511944481 -0.31058024705890164 -0.6125410813433918
0.2650432481891316 0.004764966375171833 0.07086333565831293 0.6552061155263992 -0.04869920987754431 0.751805069055246 0.055879077273577195
0.3365141258114177 -0.005491742107063226 0.07086333565831293 0.04869920987754431 0.6552061155263992 0.055879077273577195 -0.751805069055246
0.29565033252687717 -0.036098837154432274 0.07086333565746887 0.49773622778052595 0.42886514663548037 0.5711189378828272 -0.49209398731109466
0.30590704147367215 0.03537206281952475 0.07086333565746887 -0.4288651466354804 0.497736227780526 -0.4920939873110947 -0.5711189378828272
0.2758912086096819 -0.024712208863800295 0.06496999761680522 0.6515167596248854 0.24602014637706326 0.6713644438936767 -0.25351485751299047
0.2764298727626101 0.02452408936763674 0.06496999761698143 0.6346544310011053 -0.28672940866655855 0.6539884242613058 0.2954642793107205
0.3256661653908674 0.023985432666247614 0.06496999761680522 -0.24602014637706332 0.6515167596248855 -0.2535148575129905 -0.6713644438936768
0.3251275012379392 -0.02525086556518942 0.06496999761698143 0.28672940866655855 0.6346544310011053 0.2954642793107205 -0.6539884242613058
0.27278177916872653 0.02395915131427256 0.06482999761888353 0.6034821693331547 -0.2254091232217698 0.7165035159936338 0.26762419553191263
0.27645614664790646 -0.028360283815673782 0.06482999761662957 0.5861146541459126 0.267338011893368 0.6958833812457442 -0.3174056069106358
0.32510122735264285 0.0276335076181211 0.06482999761662957 -0.267338011893368 0.5861146541459126 -0.3174056069106358 -0.6958833812457442
0.3287755948318228 -0.024685927511825242 0.06482999761888353 0.2254091232217698 0.6034821693331547 0.26762419553191263 -0.7165035159936338
0.32004484767393615 -0.02949805930306086 0.06484333094855553 0.253611283226268 0.5977859009637061 0.2970113510668588 -0.7000839885090754
0.3299133554107089 0.018902773506297137 0.06484333094947961 -0.2433682062821819 0.6020287227397851 -0.2850153950796226 -0.7050528758432967
0.28151252632661317 0.02877128310550818 0.06484333094855553 0.5977859009637061 -0.253611283226268 0.7000839885090754 0.2970113510668588
0.27164401858984044 -0.01962954970384982 0.06484333094947961 0.6020287227397851 0.2433682062821819 0.7050528758432967 -0.2850153950796226
0.2706407685197941 -0.02025244329808268 0.07111000232995943 0.7129777383724227 0.21601561812629994 0.6384244061824943 -0.19342769941605434
0.28088963274299433 0.029774529457676724 0.07111000232880405 0.6568974996666518 -0.351405288866214 0.588208262929073 0.3146601933999857
0.320667741257555 -0.030501305655229405 0.07111000232880405 0.351405288866214 0.6568974996666519 0.3146601933999857 -0.588208262929073
0.33091660548075524 0.019525667100529998 0.07111000232995943 -0.21601561812629988 0.7129777383724226 -0.19342769941605428 -0.6384244061824942
0.2987275659587539 -0.0368470448840695 0.0748500029650175 0.4747853303007834 0.4467425237469609 0.552251310848996 -0.5196330409750114
0.2642950292841048 0.0016877278275545082 0.07485000296492343 0.6516185945545127 -0.01982926061140148 0.7579366937563935 0.023064603010538053
0.3372623447164445 -0.0024145037922765453 0.07485000296492343 0.01982926061140148 0.6516185945545127 0.023064603010538053 -0.7579366937563935
0.30282980804179543 0.03612027054916197 0.0748500029650175 -0.4467425237469609 0.4747853303007834 -0.5196330409750114 -0.552251310848996
0.272417296765925 0.02353929619647471 0.07483000298330156 0.6034821693331547 -0.2254091232217698 0.7165035159936338 0.26762419553191263
0.3291400772346243 -0.02426607239402739 0.07483000298330156 0.2254091232217698 0.6034821693331547 0.26762419553191263 -0.7165035159936338
0.2768760017657043 -0.02872477925699134 0.0748300029810476 0.5861146541459126 0.267338011893368 0.6958833812457442 -0.3174056069106358
0.324681372234845 0.02799800305943866 0.0748300029810476 -0.267338011893368 0.5861146541459126 -0.3174056069106358 -0.6958833812457442
0.327497726717848 0.022717878427809007 0.07497000298122325 -0.24602014637706332 0.6515167596248855 -0.2535148575129905 -0.6713644438936768
0.27769742513840356 0.02635565069461733 0.07497000298139946 0.6346544310011053 -0.28672940866655855 0.6539884242613058 0.2954642793107205
0.32385994886214575 -0.02708242689217001 0.07497000298139946 0.28672940866655855 0.6346544310011053 0.2954642793107205 -0.6539884242613058
0.2740596472827013 -0.02344465462536169 0.07497000298122325 0.6515167596248854 0.24602014637706326 0.6713644438936767 -0.25351485751299047
0.28881444736792067 0.03169835810181516 0.060896667353983636 0.5614259608680933 -0.36487562912374394 0.6227738199179356 0.4047461364358074
0.2687169324152085 -0.012327627725594294 0.0608966673549631 0.6549941364510142 0.13898207067687945 0.7265663291373761 -0.15416885096865496
0.31274292663262865 -0.032425134299367844 0.060896667353983636 0.36487562912374394 0.5614259608680933 0.4047461364358074 -0.6227738199179356
0.3328404415853408 0.011600851528041613 0.0608966673549631 -0.13898207067687945 0.6549941364510142 -0.15416885096865496 -0.7265663291373761
0.2726596221321683 -0.016715180597557094 0.06984333363168863 0.6020287227397851 0.2433682062821819 0.7050528758432967 -0.2850153950796226
0.3171304785676434 -0.028482450172797533 0.06984333363076455 0.253611283226268 0.5977859009637061 0.2970113510668588 -0.7000839885090754
0.328897751868381 0.015988403468681838 0.06984333363168863 -0.2433682062821819 0.6020287227397851 -0.2850153950796226 -0.7050528758432967
0.2844268954329059 0.02775567397524485 0.06984333363076455 0.5977859009637061 -0.253611283226268 0.7000839885090754 0.2970113510668588
0.3302485676834304 0.023193398369928724 0.09096999815324702 -0.24602014637706326 0.6515167596248855 -0.2535148575129905 -0.6713644438936768
0.3255362534287817 -0.028224079983778752 0.09096999815342323 0.28672940866655855 0.6346544310011053 0.2954642793107205 -0.6539884242613058
0.2741187750903185 -0.02351176573008848 0.09096999815324702 0.6515167596248854 0.24602014637706326 0.6713644438936767 -0.25351485751299047
0.27883108934496725 0.027905712623618975 0.09096999815342323 0.6346544310011053 -0.2867294086665586 0.6539884242613058 0.29546427931072056
0.26731947388002797 0.015662237033773892 0.07491666964390543 0.6560797252145908 -0.16701115531289182 0.7132338587281755 0.18156026802997752
0.2847530618635057 -0.03382259656010896 0.07491666964385794 0.5820131439452964 0.34582370087627645 0.6327149957465407 -0.37594999979332694
0.33423790012052135 -0.016389012300004 0.07491666964390543 0.16701115531289182 0.6560797252145908 0.18156026802997752 -0.7132338587281755
0.31680431213704363 0.03309582222520143 0.07491666964385794 -0.34582370087627645 0.5820131439452964 -0.37594999979332694 -0.6327149957465407
0.28114548247096555 -0.03095871850233455 0.0708300023253965 0.5861146541459126 0.267338011893368 0.6958833812457442 -0.3174056069106358
0.27018334448206577 0.01926981549121348 0.07083000232765047 0.6034821693331547 -0.2254091232217698 0.7165035159936338 0.26762419553191263
0.32041189152958377 0.030231942304781868 0.0708300023253965 -0.267338011893368 0.5861146541459126 -0.3174056069106358 -0.6958833812457442
0.33137402951848355 -0.01999659168876616 0.07083000232765047 0.2254091232217698 0.6034821693331547 0.26762419553191263 -0.7165035159936338
0.32696310430826137 0.021816546566142108 0.054843333035642185 -0.2433682062821819 0.6020287227397851 -0.2850153950796226 -0.7050528758432967
0.3229586207337811 -0.026547819376484247 0.054843333034718104 0.253611283226268 0.5977859009637061 0.2970113510668588 -0.7000839885090754
0.2785987532667682 0.025821043178931566 0.054843333034718104 0.5977859009637061 -0.253611283226268 0.7000839885090754 0.2970113510668588
0.27459426969228795 -0.02254332276369479 0.054843333035642185 0.6020287227397851 0.2433682062821819 0.7050528758432967 -0.2850153950796226
0.334332045616223 -0.009111855633162658 0.09111666482066166 0.08974626770000864 0.7418078872839948 0.07982095693166388 -0.6597691116077563
0.27003529715752594 0.008793488273002881 0.09111666482066166 0.7418078872839948 -0.0897462677000086 0.6597691116077563 0.07982095693166384
0.29323099943468905 -0.03230755790966482 0.09111666482052873 0.5879975817945704 0.4610771930383182 0.522969152492928 -0.4100852733328421
0.3111363433390599 0.03198919054950507 0.09111666482052873 -0.4610771930383182 0.5879975817945704 -0.4100852733328421 -0.522969152492928
0.3372623447164445 -0.0024145037922765453 0.0648499976005054 0.01982926061140148 0.6516185945545127 0.023064603010538053 -0.7579366937563935
0.2642950292841048 0.0016877278275545082 0.0648499976005054 0.6516185945545127 -0.01982926061140148 0.7579366937563935 0.023064603010538053
0.2987275659587539 -0.0368470448840695 0.06484999760059947 0.4747853303007834 0.4467425237469609 0.552251310848996 -0.5196330409750114
0.30282980804179543 0.03612027054916197 0.06484999760059947 -0.4467425237469609 0.4747853303007834 -0.5196330409750114 -0.552251310848996
0.2679492860894028 0.00966965721891808 0.06487666428210047 0.6574667063192892 -0.07791574439606437 0.7442362877471321 0.08819872367126813
0.2907456463274978 -0.03319278807550121 0.06487666428199959 0.5199939199036149 0.40980441231880704 0.5886204445553719 -0.46388860641186974
0.31081172767305154 0.03246601374059368 0.06487666428199959 -0.409804412318807 0.5199939199036149 -0.4638886064118697 -0.588620444555372
0.3336080879111465 -0.01039643341647076 0.06487666428210047 0.07791574439606437 0.6574667063192892 0.08819872367126813 -0.7442362877471321
0.31284531860624076 -0.033877060849768915 0.07102333565927463 0.40354829908525025 0.5906059918864218 0.39423950667163116 -0.5769822735860837
0.28871202559198617 0.033150286514861384 0.07102333565927463 0.5906059918864218 -0.40354829908525025 0.5769822735860837 0.39423950667163116
0.3342923606788628 0.01170325841788466 0.07102333565957872 -0.13226976672058838 0.7029732401097976 -0.12921865314570583 -0.6867575060968929
0.2672650133216865 -0.012430034615437341 0.07102333565957872 0.7029732401097976 0.13226976672058838 0.6867575060968929 -0.12921865314570583
0.2885490354549448 0.03412867843317711 0.0910233314869495 0.5906059918864218 -0.4035482990852503 0.5769822735860837 0.3942395066716312
0.3158183073188041 -0.034447045793336885 0.0910233314869495 0.40354829908525025 0.5906059918864218 0.39423950667163116 -0.5769822735860837
0.26789580927734447 -0.013793819621543241 0.09102333148725358 0.7029732401097976 0.13226976672058838 0.6867575060968929 -0.12921865314570583
0.33647153349640446 0.01347545226138348 0.09102333148725358 -0.13226976672058835 0.7029732401097976 -0.12921865314570577 -0.6867575060968929
0.28865955392884485 -0.03011625111761584 0.0850300008936314 0.6092374511977243 0.37924889958833613 0.591226439518519 -0.3680370870352493
0.27222660395588594 0.013364933791273102 0.08503000089341593 0.6989654004995928 -0.16262646948627865 0.6783017434461382 0.15781870980590915
0.332140738817863 -0.013683301151432879 0.08503000089341593 0.1626264694862787 0.6989654004995928 0.1578187098059092 -0.6783017434461382
0.3157077888449041 0.029797883757456088 0.0850300008936314 -0.37924889958833613 0.6092374511977243 -0.3680370870352493 -0.591226439518519
0.3328796316419492 0.017741474195499565 0.05488333303698821 -0.16625799792675405 0.6434477023279396 -0.18693129355244492 -0.7234569952561745
0.2686777423586001 -0.018468250393052246 0.05488333303698821 0.6434477023279396 0.16625799792675405 0.7234569952561745 -0.18693129355244492
0.3188835614112623 -0.03246433180380775 0.05488333303661662 0.3374240736423024 0.5725483925805358 0.37938095740331407 -0.6437417353565198
0.28267381258928703 0.03173755560625507 0.05488333303661662 0.5725483925805358 -0.3374240736423024 0.6437417353565198 0.37938095740331407
0.2832374202656151 0.0281276680253044 0.07085666899357934 0.5907318577343603 -0.2817254102078979 0.6824500813653237 0.32546666794829615
0.3183199537349342 -0.02885444422285708 0.07085666899357934 0.2817254102078979 0.5907318577343603 0.32546666794829615 -0.6824500813653237
0.3292697421875914 0.017177885161684447 0.07085666899281942 -0.21850055724160486 0.616920449170107 -0.25242539530359726 -0.7127047675487265
0.2722876318129579 -0.01790466135923713 0.07085666899281942 0.616920449170107 0.21850055724160486 0.7127047675487265 -0.25242539530359726
0.2724805414286669 -0.02419310828716112 0.06097000068644442 0.6515167596248854 0.24602014637706326 0.6713644438936767 -0.25351485751299047
0.3290768325718824 0.023466332089608438 0.06097000068644442 -0.24602014637706332 0.6515167596248855 -0.2535148575129905 -0.6713644438936768
0.32460840438659033 -0.028661532746204435 0.06097000068662064 0.28672940866655855 0.6346544310011053 0.2954642793107205 -0.6539884242613058
0.276948969613959 0.027934756548651754 0.06097000068662064 0.6346544310011053 -0.28672940866655855 0.6539884242613058 0.2954642793107205
0.31836466718076417 0.025212085392446446 0.0750166696489474 -0.40290931862948665 0.5882154497453357 -0.39624920083756526 -0.5784922095223117
0.2752032144398853 0.017222583698542304 0.07501666964906224 0.7008310448445031 -0.13103122145948312 0.6892462612199548 0.12886526676848187
0.326354159560664 -0.017949359896094984 0.07501666964906224 0.13103122145948312 0.7008310448445031 0.12886526676848187 -0.6892462612199548
0.28319270681978514 -0.025938861589999127 0.0750166696489474 0.5882154497453357 0.40290931862948665 0.5784922095223117 -0.39624920083756526
0.30922927405700645 -0.03520250925854471 0.07516333630430709 0.4713853746366069 0.5995519081915538 0.3997608479233837 -0.5084531467403364
0.33561780909009564 0.008087192443611162 0.07516333630475767 -0.09062742485505372 0.7572670150791347 -0.07685706497485878 -0.6422042738107009
0.29232809994354286 0.03447573492363718 0.07516333630430709 0.5995519081915537 -0.47138537463660685 0.5084531467403363 0.3997608479233836
0.2659395649104537 -0.008813968641163843 0.07516333630475767 0.7572670150791347 0.09062742485505372 0.6422042738107009 -0.07685706497485878
0.2744577897633918 0.02441946152284574 0.09082999815532533 0.6034821693331546 -0.2254091232217698 0.7165035159936337 0.26762419553191263
0.3299095530103571 -0.024737828883005516 0.09082999815532533 0.22540912322176979 0.6034821693331546 0.26762419553191263 -0.7165035159936337
0.2776050261759521 -0.02788506529610534 0.09082999815307137 0.5861146541459126 0.267338011893368 0.6958833812457442 -0.3174056069106358
0.3267623165977968 0.027566697935945583 0.09082999815307137 -0.2673380118933679 0.5861146541459126 -0.31740560691063574 -0.6958833812457442
0.33612619294846974 -0.002509870292979415 0.07496333631243457 0.006771183805255241 0.6939890612762152 0.0070241839420351745 -0.7199194362835203
0.3029251775817759 0.03498411878063648 0.0749633363124476 -0.48593642004341575 0.49551232253403393 -0.5040930657473741 -0.5140267648262393
0.2986321964187734 -0.03571089311554401 0.0749633363124476 0.49551232253403393 0.48593642004341575 0.5140267648262393 -0.5040930657473741
0.2654311810520796 0.001783094328257378 0.07496333631243457 0.6939890612762152 -0.006771183805255241 0.7199194362835203 0.0070241839420351745
0.2689124356474032 -0.01889204500534072 0.09088333148726745 0.6434477023279396 0.16625799792675405 0.7234569952561745 -0.18693129355244492
0.2834508100520954 0.0331120520540708 0.09088333148689585 0.5725483925805358 -0.33742407364230254 0.6437417353565198 0.3793809574033142
0.32091653272165355 -0.033430419414230576 0.09088333148689585 0.3374240736423024 0.5725483925805358 0.37938095740331407 -0.6437417353565198
0.33545490712634574 0.018573677645180964 0.09088333148726745 -0.16625799792675403 0.6434477023279396 -0.1869312935524449 -0.7234569952561745
0.28022426724840704 -0.027949491830842776 0.07094333565680554 0.6188279131323768 0.29785681130439723 0.6549472284260477 -0.31524191007041363
0.32836479725136714 -0.02091780878221831 0.07094333565637856 0.22696084266874417 0.648193984694242 0.2402079344419076 -0.6860273189403223
0.2731925767491822 0.02019103258466563 0.07094333565637856 0.648193984694242 -0.22696084266874417 0.6860273189403223 0.2402079344419076
0.3213331067521423 0.027222715633290095 0.07094333565680554 -0.29785681130439723 0.6188279131323768 -0.31524191007041363 -0.6549472284260477
0.2795772742050849 0.023562647579588553 0.07493000297965693 0.652840623500824 -0.1969749223109529 0.7002572043894378 0.21128144260284334
0.3247047087018986 0.020838025632231486 0.07493000297862654 -0.32234573146872403 0.6009103332453556 -0.3457580792384794 -0.6445551577981256
0.32198009979546444 -0.024289423777141234 0.07493000297965693 0.1969749223109529 0.652840623500824 0.21128144260284334 -0.7002572043894378
0.2768526652986507 -0.021564801829784166 0.07493000297862654 0.6009103332453556 0.32234573146872403 0.6445551577981256 -0.3457580792384794
0.3388071785057401 -0.005332100060173788 0.08099000023853863 0.06834450383392911 0.700234981171117 0.06903140052970524 -0.7072726954159102
0.3073565877694997 0.03646432343828681 0.08099000023853258 -0.4468140407726327 0.5434677663168533 -0.4513047469578926 -0.5489298910756041
0.2655601642680088 0.005013732700014029 0.08099000023853863 0.700234981171117 -0.06834450383392908 0.7072726954159102 0.0690314005297052
0.2970107550042492 -0.036782690798446586 0.08099000023853258 0.5434677663168533 0.44681404077263287 0.5489298910756042 -0.45130474695789274
0.33351754650752974 -0.016884726226963884 0.09102999815160227 0.1626264694862787 0.6989654004995928 0.1578187098059092 -0.6783017434461382
0.28545812885331384 -0.031493058807282585 0.09102999815181774 0.6092374511977243 0.37924889958833613 0.591226439518519 -0.3680370870352493
0.3189092139204351 0.031174691447122836 0.09102999815181774 -0.37924889958833613 0.6092374511977243 -0.3680370870352493 -0.591226439518519
0.2708497962662192 0.016566358866804107 0.09102999815160227 0.6989654004995928 -0.16262646948627865 0.6783017434461382 0.15781870980590915
0.28088963274299433 0.029774529457676724 0.051109999050548575 0.6568974996666518 -0.351405288866214 0.588208262929073 0.3146601933999857
0.2706407685197941 -0.02025244329808268 0.05110999905170397 0.7129777383724227 0.21601561812629994 0.6384244061824943 -0.19342769941605434
0.33091660548075524 0.019525667100529998 0.05110999905170397 -0.21601561812629988 0.7129777383724226 -0.19342769941605428 -0.6384244061824942
0.320667741257555 -0.030501305655229405 0.051109999050548575 0.351405288866214 0.6568974996666519 0.3146601933999857 -0.588208262929073
0.28342747455163453 0.026789814234272333 0.07784333494206673 0.5977859009637061 -0.253611283226268 0.7000839885090754 0.2970113510668588
0.3181298994489148 -0.027516590431825014 0.07784333494206673 0.253611283226268 0.5977859009637061 0.2970113510668588 -0.7000839885090754
0.27362548559843114 -0.017714601478828456 0.07784333494299081 0.6020287227397851 0.2433682062821819 0.7050528758432967 -0.2850153950796226
0.3279318884021182 0.016987825281275775 0.07784333494299081 -0.2433682062821819 0.6020287227397851 -0.2850153950796226 -0.7050528758432967
0.28162872910230613 0.031075682390096337 0.09510999881213 0.6568974996666519 -0.3514052888662141 0.588208262929073 0.31466019339998574
0.2709488053239933 -0.02071412597535166 0.09510999881328538 0.7129777383724227 0.21601561812629994 0.6384244061824943 -0.19342769941605434
0.3227386136714428 -0.031394049750256114 0.09510999881213 0.351405288866214 0.6568974996666519 0.3146601933999857 -0.588208262929073
0.33341853744975564 0.020395758615191904 0.09510999881328538 -0.2160156181262999 0.7129777383724227 -0.19342769941605428 -0.6384244061824943
0.31095731201791543 0.030911822628075365 0.07087666899076653 -0.409804412318807 0.5199939199036149 -0.4638886064118697 -0.588620444555372
0.2906000619826339 -0.03163859882562805 0.07087666899076653 0.5199939199036149 0.40980441231880704 0.5886204445553719 -0.46388860641186974
0.3320538967986282 -0.010542020555302376 0.0708766689908674 0.07791574439606437 0.6574667063192892 0.08819872367126813 -0.7442362877471321
0.26950347720192114 0.009815244357749695 0.0708766689908674 0.6574667063192892 -0.07791574439606437 0.7442362877471321 0.08819872367126813
0.33725042719126547 -0.007381658064538155 0.07099000232470119 0.06834450383392908 0.700234981171117 0.0690314005297052 -0.7072726954159102
0.29376042355123955 -0.036835127357945634 0.07099000232469514 0.5434677663168533 0.44681404077263287 0.5489298910756042 -0.45130474695789274
0.26430694680928385 0.006654882332646762 0.07099000232470119 0.700234981171117 -0.06834450383392908 0.7072726954159102 0.0690314005297052
0.30779695044930977 0.0361083530230381 0.07099000232469514 -0.44681404077263287 0.5434677663168533 -0.45130474695789274 -0.5489298910756042
0.32517356699507044 0.024349710860540195 0.08508333422894562 -0.27416724829968275 0.683007311379428 -0.2521971878889972 -0.6282753464707231
0.2791937757786785 -0.024668078220699947 0.08508333422894562 0.683007311379428 0.2741672482996827 0.6282753464707231 -0.25219718788899714
0.27767477684155073 0.022830711923612735 0.08508333422896142 0.6768246230758339 -0.2890935783515852 0.6225881003756283 0.2659274145792382
0.3266925659321982 -0.023149079283772512 0.08508333422896142 0.2890935783515853 0.6768246230758339 0.2659274145792382 -0.6225881003756283
0.2828861698367503 0.024061027432738896 0.09494333213970452 0.648193984694242 -0.22696084266874417 0.6860273189403223 0.2402079344419076
0.32640388249944147 0.019138317870276256 0.0949433321401315 -0.29785681130439723 0.6188279131323768 -0.31524191007041363 -0.6549472284260477
0.27796346027430746 -0.01945668523043601 0.0949433321401315 0.6188279131323768 0.29785681130439723 0.6549472284260477 -0.31524191007041363
0.3214811729369986 -0.024379394792898672 0.09494333213970452 0.22696084266874417 0.6481939846942419 0.24020793444190758 -0.6860273189403222
0.273626605348039 -0.016950355394148155 0.08099666690499675 0.6796850493220719 0.19068709189963814 0.6819544548634888 -0.19132377845619056
0.3307407374257099 0.016631988033988406 0.08099666690499675 -0.1906870918996382 0.6796850493220719 -0.1913237784561906 -0.6819544548634889
0.3189748431087198 -0.028716249714178865 0.08099666690501771 0.3457737688757669 0.6154460447976027 0.3469282755362171 -0.6175009622129358
0.2853924996650291 0.028397882354019088 0.08099666690501771 0.6154460447976028 -0.3457737688757669 0.6175009622129359 0.3469282755362171
0.2695636229101762 0.019514199610356164 0.0949166654715803 0.6560797252145908 -0.16701115531289187 0.7132338587281755 0.18156026802997757
0.3348037198635727 -0.019832566970515938 0.0949166654715803 0.16701115531289185 0.6560797252145908 0.18156026802997755 -0.7132338587281755
0.2825102880922197 -0.032779232154476944 0.09491666547153281 0.5820131439452964 0.34582370087627645 0.6327149957465407 -0.37594999979332694
0.32185705468152925 0.03246086479431719 0.09491666547153281 -0.3458237008762764 0.5820131439452964 -0.3759499997933269 -0.6327149957465407
0.33190752431438714 -0.014263587477119154 0.07501666964906224 0.13103122145948312 0.7008310448445031 0.12886526676848187 -0.6892462612199548
0.31467889476178834 0.03076545014616959 0.0750166696489474 -0.40290931862948665 0.5882154497453357 -0.39624920083756526 -0.5784922095223117
0.286878479238761 -0.03149222634372227 0.0750166696489474 0.5882154497453357 0.40290931862948665 0.5784922095223117 -0.39624920083756526
0.2696498496861622 0.013536811279566473 0.07501666964906224 0.7008310448445031 -0.13103122145948312 0.6892462612199548 0.12886526676848187
0.3266925659321982 -0.023149079283772512 0.09108333148714776 0.2890935783515853 0.6768246230758339 0.2659274145792382 -0.6225881003756283
0.2791937757786785 -0.024668078220699947 0.09108333148713196 0.683007311379428 0.2741672482996827 0.6282753464707231 -0.25219718788899714
0.27767477684155073 0.022830711923612735 0.09108333148714776 0.6768246230758339 -0.2890935783515852 0.6225881003756283 0.2659274145792382
0.32517356699507044 0.024349710860540195 0.09108333148713196 -0.27416724829968275 0.683007311379428 -0.2521971878889972 -0.6282753464707231
0.320667741257555 -0.030501305655229405 0.06111000068967631 0.351405288866214 0.6568974996666519 0.3146601933999857 -0.588208262929073
0.28088963274299433 0.029774529457676724 0.06111000068967631 0.6568974996666518 -0.351405288866214 0.588208262929073 0.3146601933999857
0.2706407685197941 -0.02025244329808268 0.0611100006908317 0.7129777383724227 0.21601561812629994 0.6384244061824943 -0.19342769941605434
0.33091660548075524 0.019525667100529998 0.0611100006908317 -0.21601561812629988 0.7129777383724226 -0.19342769941605428 -0.6384244061824942
0.30779695044930977 0.0361083530230381 0.0649899976159282 -0.44681404077263287 0.5434677663168533 -0.45130474695789274 -0.5489298910756042
0.33725042719126547 -0.007381658064538155 0.06498999761593426 0.06834450383392908 0.700234981171117 0.0690314005297052 -0.7072726954159102
0.29376042355123955 -0.036835127357945634 0.0649899976159282 0.5434677663168533 0.44681404077263287 0.5489298910756042 -0.45130474695789274
0.26430694680928385 0.006654882332646762 0.06498999761593426 0.700234981171117 -0.06834450383392908 0.7072726954159102 0.0690314005297052
0.3135346916458338 0.036006617298438855 0.09112999815701016 -0.43749668392028235 0.6112255344272093 -0.38387971737648996 -0.5363174062156433
0.26601787040480324 0.011191836567944067 0.09112999815825787 0.7415585932007591 -0.12284484462540275 0.6506776263623609 0.1077897191318152
0.3383494723689457 -0.011510203928103827 0.09112999815825787 0.12284484462540282 0.7415585932007591 0.10778971913181526 -0.6506776263623609
0.2908326511279151 -0.03632498465859863 0.09112999815701016 0.6112255344272092 0.43749668392028235 0.5363174062156432 -0.38387971737648996
0.3277209154931029 0.023213077099965507 0.07485666964847051 -0.21850055724160486 0.616920449170107 -0.25242539530359726 -0.7127047675487265
0.2772022115635277 0.026578841330815874 0.07485666964923043 0.5907318577343603 -0.2817254102078979 0.6824500813653237 0.32546666794829615
0.2738364585074464 -0.023939853297518188 0.07485666964847051 0.616920449170107 0.21850055724160486 0.7127047675487265 -0.25242539530359726
0.3243551624370216 -0.027305617528368555 0.07485666964923043 0.2817254102078979 0.5907318577343603 0.32546666794829615 -0.6824500813653237
0.2718623208561154 0.012624465289228424 0.09502999880725337 0.6989654004995928 -0.16262646948627865 0.6783017434461382 0.15781870980590915
0.2894000224308895 -0.030480534217386387 0.09502999880746883 0.6092374511977243 0.37924889958833613 0.591226439518519 -0.3680370870352493
0.3149673203428594 0.030162166857226634 0.09502999880746883 -0.37924889958833613 0.6092374511977243 -0.3680370870352493 -0.591226439518519
0.33250502191763354 -0.0129428326493882 0.09502999880725337 0.1626264694862787 0.6989654004995928 0.1578187098059092 -0.6783017434461382
0.27381733261041413 0.018651479231655665 0.09515666548563978 0.736519039075893 -0.18940180554857164 0.6288969607967059 0.1617259219616042
0.28337300847243596 -0.028525522455293693 0.09515666548430268 0.6547249082269713 0.3868703048115391 0.5590548027437875 -0.3303398088806676
0.3305500101633348 -0.018969846591815415 0.09515666548563978 0.18940180554857158 0.736519039075893 0.16172592196160415 -0.6288969607967059
0.32099433430131297 0.028207155095133916 0.09515666548430268 -0.3868703048115391 0.6547249082269712 -0.33033980888066755 -0.5590548027437874
0.3241512612494868 0.02441747763934711 0.0949299988063014 -0.32234573146872403 0.6009103332453556 -0.3457580792384794 -0.6445551577981256
0.27760701007194294 0.021808406189434793 0.0949299988073318 0.652840623500824 -0.19697492231095293 0.7002572043894378 0.2112814426028434
0.28021608152426214 -0.024735844999506887 0.0949299988063014 0.6009103332453556 0.32234573146872403 0.6445551577981256 -0.3457580792384794
0.326760332701806 -0.022126773549594542 0.0949299988073318 0.1969749223109529 0.652840623500824 0.21128144260284334 -0.7002572043894378
0.2763289697327521 0.01938620534068262 0.08094333357021599 0.648193984694242 -0.22696084266874417 0.6860273189403223 0.2402079344419076
0.3217290604073852 0.02569551797427444 0.08094333357064297 -0.29785681130439723 0.6188279131323768 -0.31524191007041363 -0.6549472284260477
0.28263828236636374 -0.026013885334434193 0.08094333357064297 0.6188279131323768 0.29785681130439723 0.6549472284260477 -0.31524191007041363
0.3280383730409968 -0.019704572700842398 0.08094333357021599 0.22696084266874417 0.6481939846942419 0.24020793444190758 -0.6860273189403222
0.30899773740213243 0.037717540897011785 0.09098999815237001 -0.4468140407726327 0.5434677663168533 -0.4513047469578926 -0.5489298910756041
0.26430694680928385 0.006654882332646762 0.09098999815237606 0.700234981171117 -0.06834450383392908 0.7072726954159102 0.0690314005297052
0.3400603959644651 -0.006973249692806521 0.09098999815237606 0.06834450383392911 0.700234981171117 0.06903140052970524 -0.7072726954159102
0.2953696053716165 -0.03803590825717156 0.09098999815237001 0.5434677663168533 0.44681404077263287 0.5489298910756042 -0.45130474695789274
0.2719712689884603 0.01268441424189646 0.08501666756289968 0.7008310448445031 -0.13103122145948318 0.6892462612199548 0.12886526676848192
0.3323960737852886 -0.013002781602056212 0.08501666756289968 0.13103122145948312 0.7008310448445031 0.12886526676848187 -0.6892462612199548
0.3150272693101185 0.03005321871784515 0.08501666756278484 -0.40290931862948665 0.5882154497453357 -0.39624920083756526 -0.5784922095223117
0.28934007346363044 -0.030371586078004928 0.08501666756278484 0.5882154497453358 0.40290931862948653 0.5784922095223118 -0.39624920083756515
0.2663397429719959 0.007014547483934887 0.09486333214163889 0.6552061155263992 -0.048699209877544364 0.751805069055246 0.05587907727357725
0.338027599801753 -0.007332914844094664 0.09486333214163889 0.04869920987754433 0.6552061155263992 0.05587907727357721 -0.751805069055246
0.29500994022341037 -0.036003112094923 0.09486333214079483 0.49773622778052595 0.42886514663548037 0.5711189378828272 -0.49209398731109466
0.30935740255033856 0.03568474473476325 0.09486333214079483 -0.4288651466354804 0.497736227780526 -0.4920939873110947 -0.5711189378828272
0.2871526518482956 -0.03398497016048707 0.054903333039672444 0.562190504530109 0.36825060144420313 0.6194365220867336 -0.40574835336357906
0.2671571040075961 0.013262641465985023 0.05490333303927639 0.6579212152289095 -0.1371362213331081 0.7249151775821929 0.15110035294852717
0.3344002699929532 -0.013989417663537704 0.05490333303927639 0.1371362213331081 0.6579212152289095 0.15110035294852717 -0.7249151775821929
0.31440472215225373 0.03325819582557954 0.054903333039672444 -0.36825060144420313 0.562190504530109 -0.40574835336357906 -0.6194365220867336
0.29711941935136993 0.03423668577531367 0.09106333148914372 0.54299663231358 -0.48664291399337695 0.5096299617877328 0.45673913080048184
0.307247923422379 -0.034555053135473426 0.09106333148914372 0.48664291399337695 0.54299663231358 0.45673913080048184 -0.5096299617877328
0.3365795408438625 0.0049050683409309 0.09106333148909439 -0.03984809090895244 0.7280651056534003 -0.03739946039485964 -0.6833261387821985
0.26778780192988644 -0.005223435701090677 0.09106333148909439 0.7280651056534003 0.039848090908952485 0.6833261387821985 -0.037399460394859675
0.3390347244445622 0.004491166671602588 0.09093666481295896 -0.05317560798556871 0.6822797703778444 -0.05665714005317248 -0.7269502308476945
0.26533261832918675 -0.004809534031762348 0.09093666481295896 0.6822797703778444 0.05317560798556875 0.7269502308476945 -0.056657140053172524
0.3068340217407166 -0.03701023673742902 0.09093666481296137 0.44484381869100154 0.5200454858231928 0.47396878931878605 -0.5540940862335666
0.2975333210330323 0.036691869377269246 0.09093666481296137 0.5200454858231927 -0.4448438186910016 0.5540940862335665 0.47396878931878605
0.3163638922933357 0.030760368223460385 0.09101666482097118 -0.40290931862948665 0.5882154497453357 -0.39624920083756526 -0.5784922095223117
0.27126411948284507 0.014021037225113699 0.09101666482108602 0.7008310448445031 -0.13103122145948318 0.6892462612199548 0.12886526676848192
0.33310322329090386 -0.014339404585273451 0.09101666482108602 0.13103122145948312 0.7008310448445031 0.12886526676848187 -0.6892462612199548
0.2880034504804132 -0.031078735583620162 0.09101666482097118 0.5882154497453358 0.40290931862948653 0.5784922095223118 -0.39624920083756515
0.27534333492843843 -0.020605711434363554 0.0948433321415725 0.6020287227397851 0.2433682062821819 0.7050528758432967 -0.2850153950796226
0.3290240078453105 0.020287344074203777 0.0948433321415725 -0.2433682062821819 0.6020287227397851 -0.2850153950796226 -0.7050528758432967
0.3226301991410687 -0.0269995201383985 0.09484333214064843 0.253611283226268 0.5977859009637061 0.2970113510668588 -0.7000839885090754
0.2817371436326802 0.026681152778238747 0.09484333214064843 0.5977859009637061 -0.2536112832262681 0.7000839885090754 0.29701135106685883
0.32803268079742076 -0.020700029873236197 0.09494333213970452 0.22696084266874417 0.6481939846942419 0.24020793444190758 -0.6860273189403222
0.322724517579779 0.02568982573069839 0.0949433321401315 -0.29785681130439723 0.6188279131323768 -0.31524191007041363 -0.6549472284260477
0.28164282519396994 -0.026008193090858143 0.0949433321401315 0.6188279131323768 0.29785681130439723 0.6549472284260477 -0.31524191007041363
0.27633466197632817 0.02038166251307642 0.09494333213970452 0.648193984694242 -0.22696084266874417 0.6860273189403223 0.2402079344419076
0.27826665631443676 -0.02614347519089621 0.07095666899065874 0.6357135240346594 0.2723997951508575 0.6638847175668686 -0.284470998068985
0.274998598982244 0.022148636073497038 0.07095666899085894 0.642133084999924 -0.2569016042911659 0.670588756529476 0.2682860161792944
0.3265587750183053 -0.02287541227104972 0.07095666899085894 0.2569016042911659 0.642133084999924 0.2682860161792944 -0.670588756529476
0.32329071768611256 0.02541669899334353 0.07095666899065874 -0.2723997951508575 0.6357135240346594 -0.284470998068985 -0.6638847175668686
0.3344002699929532 -0.013989417663537704 0.06090333402275303 0.1371362213331081 0.6579212152289095 0.15110035294852717 -0.7249151775821929
0.2871526518482956 -0.03398497016048707 0.06090333402314908 0.562190504530109 0.36825060144420313 0.6194365220867336 -0.40574835336357906
0.2671571040075961 0.013262641465985023 0.06090333402275303 0.6579212152289095 -0.1371362213331081 0.7249151775821929 0.15110035294852717
0.31440472215225373 0.03325819582557954 0.06090333402314908 -0.36825060144420313 0.562190504530109 -0.40574835336357906 -0.6194365220867336
0.27572228304058727 -0.02781434239556235 0.07495666964630983 0.6357135240346594 0.2723997951508575 0.6638847175668686 -0.284470998068985
0.32583509095996205 0.027087566198009668 0.07495666964630983 -0.2723997951508575 0.6357135240346594 -0.284470998068985 -0.6638847175668686
0.32822964222297146 -0.02541977809431861 0.07495666964651003 0.2569016042911659 0.642133084999924 0.2682860161792944 -0.670588756529476
0.27332773177757785 0.024693001896765928 0.07495666964651003 0.642133084999924 -0.2569016042911659 0.670588756529476 0.2682860161792944
0.2913127292886779 -0.03585118733727905 0.08513000089882382 0.6112255344272092 0.43749668392028235 0.5363174062156432 -0.38387971737648996
0.2664916677261228 0.01071175840718128 0.08513000090007153 0.7415585932007591 -0.12284484462540275 0.6506776263623609 0.1077897191318152
0.3378756750476261 -0.01103012576734104 0.08513000090007153 0.12284484462540282 0.7415585932007591 0.10778971913181526 -0.6506776263623609
0.313054613485071 0.035532819977119275 0.08513000089882382 -0.43749668392028235 0.6112255344272093 -0.38387971737648996 -0.5363174062156433
0.3018042591121408 0.03358777347910407 0.09098999815237001 -0.4468140407726327 0.5434677663168533 -0.4513047469578926 -0.5489298910756041
0.26843671422719156 -0.0005385959573448553 0.09098999815237606 0.700234981171117 -0.06834450383392908 0.7072726954159102 0.0690314005297052
0.3025630836616081 -0.03390614083926385 0.09098999815237001 0.5434677663168533 0.44681404077263287 0.5489298910756042 -0.45130474695789274
0.33593062854655736 0.00022022859718509653 0.09098999815237606 0.06834450383392911 0.700234981171117 0.06903140052970524 -0.7072726954159102
0.32283221782362376 -0.025802911489640958 0.08085666690741677 0.2817254102078978 0.5907318577343602 0.32546666794829615 -0.6824500813653236
0.32782739919099413 0.020489362763212615 0.08085666690665685 -0.21850055724160486 0.616920449170107 -0.25242539530359726 -0.7127047675487265
0.2765399435827548 -0.020807730123372364 0.08085666690665685 0.616920449170107 0.2185005572416048 0.7127047675487265 -0.25242539530359726
0.28153512495012517 0.02548454412948118 0.08085666690741677 0.5907318577343603 -0.2817254102078979 0.6824500813653237 0.32546666794829615
0.3213775659736444 -0.02967250087101274 0.06486999762167488 0.30968515986852935 0.5823187311838222 0.35293927406768927 -0.6636519162107795
0.2714695677082987 -0.020962266140043324 0.06486999762139323 0.6307420002933433 0.19278104641136384 0.7188385244192531 -0.21970701632228934
0.2801798080269049 0.028945724673460058 0.06486999762167488 0.5823187311838222 -0.30968515986852935 0.6636519162107795 0.35293927406768927
0.3300878062922506 0.020235489942490643 0.06486999762139323 -0.19278104641136384 0.6307420002933433 -0.21970701632228934 -0.7188385244192531
0.31914291595522154 0.031101973179540648 0.08504333422653824 -0.35450111491492503 0.6292818333293618 -0.33945826377878985 -0.6025789748389849
0.3334448282429496 -0.017118428254254952 0.0850433342268195 0.19429931138567036 0.6956395934461829 0.18605444163907858 -0.6661209187313175
0.2852244268185274 -0.03142034053970042 0.08504333422653824 0.6292818333293618 0.3545011149149251 0.6025789748389849 -0.3394582637787899
0.27092251453079935 0.016800060894095196 0.0850433342268195 0.6956395934461829 -0.1942993113856703 0.6661209187313175 0.18605444163907853
0.33004078616134747 -0.02405986119682799 0.08095666690469637 0.25690160429116593 0.642133084999924 0.26828601617929443 -0.670588756529476
0.27828299387581984 -0.02801629845996467 0.08095666690449617 0.6357135240346594 0.2723997951508575 0.6638847175668686 -0.284470998068985
0.3260843488979291 0.027697931099804892 0.08095666690449617 -0.2723997951508575 0.6357135240346595 -0.284470998068985 -0.6638847175668687
0.27432655661240146 0.023741493836668234 0.08095666690469637 0.642133084999924 -0.2569016042911659 0.670588756529476 0.2682860161792944
0.28866780780720064 -0.035401519873799914 0.09490333214560277 0.562190504530109 0.36825060144420313 0.6194365220867336 -0.40574835336357906
0.2669413351935092 0.013356679900311672 0.09490333214520671 0.6579212152289095 -0.1371362213331081 0.7249151775821929 0.15110035294852717
0.3374260075802397 -0.013675047260471432 0.09490333214520671 0.13713622133310813 0.6579212152289095 0.15110035294852722 -0.7249151775821929
0.3156995349665483 0.03508315251364014 0.09490333214560277 -0.368250601444203 0.5621905045301091 -0.405748353363579 -0.6194365220867337
0.2697019902197337 0.018086565684282078 0.07504333631298207 0.6956395934461829 -0.1942993113856703 0.6661209187313175 0.18605444163907853
0.31922863053295675 0.03071330775398749 0.07504333631270081 -0.3545011149149251 0.6292818333293618 -0.3394582637787899 -0.6025789748389849
0.33185538378081564 -0.01881334188183476 0.07504333631298207 0.1942993113856703 0.6956395934461829 0.18605444163907853 -0.6661209187313175
0.28232874346759257 -0.03144008395154017 0.07504333631270081 0.6292818333293618 0.3545011149149251 0.6025789748389849 -0.3394582637787899
0.3189812960982679 0.030835242394170775 0.09104333148472459 -0.35450111491492503 0.6292818333293618 -0.33945826377878985 -0.6025789748389849
0.285386046675481 -0.03115360975433055 0.09104333148472459 0.6292818333293618 0.3545011149149251 0.6025789748389849 -0.3394582637787899
0.3331780974575797 -0.01695680839730133 0.09104333148500585 0.19429931138567036 0.6956395934461829 0.18605444163907858 -0.6661209187313175
0.2711892453161692 0.016638441037141575 0.09104333148500585 0.6956395934461829 -0.1942993113856703 0.6661209187313175 0.18605444163907853
0.31204838587168227 0.03449470420473861 0.07113000232933529 -0.43749668392028235 0.6112255344272092 -0.38387971737648996 -0.5363174062156432
0.28950898812886705 -0.03522147853964614 0.07113000232933529 0.6112255344272092 0.43749668392028235 0.5363174062156432 -0.38387971737648996
0.2659205956245298 0.010906302379792707 0.071130002330583 0.7415585932007591 -0.12284484462540275 0.6506776263623609 0.1077897191318152
0.3356367783760195 -0.011633078577345388 0.071130002330583 0.12284484462540275 0.7415585932007591 0.1077897191318152 -0.6506776263623609
0.28950898812886705 -0.03522147853964614 0.06512999762056836 0.6112255344272092 0.43749668392028235 0.5363174062156432 -0.38387971737648996
0.3356367783760195 -0.011633078577345388 0.06512999762181607 0.12284484462540275 0.7415585932007591 0.1077897191318152 -0.6506776263623609
0.31204838587168227 0.03449470420473861 0.06512999762056836 -0.43749668392028235 0.6112255344272092 -0.38387971737648996 -0.5363174062156432
0.2659205956245298 0.010906302379792707 0.06512999762181607 0.7415585932007591 -0.12284484462540275 0.6506776263623609 0.1077897191318152
0.33158865299544577 -0.01865172016223599 0.06504333094856404 0.1942993113856703 0.6956395934461829 0.18605444163907853 -0.6661209187313175
0.26996872100510355 0.017924943964683308 0.06504333094856404 0.6956395934461829 -0.1942993113856703 0.6661209187313175 0.18605444163907853
0.3190670125386483 0.030446576968617616 0.06504333094828278 -0.3545011149149251 0.6292818333293618 -0.3394582637787899 -0.6025789748389849
0.28249036146190104 -0.031173353166170297 0.06504333094828278 0.6292818333293618 0.3545011149149251 0.6025789748389849 -0.3394582637787899
0.3266959943823664 0.021303571479111882 0.07109666899164707 -0.24551692672089206 0.6986091698700273 -0.2228271653096503 -0.6340463081409
0.3224456475102261 -0.02628069082360551 0.07109666899209532 0.32038459692671606 0.6675979657018098 0.2907758444795196 -0.6059010434964879
0.27911172649032323 0.025553914626052828 0.07109666899209532 0.6675979657018098 -0.32038459692671606 0.6059010434964879 0.2907758444795196
0.2748613796181829 -0.022030347676664563 0.07109666899164707 0.6986091698700273 0.24551692672089206 0.6340463081409 -0.2228271653096503
0.3300878062922506 0.020235489942490643 0.07087000233016016 -0.19278104641136384 0.6307420002933433 -0.21970701632228934 -0.7188385244192531
0.2714695677082987 -0.020962266140043324 0.07087000233016016 0.6307420002933433 0.19278104641136384 0.7188385244192531 -0.21970701632228934
0.3213775659736444 -0.02967250087101274 0.07087000233044181 0.30968515986852935 0.5823187311838222 0.35293927406768927 -0.6636519162107795
0.2801798080269049 0.028945724673460058 0.07087000233044181 0.5823187311838222 -0.30968515986852935 0.6636519162107795 0.35293927406768927
0.27622171035916027 -0.028290106670159517 0.060956667351531005 0.6357135240346594 0.2723997951508575 0.6638847175668686 -0.284470998068985
0.2728519675029807 0.024193589479354124 0.060956667351731206 0.642133084999924 -0.2569016042911659 0.670588756529476 0.2682860161792944
0.32870540649756863 -0.024920365676906805 0.060956667351731206 0.2569016042911659 0.642133084999924 0.2682860161792944 -0.670588756529476
0.32533566364138905 0.027563330472606836 0.060956667351531005 -0.2723997951508575 0.6357135240346594 -0.284470998068985 -0.6638847175668686
0.26778780192988644 -0.005223435701090677 0.08506333423090805 0.7280651056534003 0.039848090908952485 0.6833261387821985 -0.037399460394859675
0.307247923422379 -0.034555053135473426 0.08506333423095738 0.48664291399337695 0.54299663231358 0.45673913080048184 -0.5096299617877328
0.29711941935136993 0.03423668577531367 0.08506333423095738 0.54299663231358 -0.48664291399337695 0.5096299617877328 0.45673913080048184
0.3365795408438625 0.0049050683409309 0.08506333423090805 -0.03984809090895244 0.7280651056534003 -0.03739946039485964 -0.6833261387821985
0.275073302085101 -0.019121123993157192 0.0808700002439976 0.6307420002933433 0.19278104641136384 0.7188385244192531 -0.21970701632228934
0.3292940406886479 0.018802756632997415 0.0808700002439976 -0.19278104641136382 0.6307420002933433 -0.2197070163222893 -0.7188385244192531
0.32114561170073197 -0.027269552981371813 0.08087000024427925 0.3096851598685294 0.5823187311838222 0.3529392740676893 -0.6636519162107795
0.28322173107301696 0.026951185621212057 0.08087000024427925 0.5823187311838222 -0.30968515986852935 0.6636519162107795 0.35293927406768927
