# .PCD v0.7 - Point Cloud Data file format
VERSION 0.7
FIELDS x y z
SIZE 4 4 4
TYPE F F F
COUNT 1 1 1
WIDTH 3267
HEIGHT 1
VIEWPOINT 0 0 0 1 0 0 0
POINTS 3267
DATA ascii
0.2849999964 -0.02099999972 0.01099999994
0.2870000005 -0.02099999972 0.01099999994
0.2829999924 -0.01899999939 0.01099999994
0.2809999883 -0.01700000092 0.01099999994
0.2829999924 -0.01700000092 0.01099999994
0.2849999964 -0.01899999939 0.01099999994
0.2849999964 -0.01700000092 0.01099999994
0.2849999964 -0.02099999972 0.01300000027
0.2870000005 -0.02099999972 0.01300000027
0.2849999964 -0.02099999972 0.01499999966
0.2870000005 -0.02099999972 0.01499999966
0.2829999924 -0.01899999939 0.01300000027
0.2809999883 -0.01700000092 0.01300000027
0.2829999924 -0.01700000092 0.01300000027
0.2829999924 -0.01899999939 0.01499999966
0.2809999883 -0.01700000092 0.01499999966
0.2829999924 -0.01700000092 0.01499999966
0.2849999964 -0.01899999939 0.01300000027
0.2849999964 -0.01899999939 0.01499999966
0.2790000141 -0.01499999966 0.01099999994
0.2790000141 -0.01300000027 0.01099999994
0.27700001 -0.01099999994 0.01099999994
0.2790000141 -0.01099999994 0.01099999994
0.27700001 -0.008999999613 0.01099999994
0.2790000141 -0.008999999613 0.01099999994
0.2790000141 -0.01499999966 0.01300000027
0.2790000141 -0.01300000027 0.01300000027
0.2790000141 -0.01499999966 0.01499999966
0.2790000141 -0.01300000027 0.01499999966
0.27700001 -0.01099999994 0.01300000027
0.2790000141 -0.01099999994 0.01300000027
0.27700001 -0.008999999613 0.01300000027
0.27700001 -0.01099999994 0.01499999966
0.2790000141 -0.01099999994 0.01499999966
0.27700001 -0.008999999613 0.01499999966
0.2809999883 -0.01499999966 0.01099999994
0.2809999883 -0.01499999966 0.01300000027
0.2809999883 -0.01499999966 0.01499999966
0.2829999924 -0.01499999966 0.01499999966
0.2809999883 -0.01300000027 0.01499999966
0.275000006 -0.004999999888 0.01099999994
0.27700001 -0.007000000216 0.01099999994
0.27700001 -0.004999999888 0.01099999994
0.275000006 -0.003000000026 0.01099999994
0.275000006 -0.001000000047 0.01099999994
0.27700001 -0.003000000026 0.01099999994
0.27700001 -0.001000000047 0.01099999994
0.275000006 -0.004999999888 0.01300000027
0.275000006 -0.004999999888 0.01499999966
0.27700001 -0.007000000216 0.01300000027
0.27700001 -0.004999999888 0.01300000027
0.27700001 -0.007000000216 0.01499999966
0.27700001 -0.004999999888 0.01499999966
0.275000006 -0.003000000026 0.01300000027
0.275000006 -0.001000000047 0.01300000027
0.275000006 -0.003000000026 0.01499999966
0.275000006 -0.001000000047 0.01499999966
0.27700001 -0.003000000026 0.01300000027
0.27700001 -0.001000000047 0.01300000027
0.27700001 -0.003000000026 0.01499999966
0.27700001 -0.001000000047 0.01499999966
0.2849999964 -0.02099999972 0.01700000092
0.2870000005 -0.02099999972 0.01700000092
0.2849999964 -0.02099999972 0.01899999939
0.2870000005 -0.02099999972 0.01899999939
0.2829999924 -0.01899999939 0.01700000092
0.2809999883 -0.01700000092 0.01700000092
0.2829999924 -0.01700000092 0.01700000092
0.2829999924 -0.01899999939 0.01899999939
0.2809999883 -0.01700000092 0.01899999939
0.2829999924 -0.01700000092 0.01899999939
0.2849999964 -0.01899999939 0.01700000092
0.2849999964 -0.01899999939 0.01899999939
0.2849999964 -0.02099999972 0.02099999972
0.2870000005 -0.02099999972 0.02099999972
0.2849999964 -0.02099999972 0.02300000004
0.2870000005 -0.02099999972 0.02300000004
0.2829999924 -0.01899999939 0.02099999972
0.2809999883 -0.01700000092 0.02099999972
0.2829999924 -0.01700000092 0.02099999972
0.2829999924 -0.01899999939 0.02300000004
0.2809999883 -0.01700000092 0.02300000004
0.2829999924 -0.01700000092 0.02300000004
0.2849999964 -0.01899999939 0.02099999972
0.2870000005 -0.01899999939 0.02099999972
0.2849999964 -0.01899999939 0.02300000004
0.2849999964 -0.02099999972 0.02500000037
0.2870000005 -0.02099999972 0.02500000037
0.2849999964 -0.02099999972 0.0270000007
0.2870000005 -0.02099999972 0.0270000007
0.2829999924 -0.01899999939 0.02500000037
0.2809999883 -0.01700000092 0.02500000037
0.2829999924 -0.01700000092 0.02500000037
0.2829999924 -0.01899999939 0.0270000007
0.2809999883 -0.01700000092 0.0270000007
0.2829999924 -0.01700000092 0.0270000007
0.2849999964 -0.01899999939 0.02500000037
0.2870000005 -0.01899999939 0.02500000037
0.2849999964 -0.01899999939 0.0270000007
0.2870000005 -0.01899999939 0.0270000007
0.2849999964 -0.02099999972 0.02899999917
0.2870000005 -0.02099999972 0.02899999917
0.2849999964 -0.02099999972 0.03099999949
0.2870000005 -0.02099999972 0.03099999949
0.2829999924 -0.01899999939 0.02899999917
0.2809999883 -0.01700000092 0.02899999917
0.2829999924 -0.01700000092 0.02899999917
0.2829999924 -0.01899999939 0.03099999949
0.2809999883 -0.01700000092 0.03099999949
0.2829999924 -0.01700000092 0.03099999949
0.2849999964 -0.01899999939 0.02899999917
0.2870000005 -0.01899999939 0.02899999917
0.2849999964 -0.01899999939 0.03099999949
0.2870000005 -0.01899999939 0.03099999949
0.2790000141 -0.01499999966 0.01700000092
0.2790000141 -0.01300000027 0.01700000092
0.2790000141 -0.01499999966 0.01899999939
0.2790000141 -0.01300000027 0.01899999939
0.27700001 -0.01099999994 0.01700000092
0.2790000141 -0.01099999994 0.01700000092
0.27700001 -0.008999999613 0.01700000092
0.27700001 -0.01099999994 0.01899999939
0.2790000141 -0.01099999994 0.01899999939
0.27700001 -0.008999999613 0.01899999939
0.2790000141 -0.01499999966 0.02099999972
0.2790000141 -0.01300000027 0.02099999972
0.2790000141 -0.01499999966 0.02300000004
0.2790000141 -0.01300000027 0.02300000004
0.27700001 -0.01099999994 0.02099999972
0.2790000141 -0.01099999994 0.02099999972
0.27700001 -0.008999999613 0.02099999972
0.27700001 -0.01099999994 0.02300000004
0.2790000141 -0.01099999994 0.02300000004
0.27700001 -0.008999999613 0.02300000004
0.2809999883 -0.01499999966 0.01700000092
0.2809999883 -0.01300000027 0.01700000092
0.2809999883 -0.01499999966 0.01899999939
0.2809999883 -0.01499999966 0.02099999972
0.2809999883 -0.01300000027 0.02099999972
0.2809999883 -0.01499999966 0.02300000004
0.275000006 -0.004999999888 0.01700000092
0.275000006 -0.004999999888 0.01899999939
0.27700001 -0.007000000216 0.01700000092
0.27700001 -0.004999999888 0.01700000092
0.27700001 -0.007000000216 0.01899999939
0.27700001 -0.004999999888 0.01899999939
0.275000006 -0.003000000026 0.01700000092
0.275000006 -0.001000000047 0.01700000092
0.275000006 -0.003000000026 0.01899999939
0.275000006 -0.001000000047 0.01899999939
0.27700001 -0.003000000026 0.01700000092
0.27700001 -0.003000000026 0.01899999939
0.27700001 -0.001000000047 0.01899999939
0.275000006 -0.004999999888 0.02099999972
0.275000006 -0.004999999888 0.02300000004
0.27700001 -0.007000000216 0.02099999972
0.27700001 -0.004999999888 0.02099999972
0.27700001 -0.007000000216 0.02300000004
0.27700001 -0.004999999888 0.02300000004
0.275000006 -0.003000000026 0.02099999972
0.275000006 -0.001000000047 0.02099999972
0.275000006 -0.003000000026 0.02300000004
0.275000006 -0.001000000047 0.02300000004
0.27700001 -0.003000000026 0.02099999972
0.27700001 -0.001000000047 0.02099999972
0.27700001 -0.003000000026 0.02300000004
0.27700001 -0.001000000047 0.02300000004
0.2790000141 -0.01499999966 0.02500000037
0.2790000141 -0.01300000027 0.02500000037
0.2790000141 -0.01499999966 0.0270000007
0.2790000141 -0.01300000027 0.0270000007
0.27700001 -0.01099999994 0.02500000037
0.2790000141 -0.01099999994 0.02500000037
0.27700001 -0.008999999613 0.02500000037
0.27700001 -0.01099999994 0.0270000007
0.27700001 -0.008999999613 0.0270000007
0.2790000141 -0.01499999966 0.02899999917
0.2790000141 -0.01300000027 0.02899999917
0.2790000141 -0.01499999966 0.03099999949
0.2790000141 -0.01300000027 0.03099999949
0.27700001 -0.01099999994 0.02899999917
0.2790000141 -0.01099999994 0.02899999917
0.27700001 -0.008999999613 0.02899999917
0.27700001 -0.01099999994 0.03099999949
0.2790000141 -0.01099999994 0.03099999949
0.27700001 -0.008999999613 0.03099999949
0.2790000141 -0.008999999613 0.03099999949
0.2809999883 -0.01499999966 0.02500000037
0.2809999883 -0.01499999966 0.0270000007
0.2809999883 -0.01499999966 0.02899999917
0.2809999883 -0.01499999966 0.03099999949
0.275000006 -0.004999999888 0.02500000037
0.275000006 -0.004999999888 0.0270000007
0.27700001 -0.007000000216 0.02500000037
0.27700001 -0.004999999888 0.02500000037
0.27700001 -0.007000000216 0.0270000007
0.27700001 -0.004999999888 0.0270000007
0.275000006 -0.003000000026 0.02500000037
0.275000006 -0.001000000047 0.02500000037
0.275000006 -0.003000000026 0.0270000007
0.275000006 -0.001000000047 0.0270000007
0.27700001 -0.003000000026 0.02500000037
0.27700001 -0.001000000047 0.02500000037
0.27700001 -0.003000000026 0.0270000007
0.27700001 -0.001000000047 0.0270000007
0.275000006 -0.004999999888 0.02899999917
0.275000006 -0.004999999888 0.03099999949
0.27700001 -0.007000000216 0.02899999917
0.27700001 -0.004999999888 0.02899999917
0.27700001 -0.007000000216 0.03099999949
0.27700001 -0.004999999888 0.03099999949
0.275000006 -0.003000000026 0.02899999917
0.275000006 -0.001000000047 0.02899999917
0.275000006 -0.003000000026 0.03099999949
0.275000006 -0.001000000047 0.03099999949
0.27700001 -0.003000000026 0.02899999917
0.27700001 -0.001000000047 0.02899999917
0.27700001 -0.003000000026 0.03099999949
0.27700001 -0.001000000047 0.03099999949
0.2930000126 -0.02500000037 0.01099999994
0.2949999869 -0.02500000037 0.01099999994
0.2930000126 -0.02500000037 0.01300000027
0.2949999869 -0.02500000037 0.01300000027
0.2930000126 -0.02500000037 0.01499999966
0.2949999869 -0.02500000037 0.01499999966
0.2969999909 -0.02500000037 0.01099999994
0.298999995 -0.02500000037 0.01099999994
0.300999999 -0.02500000037 0.01099999994
0.3030000031 -0.02500000037 0.01099999994
0.2969999909 -0.02500000037 0.01300000027
0.298999995 -0.02500000037 0.01300000027
0.2969999909 -0.02500000037 0.01499999966
0.298999995 -0.02500000037 0.01499999966
0.300999999 -0.02500000037 0.01300000027
0.3030000031 -0.02500000037 0.01300000027
0.300999999 -0.02500000037 0.01499999966
0.3030000031 -0.02500000037 0.01499999966
0.2890000045 -0.02300000004 0.01099999994
0.2910000086 -0.02300000004 0.01099999994
0.2890000045 -0.02099999972 0.01099999994
0.2930000126 -0.02300000004 0.01099999994
0.2949999869 -0.02300000004 0.01099999994
0.2890000045 -0.02300000004 0.01300000027
0.2910000086 -0.02300000004 0.01300000027
0.2890000045 -0.02300000004 0.01499999966
0.2910000086 -0.02300000004 0.01499999966
0.2890000045 -0.02099999972 0.01499999966
0.2910000086 -0.02099999972 0.01499999966
0.2930000126 -0.02300000004 0.01300000027
0.2949999869 -0.02300000004 0.01300000027
0.2930000126 -0.02300000004 0.01499999966
0.2949999869 -0.02300000004 0.01499999966
0.2969999909 -0.02300000004 0.01099999994
0.298999995 -0.02300000004 0.01099999994
0.300999999 -0.02300000004 0.01099999994
0.3030000031 -0.02300000004 0.01099999994
0.2969999909 -0.02300000004 0.01300000027
0.298999995 -0.02300000004 0.01300000027
0.2969999909 -0.02300000004 0.01499999966
0.298999995 -0.02300000004 0.01499999966
0.300999999 -0.02300000004 0.01300000027
0.3030000031 -0.02300000004 0.01300000027
0.300999999 -0.02300000004 0.01499999966
0.3030000031 -0.02300000004 0.01499999966
0.3050000072 -0.02500000037 0.01099999994
0.3050000072 -0.02500000037 0.01300000027
0.3070000112 -0.02500000037 0.01300000027
0.3050000072 -0.02500000037 0.01499999966
0.3070000112 -0.02500000037 0.01499999966
0.3050000072 -0.02300000004 0.01099999994
0.3070000112 -0.02300000004 0.01099999994
0.3089999855 -0.02300000004 0.01099999994
0.3109999895 -0.02300000004 0.01099999994
0.3089999855 -0.02099999972 0.01099999994
0.3109999895 -0.02099999972 0.01099999994
0.3050000072 -0.02300000004 0.01300000027
0.3070000112 -0.02300000004 0.01300000027
0.3050000072 -0.02300000004 0.01499999966
0.3070000112 -0.02300000004 0.01499999966
0.3089999855 -0.02300000004 0.01300000027
0.3109999895 -0.02300000004 0.01300000027
0.3109999895 -0.02099999972 0.01300000027
0.3089999855 -0.02300000004 0.01499999966
0.3109999895 -0.02300000004 0.01499999966
0.3089999855 -0.02099999972 0.01499999966
0.3109999895 -0.02099999972 0.01499999966
0.3129999936 -0.02099999972 0.01099999994
0.3149999976 -0.02099999972 0.01099999994
0.3129999936 -0.01899999939 0.01099999994
0.3170000017 -0.01899999939 0.01099999994
0.3170000017 -0.01700000092 0.01099999994
0.3190000057 -0.01700000092 0.01099999994
0.3149999976 -0.02099999972 0.01300000027
0.3149999976 -0.02099999972 0.01499999966
0.3129999936 -0.01899999939 0.01300000027
0.3149999976 -0.01899999939 0.01300000027
0.3149999976 -0.01700000092 0.01300000027
0.3129999936 -0.01899999939 0.01499999966
0.3149999976 -0.01899999939 0.01499999966
0.3149999976 -0.01700000092 0.01499999966
0.3170000017 -0.01700000092 0.01300000027
0.3170000017 -0.01899999939 0.01499999966
0.3190000057 -0.01700000092 0.01499999966
0.3170000017 -0.01499999966 0.01099999994
0.3190000057 -0.01499999966 0.01099999994
0.3190000057 -0.01300000027 0.01099999994
0.3190000057 -0.01499999966 0.01300000027
0.3170000017 -0.01499999966 0.01499999966
0.3190000057 -0.01499999966 0.01499999966
0.3190000057 -0.01300000027 0.01499999966
0.2930000126 -0.02500000037 0.01700000092
0.2949999869 -0.02500000037 0.01700000092
0.2930000126 -0.02500000037 0.01899999939
0.2949999869 -0.02500000037 0.01899999939
0.2930000126 -0.02500000037 0.02099999972
0.2949999869 -0.02500000037 0.02099999972
0.2949999869 -0.02500000037 0.02300000004
0.2969999909 -0.02500000037 0.01700000092
0.298999995 -0.02500000037 0.01700000092
0.2969999909 -0.02500000037 0.01899999939
0.298999995 -0.02500000037 0.01899999939
0.300999999 -0.02500000037 0.01700000092
0.3030000031 -0.02500000037 0.01700000092
0.300999999 -0.02500000037 0.01899999939
0.3030000031 -0.02500000037 0.01899999939
0.2969999909 -0.02500000037 0.02099999972
0.298999995 -0.02500000037 0.02099999972
0.2969999909 -0.02500000037 0.02300000004
0.298999995 -0.02500000037 0.02300000004
0.300999999 -0.02500000037 0.02099999972
0.3030000031 -0.02500000037 0.02099999972
0.300999999 -0.02500000037 0.02300000004
0.3030000031 -0.02500000037 0.02300000004
0.2890000045 -0.02300000004 0.01700000092
0.2910000086 -0.02300000004 0.01700000092
0.2890000045 -0.02099999972 0.01700000092
0.2890000045 -0.02300000004 0.01899999939
0.2910000086 -0.02300000004 0.01899999939
0.2890000045 -0.02099999972 0.01899999939
0.2910000086 -0.02099999972 0.01899999939
0.2930000126 -0.02300000004 0.01700000092
0.2949999869 -0.02300000004 0.01700000092
0.2930000126 -0.02300000004 0.01899999939
0.2949999869 -0.02300000004 0.01899999939
0.2890000045 -0.02300000004 0.02099999972
0.2910000086 -0.02300000004 0.02099999972
0.2890000045 -0.02099999972 0.02099999972
0.2890000045 -0.02300000004 0.02300000004
0.2910000086 -0.02300000004 0.02300000004
0.2890000045 -0.02099999972 0.02300000004
0.2930000126 -0.02300000004 0.02099999972
0.2949999869 -0.02300000004 0.02099999972
0.2930000126 -0.02300000004 0.02300000004
0.2969999909 -0.02300000004 0.01700000092
0.298999995 -0.02300000004 0.01700000092
0.2969999909 -0.02300000004 0.01899999939
0.298999995 -0.02300000004 0.01899999939
0.300999999 -0.02300000004 0.01700000092
0.3030000031 -0.02300000004 0.01700000092
0.300999999 -0.02300000004 0.01899999939
0.3030000031 -0.02300000004 0.01899999939
0.2969999909 -0.02300000004 0.02099999972
0.298999995 -0.02300000004 0.02099999972
0.2969999909 -0.02300000004 0.02300000004
0.298999995 -0.02300000004 0.02300000004
0.300999999 -0.02300000004 0.02099999972
0.3030000031 -0.02300000004 0.02099999972
0.300999999 -0.02300000004 0.02300000004
0.3030000031 -0.02300000004 0.02300000004
0.2949999869 -0.02500000037 0.02500000037
0.2949999869 -0.02500000037 0.0270000007
0.2949999869 -0.02500000037 0.02899999917
0.2930000126 -0.02500000037 0.03099999949
0.2949999869 -0.02500000037 0.03099999949
0.2969999909 -0.02500000037 0.02500000037
0.298999995 -0.02500000037 0.02500000037
0.2969999909 -0.02500000037 0.0270000007
0.298999995 -0.02500000037 0.0270000007
0.300999999 -0.02500000037 0.02500000037
0.3030000031 -0.02500000037 0.02500000037
0.300999999 -0.02500000037 0.0270000007
0.3030000031 -0.02500000037 0.0270000007
0.2969999909 -0.02500000037 0.02899999917
0.298999995 -0.02500000037 0.02899999917
0.2969999909 -0.02500000037 0.03099999949
0.298999995 -0.02500000037 0.03099999949
0.300999999 -0.02500000037 0.02899999917
0.3030000031 -0.02500000037 0.02899999917
0.300999999 -0.02500000037 0.03099999949
0.3030000031 -0.02500000037 0.03099999949
0.2890000045 -0.02300000004 0.02500000037
0.2910000086 -0.02300000004 0.02500000037
0.2890000045 -0.02300000004 0.0270000007
0.2910000086 -0.02300000004 0.0270000007
0.2890000045 -0.02099999972 0.0270000007
0.2930000126 -0.02300000004 0.02500000037
0.2930000126 -0.02300000004 0.0270000007
0.2949999869 -0.02300000004 0.0270000007
0.2890000045 -0.02300000004 0.02899999917
0.2910000086 -0.02300000004 0.02899999917
0.2890000045 -0.02099999972 0.02899999917
0.2890000045 -0.02300000004 0.03099999949
0.2910000086 -0.02300000004 0.03099999949
0.2910000086 -0.02099999972 0.03099999949
0.2930000126 -0.02300000004 0.02899999917
0.2930000126 -0.02300000004 0.03099999949
0.2949999869 -0.02300000004 0.03099999949
0.2969999909 -0.02300000004 0.02500000037
0.298999995 -0.02300000004 0.02500000037
0.2969999909 -0.02300000004 0.0270000007
0.298999995 -0.02300000004 0.0270000007
0.300999999 -0.02300000004 0.02500000037
0.3030000031 -0.02300000004 0.02500000037
0.300999999 -0.02300000004 0.0270000007
0.3030000031 -0.02300000004 0.0270000007
0.298999995 -0.02300000004 0.02899999917
0.298999995 -0.02300000004 0.03099999949
0.300999999 -0.02300000004 0.02899999917
0.3030000031 -0.02300000004 0.02899999917
0.300999999 -0.02300000004 0.03099999949
0.3030000031 -0.02300000004 0.03099999949
0.3050000072 -0.02500000037 0.01700000092
0.3070000112 -0.02500000037 0.01700000092
0.3050000072 -0.02500000037 0.01899999939
0.3070000112 -0.02500000037 0.01899999939
0.3050000072 -0.02500000037 0.02099999972
0.3070000112 -0.02500000037 0.02099999972
0.3050000072 -0.02500000037 0.02300000004
0.3070000112 -0.02500000037 0.02300000004
0.3050000072 -0.02300000004 0.01700000092
0.3070000112 -0.02300000004 0.01700000092
0.3050000072 -0.02300000004 0.01899999939
0.3070000112 -0.02300000004 0.01899999939
0.3089999855 -0.02300000004 0.01700000092
0.3109999895 -0.02300000004 0.01700000092
0.3089999855 -0.02099999972 0.01700000092
0.3109999895 -0.02099999972 0.01700000092
0.3089999855 -0.02300000004 0.01899999939
0.3109999895 -0.02300000004 0.01899999939
0.3089999855 -0.02099999972 0.01899999939
0.3109999895 -0.02099999972 0.01899999939
0.3050000072 -0.02300000004 0.02099999972
0.3070000112 -0.02300000004 0.02099999972
0.3050000072 -0.02300000004 0.02300000004
0.3070000112 -0.02300000004 0.02300000004
0.3089999855 -0.02300000004 0.02099999972
0.3109999895 -0.02300000004 0.02099999972
0.3089999855 -0.02099999972 0.02099999972
0.3109999895 -0.02099999972 0.02099999972
0.3089999855 -0.02300000004 0.02300000004
0.3109999895 -0.02300000004 0.02300000004
0.3109999895 -0.02099999972 0.02300000004
0.3129999936 -0.02099999972 0.01700000092
0.3149999976 -0.02099999972 0.01700000092
0.3129999936 -0.02099999972 0.01899999939
0.3149999976 -0.02099999972 0.01899999939
0.3129999936 -0.01899999939 0.01700000092
0.3149999976 -0.01899999939 0.01700000092
0.3129999936 -0.01899999939 0.01899999939
0.3149999976 -0.01899999939 0.01899999939
0.3170000017 -0.01700000092 0.01700000092
0.3190000057 -0.01700000092 0.01700000092
0.3170000017 -0.01899999939 0.01899999939
0.3170000017 -0.01700000092 0.01899999939
0.3190000057 -0.01700000092 0.01899999939
0.3129999936 -0.02099999972 0.02099999972
0.3129999936 -0.02099999972 0.02300000004
0.3149999976 -0.02099999972 0.02300000004
0.3129999936 -0.01899999939 0.02099999972
0.3149999976 -0.01899999939 0.02099999972
0.3149999976 -0.01700000092 0.02099999972
0.3129999936 -0.01899999939 0.02300000004
0.3149999976 -0.01899999939 0.02300000004
0.3170000017 -0.01899999939 0.02099999972
0.3170000017 -0.01700000092 0.02099999972
0.3170000017 -0.01899999939 0.02300000004
0.3170000017 -0.01700000092 0.02300000004
0.3190000057 -0.01700000092 0.02300000004
0.3050000072 -0.02500000037 0.02500000037
0.3070000112 -0.02500000037 0.02500000037
0.3050000072 -0.02500000037 0.0270000007
0.3070000112 -0.02500000037 0.0270000007
0.3050000072 -0.02500000037 0.02899999917
0.3070000112 -0.02500000037 0.02899999917
0.3050000072 -0.02500000037 0.03099999949
0.3050000072 -0.02300000004 0.02500000037
0.3070000112 -0.02300000004 0.02500000037
0.3050000072 -0.02300000004 0.0270000007
0.3070000112 -0.02300000004 0.0270000007
0.3089999855 -0.02300000004 0.02500000037
0.3109999895 -0.02300000004 0.02500000037
0.3089999855 -0.02099999972 0.02500000037
0.3109999895 -0.02099999972 0.02500000037
0.3089999855 -0.02300000004 0.0270000007
0.3109999895 -0.02300000004 0.0270000007
0.3089999855 -0.02099999972 0.0270000007
0.3109999895 -0.02099999972 0.0270000007
0.3050000072 -0.02300000004 0.02899999917
0.3070000112 -0.02300000004 0.02899999917
0.3050000072 -0.02300000004 0.03099999949
0.3070000112 -0.02300000004 0.03099999949
0.3089999855 -0.02300000004 0.02899999917
0.3109999895 -0.02300000004 0.02899999917
0.3089999855 -0.02099999972 0.02899999917
0.3109999895 -0.02099999972 0.02899999917
0.3089999855 -0.02300000004 0.03099999949
0.3109999895 -0.02300000004 0.03099999949
0.3089999855 -0.02099999972 0.03099999949
0.3109999895 -0.02099999972 0.03099999949
0.3129999936 -0.02099999972 0.02500000037
0.3129999936 -0.02099999972 0.0270000007
0.3129999936 -0.01899999939 0.02500000037
0.3149999976 -0.01899999939 0.02500000037
0.3149999976 -0.01700000092 0.02500000037
0.3129999936 -0.01899999939 0.0270000007
0.3149999976 -0.01899999939 0.0270000007
0.3170000017 -0.01899999939 0.02500000037
0.3170000017 -0.01700000092 0.02500000037
0.3170000017 -0.01899999939 0.0270000007
0.3170000017 -0.01700000092 0.0270000007
0.3190000057 -0.01700000092 0.0270000007
0.3129999936 -0.02099999972 0.02899999917
0.3129999936 -0.02099999972 0.03099999949
0.3149999976 -0.02099999972 0.03099999949
0.3129999936 -0.01899999939 0.02899999917
0.3149999976 -0.01899999939 0.02899999917
0.3129999936 -0.01899999939 0.03099999949
0.3149999976 -0.01899999939 0.03099999949
0.3149999976 -0.01700000092 0.03099999949
0.3170000017 -0.01899999939 0.02899999917
0.3170000017 -0.01700000092 0.02899999917
0.3190000057 -0.01700000092 0.02899999917
0.3170000017 -0.01899999939 0.03099999949
0.3170000017 -0.01700000092 0.03099999949
0.3190000057 -0.01700000092 0.03099999949
0.3170000017 -0.01499999966 0.01700000092
0.3190000057 -0.01499999966 0.01700000092
0.3190000057 -0.01300000027 0.01700000092
0.3190000057 -0.01499999966 0.01899999939
0.3190000057 -0.01300000027 0.01899999939
0.3170000017 -0.01499999966 0.02099999972
0.3190000057 -0.01499999966 0.02099999972
0.3190000057 -0.01300000027 0.02099999972
0.3170000017 -0.01499999966 0.02300000004
0.3190000057 -0.01499999966 0.02300000004
0.3190000057 -0.01300000027 0.02300000004
0.3190000057 -0.01499999966 0.02500000037
0.3190000057 -0.01300000027 0.02500000037
0.3170000017 -0.01499999966 0.0270000007
0.3190000057 -0.01499999966 0.0270000007
0.3190000057 -0.01300000027 0.0270000007
0.3190000057 -0.01300000027 0.02899999917
0.3190000057 -0.01499999966 0.03099999949
0.3190000057 -0.01300000027 0.03099999949
0.2849999964 -0.02099999972 0.03299999982
0.2870000005 -0.02099999972 0.03299999982
0.2849999964 -0.02099999972 0.03500000015
0.2870000005 -0.02099999972 0.03500000015
0.2829999924 -0.01899999939 0.03299999982
0.2809999883 -0.01700000092 0.03299999982
0.2829999924 -0.01700000092 0.03299999982
0.2829999924 -0.01899999939 0.03500000015
0.2809999883 -0.01700000092 0.03500000015
0.2829999924 -0.01700000092 0.03500000015
0.2849999964 -0.01899999939 0.03299999982
0.2870000005 -0.01899999939 0.03299999982
0.2849999964 -0.01899999939 0.03500000015
0.2849999964 -0.02099999972 0.03700000048
0.2870000005 -0.02099999972 0.03700000048
0.2870000005 -0.02099999972 0.0390000008
0.2829999924 -0.01899999939 0.03700000048
0.2809999883 -0.01700000092 0.03700000048
0.2829999924 -0.01700000092 0.03700000048
0.2829999924 -0.01899999939 0.0390000008
0.2809999883 -0.01700000092 0.0390000008
0.2829999924 -0.01700000092 0.0390000008
0.2849999964 -0.01899999939 0.03700000048
0.2849999964 -0.01899999939 0.0390000008
0.2870000005 -0.02099999972 0.04100000113
0.2849999964 -0.02099999972 0.04300000146
0.2870000005 -0.02099999972 0.04300000146
0.2829999924 -0.01899999939 0.04100000113
0.2809999883 -0.01700000092 0.04100000113
0.2829999924 -0.01700000092 0.04100000113
0.2829999924 -0.01899999939 0.04300000146
0.2809999883 -0.01700000092 0.04300000146
0.2829999924 -0.01700000092 0.04300000146
0.2849999964 -0.01899999939 0.04100000113
0.2849999964 -0.01899999939 0.04300000146
0.2849999964 -0.02099999972 0.04500000179
0.2870000005 -0.02099999972 0.04500000179
0.2849999964 -0.02099999972 0.04699999839
0.2870000005 -0.02099999972 0.04699999839
0.2829999924 -0.01899999939 0.04500000179
0.2809999883 -0.01700000092 0.04500000179
0.2829999924 -0.01700000092 0.04500000179
0.2829999924 -0.01899999939 0.04699999839
0.2809999883 -0.01700000092 0.04699999839
0.2829999924 -0.01700000092 0.04699999839
0.2849999964 -0.01899999939 0.04500000179
0.2849999964 -0.01899999939 0.04699999839
0.2870000005 -0.01899999939 0.04699999839
0.2790000141 -0.01499999966 0.03299999982
0.2790000141 -0.01300000027 0.03299999982
0.2790000141 -0.01499999966 0.03500000015
0.2790000141 -0.01300000027 0.03500000015
0.27700001 -0.01099999994 0.03299999982
0.27700001 -0.008999999613 0.03299999982
0.27700001 -0.01099999994 0.03500000015
0.2790000141 -0.01099999994 0.03500000015
0.27700001 -0.008999999613 0.03500000015
0.2790000141 -0.01499999966 0.03700000048
0.2790000141 -0.01300000027 0.03700000048
0.2790000141 -0.01499999966 0.0390000008
0.2790000141 -0.01300000027 0.0390000008
0.27700001 -0.01099999994 0.03700000048
0.2790000141 -0.01099999994 0.03700000048
0.27700001 -0.008999999613 0.03700000048
0.27700001 -0.01099999994 0.0390000008
0.2790000141 -0.01099999994 0.0390000008
0.27700001 -0.008999999613 0.0390000008
0.2809999883 -0.01499999966 0.03299999982
0.2809999883 -0.01300000027 0.03299999982
0.2809999883 -0.01499999966 0.03500000015
0.2809999883 -0.01300000027 0.03500000015
0.2809999883 -0.01499999966 0.03700000048
0.2809999883 -0.01499999966 0.0390000008
0.275000006 -0.004999999888 0.03299999982
0.275000006 -0.004999999888 0.03500000015
0.27700001 -0.007000000216 0.03299999982
0.27700001 -0.004999999888 0.03299999982
0.27700001 -0.007000000216 0.03500000015
0.27700001 -0.004999999888 0.03500000015
0.275000006 -0.003000000026 0.03299999982
0.275000006 -0.001000000047 0.03299999982
0.275000006 -0.003000000026 0.03500000015
0.275000006 -0.001000000047 0.03500000015
0.27700001 -0.003000000026 0.03299999982
0.27700001 -0.001000000047 0.03299999982
0.27700001 -0.003000000026 0.03500000015
0.27700001 -0.001000000047 0.03500000015
0.275000006 -0.004999999888 0.03700000048
0.275000006 -0.004999999888 0.0390000008
0.27700001 -0.007000000216 0.03700000048
0.27700001 -0.004999999888 0.03700000048
0.27700001 -0.007000000216 0.0390000008
0.27700001 -0.004999999888 0.0390000008
0.275000006 -0.003000000026 0.03700000048
0.275000006 -0.001000000047 0.03700000048
0.275000006 -0.003000000026 0.0390000008
0.275000006 -0.001000000047 0.0390000008
0.27700001 -0.003000000026 0.03700000048
0.27700001 -0.001000000047 0.03700000048
0.27700001 -0.003000000026 0.0390000008
0.27700001 -0.001000000047 0.0390000008
0.2790000141 -0.01499999966 0.04100000113
0.2790000141 -0.01300000027 0.04100000113
0.2790000141 -0.01499999966 0.04300000146
0.2790000141 -0.01300000027 0.04300000146
0.27700001 -0.01099999994 0.04100000113
0.2790000141 -0.01099999994 0.04100000113
0.27700001 -0.008999999613 0.04100000113
0.27700001 -0.01099999994 0.04300000146
0.2790000141 -0.01099999994 0.04300000146
0.27700001 -0.008999999613 0.04300000146
0.2790000141 -0.01499999966 0.04500000179
0.2790000141 -0.01300000027 0.04500000179
0.2790000141 -0.01499999966 0.04699999839
0.2790000141 -0.01300000027 0.04699999839
0.27700001 -0.01099999994 0.04500000179
0.2790000141 -0.01099999994 0.04500000179
0.27700001 -0.008999999613 0.04500000179
0.27700001 -0.01099999994 0.04699999839
0.2790000141 -0.01099999994 0.04699999839
0.27700001 -0.008999999613 0.04699999839
0.2790000141 -0.008999999613 0.04699999839
0.2809999883 -0.01499999966 0.04100000113
0.2809999883 -0.01499999966 0.04300000146
0.2809999883 -0.01499999966 0.04500000179
0.2809999883 -0.01499999966 0.04699999839
0.2809999883 -0.01300000027 0.04699999839
0.275000006 -0.004999999888 0.04100000113
0.275000006 -0.004999999888 0.04300000146
0.27700001 -0.007000000216 0.04100000113
0.27700001 -0.004999999888 0.04100000113
0.27700001 -0.007000000216 0.04300000146
0.27700001 -0.004999999888 0.04300000146
0.275000006 -0.003000000026 0.04100000113
0.275000006 -0.001000000047 0.04100000113
0.275000006 -0.003000000026 0.04300000146
0.275000006 -0.001000000047 0.04300000146
0.27700001 -0.003000000026 0.04100000113
0.27700001 -0.001000000047 0.04100000113
0.27700001 -0.003000000026 0.04300000146
0.27700001 -0.001000000047 0.04300000146
0.275000006 -0.004999999888 0.04500000179
0.275000006 -0.004999999888 0.04699999839
0.27700001 -0.007000000216 0.04500000179
0.27700001 -0.004999999888 0.04500000179
0.27700001 -0.007000000216 0.04699999839
0.27700001 -0.004999999888 0.04699999839
0.275000006 -0.003000000026 0.04500000179
0.275000006 -0.001000000047 0.04500000179
0.275000006 -0.003000000026 0.04699999839
0.275000006 -0.001000000047 0.04699999839
0.27700001 -0.003000000026 0.04500000179
0.27700001 -0.001000000047 0.04500000179
0.27700001 -0.003000000026 0.04699999839
0.27700001 -0.001000000047 0.04699999839
0.2849999964 -0.02099999972 0.04899999872
0.2870000005 -0.02099999972 0.04899999872
0.2849999964 -0.02099999972 0.05099999905
0.2870000005 -0.02099999972 0.05099999905
0.2829999924 -0.01899999939 0.04899999872
0.2809999883 -0.01700000092 0.04899999872
0.2829999924 -0.01700000092 0.04899999872
0.2829999924 -0.01899999939 0.05099999905
0.2809999883 -0.01700000092 0.05099999905
0.2829999924 -0.01700000092 0.05099999905
0.2849999964 -0.01899999939 0.04899999872
0.2870000005 -0.01899999939 0.04899999872
0.2849999964 -0.01899999939 0.05099999905
0.2849999964 -0.02099999972 0.05299999937
0.2870000005 -0.02099999972 0.05299999937
0.2849999964 -0.02099999972 0.0549999997
0.2870000005 -0.02099999972 0.0549999997
0.2829999924 -0.01899999939 0.05299999937
0.2809999883 -0.01700000092 0.05299999937
0.2829999924 -0.01700000092 0.05299999937
0.2829999924 -0.01899999939 0.0549999997
0.2809999883 -0.01700000092 0.0549999997
0.2829999924 -0.01700000092 0.0549999997
0.2849999964 -0.01899999939 0.05299999937
0.2849999964 -0.01899999939 0.0549999997
0.2849999964 -0.02099999972 0.05700000003
0.2870000005 -0.02099999972 0.05700000003
0.2849999964 -0.02099999972 0.05900000036
0.2870000005 -0.02099999972 0.05900000036
0.2829999924 -0.01899999939 0.05700000003
0.2809999883 -0.01700000092 0.05700000003
0.2829999924 -0.01700000092 0.05700000003
0.2829999924 -0.01899999939 0.05900000036
0.2809999883 -0.01700000092 0.05900000036
0.2829999924 -0.01700000092 0.05900000036
0.2849999964 -0.01899999939 0.05700000003
0.2849999964 -0.01899999939 0.05900000036
0.2849999964 -0.02099999972 0.06100000069
0.2870000005 -0.02099999972 0.06100000069
0.2849999964 -0.02099999972 0.06300000101
0.2870000005 -0.02099999972 0.06300000101
0.2829999924 -0.01899999939 0.06100000069
0.2809999883 -0.01700000092 0.06100000069
0.2829999924 -0.01700000092 0.06100000069
0.2829999924 -0.01899999939 0.06300000101
0.2809999883 -0.01700000092 0.06300000101
0.2829999924 -0.01700000092 0.06300000101
0.2849999964 -0.01899999939 0.06100000069
0.2849999964 -0.01899999939 0.06300000101
0.2870000005 -0.01899999939 0.06300000101
0.2790000141 -0.01499999966 0.04899999872
0.2790000141 -0.01300000027 0.04899999872
0.2790000141 -0.01499999966 0.05099999905
0.2790000141 -0.01300000027 0.05099999905
0.27700001 -0.01099999994 0.04899999872
0.2790000141 -0.01099999994 0.04899999872
0.27700001 -0.008999999613 0.04899999872
0.27700001 -0.01099999994 0.05099999905
0.2790000141 -0.01099999994 0.05099999905
0.27700001 -0.008999999613 0.05099999905
0.2790000141 -0.008999999613 0.05099999905
0.2790000141 -0.01499999966 0.05299999937
0.2790000141 -0.01300000027 0.05299999937
0.2790000141 -0.01499999966 0.0549999997
0.2790000141 -0.01300000027 0.0549999997
0.27700001 -0.01099999994 0.05299999937
0.2790000141 -0.01099999994 0.05299999937
0.27700001 -0.008999999613 0.05299999937
0.27700001 -0.01099999994 0.0549999997
0.2790000141 -0.01099999994 0.0549999997
0.27700001 -0.008999999613 0.0549999997
0.2809999883 -0.01499999966 0.04899999872
0.2809999883 -0.01499999966 0.05099999905
0.2809999883 -0.01300000027 0.05099999905
0.2809999883 -0.01499999966 0.05299999937
0.2809999883 -0.01300000027 0.05299999937
0.2809999883 -0.01499999966 0.0549999997
0.275000006 -0.004999999888 0.04899999872
0.275000006 -0.004999999888 0.05099999905
0.27700001 -0.007000000216 0.04899999872
0.27700001 -0.007000000216 0.05099999905
0.27700001 -0.004999999888 0.05099999905
0.275000006 -0.003000000026 0.04899999872
0.275000006 -0.001000000047 0.04899999872
0.275000006 -0.003000000026 0.05099999905
0.27700001 -0.003000000026 0.04899999872
0.27700001 -0.001000000047 0.04899999872
0.27700001 -0.003000000026 0.05099999905
0.27700001 -0.001000000047 0.05099999905
0.275000006 -0.004999999888 0.05299999937
0.275000006 -0.004999999888 0.0549999997
0.27700001 -0.007000000216 0.05299999937
0.27700001 -0.004999999888 0.05299999937
0.27700001 -0.007000000216 0.0549999997
0.27700001 -0.004999999888 0.0549999997
0.275000006 -0.003000000026 0.05299999937
0.275000006 -0.003000000026 0.0549999997
0.27700001 -0.003000000026 0.05299999937
0.27700001 -0.001000000047 0.05299999937
0.27700001 -0.003000000026 0.0549999997
0.27700001 -0.001000000047 0.0549999997
0.2790000141 -0.01499999966 0.05700000003
0.2790000141 -0.01300000027 0.05700000003
0.2790000141 -0.01499999966 0.05900000036
0.2790000141 -0.01300000027 0.05900000036
0.27700001 -0.01099999994 0.05700000003
0.2790000141 -0.01099999994 0.05700000003
0.27700001 -0.008999999613 0.05700000003
0.27700001 -0.01099999994 0.05900000036
0.2790000141 -0.01099999994 0.05900000036
0.27700001 -0.008999999613 0.05900000036
0.2790000141 -0.01499999966 0.06100000069
0.2790000141 -0.01300000027 0.06100000069
0.2790000141 -0.01499999966 0.06300000101
0.2790000141 -0.01300000027 0.06300000101
0.27700001 -0.01099999994 0.06100000069
0.2790000141 -0.01099999994 0.06100000069
0.27700001 -0.008999999613 0.06100000069
0.27700001 -0.01099999994 0.06300000101
0.2790000141 -0.01099999994 0.06300000101
0.27700001 -0.008999999613 0.06300000101
0.2809999883 -0.01499999966 0.05700000003
0.2809999883 -0.01499999966 0.05900000036
0.2809999883 -0.01499999966 0.06100000069
0.2809999883 -0.01499999966 0.06300000101
0.275000006 -0.004999999888 0.05700000003
0.275000006 -0.004999999888 0.05900000036
0.27700001 -0.007000000216 0.05700000003
0.27700001 -0.004999999888 0.05700000003
0.27700001 -0.007000000216 0.05900000036
0.27700001 -0.004999999888 0.05900000036
0.275000006 -0.003000000026 0.05700000003
0.275000006 -0.003000000026 0.05900000036
0.275000006 -0.001000000047 0.05900000036
0.27700001 -0.003000000026 0.05700000003
0.27700001 -0.001000000047 0.05700000003
0.27700001 -0.003000000026 0.05900000036
0.27700001 -0.001000000047 0.05900000036
0.275000006 -0.004999999888 0.06100000069
0.275000006 -0.004999999888 0.06300000101
0.27700001 -0.007000000216 0.06100000069
0.27700001 -0.004999999888 0.06100000069
0.27700001 -0.007000000216 0.06300000101
0.27700001 -0.004999999888 0.06300000101
0.275000006 -0.003000000026 0.06100000069
0.275000006 -0.001000000047 0.06100000069
0.275000006 -0.003000000026 0.06300000101
0.275000006 -0.001000000047 0.06300000101
0.27700001 -0.003000000026 0.06100000069
0.27700001 -0.001000000047 0.06100000069
0.27700001 -0.003000000026 0.06300000101
0.27700001 -0.001000000047 0.06300000101
0.2930000126 -0.02500000037 0.03299999982
0.2949999869 -0.02500000037 0.03299999982
0.2930000126 -0.02500000037 0.03500000015
0.2949999869 -0.02500000037 0.03500000015
0.2930000126 -0.02500000037 0.03700000048
0.2949999869 -0.02500000037 0.03700000048
0.2930000126 -0.02500000037 0.0390000008
0.2949999869 -0.02500000037 0.0390000008
0.2969999909 -0.02500000037 0.03299999982
0.298999995 -0.02500000037 0.03299999982
0.2969999909 -0.02500000037 0.03500000015
0.298999995 -0.02500000037 0.03500000015
0.300999999 -0.02500000037 0.03299999982
0.3030000031 -0.02500000037 0.03299999982
0.300999999 -0.02500000037 0.03500000015
0.3030000031 -0.02500000037 0.03500000015
0.2969999909 -0.02500000037 0.03700000048
0.298999995 -0.02500000037 0.03700000048
0.2969999909 -0.02500000037 0.0390000008
0.298999995 -0.02500000037 0.0390000008
0.300999999 -0.02500000037 0.03700000048
0.3030000031 -0.02500000037 0.03700000048
0.300999999 -0.02500000037 0.0390000008
0.3030000031 -0.02500000037 0.0390000008
0.2890000045 -0.02300000004 0.03299999982
0.2910000086 -0.02300000004 0.03299999982
0.2890000045 -0.02099999972 0.03299999982
0.2890000045 -0.02300000004 0.03500000015
0.2910000086 -0.02300000004 0.03500000015
0.2890000045 -0.02099999972 0.03500000015
0.2930000126 -0.02300000004 0.03299999982
0.2930000126 -0.02300000004 0.03500000015
0.2949999869 -0.02300000004 0.03500000015
0.2890000045 -0.02300000004 0.03700000048
0.2910000086 -0.02300000004 0.03700000048
0.2890000045 -0.02099999972 0.03700000048
0.2890000045 -0.02300000004 0.0390000008
0.2910000086 -0.02300000004 0.0390000008
0.2890000045 -0.02099999972 0.0390000008
0.2910000086 -0.02099999972 0.0390000008
0.2930000126 -0.02300000004 0.03700000048
0.2949999869 -0.02300000004 0.03700000048
0.2930000126 -0.02300000004 0.0390000008
0.298999995 -0.02300000004 0.03299999982
0.2969999909 -0.02300000004 0.03500000015
0.300999999 -0.02300000004 0.03299999982
0.3030000031 -0.02300000004 0.03299999982
0.300999999 -0.02300000004 0.03500000015
0.3030000031 -0.02300000004 0.03500000015
0.2969999909 -0.02300000004 0.0390000008
0.300999999 -0.02300000004 0.03700000048
0.3030000031 -0.02300000004 0.03700000048
0.300999999 -0.02300000004 0.0390000008
0.3030000031 -0.02300000004 0.0390000008
0.2930000126 -0.02500000037 0.04100000113
0.2949999869 -0.02500000037 0.04100000113
0.2930000126 -0.02500000037 0.04300000146
0.2949999869 -0.02500000037 0.04300000146
0.2930000126 -0.02500000037 0.04500000179
0.2949999869 -0.02500000037 0.04500000179
0.2930000126 -0.02500000037 0.04699999839
0.2949999869 -0.02500000037 0.04699999839
0.2969999909 -0.02500000037 0.04100000113
0.298999995 -0.02500000037 0.04100000113
0.2969999909 -0.02500000037 0.04300000146
0.298999995 -0.02500000037 0.04300000146
0.300999999 -0.02500000037 0.04100000113
0.3030000031 -0.02500000037 0.04100000113
0.300999999 -0.02500000037 0.04300000146
0.3030000031 -0.02500000037 0.04300000146
0.2969999909 -0.02500000037 0.04500000179
0.298999995 -0.02500000037 0.04500000179
0.2969999909 -0.02500000037 0.04699999839
0.298999995 -0.02500000037 0.04699999839
0.300999999 -0.02500000037 0.04500000179
0.3030000031 -0.02500000037 0.04500000179
0.300999999 -0.02500000037 0.04699999839
0.3030000031 -0.02500000037 0.04699999839
0.2890000045 -0.02300000004 0.04100000113
0.2910000086 -0.02300000004 0.04100000113
0.2890000045 -0.02099999972 0.04100000113
0.2890000045 -0.02300000004 0.04300000146
0.2910000086 -0.02300000004 0.04300000146
0.2890000045 -0.02099999972 0.04300000146
0.2910000086 -0.02099999972 0.04300000146
0.2930000126 -0.02300000004 0.04100000113
0.2930000126 -0.02300000004 0.04300000146
0.2949999869 -0.02300000004 0.04300000146
0.2890000045 -0.02300000004 0.04500000179
0.2910000086 -0.02300000004 0.04500000179
0.2890000045 -0.02099999972 0.04500000179
0.2890000045 -0.02300000004 0.04699999839
0.2910000086 -0.02300000004 0.04699999839
0.2890000045 -0.02099999972 0.04699999839
0.2930000126 -0.02300000004 0.04500000179
0.2949999869 -0.02300000004 0.04500000179
0.2930000126 -0.02300000004 0.04699999839
0.2949999869 -0.02300000004 0.04699999839
0.2969999909 -0.02300000004 0.04100000113
0.298999995 -0.02300000004 0.04100000113
0.3030000031 -0.02300000004 0.04100000113
0.3030000031 -0.02300000004 0.04300000146
0.2969999909 -0.02300000004 0.04500000179
0.298999995 -0.02300000004 0.04500000179
0.298999995 -0.02300000004 0.04699999839
0.3030000031 -0.02300000004 0.04500000179
0.3050000072 -0.02500000037 0.03299999982
0.3050000072 -0.02500000037 0.03500000015
0.3050000072 -0.02500000037 0.03700000048
0.3050000072 -0.02500000037 0.0390000008
0.3070000112 -0.02500000037 0.0390000008
0.3050000072 -0.02300000004 0.03299999982
0.3070000112 -0.02300000004 0.03299999982
0.3050000072 -0.02300000004 0.03500000015
0.3070000112 -0.02300000004 0.03500000015
0.3089999855 -0.02300000004 0.03299999982
0.3089999855 -0.02099999972 0.03299999982
0.3089999855 -0.02300000004 0.03500000015
0.3109999895 -0.02300000004 0.03500000015
0.3089999855 -0.02099999972 0.03500000015
0.3109999895 -0.02099999972 0.03500000015
0.3050000072 -0.02300000004 0.03700000048
0.3070000112 -0.02300000004 0.03700000048
0.3050000072 -0.02300000004 0.0390000008
0.3070000112 -0.02300000004 0.0390000008
0.3089999855 -0.02300000004 0.03700000048
0.3109999895 -0.02300000004 0.03700000048
0.3089999855 -0.02099999972 0.03700000048
0.3109999895 -0.02099999972 0.03700000048
0.3089999855 -0.02300000004 0.0390000008
0.3109999895 -0.02300000004 0.0390000008
0.3089999855 -0.02099999972 0.0390000008
0.3109999895 -0.02099999972 0.0390000008
0.3129999936 -0.02099999972 0.03299999982
0.3149999976 -0.02099999972 0.03299999982
0.3149999976 -0.02099999972 0.03500000015
0.3129999936 -0.01899999939 0.03299999982
0.3149999976 -0.01899999939 0.03299999982
0.3129999936 -0.01899999939 0.03500000015
0.3149999976 -0.01899999939 0.03500000015
0.3170000017 -0.01899999939 0.03299999982
0.3170000017 -0.01700000092 0.03299999982
0.3190000057 -0.01700000092 0.03299999982
0.3170000017 -0.01700000092 0.03500000015
0.3190000057 -0.01700000092 0.03500000015
0.3129999936 -0.02099999972 0.03700000048
0.3149999976 -0.02099999972 0.03700000048
0.3129999936 -0.02099999972 0.0390000008
0.3149999976 -0.02099999972 0.0390000008
0.3129999936 -0.01899999939 0.03700000048
0.3149999976 -0.01899999939 0.03700000048
0.3149999976 -0.01700000092 0.03700000048
0.3129999936 -0.01899999939 0.0390000008
0.3149999976 -0.01899999939 0.0390000008
0.3170000017 -0.01899999939 0.03700000048
0.3170000017 -0.01700000092 0.03700000048
0.3190000057 -0.01700000092 0.03700000048
0.3170000017 -0.01899999939 0.0390000008
0.3170000017 -0.01700000092 0.0390000008
0.3190000057 -0.01700000092 0.0390000008
0.3050000072 -0.02500000037 0.04100000113
0.3070000112 -0.02500000037 0.04100000113
0.3050000072 -0.02500000037 0.04300000146
0.3070000112 -0.02500000037 0.04300000146
0.3050000072 -0.02500000037 0.04500000179
0.3070000112 -0.02500000037 0.04500000179
0.3050000072 -0.02500000037 0.04699999839
0.3070000112 -0.02500000037 0.04699999839
0.3050000072 -0.02300000004 0.04100000113
0.3070000112 -0.02300000004 0.04100000113
0.3050000072 -0.02300000004 0.04300000146
0.3070000112 -0.02300000004 0.04300000146
0.3089999855 -0.02300000004 0.04100000113
0.3109999895 -0.02300000004 0.04100000113
0.3089999855 -0.02099999972 0.04100000113
0.3109999895 -0.02099999972 0.04100000113
0.3089999855 -0.02300000004 0.04300000146
0.3109999895 -0.02300000004 0.04300000146
0.3089999855 -0.02099999972 0.04300000146
0.3109999895 -0.02099999972 0.04300000146
0.3050000072 -0.02300000004 0.04500000179
0.3070000112 -0.02300000004 0.04500000179
0.3050000072 -0.02300000004 0.04699999839
0.3070000112 -0.02300000004 0.04699999839
0.3089999855 -0.02300000004 0.04500000179
0.3109999895 -0.02300000004 0.04500000179
0.3089999855 -0.02099999972 0.04500000179
0.3109999895 -0.02099999972 0.04500000179
0.3089999855 -0.02300000004 0.04699999839
0.3109999895 -0.02300000004 0.04699999839
0.3089999855 -0.02099999972 0.04699999839
0.3129999936 -0.02099999972 0.04100000113
0.3149999976 -0.02099999972 0.04100000113
0.3129999936 -0.02099999972 0.04300000146
0.3149999976 -0.02099999972 0.04300000146
0.3129999936 -0.01899999939 0.04100000113
0.3149999976 -0.01899999939 0.04100000113
0.3149999976 -0.01700000092 0.04100000113
0.3129999936 -0.01899999939 0.04300000146
0.3149999976 -0.01899999939 0.04300000146
0.3170000017 -0.01700000092 0.04100000113
0.3190000057 -0.01700000092 0.04100000113
0.3170000017 -0.01899999939 0.04300000146
0.3170000017 -0.01700000092 0.04300000146
0.3190000057 -0.01700000092 0.04300000146
0.3129999936 -0.02099999972 0.04500000179
0.3129999936 -0.02099999972 0.04699999839
0.3149999976 -0.02099999972 0.04699999839
0.3129999936 -0.01899999939 0.04500000179
0.3149999976 -0.01899999939 0.04500000179
0.3129999936 -0.01899999939 0.04699999839
0.3149999976 -0.01899999939 0.04699999839
0.3170000017 -0.01899999939 0.04500000179
0.3170000017 -0.01700000092 0.04500000179
0.3170000017 -0.01899999939 0.04699999839
0.3170000017 -0.01700000092 0.04699999839
0.3190000057 -0.01700000092 0.04699999839
0.3170000017 -0.01499999966 0.03299999982
0.3190000057 -0.01300000027 0.03299999982
0.3170000017 -0.01499999966 0.03500000015
0.3190000057 -0.01499999966 0.03500000015
0.3190000057 -0.01300000027 0.03500000015
0.3190000057 -0.01499999966 0.03700000048
0.3190000057 -0.01300000027 0.03700000048
0.3170000017 -0.01499999966 0.0390000008
0.3190000057 -0.01499999966 0.0390000008
0.3190000057 -0.01300000027 0.0390000008
0.3170000017 -0.01499999966 0.04100000113
0.3190000057 -0.01499999966 0.04100000113
0.3190000057 -0.01300000027 0.04100000113
0.3190000057 -0.01499999966 0.04300000146
0.3190000057 -0.01300000027 0.04300000146
0.3170000017 -0.01499999966 0.04500000179
0.3190000057 -0.01499999966 0.04500000179
0.3190000057 -0.01300000027 0.04500000179
0.3190000057 -0.01499999966 0.04699999839
0.3190000057 -0.01300000027 0.04699999839
0.2930000126 -0.02500000037 0.04899999872
0.2949999869 -0.02500000037 0.04899999872
0.2930000126 -0.02500000037 0.05099999905
0.2949999869 -0.02500000037 0.05099999905
0.2930000126 -0.02500000037 0.05299999937
0.2949999869 -0.02500000037 0.05299999937
0.2930000126 -0.02500000037 0.0549999997
0.2949999869 -0.02500000037 0.0549999997
0.2969999909 -0.02500000037 0.04899999872
0.298999995 -0.02500000037 0.04899999872
0.2969999909 -0.02500000037 0.05099999905
0.298999995 -0.02500000037 0.05099999905
0.300999999 -0.02500000037 0.04899999872
0.3030000031 -0.02500000037 0.04899999872
0.300999999 -0.02500000037 0.05099999905
0.3030000031 -0.02500000037 0.05099999905
0.2969999909 -0.02500000037 0.05299999937
0.298999995 -0.02500000037 0.05299999937
0.2969999909 -0.02500000037 0.0549999997
0.298999995 -0.02500000037 0.0549999997
0.300999999 -0.02500000037 0.05299999937
0.3030000031 -0.02500000037 0.05299999937
0.300999999 -0.02500000037 0.0549999997
0.3030000031 -0.02500000037 0.0549999997
0.2890000045 -0.02300000004 0.04899999872
0.2910000086 -0.02300000004 0.04899999872
0.2890000045 -0.02300000004 0.05099999905
0.2910000086 -0.02300000004 0.05099999905
0.2890000045 -0.02099999972 0.05099999905
0.2930000126 -0.02300000004 0.04899999872
0.2949999869 -0.02300000004 0.04899999872
0.2930000126 -0.02300000004 0.05099999905
0.2949999869 -0.02300000004 0.05099999905
0.2890000045 -0.02300000004 0.05299999937
0.2910000086 -0.02300000004 0.05299999937
0.2890000045 -0.02099999972 0.05299999937
0.2890000045 -0.02300000004 0.0549999997
0.2910000086 -0.02300000004 0.0549999997
0.2930000126 -0.02300000004 0.05299999937
0.2949999869 -0.02300000004 0.05299999937
0.2930000126 -0.02300000004 0.0549999997
0.2969999909 -0.02300000004 0.04899999872
0.2969999909 -0.02300000004 0.05099999905
0.298999995 -0.02300000004 0.05099999905
0.2969999909 -0.02300000004 0.05299999937
0.298999995 -0.02300000004 0.05299999937
0.2969999909 -0.02300000004 0.0549999997
0.300999999 -0.02300000004 0.0549999997
0.2930000126 -0.02500000037 0.05700000003
0.2949999869 -0.02500000037 0.05700000003
0.2930000126 -0.02500000037 0.05900000036
0.2949999869 -0.02500000037 0.05900000036
0.2930000126 -0.02500000037 0.06100000069
0.2949999869 -0.02500000037 0.06100000069
0.2949999869 -0.02500000037 0.06300000101
0.2969999909 -0.02500000037 0.05700000003
0.298999995 -0.02500000037 0.05700000003
0.2969999909 -0.02500000037 0.05900000036
0.298999995 -0.02500000037 0.05900000036
0.300999999 -0.02500000037 0.05700000003
0.3030000031 -0.02500000037 0.05700000003
0.300999999 -0.02500000037 0.05900000036
0.3030000031 -0.02500000037 0.05900000036
0.2969999909 -0.02500000037 0.06100000069
0.298999995 -0.02500000037 0.06100000069
0.2969999909 -0.02500000037 0.06300000101
0.298999995 -0.02500000037 0.06300000101
0.300999999 -0.02500000037 0.06100000069
0.3030000031 -0.02500000037 0.06100000069
0.300999999 -0.02500000037 0.06300000101
0.3030000031 -0.02500000037 0.06300000101
0.2890000045 -0.02300000004 0.05700000003
0.2910000086 -0.02300000004 0.05700000003
0.2890000045 -0.02300000004 0.05900000036
0.2910000086 -0.02300000004 0.05900000036
0.2890000045 -0.02099999972 0.05900000036
0.2930000126 -0.02300000004 0.05700000003
0.2949999869 -0.02300000004 0.05700000003
0.2890000045 -0.02300000004 0.06100000069
0.2910000086 -0.02300000004 0.06100000069
0.2890000045 -0.02300000004 0.06300000101
0.2910000086 -0.02300000004 0.06300000101
0.2930000126 -0.02300000004 0.06100000069
0.2949999869 -0.02300000004 0.06100000069
0.2930000126 -0.02300000004 0.06300000101
0.2949999869 -0.02300000004 0.06300000101
0.2969999909 -0.02300000004 0.05700000003
0.2969999909 -0.02300000004 0.05900000036
0.300999999 -0.02300000004 0.05900000036
0.3030000031 -0.02300000004 0.05900000036
0.2969999909 -0.02300000004 0.06100000069
0.298999995 -0.02300000004 0.06100000069
0.298999995 -0.02300000004 0.06300000101
0.300999999 -0.02300000004 0.06100000069
0.300999999 -0.02300000004 0.06300000101
0.3050000072 -0.02500000037 0.04899999872
0.3070000112 -0.02500000037 0.04899999872
0.3050000072 -0.02500000037 0.05099999905
0.3070000112 -0.02500000037 0.05099999905
0.3050000072 -0.02500000037 0.05299999937
0.3070000112 -0.02500000037 0.05299999937
0.3050000072 -0.02500000037 0.0549999997
0.3070000112 -0.02500000037 0.0549999997
0.3050000072 -0.02300000004 0.04899999872
0.3070000112 -0.02300000004 0.04899999872
0.3070000112 -0.02300000004 0.05099999905
0.3089999855 -0.02300000004 0.04899999872
0.3109999895 -0.02300000004 0.04899999872
0.3089999855 -0.02099999972 0.04899999872
0.3109999895 -0.02099999972 0.04899999872
0.3089999855 -0.02300000004 0.05099999905
0.3109999895 -0.02300000004 0.05099999905
0.3089999855 -0.02099999972 0.05099999905
0.3109999895 -0.02099999972 0.05099999905
0.3050000072 -0.02300000004 0.05299999937
0.3070000112 -0.02300000004 0.0549999997
0.3089999855 -0.02300000004 0.05299999937
0.3109999895 -0.02300000004 0.05299999937
0.3109999895 -0.02099999972 0.05299999937
0.3089999855 -0.02300000004 0.0549999997
0.3109999895 -0.02300000004 0.0549999997
0.3089999855 -0.02099999972 0.0549999997
0.3109999895 -0.02099999972 0.0549999997
0.3129999936 -0.02099999972 0.04899999872
0.3129999936 -0.02099999972 0.05099999905
0.3149999976 -0.02099999972 0.05099999905
0.3129999936 -0.01899999939 0.04899999872
0.3149999976 -0.01899999939 0.04899999872
0.3129999936 -0.01899999939 0.05099999905
0.3149999976 -0.01899999939 0.05099999905
0.3170000017 -0.01899999939 0.04899999872
0.3170000017 -0.01700000092 0.04899999872
0.3190000057 -0.01700000092 0.04899999872
0.3170000017 -0.01899999939 0.05099999905
0.3170000017 -0.01700000092 0.05099999905
0.3129999936 -0.02099999972 0.05299999937
0.3129999936 -0.02099999972 0.0549999997
0.3149999976 -0.02099999972 0.0549999997
0.3129999936 -0.01899999939 0.05299999937
0.3149999976 -0.01899999939 0.05299999937
0.3129999936 -0.01899999939 0.0549999997
0.3149999976 -0.01899999939 0.0549999997
0.3170000017 -0.01899999939 0.05299999937
0.3170000017 -0.01700000092 0.05299999937
0.3190000057 -0.01700000092 0.05299999937
0.3170000017 -0.01899999939 0.0549999997
0.3170000017 -0.01700000092 0.0549999997
0.3190000057 -0.01700000092 0.0549999997
0.3050000072 -0.02500000037 0.05700000003
0.3050000072 -0.02500000037 0.05900000036
0.3070000112 -0.02500000037 0.05900000036
0.3050000072 -0.02500000037 0.06100000069
0.3050000072 -0.02500000037 0.06300000101
0.3070000112 -0.02300000004 0.05700000003
0.3070000112 -0.02300000004 0.05900000036
0.3089999855 -0.02300000004 0.05700000003
0.3089999855 -0.02099999972 0.05700000003
0.3109999895 -0.02099999972 0.05700000003
0.3089999855 -0.02300000004 0.05900000036
0.3109999895 -0.02300000004 0.05900000036
0.3109999895 -0.02099999972 0.05900000036
0.3070000112 -0.02300000004 0.06100000069
0.3070000112 -0.02300000004 0.06300000101
0.3089999855 -0.02300000004 0.06100000069
0.3109999895 -0.02300000004 0.06100000069
0.3109999895 -0.02099999972 0.06100000069
0.3089999855 -0.02300000004 0.06300000101
0.3109999895 -0.02300000004 0.06300000101
0.3109999895 -0.02099999972 0.06300000101
0.3129999936 -0.02099999972 0.05700000003
0.3149999976 -0.02099999972 0.05700000003
0.3149999976 -0.02099999972 0.05900000036
0.3129999936 -0.01899999939 0.05700000003
0.3149999976 -0.01899999939 0.05700000003
0.3129999936 -0.01899999939 0.05900000036
0.3149999976 -0.01899999939 0.05900000036
0.3170000017 -0.01700000092 0.05700000003
0.3190000057 -0.01700000092 0.05700000003
0.3170000017 -0.01899999939 0.05900000036
0.3170000017 -0.01700000092 0.05900000036
0.3190000057 -0.01700000092 0.05900000036
0.3129999936 -0.02099999972 0.06100000069
0.3149999976 -0.02099999972 0.06100000069
0.3129999936 -0.02099999972 0.06300000101
0.3149999976 -0.02099999972 0.06300000101
0.3129999936 -0.01899999939 0.06100000069
0.3149999976 -0.01899999939 0.06100000069
0.3149999976 -0.01700000092 0.06100000069
0.3129999936 -0.01899999939 0.06300000101
0.3149999976 -0.01899999939 0.06300000101
0.3170000017 -0.01700000092 0.06100000069
0.3190000057 -0.01700000092 0.06100000069
0.3170000017 -0.01899999939 0.06300000101
0.3170000017 -0.01700000092 0.06300000101
0.3190000057 -0.01499999966 0.04899999872
0.3190000057 -0.01300000027 0.04899999872
0.3190000057 -0.01499999966 0.05099999905
0.3190000057 -0.01300000027 0.05099999905
0.3190000057 -0.01300000027 0.05299999937
0.3190000057 -0.01499999966 0.0549999997
0.3190000057 -0.01300000027 0.0549999997
0.3190000057 -0.01499999966 0.05700000003
0.3190000057 -0.01300000027 0.05700000003
0.3190000057 -0.01300000027 0.05900000036
0.3170000017 -0.01499999966 0.06100000069
0.3190000057 -0.01499999966 0.06100000069
0.3190000057 -0.01300000027 0.06100000069
0.3190000057 -0.01499999966 0.06300000101
0.3190000057 -0.01300000027 0.06300000101
0.3210000098 -0.01499999966 0.01099999994
0.3210000098 -0.01099999994 0.01099999994
0.3230000138 -0.01099999994 0.01099999994
0.3230000138 -0.008999999613 0.01099999994
0.3210000098 -0.01300000027 0.01300000027
0.3210000098 -0.01499999966 0.01499999966
0.3210000098 -0.01300000027 0.01499999966
0.3210000098 -0.01099999994 0.01300000027
0.3230000138 -0.01099999994 0.01300000027
0.3230000138 -0.008999999613 0.01300000027
0.3210000098 -0.01099999994 0.01499999966
0.3230000138 -0.01099999994 0.01499999966
0.3210000098 -0.008999999613 0.01499999966
0.3230000138 -0.008999999613 0.01499999966
0.3230000138 -0.007000000216 0.01099999994
0.3230000138 -0.004999999888 0.01099999994
0.3249999881 -0.007000000216 0.01099999994
0.3249999881 -0.004999999888 0.01099999994
0.3249999881 -0.003000000026 0.01099999994
0.3249999881 -0.001000000047 0.01099999994
0.3230000138 -0.007000000216 0.01300000027
0.3230000138 -0.004999999888 0.01300000027
0.3230000138 -0.007000000216 0.01499999966
0.3230000138 -0.004999999888 0.01499999966
0.3249999881 -0.007000000216 0.01300000027
0.3249999881 -0.004999999888 0.01300000027
0.3249999881 -0.007000000216 0.01499999966
0.3249999881 -0.004999999888 0.01499999966
0.3249999881 -0.003000000026 0.01300000027
0.3249999881 -0.001000000047 0.01300000027
0.3249999881 -0.003000000026 0.01499999966
0.3249999881 -0.001000000047 0.01499999966
0.3210000098 -0.01300000027 0.01700000092
0.3210000098 -0.01499999966 0.01899999939
0.3210000098 -0.01300000027 0.01899999939
0.3210000098 -0.01099999994 0.01700000092
0.3230000138 -0.01099999994 0.01700000092
0.3210000098 -0.008999999613 0.01700000092
0.3230000138 -0.008999999613 0.01700000092
0.3210000098 -0.01099999994 0.01899999939
0.3210000098 -0.008999999613 0.01899999939
0.3230000138 -0.008999999613 0.01899999939
0.3210000098 -0.01499999966 0.02099999972
0.3210000098 -0.01300000027 0.02099999972
0.3210000098 -0.01300000027 0.02300000004
0.3210000098 -0.01099999994 0.02099999972
0.3230000138 -0.008999999613 0.02099999972
0.3210000098 -0.01099999994 0.02300000004
0.3230000138 -0.008999999613 0.02300000004
0.3230000138 -0.007000000216 0.01700000092
0.3230000138 -0.004999999888 0.01700000092
0.3230000138 -0.007000000216 0.01899999939
0.3230000138 -0.004999999888 0.01899999939
0.3249999881 -0.007000000216 0.01700000092
0.3249999881 -0.004999999888 0.01700000092
0.3249999881 -0.007000000216 0.01899999939
0.3249999881 -0.004999999888 0.01899999939
0.3230000138 -0.003000000026 0.01899999939
0.3249999881 -0.003000000026 0.01700000092
0.3249999881 -0.001000000047 0.01700000092
0.3249999881 -0.003000000026 0.01899999939
0.3249999881 -0.001000000047 0.01899999939
0.3230000138 -0.007000000216 0.02099999972
0.3230000138 -0.004999999888 0.02099999972
0.3230000138 -0.007000000216 0.02300000004
0.3230000138 -0.004999999888 0.02300000004
0.3249999881 -0.007000000216 0.02099999972
0.3249999881 -0.004999999888 0.02099999972
0.3249999881 -0.007000000216 0.02300000004
0.3249999881 -0.004999999888 0.02300000004
0.3230000138 -0.003000000026 0.02099999972
0.3230000138 -0.001000000047 0.02099999972
0.3230000138 -0.003000000026 0.02300000004
0.3230000138 -0.001000000047 0.02300000004
0.3249999881 -0.003000000026 0.02099999972
0.3249999881 -0.001000000047 0.02099999972
0.3249999881 -0.003000000026 0.02300000004
0.3249999881 -0.001000000047 0.02300000004
0.3210000098 -0.01300000027 0.0270000007
0.3210000098 -0.01099999994 0.02500000037
0.3230000138 -0.01099999994 0.02500000037
0.3210000098 -0.008999999613 0.02500000037
0.3230000138 -0.008999999613 0.02500000037
0.3210000098 -0.01099999994 0.0270000007
0.3210000098 -0.008999999613 0.0270000007
0.3230000138 -0.008999999613 0.0270000007
0.3210000098 -0.01499999966 0.02899999917
0.3210000098 -0.01300000027 0.03099999949
0.3210000098 -0.01099999994 0.02899999917
0.3230000138 -0.01099999994 0.02899999917
0.3210000098 -0.008999999613 0.02899999917
0.3230000138 -0.008999999613 0.02899999917
0.3210000098 -0.01099999994 0.03099999949
0.3230000138 -0.01099999994 0.03099999949
0.3230000138 -0.008999999613 0.03099999949
0.3230000138 -0.007000000216 0.02500000037
0.3230000138 -0.004999999888 0.02500000037
0.3230000138 -0.007000000216 0.0270000007
0.3230000138 -0.004999999888 0.0270000007
0.3249999881 -0.007000000216 0.02500000037
0.3249999881 -0.004999999888 0.02500000037
0.3249999881 -0.004999999888 0.0270000007
0.3230000138 -0.003000000026 0.02500000037
0.3230000138 -0.001000000047 0.02500000037
0.3230000138 -0.003000000026 0.0270000007
0.3230000138 -0.001000000047 0.0270000007
0.3249999881 -0.003000000026 0.02500000037
0.3249999881 -0.001000000047 0.02500000037
0.3249999881 -0.003000000026 0.0270000007
0.3249999881 -0.001000000047 0.0270000007
0.3230000138 -0.007000000216 0.02899999917
0.3230000138 -0.004999999888 0.02899999917
0.3230000138 -0.007000000216 0.03099999949
0.3230000138 -0.004999999888 0.03099999949
0.3249999881 -0.007000000216 0.02899999917
0.3249999881 -0.004999999888 0.02899999917
0.3249999881 -0.004999999888 0.03099999949
0.3230000138 -0.003000000026 0.02899999917
0.3230000138 -0.001000000047 0.02899999917
0.3230000138 -0.003000000026 0.03099999949
0.3230000138 -0.001000000047 0.03099999949
0.3249999881 -0.003000000026 0.02899999917
0.3249999881 -0.001000000047 0.02899999917
0.3249999881 -0.003000000026 0.03099999949
0.3249999881 -0.001000000047 0.03099999949
0.3210000098 -0.01499999966 0.03299999982
0.3210000098 -0.01300000027 0.03299999982
0.3210000098 -0.01300000027 0.03500000015
0.3210000098 -0.01099999994 0.03299999982
0.3230000138 -0.01099999994 0.03299999982
0.3210000098 -0.008999999613 0.03299999982
0.3230000138 -0.008999999613 0.03299999982
0.3210000098 -0.01099999994 0.03500000015
0.3230000138 -0.01099999994 0.03500000015
0.3210000098 -0.008999999613 0.03500000015
0.3230000138 -0.008999999613 0.03500000015
0.3210000098 -0.01499999966 0.03700000048
0.3210000098 -0.01300000027 0.03700000048
0.3210000098 -0.01499999966 0.0390000008
0.3210000098 -0.01300000027 0.0390000008
0.3210000098 -0.01099999994 0.03700000048
0.3210000098 -0.008999999613 0.03700000048
0.3230000138 -0.008999999613 0.03700000048
0.3210000098 -0.01099999994 0.0390000008
0.3230000138 -0.01099999994 0.0390000008
0.3210000098 -0.008999999613 0.0390000008
0.3230000138 -0.008999999613 0.0390000008
0.3230000138 -0.007000000216 0.03299999982
0.3230000138 -0.004999999888 0.03299999982
0.3230000138 -0.007000000216 0.03500000015
0.3230000138 -0.004999999888 0.03500000015
0.3249999881 -0.007000000216 0.03299999982
0.3249999881 -0.004999999888 0.03299999982
0.3249999881 -0.007000000216 0.03500000015
0.3249999881 -0.004999999888 0.03500000015
0.3230000138 -0.003000000026 0.03299999982
0.3230000138 -0.001000000047 0.03299999982
0.3230000138 -0.003000000026 0.03500000015
0.3230000138 -0.001000000047 0.03500000015
0.3249999881 -0.003000000026 0.03299999982
0.3249999881 -0.001000000047 0.03299999982
0.3249999881 -0.003000000026 0.03500000015
0.3249999881 -0.001000000047 0.03500000015
0.3230000138 -0.007000000216 0.03700000048
0.3230000138 -0.004999999888 0.03700000048
0.3230000138 -0.007000000216 0.0390000008
0.3230000138 -0.004999999888 0.0390000008
0.3249999881 -0.007000000216 0.03700000048
0.3249999881 -0.004999999888 0.03700000048
0.3249999881 -0.007000000216 0.0390000008
0.3249999881 -0.004999999888 0.0390000008
0.3230000138 -0.003000000026 0.03700000048
0.3230000138 -0.001000000047 0.03700000048
0.3230000138 -0.003000000026 0.0390000008
0.3230000138 -0.001000000047 0.0390000008
0.3249999881 -0.003000000026 0.03700000048
0.3249999881 -0.001000000047 0.03700000048
0.3249999881 -0.003000000026 0.0390000008
0.3249999881 -0.001000000047 0.0390000008
0.3210000098 -0.01300000027 0.04100000113
0.3210000098 -0.01499999966 0.04300000146
0.3210000098 -0.01300000027 0.04300000146
0.3210000098 -0.01099999994 0.04100000113
0.3230000138 -0.01099999994 0.04100000113
0.3210000098 -0.008999999613 0.04100000113
0.3230000138 -0.008999999613 0.04100000113
0.3210000098 -0.01099999994 0.04300000146
0.3210000098 -0.008999999613 0.04300000146
0.3230000138 -0.008999999613 0.04300000146
0.3210000098 -0.01499999966 0.04500000179
0.3210000098 -0.01300000027 0.04699999839
0.3210000098 -0.01099999994 0.04500000179
0.3230000138 -0.01099999994 0.04500000179
0.3230000138 -0.008999999613 0.04500000179
0.3210000098 -0.01099999994 0.04699999839
0.3230000138 -0.01099999994 0.04699999839
0.3210000098 -0.008999999613 0.04699999839
0.3230000138 -0.008999999613 0.04699999839
0.3230000138 -0.007000000216 0.04100000113
0.3230000138 -0.004999999888 0.04100000113
0.3230000138 -0.007000000216 0.04300000146
0.3230000138 -0.004999999888 0.04300000146
0.3249999881 -0.007000000216 0.04100000113
0.3249999881 -0.004999999888 0.04100000113
0.3249999881 -0.007000000216 0.04300000146
0.3249999881 -0.004999999888 0.04300000146
0.3230000138 -0.003000000026 0.04100000113
0.3230000138 -0.001000000047 0.04100000113
0.3230000138 -0.003000000026 0.04300000146
0.3230000138 -0.001000000047 0.04300000146
0.3249999881 -0.003000000026 0.04100000113
0.3249999881 -0.001000000047 0.04100000113
0.3249999881 -0.003000000026 0.04300000146
0.3249999881 -0.001000000047 0.04300000146
0.3230000138 -0.007000000216 0.04500000179
0.3230000138 -0.004999999888 0.04500000179
0.3230000138 -0.007000000216 0.04699999839
0.3230000138 -0.004999999888 0.04699999839
0.3249999881 -0.007000000216 0.04500000179
0.3249999881 -0.004999999888 0.04500000179
0.3249999881 -0.007000000216 0.04699999839
0.3249999881 -0.004999999888 0.04699999839
0.3230000138 -0.003000000026 0.04500000179
0.3230000138 -0.001000000047 0.04500000179
0.3230000138 -0.003000000026 0.04699999839
0.3230000138 -0.001000000047 0.04699999839
0.3249999881 -0.003000000026 0.04500000179
0.3249999881 -0.001000000047 0.04500000179
0.3249999881 -0.003000000026 0.04699999839
0.3249999881 -0.001000000047 0.04699999839
0.3210000098 -0.01499999966 0.04899999872
0.3210000098 -0.01300000027 0.04899999872
0.3210000098 -0.01300000027 0.05099999905
0.3210000098 -0.01099999994 0.04899999872
0.3230000138 -0.01099999994 0.04899999872
0.3210000098 -0.008999999613 0.04899999872
0.3230000138 -0.008999999613 0.04899999872
0.3210000098 -0.01099999994 0.05099999905
0.3230000138 -0.01099999994 0.05099999905
0.3210000098 -0.008999999613 0.05099999905
0.3230000138 -0.008999999613 0.05099999905
0.3210000098 -0.01499999966 0.05299999937
0.3210000098 -0.01300000027 0.05299999937
0.3210000098 -0.01499999966 0.0549999997
0.3210000098 -0.01099999994 0.05299999937
0.3210000098 -0.008999999613 0.05299999937
0.3230000138 -0.008999999613 0.05299999937
0.3210000098 -0.01099999994 0.0549999997
0.3230000138 -0.01099999994 0.0549999997
0.3210000098 -0.008999999613 0.0549999997
0.3230000138 -0.008999999613 0.0549999997
0.3230000138 -0.007000000216 0.04899999872
0.3230000138 -0.004999999888 0.04899999872
0.3230000138 -0.007000000216 0.05099999905
0.3230000138 -0.004999999888 0.05099999905
0.3249999881 -0.007000000216 0.04899999872
0.3249999881 -0.004999999888 0.04899999872
0.3249999881 -0.004999999888 0.05099999905
0.3230000138 -0.003000000026 0.04899999872
0.3230000138 -0.001000000047 0.04899999872
0.3230000138 -0.003000000026 0.05099999905
0.3230000138 -0.001000000047 0.05099999905
0.3249999881 -0.003000000026 0.04899999872
0.3249999881 -0.001000000047 0.04899999872
0.3249999881 -0.003000000026 0.05099999905
0.3249999881 -0.001000000047 0.05099999905
0.3230000138 -0.007000000216 0.05299999937
0.3230000138 -0.004999999888 0.05299999937
0.3230000138 -0.007000000216 0.0549999997
0.3230000138 -0.004999999888 0.0549999997
0.3249999881 -0.007000000216 0.05299999937
0.3249999881 -0.004999999888 0.05299999937
0.3249999881 -0.007000000216 0.0549999997
0.3249999881 -0.004999999888 0.0549999997
0.3230000138 -0.003000000026 0.05299999937
0.3230000138 -0.001000000047 0.05299999937
0.3230000138 -0.003000000026 0.0549999997
0.3230000138 -0.001000000047 0.0549999997
0.3249999881 -0.003000000026 0.05299999937
0.3249999881 -0.001000000047 0.05299999937
0.3249999881 -0.003000000026 0.0549999997
0.3249999881 -0.001000000047 0.0549999997
0.3210000098 -0.01300000027 0.05700000003
0.3210000098 -0.01499999966 0.05900000036
0.3210000098 -0.01300000027 0.05900000036
0.3210000098 -0.01099999994 0.05700000003
0.3230000138 -0.01099999994 0.05700000003
0.3210000098 -0.008999999613 0.05700000003
0.3230000138 -0.008999999613 0.05700000003
0.3210000098 -0.01099999994 0.05900000036
0.3230000138 -0.01099999994 0.05900000036
0.3230000138 -0.008999999613 0.05900000036
0.3210000098 -0.01499999966 0.06100000069
0.3210000098 -0.01300000027 0.06100000069
0.3210000098 -0.01300000027 0.06300000101
0.3210000098 -0.01099999994 0.06100000069
0.3230000138 -0.01099999994 0.06100000069
0.3210000098 -0.008999999613 0.06100000069
0.3230000138 -0.008999999613 0.06100000069
0.3210000098 -0.01099999994 0.06300000101
0.3230000138 -0.01099999994 0.06300000101
0.3210000098 -0.008999999613 0.06300000101
0.3230000138 -0.008999999613 0.06300000101
0.3230000138 -0.007000000216 0.05700000003
0.3230000138 -0.004999999888 0.05700000003
0.3230000138 -0.007000000216 0.05900000036
0.3230000138 -0.004999999888 0.05900000036
0.3249999881 -0.007000000216 0.05700000003
0.3249999881 -0.004999999888 0.05700000003
0.3249999881 -0.007000000216 0.05900000036
0.3249999881 -0.004999999888 0.05900000036
0.3230000138 -0.003000000026 0.05700000003
0.3230000138 -0.001000000047 0.05700000003
0.3230000138 -0.003000000026 0.05900000036
0.3249999881 -0.003000000026 0.05700000003
0.3249999881 -0.001000000047 0.05700000003
0.3249999881 -0.003000000026 0.05900000036
0.3249999881 -0.001000000047 0.05900000036
0.3230000138 -0.007000000216 0.06100000069
0.3230000138 -0.004999999888 0.06100000069
0.3230000138 -0.007000000216 0.06300000101
0.3249999881 -0.007000000216 0.06100000069
0.3249999881 -0.004999999888 0.06100000069
0.3249999881 -0.007000000216 0.06300000101
0.3249999881 -0.004999999888 0.06300000101
0.3249999881 -0.003000000026 0.06100000069
0.3249999881 -0.001000000047 0.06100000069
0.3249999881 -0.003000000026 0.06300000101
0.3249999881 -0.001000000047 0.06300000101
0.2849999964 -0.02099999972 0.06499999762
0.2870000005 -0.02099999972 0.06499999762
0.2849999964 -0.02099999972 0.06700000167
0.2870000005 -0.02099999972 0.06700000167
0.2829999924 -0.01899999939 0.06499999762
0.2809999883 -0.01700000092 0.06499999762
0.2829999924 -0.01700000092 0.06499999762
0.2829999924 -0.01899999939 0.06700000167
0.2809999883 -0.01700000092 0.06700000167
0.2829999924 -0.01700000092 0.06700000167
0.2849999964 -0.01899999939 0.06499999762
0.2849999964 -0.01899999939 0.06700000167
0.2849999964 -0.02099999972 0.06899999827
0.2870000005 -0.02099999972 0.06899999827
0.2849999964 -0.02099999972 0.07100000232
0.2870000005 -0.02099999972 0.07100000232
0.2829999924 -0.01899999939 0.06899999827
0.2809999883 -0.01700000092 0.06899999827
0.2829999924 -0.01700000092 0.06899999827
0.2829999924 -0.01899999939 0.07100000232
0.2809999883 -0.01700000092 0.07100000232
0.2829999924 -0.01700000092 0.07100000232
0.2849999964 -0.01899999939 0.06899999827
0.2849999964 -0.01899999939 0.07100000232
0.2849999964 -0.02099999972 0.07299999893
0.2870000005 -0.02099999972 0.07299999893
0.2849999964 -0.02099999972 0.07500000298
0.2870000005 -0.02099999972 0.07500000298
0.2829999924 -0.01899999939 0.07299999893
0.2809999883 -0.01700000092 0.07299999893
0.2829999924 -0.01700000092 0.07299999893
0.2829999924 -0.01899999939 0.07500000298
0.2809999883 -0.01700000092 0.07500000298
0.2829999924 -0.01700000092 0.07500000298
0.2849999964 -0.01899999939 0.07299999893
0.2849999964 -0.01899999939 0.07500000298
0.2790000141 -0.01499999966 0.06499999762
0.2790000141 -0.01300000027 0.06499999762
0.2790000141 -0.01499999966 0.06700000167
0.2790000141 -0.01300000027 0.06700000167
0.27700001 -0.01099999994 0.06499999762
0.2790000141 -0.01099999994 0.06499999762
0.27700001 -0.008999999613 0.06499999762
0.2790000141 -0.008999999613 0.06499999762
0.27700001 -0.01099999994 0.06700000167
0.2790000141 -0.01099999994 0.06700000167
0.27700001 -0.008999999613 0.06700000167
0.2790000141 -0.008999999613 0.06700000167
0.2790000141 -0.01499999966 0.06899999827
0.2790000141 -0.01300000027 0.06899999827
0.2790000141 -0.01499999966 0.07100000232
0.2790000141 -0.01300000027 0.07100000232
0.27700001 -0.01099999994 0.06899999827
0.2790000141 -0.01099999994 0.06899999827
0.27700001 -0.008999999613 0.06899999827
0.27700001 -0.01099999994 0.07100000232
0.2790000141 -0.01099999994 0.07100000232
0.27700001 -0.008999999613 0.07100000232
0.2809999883 -0.01499999966 0.06499999762
0.2809999883 -0.01300000027 0.06499999762
0.2809999883 -0.01499999966 0.06700000167
0.2809999883 -0.01300000027 0.06700000167
0.2809999883 -0.01499999966 0.06899999827
0.2809999883 -0.01499999966 0.07100000232
0.275000006 -0.007000000216 0.06499999762
0.275000006 -0.004999999888 0.06499999762
0.275000006 -0.007000000216 0.06700000167
0.275000006 -0.004999999888 0.06700000167
0.27700001 -0.007000000216 0.06499999762
0.27700001 -0.004999999888 0.06499999762
0.27700001 -0.007000000216 0.06700000167
0.27700001 -0.004999999888 0.06700000167
0.275000006 -0.003000000026 0.06499999762
0.275000006 -0.001000000047 0.06499999762
0.275000006 -0.003000000026 0.06700000167
0.275000006 -0.001000000047 0.06700000167
0.27700001 -0.003000000026 0.06499999762
0.27700001 -0.001000000047 0.06499999762
0.27700001 -0.003000000026 0.06700000167
0.27700001 -0.001000000047 0.06700000167
0.275000006 -0.007000000216 0.06899999827
0.275000006 -0.004999999888 0.06899999827
0.275000006 -0.007000000216 0.07100000232
0.275000006 -0.004999999888 0.07100000232
0.27700001 -0.007000000216 0.06899999827
0.27700001 -0.004999999888 0.06899999827
0.27700001 -0.007000000216 0.07100000232
0.27700001 -0.004999999888 0.07100000232
0.275000006 -0.003000000026 0.06899999827
0.275000006 -0.001000000047 0.06899999827
0.275000006 -0.003000000026 0.07100000232
0.275000006 -0.001000000047 0.07100000232
0.27700001 -0.003000000026 0.06899999827
0.27700001 -0.001000000047 0.06899999827
0.27700001 -0.003000000026 0.07100000232
0.27700001 -0.001000000047 0.07100000232
0.2790000141 -0.01499999966 0.07299999893
0.2790000141 -0.01300000027 0.07299999893
0.2790000141 -0.01499999966 0.07500000298
0.2790000141 -0.01300000027 0.07500000298
0.27700001 -0.01099999994 0.07299999893
0.2790000141 -0.01099999994 0.07299999893
0.27700001 -0.008999999613 0.07299999893
0.27700001 -0.01099999994 0.07500000298
0.2790000141 -0.01099999994 0.07500000298
0.27700001 -0.008999999613 0.07500000298
0.2809999883 -0.01499999966 0.07299999893
0.2809999883 -0.01499999966 0.07500000298
0.275000006 -0.007000000216 0.07299999893
0.275000006 -0.004999999888 0.07299999893
0.275000006 -0.007000000216 0.07500000298
0.275000006 -0.004999999888 0.07500000298
0.27700001 -0.007000000216 0.07299999893
0.27700001 -0.004999999888 0.07299999893
0.27700001 -0.007000000216 0.07500000298
0.27700001 -0.004999999888 0.07500000298
0.275000006 -0.003000000026 0.07299999893
0.275000006 -0.001000000047 0.07299999893
0.275000006 -0.003000000026 0.07500000298
0.275000006 -0.001000000047 0.07500000298
0.27700001 -0.003000000026 0.07299999893
0.27700001 -0.001000000047 0.07299999893
0.2949999869 -0.02500000037 0.06499999762
0.2930000126 -0.02500000037 0.06700000167
0.2949999869 -0.02500000037 0.06700000167
0.2930000126 -0.02500000037 0.06899999827
0.2949999869 -0.02500000037 0.06899999827
0.2930000126 -0.02500000037 0.07100000232
0.2949999869 -0.02500000037 0.07100000232
0.2969999909 -0.02500000037 0.06499999762
0.298999995 -0.02500000037 0.06499999762
0.2969999909 -0.02500000037 0.06700000167
0.298999995 -0.02500000037 0.06700000167
0.300999999 -0.02500000037 0.06499999762
0.3030000031 -0.02500000037 0.06499999762
0.300999999 -0.02500000037 0.06700000167
0.3030000031 -0.02500000037 0.06700000167
0.2969999909 -0.02500000037 0.06899999827
0.298999995 -0.02500000037 0.06899999827
0.2969999909 -0.02500000037 0.07100000232
0.298999995 -0.02500000037 0.07100000232
0.300999999 -0.02500000037 0.06899999827
0.3030000031 -0.02500000037 0.06899999827
0.300999999 -0.02500000037 0.07100000232
0.3030000031 -0.02500000037 0.07100000232
0.2890000045 -0.02300000004 0.06499999762
0.2910000086 -0.02300000004 0.06499999762
0.2890000045 -0.02300000004 0.06700000167
0.2910000086 -0.02300000004 0.06700000167
0.2890000045 -0.02099999972 0.06700000167
0.2930000126 -0.02300000004 0.06499999762
0.2930000126 -0.02300000004 0.06700000167
0.2890000045 -0.02300000004 0.06899999827
0.2910000086 -0.02300000004 0.06899999827
0.2890000045 -0.02300000004 0.07100000232
0.2910000086 -0.02300000004 0.07100000232
0.2930000126 -0.02300000004 0.06899999827
0.2930000126 -0.02300000004 0.07100000232
0.300999999 -0.02300000004 0.06700000167
0.3030000031 -0.02300000004 0.06899999827
0.2930000126 -0.02500000037 0.07299999893
0.2949999869 -0.02500000037 0.07299999893
0.2930000126 -0.02500000037 0.07500000298
0.2949999869 -0.02500000037 0.07500000298
0.2969999909 -0.02500000037 0.07299999893
0.298999995 -0.02500000037 0.07299999893
0.2969999909 -0.02500000037 0.07500000298
0.298999995 -0.02500000037 0.07500000298
0.300999999 -0.02500000037 0.07299999893
0.3030000031 -0.02500000037 0.07299999893
0.300999999 -0.02500000037 0.07500000298
0.3030000031 -0.02500000037 0.07500000298
0.2890000045 -0.02300000004 0.07299999893
0.2910000086 -0.02300000004 0.07299999893
0.2890000045 -0.02099999972 0.07299999893
0.2910000086 -0.02099999972 0.07299999893
0.2890000045 -0.02300000004 0.07500000298
0.2910000086 -0.02300000004 0.07500000298
0.2930000126 -0.02300000004 0.07299999893
0.2930000126 -0.02300000004 0.07500000298
0.3030000031 -0.02300000004 0.07500000298
0.3050000072 -0.02500000037 0.06499999762
0.3070000112 -0.02500000037 0.06499999762
0.3050000072 -0.02500000037 0.06700000167
0.3070000112 -0.02500000037 0.06700000167
0.3050000072 -0.02500000037 0.06899999827
0.3070000112 -0.02500000037 0.06899999827
0.3050000072 -0.02500000037 0.07100000232
0.3070000112 -0.02500000037 0.07100000232
0.3070000112 -0.02300000004 0.06499999762
0.3070000112 -0.02300000004 0.06700000167
0.3089999855 -0.02300000004 0.06499999762
0.3109999895 -0.02300000004 0.06499999762
0.3109999895 -0.02099999972 0.06499999762
0.3089999855 -0.02300000004 0.06700000167
0.3109999895 -0.02300000004 0.06700000167
0.3109999895 -0.02099999972 0.06700000167
0.3050000072 -0.02300000004 0.06899999827
0.3070000112 -0.02300000004 0.06899999827
0.3070000112 -0.02300000004 0.07100000232
0.3089999855 -0.02300000004 0.06899999827
0.3109999895 -0.02300000004 0.06899999827
0.3109999895 -0.02099999972 0.06899999827
0.3089999855 -0.02300000004 0.07100000232
0.3109999895 -0.02300000004 0.07100000232
0.3129999936 -0.02099999972 0.06499999762
0.3149999976 -0.02099999972 0.06499999762
0.3129999936 -0.02099999972 0.06700000167
0.3149999976 -0.01899999939 0.06700000167
0.3170000017 -0.01899999939 0.06499999762
0.3170000017 -0.01700000092 0.06499999762
0.3190000057 -0.01700000092 0.06499999762
0.3170000017 -0.01899999939 0.06700000167
0.3170000017 -0.01700000092 0.06700000167
0.3129999936 -0.02099999972 0.06899999827
0.3129999936 -0.02099999972 0.07100000232
0.3149999976 -0.02099999972 0.07100000232
0.3149999976 -0.01899999939 0.06899999827
0.3149999976 -0.01899999939 0.07100000232
0.3170000017 -0.01899999939 0.06899999827
0.3170000017 -0.01700000092 0.06899999827
0.3190000057 -0.01700000092 0.06899999827
0.3170000017 -0.01899999939 0.07100000232
0.3170000017 -0.01700000092 0.07100000232
0.3190000057 -0.01700000092 0.07100000232
0.3050000072 -0.02500000037 0.07299999893
0.3070000112 -0.02500000037 0.07299999893
0.3050000072 -0.02500000037 0.07500000298
0.3070000112 -0.02500000037 0.07500000298
0.3070000112 -0.02300000004 0.07299999893
0.3070000112 -0.02300000004 0.07500000298
0.3089999855 -0.02300000004 0.07299999893
0.3109999895 -0.02300000004 0.07299999893
0.3109999895 -0.02099999972 0.07299999893
0.3089999855 -0.02300000004 0.07500000298
0.3109999895 -0.02300000004 0.07500000298
0.3109999895 -0.02099999972 0.07500000298
0.3129999936 -0.02099999972 0.07299999893
0.3149999976 -0.02099999972 0.07299999893
0.3129999936 -0.02099999972 0.07500000298
0.3149999976 -0.01899999939 0.07299999893
0.3149999976 -0.01899999939 0.07500000298
0.3170000017 -0.01899999939 0.07299999893
0.3190000057 -0.01700000092 0.07299999893
0.3170000017 -0.01899999939 0.07500000298
0.3170000017 -0.01700000092 0.07500000298
0.3190000057 -0.01700000092 0.07500000298
0.3170000017 -0.01499999966 0.06499999762
0.3190000057 -0.01499999966 0.06499999762
0.3190000057 -0.01300000027 0.06499999762
0.3190000057 -0.01499999966 0.06700000167
0.3190000057 -0.01499999966 0.06899999827
0.3190000057 -0.01499999966 0.07299999893
0.3190000057 -0.01499999966 0.07500000298
0.3190000057 -0.01300000027 0.07500000298
0.3210000098 -0.01499999966 0.06499999762
0.3210000098 -0.01300000027 0.06499999762
0.3210000098 -0.01499999966 0.06700000167
0.3210000098 -0.01300000027 0.06700000167
0.3210000098 -0.01099999994 0.06499999762
0.3230000138 -0.01099999994 0.06499999762
0.3230000138 -0.008999999613 0.06499999762
0.3210000098 -0.01099999994 0.06700000167
0.3230000138 -0.01099999994 0.06700000167
0.3230000138 -0.008999999613 0.06700000167
0.3210000098 -0.01300000027 0.06899999827
0.3210000098 -0.01499999966 0.07100000232
0.3210000098 -0.01300000027 0.07100000232
0.3210000098 -0.01099999994 0.06899999827
0.3230000138 -0.01099999994 0.06899999827
0.3230000138 -0.008999999613 0.06899999827
0.3230000138 -0.01099999994 0.07100000232
0.3230000138 -0.007000000216 0.06499999762
0.3230000138 -0.007000000216 0.06700000167
0.3230000138 -0.004999999888 0.06700000167
0.3249999881 -0.007000000216 0.06499999762
0.3249999881 -0.004999999888 0.06499999762
0.3249999881 -0.007000000216 0.06700000167
0.3249999881 -0.007000000216 0.06899999827
0.3249999881 -0.007000000216 0.07100000232
0.3269999921 -0.003000000026 0.07100000232
0.3289999962 -0.001000000047 0.06700000167
0.3210000098 -0.01499999966 0.07299999893
0.3210000098 -0.01300000027 0.07500000298
0.3230000138 -0.01099999994 0.07500000298
0.3249999881 -0.008999999613 0.07500000298
0.3269999921 -0.007000000216 0.07500000298
0.3289999962 -0.007000000216 0.07500000298
0.3289999962 -0.004999999888 0.07500000298
0.3310000002 -0.004999999888 0.07500000298
0.3310000002 -0.001000000047 0.07299999893
0.3310000002 -0.003000000026 0.07500000298
0.3330000043 -0.001000000047 0.07500000298
0.3350000083 -0.001000000047 0.07500000298
0.275000006 0.001000000047 0.01099999994
0.27700001 0.001000000047 0.01099999994
0.275000006 0.004999999888 0.01099999994
0.27700001 0.004999999888 0.01099999994
0.27700001 0.007000000216 0.01099999994
0.275000006 0.001000000047 0.01300000027
0.275000006 0.001000000047 0.01499999966
0.27700001 0.003000000026 0.01300000027
0.27700001 0.001000000047 0.01499999966
0.27700001 0.003000000026 0.01499999966
0.275000006 0.004999999888 0.01300000027
0.275000006 0.004999999888 0.01499999966
0.27700001 0.004999999888 0.01300000027
0.27700001 0.007000000216 0.01300000027
0.27700001 0.007000000216 0.01499999966
0.27700001 0.01099999994 0.01099999994
0.2790000141 0.01099999994 0.01099999994
0.2790000141 0.01300000027 0.01099999994
0.2790000141 0.01499999966 0.01099999994
0.2790000141 0.01099999994 0.01300000027
0.27700001 0.008999999613 0.01499999966
0.2790000141 0.01300000027 0.01300000027
0.2809999883 0.01300000027 0.01099999994
0.2809999883 0.01499999966 0.01300000027
0.2809999883 0.01300000027 0.01499999966
0.2809999883 0.01499999966 0.01499999966
0.2829999924 0.01700000092 0.01099999994
0.2849999964 0.01899999939 0.01099999994
0.2849999964 0.02099999972 0.01099999994
0.2870000005 0.02099999972 0.01099999994
0.2829999924 0.01700000092 0.01300000027
0.2829999924 0.01700000092 0.01499999966
0.2849999964 0.01899999939 0.01300000027
0.2849999964 0.01899999939 0.01499999966
0.2849999964 0.02099999972 0.01300000027
0.2870000005 0.02099999972 0.01300000027
0.2849999964 0.02099999972 0.01499999966
0.2870000005 0.02099999972 0.01499999966
0.275000006 0.001000000047 0.01700000092
0.275000006 0.001000000047 0.01899999939
0.27700001 0.001000000047 0.01700000092
0.27700001 0.003000000026 0.01700000092
0.27700001 0.001000000047 0.01899999939
0.27700001 0.003000000026 0.01899999939
0.275000006 0.004999999888 0.01700000092
0.275000006 0.004999999888 0.01899999939
0.27700001 0.004999999888 0.01700000092
0.27700001 0.007000000216 0.01700000092
0.27700001 0.004999999888 0.01899999939
0.27700001 0.007000000216 0.01899999939
0.275000006 0.001000000047 0.02099999972
0.275000006 0.001000000047 0.02300000004
0.27700001 0.001000000047 0.02099999972
0.27700001 0.003000000026 0.02099999972
0.27700001 0.001000000047 0.02300000004
0.27700001 0.003000000026 0.02300000004
0.275000006 0.004999999888 0.02099999972
0.275000006 0.004999999888 0.02300000004
0.27700001 0.004999999888 0.02099999972
0.27700001 0.007000000216 0.02099999972
0.27700001 0.004999999888 0.02300000004
0.27700001 0.007000000216 0.02300000004
0.27700001 0.008999999613 0.01700000092
0.2790000141 0.01099999994 0.01700000092
0.27700001 0.008999999613 0.01899999939
0.2790000141 0.01099999994 0.01899999939
0.2790000141 0.01300000027 0.01700000092
0.2790000141 0.01499999966 0.01700000092
0.2790000141 0.01499999966 0.01899999939
0.27700001 0.008999999613 0.02099999972
0.2790000141 0.01099999994 0.02099999972
0.27700001 0.008999999613 0.02300000004
0.27700001 0.01099999994 0.02300000004
0.2790000141 0.01099999994 0.02300000004
0.2790000141 0.01499999966 0.02099999972
0.2790000141 0.01300000027 0.02300000004
0.2790000141 0.01499999966 0.02300000004
0.2809999883 0.01300000027 0.01700000092
0.2809999883 0.01499999966 0.01700000092
0.2809999883 0.01499999966 0.01899999939
0.2809999883 0.01300000027 0.02099999972
0.2809999883 0.01499999966 0.02099999972
0.2809999883 0.01499999966 0.02300000004
0.275000006 0.001000000047 0.02500000037
0.275000006 0.001000000047 0.0270000007
0.27700001 0.001000000047 0.02500000037
0.27700001 0.003000000026 0.02500000037
0.27700001 0.001000000047 0.0270000007
0.27700001 0.003000000026 0.0270000007
0.275000006 0.004999999888 0.02500000037
0.275000006 0.004999999888 0.0270000007
0.27700001 0.004999999888 0.02500000037
0.27700001 0.007000000216 0.02500000037
0.27700001 0.004999999888 0.0270000007
0.27700001 0.007000000216 0.0270000007
0.275000006 0.001000000047 0.02899999917
0.275000006 0.001000000047 0.03099999949
0.27700001 0.003000000026 0.02899999917
0.27700001 0.001000000047 0.03099999949
0.27700001 0.003000000026 0.03099999949
0.275000006 0.004999999888 0.02899999917
0.275000006 0.004999999888 0.03099999949
0.27700001 0.004999999888 0.02899999917
0.27700001 0.007000000216 0.02899999917
0.27700001 0.004999999888 0.03099999949
0.27700001 0.007000000216 0.03099999949
0.27700001 0.008999999613 0.02500000037
0.27700001 0.01099999994 0.02500000037
0.2790000141 0.01099999994 0.02500000037
0.2790000141 0.01099999994 0.0270000007
0.2790000141 0.01300000027 0.0270000007
0.27700001 0.008999999613 0.02899999917
0.2790000141 0.01099999994 0.02899999917
0.27700001 0.008999999613 0.03099999949
0.2790000141 0.008999999613 0.03099999949
0.2790000141 0.01300000027 0.02899999917
0.2790000141 0.01499999966 0.02899999917
0.2790000141 0.01300000027 0.03099999949
0.2790000141 0.01499999966 0.03099999949
0.2809999883 0.01300000027 0.02500000037
0.2809999883 0.01499999966 0.02500000037
0.2809999883 0.01300000027 0.0270000007
0.2829999924 0.01499999966 0.0270000007
0.2809999883 0.01300000027 0.02899999917
0.2809999883 0.01499999966 0.02899999917
0.2829999924 0.01499999966 0.02899999917
0.2809999883 0.01499999966 0.03099999949
0.2829999924 0.01700000092 0.01700000092
0.2829999924 0.01700000092 0.01899999939
0.2849999964 0.01899999939 0.01700000092
0.2849999964 0.01899999939 0.01899999939
0.2849999964 0.02099999972 0.01700000092
0.2870000005 0.02099999972 0.01700000092
0.2849999964 0.02099999972 0.01899999939
0.2870000005 0.02099999972 0.01899999939
0.2829999924 0.01700000092 0.02099999972
0.2829999924 0.01700000092 0.02300000004
0.2849999964 0.01899999939 0.02099999972
0.2849999964 0.01899999939 0.02300000004
0.2849999964 0.02099999972 0.02099999972
0.2870000005 0.02099999972 0.02099999972
0.2870000005 0.02099999972 0.02300000004
0.2829999924 0.01700000092 0.02500000037
0.2829999924 0.01700000092 0.0270000007
0.2829999924 0.01899999939 0.0270000007
0.2870000005 0.01899999939 0.02500000037
0.2849999964 0.01899999939 0.0270000007
0.2870000005 0.01899999939 0.0270000007
0.2849999964 0.02099999972 0.02500000037
0.2870000005 0.02099999972 0.02500000037
0.2849999964 0.02099999972 0.0270000007
0.2870000005 0.02099999972 0.0270000007
0.2809999883 0.01700000092 0.02899999917
0.2829999924 0.01700000092 0.02899999917
0.2829999924 0.01899999939 0.02899999917
0.2829999924 0.01700000092 0.03099999949
0.2829999924 0.01899999939 0.03099999949
0.2849999964 0.01899999939 0.02899999917
0.2870000005 0.01899999939 0.02899999917
0.2849999964 0.01700000092 0.03099999949
0.2849999964 0.01899999939 0.03099999949
0.2870000005 0.01899999939 0.03099999949
0.2849999964 0.02099999972 0.02899999917
0.2870000005 0.02099999972 0.02899999917
0.2849999964 0.02099999972 0.03099999949
0.2870000005 0.02099999972 0.03099999949
0.3190000057 0.01499999966 0.01099999994
0.3190000057 0.01499999966 0.01499999966
0.2890000045 0.02099999972 0.01099999994
0.2910000086 0.02300000004 0.01099999994
0.2890000045 0.02099999972 0.01300000027
0.2910000086 0.02300000004 0.01300000027
0.2890000045 0.02099999972 0.01499999966
0.2930000126 0.02300000004 0.01300000027
0.2949999869 0.02300000004 0.01300000027
0.2930000126 0.02300000004 0.01499999966
0.2969999909 0.02300000004 0.01300000027
0.3070000112 0.02300000004 0.01099999994
0.3109999895 0.02099999972 0.01099999994
0.3070000112 0.02300000004 0.01300000027
0.3070000112 0.02300000004 0.01499999966
0.3109999895 0.02099999972 0.01499999966
0.3089999855 0.02300000004 0.01499999966
0.3149999976 0.01899999939 0.01099999994
0.3170000017 0.01899999939 0.01099999994
0.3149999976 0.01899999939 0.01300000027
0.3149999976 0.01899999939 0.01499999966
0.3170000017 0.01899999939 0.01499999966
0.3129999936 0.02099999972 0.01499999966
0.3050000072 0.02500000037 0.01099999994
0.3070000112 0.02500000037 0.01099999994
0.3050000072 0.02500000037 0.01499999966
0.3190000057 0.01499999966 0.01700000092
0.3190000057 0.01499999966 0.02099999972
0.3190000057 0.01499999966 0.02500000037
0.3190000057 0.01499999966 0.02899999917
0.3190000057 0.01499999966 0.03099999949
0.2890000045 0.02099999972 0.01700000092
0.2910000086 0.02300000004 0.01700000092
0.2890000045 0.02099999972 0.01899999939
0.2930000126 0.02300000004 0.01700000092
0.2949999869 0.02300000004 0.01700000092
0.2930000126 0.02300000004 0.01899999939
0.2949999869 0.02300000004 0.01899999939
0.2890000045 0.02099999972 0.02099999972
0.2910000086 0.02300000004 0.02099999972
0.2890000045 0.02099999972 0.02300000004
0.2910000086 0.02300000004 0.02300000004
0.2930000126 0.02300000004 0.02099999972
0.2930000126 0.02300000004 0.02300000004
0.2949999869 0.02300000004 0.02300000004
0.2969999909 0.02300000004 0.01700000092
0.298999995 0.02300000004 0.01700000092
0.2969999909 0.02300000004 0.01899999939
0.298999995 0.02300000004 0.02099999972
0.2969999909 0.02300000004 0.02300000004
0.298999995 0.02300000004 0.02300000004
0.2890000045 0.02099999972 0.02500000037
0.2890000045 0.02099999972 0.0270000007
0.2910000086 0.02099999972 0.0270000007
0.2910000086 0.02300000004 0.0270000007
0.2930000126 0.02300000004 0.02500000037
0.2949999869 0.02300000004 0.02500000037
0.2930000126 0.02300000004 0.0270000007
0.2949999869 0.02300000004 0.0270000007
0.2890000045 0.02099999972 0.02899999917
0.2910000086 0.02300000004 0.02899999917
0.2890000045 0.02099999972 0.03099999949
0.2930000126 0.02300000004 0.02899999917
0.2949999869 0.02300000004 0.02899999917
0.2930000126 0.02300000004 0.03099999949
0.2949999869 0.02300000004 0.03099999949
0.2969999909 0.02300000004 0.0270000007
0.298999995 0.02300000004 0.0270000007
0.300999999 0.02300000004 0.02500000037
0.2969999909 0.02300000004 0.02899999917
0.298999995 0.02300000004 0.02899999917
0.300999999 0.02300000004 0.02899999917
0.300999999 0.02300000004 0.03099999949
0.3070000112 0.02300000004 0.01700000092
0.3070000112 0.02300000004 0.01899999939
0.3109999895 0.02099999972 0.01700000092
0.3089999855 0.02300000004 0.01700000092
0.3089999855 0.02300000004 0.01899999939
0.3070000112 0.02300000004 0.02099999972
0.3070000112 0.02300000004 0.02300000004
0.3109999895 0.02099999972 0.02099999972
0.3109999895 0.02300000004 0.02099999972
0.3149999976 0.01899999939 0.01899999939
0.3170000017 0.01899999939 0.01700000092
0.3170000017 0.01700000092 0.01899999939
0.3149999976 0.01899999939 0.02099999972
0.3149999976 0.01899999939 0.02300000004
0.3170000017 0.01700000092 0.02099999972
0.3129999936 0.02099999972 0.02099999972
0.3050000072 0.02500000037 0.01899999939
0.3070000112 0.02300000004 0.02500000037
0.3109999895 0.02099999972 0.02500000037
0.3089999855 0.02300000004 0.02500000037
0.3109999895 0.02300000004 0.02500000037
0.3109999895 0.02099999972 0.0270000007
0.3070000112 0.02300000004 0.02899999917
0.3109999895 0.02099999972 0.02899999917
0.3089999855 0.02300000004 0.02899999917
0.3109999895 0.02099999972 0.03099999949
0.3089999855 0.02300000004 0.03099999949
0.3149999976 0.01899999939 0.0270000007
0.3170000017 0.01700000092 0.02500000037
0.3170000017 0.01700000092 0.0270000007
0.3149999976 0.01899999939 0.03099999949
0.3170000017 0.01700000092 0.02899999917
0.3190000057 0.01700000092 0.02899999917
0.3170000017 0.01700000092 0.03099999949
0.3190000057 0.01700000092 0.03099999949
0.3129999936 0.02099999972 0.03099999949
0.3050000072 0.02500000037 0.02500000037
0.275000006 0.001000000047 0.03299999982
0.275000006 0.001000000047 0.03500000015
0.275000006 0.003000000026 0.03500000015
0.27700001 0.001000000047 0.03299999982
0.27700001 0.003000000026 0.03299999982
0.27700001 0.001000000047 0.03500000015
0.27700001 0.003000000026 0.03500000015
0.275000006 0.004999999888 0.03299999982
0.275000006 0.004999999888 0.03500000015
0.27700001 0.004999999888 0.03299999982
0.27700001 0.004999999888 0.03500000015
0.27700001 0.007000000216 0.03500000015
0.275000006 0.001000000047 0.03700000048
0.275000006 0.003000000026 0.03700000048
0.275000006 0.001000000047 0.0390000008
0.275000006 0.003000000026 0.0390000008
0.27700001 0.001000000047 0.03700000048
0.27700001 0.003000000026 0.03700000048
0.27700001 0.001000000047 0.0390000008
0.27700001 0.003000000026 0.0390000008
0.27700001 0.004999999888 0.03700000048
0.27700001 0.007000000216 0.03700000048
0.27700001 0.004999999888 0.0390000008
0.27700001 0.007000000216 0.0390000008
0.27700001 0.01099999994 0.03299999982
0.2790000141 0.01099999994 0.03299999982
0.27700001 0.008999999613 0.03500000015
0.2790000141 0.008999999613 0.03500000015
0.27700001 0.01099999994 0.03500000015
0.2790000141 0.01099999994 0.03500000015
0.2790000141 0.01300000027 0.03299999982
0.2790000141 0.01499999966 0.03299999982
0.2790000141 0.01300000027 0.03500000015
0.27700001 0.008999999613 0.03700000048
0.27700001 0.01099999994 0.03700000048
0.2790000141 0.01099999994 0.03700000048
0.27700001 0.008999999613 0.0390000008
0.2790000141 0.008999999613 0.0390000008
0.2790000141 0.01099999994 0.0390000008
0.2790000141 0.01300000027 0.03700000048
0.2790000141 0.01300000027 0.0390000008
0.2790000141 0.01499999966 0.0390000008
0.2809999883 0.01499999966 0.03299999982
0.2809999883 0.01300000027 0.03500000015
0.2809999883 0.01499999966 0.03500000015
0.2809999883 0.01300000027 0.03700000048
0.2809999883 0.01499999966 0.03700000048
0.2809999883 0.01499999966 0.0390000008
0.275000006 0.001000000047 0.04100000113
0.275000006 0.003000000026 0.04100000113
0.275000006 0.001000000047 0.04300000146
0.275000006 0.003000000026 0.04300000146
0.27700001 0.001000000047 0.04100000113
0.27700001 0.003000000026 0.04100000113
0.27700001 0.001000000047 0.04300000146
0.27700001 0.003000000026 0.04300000146
0.27700001 0.004999999888 0.04100000113
0.27700001 0.007000000216 0.04100000113
0.27700001 0.004999999888 0.04300000146
0.27700001 0.007000000216 0.04300000146
0.275000006 0.001000000047 0.04500000179
0.275000006 0.003000000026 0.04500000179
0.275000006 0.001000000047 0.04699999839
0.275000006 0.003000000026 0.04699999839
0.27700001 0.001000000047 0.04500000179
0.27700001 0.003000000026 0.04500000179
0.27700001 0.001000000047 0.04699999839
0.27700001 0.003000000026 0.04699999839
0.27700001 0.004999999888 0.04500000179
0.27700001 0.007000000216 0.04500000179
0.27700001 0.004999999888 0.04699999839
0.27700001 0.007000000216 0.04699999839
0.27700001 0.008999999613 0.04100000113
0.2790000141 0.008999999613 0.04100000113
0.2790000141 0.01099999994 0.04100000113
0.27700001 0.008999999613 0.04300000146
0.2790000141 0.01099999994 0.04300000146
0.2790000141 0.01300000027 0.04100000113
0.2790000141 0.01499999966 0.04100000113
0.2790000141 0.01499999966 0.04300000146
0.27700001 0.008999999613 0.04500000179
0.27700001 0.01099999994 0.04500000179
0.2790000141 0.01099999994 0.04500000179
0.27700001 0.008999999613 0.04699999839
0.27700001 0.01099999994 0.04699999839
0.2790000141 0.01099999994 0.04699999839
0.2790000141 0.01300000027 0.04500000179
0.2790000141 0.01499999966 0.04500000179
0.2790000141 0.01300000027 0.04699999839
0.2809999883 0.01499999966 0.04100000113
0.2809999883 0.01300000027 0.04300000146
0.2809999883 0.01499999966 0.04300000146
0.2809999883 0.01300000027 0.04500000179
0.2809999883 0.01499999966 0.04500000179
0.2809999883 0.01300000027 0.04699999839
0.2809999883 0.01499999966 0.04699999839
0.2829999924 0.01700000092 0.03299999982
0.2829999924 0.01899999939 0.03299999982
0.2829999924 0.01700000092 0.03500000015
0.2829999924 0.01899999939 0.03500000015
0.2849999964 0.01899999939 0.03299999982
0.2849999964 0.01700000092 0.03500000015
0.2849999964 0.01899999939 0.03500000015
0.2870000005 0.01899999939 0.03500000015
0.2849999964 0.02099999972 0.03299999982
0.2870000005 0.02099999972 0.03299999982
0.2849999964 0.02099999972 0.03500000015
0.2870000005 0.02099999972 0.03500000015
0.2829999924 0.01700000092 0.03700000048
0.2829999924 0.01899999939 0.03700000048
0.2829999924 0.01700000092 0.0390000008
0.2829999924 0.01899999939 0.0390000008
0.2849999964 0.01700000092 0.03700000048
0.2849999964 0.01899999939 0.03700000048
0.2870000005 0.01899999939 0.03700000048
0.2849999964 0.01899999939 0.0390000008
0.2849999964 0.02099999972 0.03700000048
0.2870000005 0.02099999972 0.03700000048
0.2849999964 0.02099999972 0.0390000008
0.2870000005 0.02099999972 0.0390000008
0.2829999924 0.01700000092 0.04100000113
0.2829999924 0.01899999939 0.04100000113
0.2829999924 0.01700000092 0.04300000146
0.2829999924 0.01899999939 0.04300000146
0.2849999964 0.01899999939 0.04100000113
0.2870000005 0.01899999939 0.04100000113
0.2849999964 0.01899999939 0.04300000146
0.2870000005 0.01899999939 0.04300000146
0.2849999964 0.02099999972 0.04100000113
0.2870000005 0.02099999972 0.04100000113
0.2849999964 0.02099999972 0.04300000146
0.2870000005 0.02099999972 0.04300000146
0.2829999924 0.01700000092 0.04500000179
0.2829999924 0.01899999939 0.04500000179
0.2829999924 0.01700000092 0.04699999839
0.2829999924 0.01899999939 0.04699999839
0.2849999964 0.01899999939 0.04500000179
0.2849999964 0.01899999939 0.04699999839
0.2870000005 0.01899999939 0.04699999839
0.2849999964 0.02099999972 0.04500000179
0.2870000005 0.02099999972 0.04500000179
0.2849999964 0.02099999972 0.04699999839
0.2870000005 0.02099999972 0.04699999839
0.275000006 0.001000000047 0.04899999872
0.275000006 0.003000000026 0.04899999872
0.275000006 0.001000000047 0.05099999905
0.275000006 0.003000000026 0.05099999905
0.27700001 0.001000000047 0.04899999872
0.27700001 0.003000000026 0.04899999872
0.27700001 0.001000000047 0.05099999905
0.27700001 0.003000000026 0.05099999905
0.27700001 0.004999999888 0.04899999872
0.27700001 0.007000000216 0.04899999872
0.27700001 0.004999999888 0.05099999905
0.27700001 0.007000000216 0.05099999905
0.275000006 0.001000000047 0.05299999937
0.275000006 0.003000000026 0.05299999937
0.275000006 0.001000000047 0.0549999997
0.275000006 0.003000000026 0.0549999997
0.27700001 0.001000000047 0.05299999937
0.27700001 0.003000000026 0.05299999937
0.27700001 0.001000000047 0.0549999997
0.27700001 0.003000000026 0.0549999997
0.27700001 0.004999999888 0.05299999937
0.27700001 0.007000000216 0.05299999937
0.27700001 0.004999999888 0.0549999997
0.27700001 0.007000000216 0.0549999997
0.27700001 0.008999999613 0.04899999872
0.2790000141 0.01099999994 0.04899999872
0.2790000141 0.01099999994 0.05099999905
0.2790000141 0.01499999966 0.04899999872
0.2790000141 0.01300000027 0.05099999905
0.2790000141 0.01499999966 0.05099999905
0.27700001 0.008999999613 0.05299999937
0.2790000141 0.01099999994 0.05299999937
0.27700001 0.008999999613 0.0549999997
0.27700001 0.01099999994 0.0549999997
0.2790000141 0.01099999994 0.0549999997
0.2790000141 0.01300000027 0.05299999937
0.2790000141 0.01499999966 0.05299999937
0.2809999883 0.01300000027 0.04899999872
0.2809999883 0.01499999966 0.04899999872
0.2809999883 0.01300000027 0.05099999905
0.2809999883 0.01499999966 0.05099999905
0.2809999883 0.01499999966 0.05299999937
0.2809999883 0.01300000027 0.0549999997
0.2809999883 0.01499999966 0.0549999997
0.275000006 0.001000000047 0.05700000003
0.275000006 0.003000000026 0.05700000003
0.275000006 0.001000000047 0.05900000036
0.275000006 0.003000000026 0.05900000036
0.27700001 0.001000000047 0.05700000003
0.27700001 0.003000000026 0.05700000003
0.27700001 0.001000000047 0.05900000036
0.27700001 0.003000000026 0.05900000036
0.275000006 0.007000000216 0.05900000036
0.27700001 0.004999999888 0.05700000003
0.27700001 0.007000000216 0.05700000003
0.27700001 0.004999999888 0.05900000036
0.27700001 0.007000000216 0.05900000036
0.275000006 0.003000000026 0.06100000069
0.275000006 0.003000000026 0.06300000101
0.27700001 0.001000000047 0.06100000069
0.27700001 0.003000000026 0.06100000069
0.27700001 0.001000000047 0.06300000101
0.27700001 0.003000000026 0.06300000101
0.275000006 0.007000000216 0.06100000069
0.275000006 0.007000000216 0.06300000101
0.27700001 0.004999999888 0.06100000069
0.27700001 0.007000000216 0.06100000069
0.27700001 0.004999999888 0.06300000101
0.27700001 0.007000000216 0.06300000101
0.27700001 0.01099999994 0.05700000003
0.2790000141 0.01099999994 0.05700000003
0.27700001 0.008999999613 0.05900000036
0.2790000141 0.008999999613 0.05900000036
0.2790000141 0.01099999994 0.05900000036
0.2790000141 0.01300000027 0.05700000003
0.2790000141 0.01499999966 0.05700000003
0.2790000141 0.01300000027 0.05900000036
0.2790000141 0.01499999966 0.05900000036
0.27700001 0.008999999613 0.06100000069
0.2790000141 0.008999999613 0.06100000069
0.2790000141 0.01099999994 0.06100000069
0.27700001 0.008999999613 0.06300000101
0.2790000141 0.008999999613 0.06300000101
0.2790000141 0.01099999994 0.06300000101
0.2790000141 0.01300000027 0.06100000069
0.2790000141 0.01499999966 0.06100000069
0.2790000141 0.01300000027 0.06300000101
0.2790000141 0.01499999966 0.06300000101
0.2809999883 0.01300000027 0.05700000003
0.2809999883 0.01499999966 0.05700000003
0.2809999883 0.01300000027 0.05900000036
0.2809999883 0.01499999966 0.05900000036
0.2809999883 0.01300000027 0.06100000069
0.2809999883 0.01499999966 0.06100000069
0.2809999883 0.01300000027 0.06300000101
0.2809999883 0.01499999966 0.06300000101
0.2829999924 0.01700000092 0.04899999872
0.2829999924 0.01899999939 0.04899999872
0.2829999924 0.01700000092 0.05099999905
0.2829999924 0.01899999939 0.05099999905
0.2849999964 0.01899999939 0.04899999872
0.2870000005 0.01899999939 0.04899999872
0.2849999964 0.01899999939 0.05099999905
0.2870000005 0.01899999939 0.05099999905
0.2849999964 0.02099999972 0.04899999872
0.2870000005 0.02099999972 0.04899999872
0.2849999964 0.02099999972 0.05099999905
0.2870000005 0.02099999972 0.05099999905
0.2829999924 0.01700000092 0.05299999937
0.2829999924 0.01899999939 0.05299999937
0.2829999924 0.01700000092 0.0549999997
0.2829999924 0.01899999939 0.0549999997
0.2849999964 0.01899999939 0.05299999937
0.2870000005 0.01899999939 0.05299999937
0.2849999964 0.01899999939 0.0549999997
0.2870000005 0.01899999939 0.0549999997
0.2849999964 0.02099999972 0.05299999937
0.2870000005 0.02099999972 0.05299999937
0.2849999964 0.02099999972 0.0549999997
0.2870000005 0.02099999972 0.0549999997
0.2829999924 0.01700000092 0.05700000003
0.2829999924 0.01899999939 0.05700000003
0.2829999924 0.01700000092 0.05900000036
0.2829999924 0.01899999939 0.05900000036
0.2849999964 0.01899999939 0.05700000003
0.2870000005 0.01899999939 0.05700000003
0.2849999964 0.01899999939 0.05900000036
0.2870000005 0.01899999939 0.05900000036
0.2849999964 0.02099999972 0.05700000003
0.2870000005 0.02099999972 0.05700000003
0.2849999964 0.02099999972 0.05900000036
0.2870000005 0.02099999972 0.05900000036
0.2829999924 0.01700000092 0.06100000069
0.2829999924 0.01899999939 0.06100000069
0.2829999924 0.01700000092 0.06300000101
0.2829999924 0.01899999939 0.06300000101
0.2849999964 0.01899999939 0.06100000069
0.2870000005 0.01899999939 0.06100000069
0.2849999964 0.01899999939 0.06300000101
0.2870000005 0.01899999939 0.06300000101
0.2849999964 0.02099999972 0.06100000069
0.2870000005 0.02099999972 0.06100000069
0.2849999964 0.02099999972 0.06300000101
0.2870000005 0.02099999972 0.06300000101
0.3190000057 0.01499999966 0.03500000015
0.3190000057 0.01499999966 0.0390000008
0.3190000057 0.01499999966 0.04100000113
0.3190000057 0.01499999966 0.04500000179
0.2890000045 0.02099999972 0.03299999982
0.2910000086 0.02300000004 0.03299999982
0.2890000045 0.02099999972 0.03500000015
0.2930000126 0.02300000004 0.03299999982
0.2949999869 0.02300000004 0.03299999982
0.2930000126 0.02300000004 0.03500000015
0.2949999869 0.02300000004 0.03500000015
0.2890000045 0.02099999972 0.03700000048
0.2910000086 0.02300000004 0.03700000048
0.2890000045 0.02099999972 0.0390000008
0.2910000086 0.02300000004 0.0390000008
0.2930000126 0.02300000004 0.03700000048
0.2949999869 0.02300000004 0.03700000048
0.2930000126 0.02300000004 0.0390000008
0.2949999869 0.02300000004 0.0390000008
0.2969999909 0.02300000004 0.03299999982
0.298999995 0.02300000004 0.03299999982
0.2969999909 0.02300000004 0.03500000015
0.300999999 0.02300000004 0.03500000015
0.2969999909 0.02300000004 0.03700000048
0.298999995 0.02300000004 0.03700000048
0.2969999909 0.02300000004 0.0390000008
0.298999995 0.02300000004 0.0390000008
0.300999999 0.02300000004 0.03700000048
0.3030000031 0.02300000004 0.03700000048
0.3030000031 0.02300000004 0.0390000008
0.3030000031 0.02500000037 0.03299999982
0.300999999 0.02500000037 0.03500000015
0.3030000031 0.02500000037 0.0390000008
0.2890000045 0.02099999972 0.04100000113
0.2910000086 0.02300000004 0.04100000113
0.2890000045 0.02099999972 0.04300000146
0.2910000086 0.02300000004 0.04300000146
0.2930000126 0.02300000004 0.04100000113
0.2949999869 0.02300000004 0.04100000113
0.2930000126 0.02300000004 0.04300000146
0.2949999869 0.02300000004 0.04300000146
0.2890000045 0.02099999972 0.04500000179
0.2910000086 0.02300000004 0.04500000179
0.2890000045 0.02099999972 0.04699999839
0.2910000086 0.02300000004 0.04699999839
0.2930000126 0.02300000004 0.04500000179
0.2949999869 0.02300000004 0.04500000179
0.2930000126 0.02300000004 0.04699999839
0.2949999869 0.02300000004 0.04699999839
0.2969999909 0.02300000004 0.04100000113
0.298999995 0.02300000004 0.04100000113
0.2969999909 0.02300000004 0.04300000146
0.298999995 0.02300000004 0.04300000146
0.300999999 0.02300000004 0.04100000113
0.300999999 0.02300000004 0.04300000146
0.3030000031 0.02300000004 0.04300000146
0.2969999909 0.02300000004 0.04500000179
0.298999995 0.02300000004 0.04500000179
0.2969999909 0.02300000004 0.04699999839
0.298999995 0.02300000004 0.04699999839
0.3030000031 0.02300000004 0.04500000179
0.300999999 0.02300000004 0.04699999839
0.3030000031 0.02300000004 0.04699999839
0.3030000031 0.02500000037 0.04699999839
0.3070000112 0.02300000004 0.03299999982
0.3070000112 0.02300000004 0.03500000015
0.3109999895 0.02099999972 0.03299999982
0.3109999895 0.02099999972 0.03500000015
0.3089999855 0.02300000004 0.03500000015
0.3109999895 0.02300000004 0.03500000015
0.3070000112 0.02300000004 0.03700000048
0.3070000112 0.02300000004 0.0390000008
0.3109999895 0.02099999972 0.03700000048
0.3089999855 0.02300000004 0.03700000048
0.3109999895 0.02099999972 0.0390000008
0.3089999855 0.02300000004 0.0390000008
0.3190000057 0.01700000092 0.03299999982
0.3190000057 0.01700000092 0.03500000015
0.3129999936 0.02099999972 0.03500000015
0.3149999976 0.01899999939 0.03700000048
0.3149999976 0.01899999939 0.0390000008
0.3190000057 0.01700000092 0.03700000048
0.3190000057 0.01700000092 0.0390000008
0.3050000072 0.02500000037 0.03299999982
0.3050000072 0.02500000037 0.03700000048
0.3050000072 0.02500000037 0.0390000008
0.3070000112 0.02300000004 0.04100000113
0.3070000112 0.02300000004 0.04300000146
0.3109999895 0.02099999972 0.04100000113
0.3109999895 0.02300000004 0.04100000113
0.3109999895 0.02099999972 0.04300000146
0.3050000072 0.02300000004 0.04500000179
0.3070000112 0.02300000004 0.04500000179
0.3070000112 0.02300000004 0.04699999839
0.3109999895 0.02099999972 0.04500000179
0.3089999855 0.02300000004 0.04500000179
0.3109999895 0.02099999972 0.04699999839
0.3089999855 0.02300000004 0.04699999839
0.3149999976 0.01899999939 0.04100000113
0.3190000057 0.01700000092 0.04100000113
0.3190000057 0.01700000092 0.04300000146
0.3129999936 0.02099999972 0.04100000113
0.3149999976 0.01899999939 0.04699999839
0.3170000017 0.01700000092 0.04500000179
0.3190000057 0.01700000092 0.04500000179
0.3170000017 0.01700000092 0.04699999839
0.3190000057 0.01700000092 0.04699999839
0.3050000072 0.02500000037 0.04699999839
0.3190000057 0.01499999966 0.05299999937
0.3170000017 0.01499999966 0.0549999997
0.3190000057 0.01499999966 0.0549999997
0.3190000057 0.01300000027 0.05700000003
0.3170000017 0.01499999966 0.05700000003
0.3190000057 0.01499999966 0.05700000003
0.3190000057 0.01300000027 0.05900000036
0.3190000057 0.01499999966 0.05900000036
0.3190000057 0.01300000027 0.06100000069
0.3190000057 0.01499999966 0.06100000069
0.3190000057 0.01300000027 0.06300000101
0.3190000057 0.01499999966 0.06300000101
0.2890000045 0.02099999972 0.04899999872
0.2910000086 0.02099999972 0.04899999872
0.2910000086 0.02300000004 0.04899999872
0.2890000045 0.02099999972 0.05099999905
0.2910000086 0.02099999972 0.05099999905
0.2910000086 0.02300000004 0.05099999905
0.2930000126 0.02300000004 0.04899999872
0.2949999869 0.02300000004 0.04899999872
0.2930000126 0.02300000004 0.05099999905
0.2949999869 0.02300000004 0.05099999905
0.2890000045 0.02099999972 0.05299999937
0.2910000086 0.02300000004 0.05299999937
0.2890000045 0.02099999972 0.0549999997
0.2910000086 0.02099999972 0.0549999997
0.2910000086 0.02300000004 0.0549999997
0.2930000126 0.02300000004 0.05299999937
0.2949999869 0.02300000004 0.05299999937
0.2930000126 0.02300000004 0.0549999997
0.2949999869 0.02300000004 0.0549999997
0.2969999909 0.02300000004 0.04899999872
0.298999995 0.02300000004 0.04899999872
0.2969999909 0.02300000004 0.05099999905
0.298999995 0.02300000004 0.05099999905
0.300999999 0.02300000004 0.04899999872
0.3030000031 0.02300000004 0.04899999872
0.300999999 0.02300000004 0.05099999905
0.3030000031 0.02300000004 0.05099999905
0.2969999909 0.02300000004 0.05299999937
0.298999995 0.02300000004 0.05299999937
0.2969999909 0.02300000004 0.0549999997
0.298999995 0.02300000004 0.0549999997
0.3030000031 0.02300000004 0.05299999937
0.300999999 0.02300000004 0.0549999997
0.300999999 0.02500000037 0.05099999905
0.2890000045 0.02099999972 0.05700000003
0.2910000086 0.02099999972 0.05700000003
0.2910000086 0.02300000004 0.05700000003
0.2890000045 0.02099999972 0.05900000036
0.2910000086 0.02300000004 0.05900000036
0.2930000126 0.02300000004 0.05700000003
0.2949999869 0.02300000004 0.05700000003
0.2930000126 0.02300000004 0.05900000036
0.2949999869 0.02300000004 0.05900000036
0.2890000045 0.02099999972 0.06100000069
0.2910000086 0.02099999972 0.06100000069
0.2910000086 0.02300000004 0.06100000069
0.2890000045 0.02099999972 0.06300000101
0.2910000086 0.02300000004 0.06300000101
0.2930000126 0.02300000004 0.06100000069
0.2949999869 0.02300000004 0.06100000069
0.2930000126 0.02300000004 0.06300000101
0.2949999869 0.02300000004 0.06300000101
0.2969999909 0.02300000004 0.05700000003
0.298999995 0.02300000004 0.05700000003
0.2969999909 0.02300000004 0.05900000036
0.298999995 0.02300000004 0.05900000036
0.300999999 0.02300000004 0.05700000003
0.3030000031 0.02300000004 0.05700000003
0.300999999 0.02300000004 0.05900000036
0.3030000031 0.02300000004 0.05900000036
0.2969999909 0.02300000004 0.06100000069
0.298999995 0.02300000004 0.06100000069
0.2969999909 0.02300000004 0.06300000101
0.298999995 0.02300000004 0.06300000101
0.300999999 0.02300000004 0.06100000069
0.3030000031 0.02300000004 0.06100000069
0.300999999 0.02300000004 0.06300000101
0.3030000031 0.02300000004 0.06300000101
0.3030000031 0.02500000037 0.05700000003
0.3050000072 0.02300000004 0.04899999872
0.3070000112 0.02300000004 0.04899999872
0.3050000072 0.02300000004 0.05099999905
0.3070000112 0.02300000004 0.05099999905
0.3089999855 0.02300000004 0.05099999905
0.3050000072 0.02300000004 0.05299999937
0.3050000072 0.02300000004 0.0549999997
0.3089999855 0.02300000004 0.05299999937
0.3109999895 0.02099999972 0.0549999997
0.3089999855 0.02300000004 0.0549999997
0.3149999976 0.01899999939 0.05099999905
0.3190000057 0.01700000092 0.04899999872
0.3190000057 0.01700000092 0.05099999905
0.3129999936 0.01899999939 0.0549999997
0.3149999976 0.01899999939 0.0549999997
0.3170000017 0.01700000092 0.05299999937
0.3170000017 0.01700000092 0.0549999997
0.3170000017 0.01899999939 0.0549999997
0.3129999936 0.02099999972 0.0549999997
0.3050000072 0.02500000037 0.05299999937
0.3050000072 0.02300000004 0.05700000003
0.3070000112 0.02300000004 0.05700000003
0.3050000072 0.02300000004 0.05900000036
0.3070000112 0.02300000004 0.05900000036
0.3109999895 0.02099999972 0.05700000003
0.3089999855 0.02300000004 0.05700000003
0.3109999895 0.02099999972 0.05900000036
0.3089999855 0.02300000004 0.05900000036
0.3050000072 0.02300000004 0.06100000069
0.3070000112 0.02300000004 0.06100000069
0.3050000072 0.02300000004 0.06300000101
0.3070000112 0.02300000004 0.06300000101
0.3109999895 0.02099999972 0.06100000069
0.3089999855 0.02300000004 0.06100000069
0.3109999895 0.02099999972 0.06300000101
0.3089999855 0.02300000004 0.06300000101
0.3129999936 0.01899999939 0.05700000003
0.3149999976 0.01899999939 0.05700000003
0.3149999976 0.01700000092 0.05900000036
0.3129999936 0.01899999939 0.05900000036
0.3149999976 0.01899999939 0.05900000036
0.3170000017 0.01700000092 0.05700000003
0.3170000017 0.01700000092 0.05900000036
0.3129999936 0.02099999972 0.05700000003
0.3129999936 0.02099999972 0.05900000036
0.3149999976 0.01700000092 0.06100000069
0.3129999936 0.01899999939 0.06100000069
0.3149999976 0.01899999939 0.06100000069
0.3129999936 0.01899999939 0.06300000101
0.3149999976 0.01899999939 0.06300000101
0.3170000017 0.01700000092 0.06100000069
0.3170000017 0.01700000092 0.06300000101
0.3129999936 0.02099999972 0.06100000069
0.3149999976 0.02099999972 0.06100000069
0.3129999936 0.02099999972 0.06300000101
0.3050000072 0.02500000037 0.05700000003
0.3050000072 0.02500000037 0.05900000036
0.3249999881 0.001000000047 0.01099999994
0.3249999881 0.003000000026 0.01099999994
0.3230000138 0.007000000216 0.01099999994
0.3249999881 0.004999999888 0.01099999994
0.3249999881 0.001000000047 0.01300000027
0.3249999881 0.003000000026 0.01300000027
0.3249999881 0.001000000047 0.01499999966
0.3249999881 0.003000000026 0.01499999966
0.3230000138 0.007000000216 0.01300000027
0.3230000138 0.007000000216 0.01499999966
0.3249999881 0.004999999888 0.01300000027
0.3249999881 0.004999999888 0.01499999966
0.3210000098 0.01099999994 0.01099999994
0.3230000138 0.008999999613 0.01300000027
0.3210000098 0.01099999994 0.01300000027
0.3230000138 0.01099999994 0.01300000027
0.3230000138 0.008999999613 0.01499999966
0.3210000098 0.01300000027 0.01300000027
0.3249999881 0.001000000047 0.01700000092
0.3249999881 0.003000000026 0.01700000092
0.3249999881 0.001000000047 0.01899999939
0.3249999881 0.003000000026 0.01899999939
0.3230000138 0.007000000216 0.01899999939
0.3249999881 0.004999999888 0.01700000092
0.3249999881 0.007000000216 0.01700000092
0.3249999881 0.004999999888 0.01899999939
0.3249999881 0.001000000047 0.02099999972
0.3249999881 0.003000000026 0.02099999972
0.3249999881 0.001000000047 0.02300000004
0.3249999881 0.003000000026 0.02300000004
0.3230000138 0.007000000216 0.02099999972
0.3230000138 0.007000000216 0.02300000004
0.3249999881 0.004999999888 0.02099999972
0.3249999881 0.007000000216 0.02099999972
0.3249999881 0.004999999888 0.02300000004
0.3230000138 0.008999999613 0.01700000092
0.3210000098 0.01099999994 0.01700000092
0.3230000138 0.01099999994 0.01700000092
0.3230000138 0.008999999613 0.01899999939
0.3210000098 0.01099999994 0.01899999939
0.3210000098 0.01300000027 0.01700000092
0.3210000098 0.01300000027 0.01899999939
0.3230000138 0.008999999613 0.02099999972
0.3230000138 0.01099999994 0.02099999972
0.3230000138 0.008999999613 0.02300000004
0.3210000098 0.01099999994 0.02300000004
0.3230000138 0.01099999994 0.02300000004
0.3210000098 0.01300000027 0.02300000004
0.3249999881 0.001000000047 0.02500000037
0.3249999881 0.003000000026 0.02500000037
0.3249999881 0.001000000047 0.0270000007
0.3249999881 0.003000000026 0.0270000007
0.3230000138 0.007000000216 0.02500000037
0.3249999881 0.004999999888 0.02500000037
0.3249999881 0.007000000216 0.02500000037
0.3249999881 0.004999999888 0.0270000007
0.3249999881 0.007000000216 0.0270000007
0.3230000138 0.001000000047 0.02899999917
0.3230000138 0.001000000047 0.03099999949
0.3249999881 0.001000000047 0.02899999917
0.3249999881 0.003000000026 0.02899999917
0.3249999881 0.001000000047 0.03099999949
0.3249999881 0.003000000026 0.03099999949
0.3230000138 0.007000000216 0.02899999917
0.3230000138 0.007000000216 0.03099999949
0.3249999881 0.004999999888 0.02899999917
0.3249999881 0.007000000216 0.02899999917
0.3249999881 0.004999999888 0.03099999949
0.3249999881 0.007000000216 0.03099999949
0.3230000138 0.008999999613 0.02500000037
0.3210000098 0.01099999994 0.02500000037
0.3230000138 0.008999999613 0.0270000007
0.3230000138 0.01099999994 0.0270000007
0.3210000098 0.01300000027 0.0270000007
0.3230000138 0.008999999613 0.02899999917
0.3210000098 0.01099999994 0.02899999917
0.3230000138 0.008999999613 0.03099999949
0.3210000098 0.01099999994 0.03099999949
0.3230000138 0.01099999994 0.03099999949
0.3210000098 0.01300000027 0.02899999917
0.3230000138 0.001000000047 0.03299999982
0.3230000138 0.001000000047 0.03500000015
0.3230000138 0.003000000026 0.03500000015
0.3249999881 0.001000000047 0.03299999982
0.3249999881 0.003000000026 0.03299999982
0.3249999881 0.001000000047 0.03500000015
0.3249999881 0.003000000026 0.03500000015
0.3230000138 0.007000000216 0.03299999982
0.3230000138 0.007000000216 0.03500000015
0.3249999881 0.004999999888 0.03299999982
0.3249999881 0.004999999888 0.03500000015
0.3249999881 0.007000000216 0.03500000015
0.3230000138 0.001000000047 0.03700000048
0.3230000138 0.003000000026 0.03700000048
0.3230000138 0.001000000047 0.0390000008
0.3230000138 0.003000000026 0.0390000008
0.3249999881 0.001000000047 0.03700000048
0.3249999881 0.003000000026 0.03700000048
0.3249999881 0.001000000047 0.0390000008
0.3249999881 0.003000000026 0.0390000008
0.3230000138 0.007000000216 0.0390000008
0.3249999881 0.004999999888 0.03700000048
0.3249999881 0.007000000216 0.03700000048
0.3249999881 0.004999999888 0.0390000008
0.3230000138 0.008999999613 0.03299999982
0.3210000098 0.01099999994 0.03299999982
0.3230000138 0.01099999994 0.03299999982
0.3230000138 0.008999999613 0.03500000015
0.3210000098 0.01099999994 0.03500000015
0.3230000138 0.01099999994 0.03500000015
0.3210000098 0.01300000027 0.03299999982
0.3230000138 0.008999999613 0.03700000048
0.3210000098 0.01099999994 0.03700000048
0.3230000138 0.01099999994 0.03700000048
0.3230000138 0.008999999613 0.0390000008
0.3230000138 0.01099999994 0.0390000008
0.3210000098 0.01300000027 0.03700000048
0.3210000098 0.01300000027 0.0390000008
0.3230000138 0.001000000047 0.04100000113
0.3230000138 0.003000000026 0.04100000113
0.3230000138 0.001000000047 0.04300000146
0.3230000138 0.003000000026 0.04300000146
0.3249999881 0.001000000047 0.04100000113
0.3249999881 0.003000000026 0.04100000113
0.3249999881 0.001000000047 0.04300000146
0.3249999881 0.003000000026 0.04300000146
0.3230000138 0.004999999888 0.04100000113
0.3230000138 0.007000000216 0.04100000113
0.3230000138 0.004999999888 0.04300000146
0.3230000138 0.007000000216 0.04300000146
0.3249999881 0.004999999888 0.04100000113
0.3249999881 0.007000000216 0.04100000113
0.3249999881 0.004999999888 0.04300000146
0.3230000138 0.001000000047 0.04500000179
0.3230000138 0.003000000026 0.04500000179
0.3230000138 0.001000000047 0.04699999839
0.3230000138 0.003000000026 0.04699999839
0.3249999881 0.001000000047 0.04500000179
0.3249999881 0.003000000026 0.04500000179
0.3249999881 0.001000000047 0.04699999839
0.3249999881 0.003000000026 0.04699999839
0.3230000138 0.004999999888 0.04500000179
0.3230000138 0.007000000216 0.04500000179
0.3230000138 0.004999999888 0.04699999839
0.3249999881 0.004999999888 0.04500000179
0.3249999881 0.007000000216 0.04500000179
0.3249999881 0.004999999888 0.04699999839
0.3249999881 0.007000000216 0.04699999839
0.3230000138 0.008999999613 0.04100000113
0.3210000098 0.01099999994 0.04100000113
0.3230000138 0.01099999994 0.04100000113
0.3230000138 0.008999999613 0.04300000146
0.3210000098 0.01099999994 0.04300000146
0.3230000138 0.01099999994 0.04300000146
0.3210000098 0.01300000027 0.04300000146
0.3230000138 0.008999999613 0.04500000179
0.3210000098 0.01099999994 0.04500000179
0.3230000138 0.008999999613 0.04699999839
0.3210000098 0.01099999994 0.04699999839
0.3230000138 0.01099999994 0.04699999839
0.3210000098 0.01300000027 0.04500000179
0.3210000098 0.01499999966 0.04699999839
0.3230000138 0.001000000047 0.04899999872
0.3230000138 0.003000000026 0.04899999872
0.3230000138 0.001000000047 0.05099999905
0.3230000138 0.003000000026 0.05099999905
0.3249999881 0.001000000047 0.04899999872
0.3249999881 0.003000000026 0.04899999872
0.3249999881 0.001000000047 0.05099999905
0.3249999881 0.003000000026 0.05099999905
0.3230000138 0.004999999888 0.04899999872
0.3230000138 0.007000000216 0.04899999872
0.3230000138 0.004999999888 0.05099999905
0.3230000138 0.007000000216 0.05099999905
0.3249999881 0.004999999888 0.04899999872
0.3249999881 0.004999999888 0.05099999905
0.3230000138 0.001000000047 0.05299999937
0.3230000138 0.003000000026 0.05299999937
0.3230000138 0.001000000047 0.0549999997
0.3230000138 0.003000000026 0.0549999997
0.3249999881 0.001000000047 0.05299999937
0.3249999881 0.003000000026 0.05299999937
0.3249999881 0.001000000047 0.0549999997
0.3249999881 0.003000000026 0.0549999997
0.3230000138 0.004999999888 0.05299999937
0.3230000138 0.007000000216 0.05299999937
0.3230000138 0.004999999888 0.0549999997
0.3230000138 0.007000000216 0.0549999997
0.3249999881 0.004999999888 0.05299999937
0.3249999881 0.007000000216 0.05299999937
0.3249999881 0.004999999888 0.0549999997
0.3230000138 0.008999999613 0.04899999872
0.3210000098 0.01099999994 0.04899999872
0.3230000138 0.01099999994 0.04899999872
0.3230000138 0.008999999613 0.05099999905
0.3210000098 0.01099999994 0.05099999905
0.3230000138 0.01099999994 0.05099999905
0.3210000098 0.01300000027 0.04899999872
0.3210000098 0.01499999966 0.05099999905
0.3230000138 0.008999999613 0.05299999937
0.3210000098 0.01099999994 0.05299999937
0.3230000138 0.01099999994 0.05299999937
0.3210000098 0.008999999613 0.0549999997
0.3230000138 0.008999999613 0.0549999997
0.3210000098 0.01099999994 0.0549999997
0.3230000138 0.01099999994 0.0549999997
0.3210000098 0.01300000027 0.05299999937
0.3210000098 0.01499999966 0.05299999937
0.3210000098 0.01300000027 0.0549999997
0.3230000138 0.001000000047 0.05700000003
0.3230000138 0.003000000026 0.05700000003
0.3230000138 0.003000000026 0.05900000036
0.3249999881 0.001000000047 0.05700000003
0.3249999881 0.003000000026 0.05700000003
0.3249999881 0.001000000047 0.05900000036
0.3249999881 0.003000000026 0.05900000036
0.3230000138 0.004999999888 0.05700000003
0.3230000138 0.007000000216 0.05700000003
0.3230000138 0.004999999888 0.05900000036
0.3230000138 0.007000000216 0.05900000036
0.3249999881 0.004999999888 0.05700000003
0.3249999881 0.004999999888 0.05900000036
0.3230000138 0.003000000026 0.06300000101
0.3249999881 0.001000000047 0.06300000101
0.3249999881 0.003000000026 0.06300000101
0.3230000138 0.004999999888 0.06100000069
0.3230000138 0.007000000216 0.06100000069
0.3230000138 0.004999999888 0.06300000101
0.3230000138 0.007000000216 0.06300000101
0.3249999881 0.004999999888 0.06300000101
0.3210000098 0.008999999613 0.05700000003
0.3230000138 0.008999999613 0.05700000003
0.3210000098 0.01099999994 0.05700000003
0.3230000138 0.01099999994 0.05700000003
0.3210000098 0.008999999613 0.05900000036
0.3230000138 0.008999999613 0.05900000036
0.3210000098 0.01099999994 0.05900000036
0.3230000138 0.01099999994 0.05900000036
0.3210000098 0.01300000027 0.05700000003
0.3210000098 0.01499999966 0.05700000003
0.3210000098 0.01300000027 0.05900000036
0.3210000098 0.01499999966 0.05900000036
0.3230000138 0.008999999613 0.06100000069
0.3210000098 0.01099999994 0.06100000069
0.3230000138 0.01099999994 0.06100000069
0.3230000138 0.008999999613 0.06300000101
0.3210000098 0.01099999994 0.06300000101
0.3230000138 0.01099999994 0.06300000101
0.3210000098 0.01300000027 0.06100000069
0.3210000098 0.01300000027 0.06300000101
0.3210000098 0.01499999966 0.06300000101
0.275000006 0.003000000026 0.06499999762
0.275000006 0.003000000026 0.06700000167
0.27700001 0.001000000047 0.06499999762
0.27700001 0.003000000026 0.06499999762
0.27700001 0.001000000047 0.06700000167
0.27700001 0.003000000026 0.06700000167
0.275000006 0.004999999888 0.06499999762
0.275000006 0.004999999888 0.06700000167
0.27700001 0.004999999888 0.06499999762
0.27700001 0.007000000216 0.06499999762
0.27700001 0.004999999888 0.06700000167
0.27700001 0.007000000216 0.06700000167
0.275000006 0.003000000026 0.06899999827
0.275000006 0.003000000026 0.07100000232
0.27700001 0.001000000047 0.06899999827
0.27700001 0.003000000026 0.06899999827
0.27700001 0.001000000047 0.07100000232
0.27700001 0.003000000026 0.07100000232
0.275000006 0.004999999888 0.06899999827
0.275000006 0.004999999888 0.07100000232
0.27700001 0.004999999888 0.06899999827
0.27700001 0.007000000216 0.06899999827
0.27700001 0.004999999888 0.07100000232
0.27700001 0.007000000216 0.07100000232
0.2790000141 0.008999999613 0.06499999762
0.27700001 0.01099999994 0.06499999762
0.2790000141 0.01099999994 0.06499999762
0.27700001 0.008999999613 0.06700000167
0.2790000141 0.008999999613 0.06700000167
0.27700001 0.01099999994 0.06700000167
0.2790000141 0.01099999994 0.06700000167
0.2790000141 0.01300000027 0.06499999762
0.2790000141 0.01499999966 0.06499999762
0.2790000141 0.01300000027 0.06700000167
0.2790000141 0.01499999966 0.06700000167
0.27700001 0.008999999613 0.06899999827
0.2790000141 0.008999999613 0.06899999827
0.2790000141 0.01099999994 0.06899999827
0.27700001 0.01099999994 0.07100000232
0.2790000141 0.01099999994 0.07100000232
0.2790000141 0.01300000027 0.07100000232
0.2809999883 0.01300000027 0.06499999762
0.2809999883 0.01499999966 0.06499999762
0.2809999883 0.01300000027 0.06700000167
0.2809999883 0.01499999966 0.06700000167
0.2809999883 0.01499999966 0.06899999827
0.2809999883 0.01499999966 0.07100000232
0.275000006 0.001000000047 0.07299999893
0.275000006 0.001000000047 0.07500000298
0.275000006 0.003000000026 0.07500000298
0.27700001 0.001000000047 0.07299999893
0.27700001 0.003000000026 0.07299999893
0.27700001 0.001000000047 0.07500000298
0.275000006 0.004999999888 0.07299999893
0.275000006 0.004999999888 0.07500000298
0.27700001 0.004999999888 0.07299999893
0.27700001 0.007000000216 0.07299999893
0.27700001 0.004999999888 0.07500000298
0.27700001 0.007000000216 0.07500000298
0.27700001 0.008999999613 0.07299999893
0.2790000141 0.01099999994 0.07299999893
0.27700001 0.008999999613 0.07500000298
0.2790000141 0.01099999994 0.07500000298
0.2790000141 0.01300000027 0.07299999893
0.2790000141 0.01300000027 0.07500000298
0.2809999883 0.01499999966 0.07299999893
0.2809999883 0.01499999966 0.07500000298
0.2829999924 0.01700000092 0.06499999762
0.2829999924 0.01700000092 0.06700000167
0.2849999964 0.01899999939 0.06499999762
0.2849999964 0.01899999939 0.06700000167
0.2870000005 0.01899999939 0.06700000167
0.2849999964 0.02099999972 0.06499999762
0.2870000005 0.02099999972 0.06499999762
0.2849999964 0.02099999972 0.06700000167
0.2870000005 0.02099999972 0.06700000167
0.2829999924 0.01700000092 0.06899999827
0.2829999924 0.01700000092 0.07100000232
0.2849999964 0.01899999939 0.06899999827
0.2870000005 0.01899999939 0.06899999827
0.2849999964 0.01899999939 0.07100000232
0.2849999964 0.02099999972 0.06899999827
0.2870000005 0.02099999972 0.06899999827
0.2870000005 0.02099999972 0.07100000232
0.2829999924 0.01700000092 0.07299999893
0.2829999924 0.01700000092 0.07500000298
0.2829999924 0.01899999939 0.07500000298
0.2849999964 0.01899999939 0.07299999893
0.2849999964 0.01899999939 0.07500000298
0.2870000005 0.01899999939 0.07500000298
0.2870000005 0.02099999972 0.07299999893
0.2870000005 0.02099999972 0.07500000298
0.3190000057 0.01499999966 0.06499999762
0.3190000057 0.01499999966 0.06700000167
0.3190000057 0.01499999966 0.06899999827
0.3190000057 0.01499999966 0.07100000232
0.3190000057 0.01499999966 0.07299999893
0.3190000057 0.01499999966 0.07500000298
0.2890000045 0.02099999972 0.06499999762
0.2910000086 0.02300000004 0.06499999762
0.2890000045 0.02099999972 0.06700000167
0.2910000086 0.02300000004 0.06700000167
0.2930000126 0.02300000004 0.06499999762
0.2949999869 0.02300000004 0.06499999762
0.2930000126 0.02300000004 0.06700000167
0.2949999869 0.02300000004 0.06700000167
0.2890000045 0.02099999972 0.06899999827
0.2910000086 0.02300000004 0.06899999827
0.2890000045 0.02099999972 0.07100000232
0.2910000086 0.02300000004 0.07100000232
0.2930000126 0.02300000004 0.06899999827
0.2949999869 0.02300000004 0.06899999827
0.2930000126 0.02300000004 0.07100000232
0.2949999869 0.02300000004 0.07100000232
0.2969999909 0.02300000004 0.06499999762
0.298999995 0.02300000004 0.06499999762
0.2969999909 0.02300000004 0.06700000167
0.298999995 0.02300000004 0.06700000167
0.300999999 0.02300000004 0.06499999762
0.3030000031 0.02300000004 0.06499999762
0.300999999 0.02300000004 0.06700000167
0.3030000031 0.02300000004 0.06700000167
0.2969999909 0.02300000004 0.06899999827
0.298999995 0.02300000004 0.06899999827
0.2969999909 0.02300000004 0.07100000232
0.298999995 0.02300000004 0.07100000232
0.300999999 0.02300000004 0.06899999827
0.3030000031 0.02300000004 0.06899999827
0.300999999 0.02300000004 0.07100000232
0.3030000031 0.02300000004 0.07100000232
0.3030000031 0.02500000037 0.06700000167
0.3030000031 0.02500000037 0.07100000232
0.2890000045 0.02099999972 0.07299999893
0.2910000086 0.02300000004 0.07299999893
0.2890000045 0.02099999972 0.07500000298
0.2910000086 0.02099999972 0.07500000298
0.2910000086 0.02300000004 0.07500000298
0.2930000126 0.02300000004 0.07299999893
0.2949999869 0.02300000004 0.07299999893
0.2930000126 0.02300000004 0.07500000298
0.2949999869 0.02300000004 0.07500000298
0.2969999909 0.02300000004 0.07299999893
0.298999995 0.02300000004 0.07299999893
0.2969999909 0.02300000004 0.07500000298
0.298999995 0.02300000004 0.07500000298
0.300999999 0.02300000004 0.07299999893
0.3030000031 0.02300000004 0.07299999893
0.300999999 0.02300000004 0.07500000298
0.3030000031 0.02300000004 0.07500000298
0.2949999869 0.02500000037 0.07500000298
0.2969999909 0.02500000037 0.07500000298
0.298999995 0.02500000037 0.07500000298
0.300999999 0.02500000037 0.07500000298
0.3030000031 0.02500000037 0.07500000298
0.3050000072 0.02300000004 0.06499999762
0.3070000112 0.02300000004 0.06499999762
0.3050000072 0.02300000004 0.06700000167
0.3070000112 0.02300000004 0.06700000167
0.3109999895 0.02099999972 0.06499999762
0.3089999855 0.02300000004 0.06499999762
0.3109999895 0.02099999972 0.06700000167
0.3089999855 0.02300000004 0.06700000167
0.3050000072 0.02300000004 0.06899999827
0.3070000112 0.02300000004 0.06899999827
0.3050000072 0.02300000004 0.07100000232
0.3070000112 0.02300000004 0.07100000232
0.3109999895 0.02099999972 0.06899999827
0.3089999855 0.02300000004 0.06899999827
0.3109999895 0.02099999972 0.07100000232
0.3089999855 0.02300000004 0.07100000232
0.3129999936 0.01899999939 0.06499999762
0.3149999976 0.01899999939 0.06499999762
0.3129999936 0.01899999939 0.06700000167
0.3149999976 0.01899999939 0.06700000167
0.3170000017 0.01700000092 0.06499999762
0.3170000017 0.01700000092 0.06700000167
0.3170000017 0.01899999939 0.06700000167
0.3129999936 0.02099999972 0.06499999762
0.3129999936 0.02099999972 0.06700000167
0.3129999936 0.01899999939 0.06899999827
0.3149999976 0.01899999939 0.06899999827
0.3129999936 0.01899999939 0.07100000232
0.3149999976 0.01899999939 0.07100000232
0.3170000017 0.01700000092 0.06899999827
0.3170000017 0.01899999939 0.06899999827
0.3170000017 0.01700000092 0.07100000232
0.3170000017 0.01899999939 0.07100000232
0.3129999936 0.02099999972 0.06899999827
0.3129999936 0.02099999972 0.07100000232
0.3050000072 0.02500000037 0.06499999762
0.3050000072 0.02300000004 0.07299999893
0.3070000112 0.02300000004 0.07299999893
0.3050000072 0.02300000004 0.07500000298
0.3070000112 0.02300000004 0.07500000298
0.3109999895 0.02099999972 0.07299999893
0.3089999855 0.02300000004 0.07299999893
0.3109999895 0.02099999972 0.07500000298
0.3089999855 0.02300000004 0.07500000298
0.3109999895 0.02300000004 0.07500000298
0.3129999936 0.01899999939 0.07299999893
0.3149999976 0.01899999939 0.07299999893
0.3129999936 0.01899999939 0.07500000298
0.3149999976 0.01899999939 0.07500000298
0.3170000017 0.01700000092 0.07299999893
0.3170000017 0.01899999939 0.07299999893
0.3170000017 0.01700000092 0.07500000298
0.3170000017 0.01899999939 0.07500000298
0.3129999936 0.02099999972 0.07299999893
0.3129999936 0.02099999972 0.07500000298
0.3230000138 0.003000000026 0.06499999762
0.3249999881 0.001000000047 0.06499999762
0.3269999921 0.001000000047 0.06499999762
0.3249999881 0.003000000026 0.06499999762
0.3269999921 0.001000000047 0.06700000167
0.3249999881 0.003000000026 0.06700000167
0.3269999921 0.003000000026 0.06700000167
0.3230000138 0.004999999888 0.06499999762
0.3230000138 0.007000000216 0.06499999762
0.3230000138 0.004999999888 0.06700000167
0.3230000138 0.007000000216 0.06700000167
0.3249999881 0.004999999888 0.06499999762
0.3249999881 0.004999999888 0.06700000167
0.3269999921 0.001000000047 0.06899999827
0.3269999921 0.003000000026 0.06899999827
0.3269999921 0.003000000026 0.07100000232
0.3230000138 0.004999999888 0.06899999827
0.3230000138 0.007000000216 0.06899999827
0.3230000138 0.007000000216 0.07100000232
0.3249999881 0.004999999888 0.06899999827
0.3249999881 0.004999999888 0.07100000232
0.3269999921 0.004999999888 0.07100000232
0.3249999881 0.007000000216 0.07100000232
0.3289999962 0.001000000047 0.06899999827
0.3289999962 0.001000000047 0.07100000232
0.3310000002 0.001000000047 0.07100000232
0.3289999962 0.003000000026 0.07100000232
0.3230000138 0.008999999613 0.06499999762
0.3210000098 0.01099999994 0.06499999762
0.3230000138 0.01099999994 0.06499999762
0.3230000138 0.008999999613 0.06700000167
0.3210000098 0.01099999994 0.06700000167
0.3210000098 0.01300000027 0.06499999762
0.3210000098 0.01499999966 0.06499999762
0.3210000098 0.01300000027 0.06700000167
0.3230000138 0.008999999613 0.06899999827
0.3210000098 0.01099999994 0.06899999827
0.3230000138 0.008999999613 0.07100000232
0.3210000098 0.01099999994 0.07100000232
0.3210000098 0.01300000027 0.06899999827
0.3210000098 0.01499999966 0.06899999827
0.3210000098 0.01300000027 0.07100000232
0.3210000098 0.01499999966 0.07100000232
0.3269999921 0.004999999888 0.07299999893
0.3249999881 0.007000000216 0.07299999893
0.3269999921 0.007000000216 0.07299999893
0.3269999921 0.004999999888 0.07500000298
0.3249999881 0.007000000216 0.07500000298
0.3269999921 0.007000000216 0.07500000298
0.3310000002 0.001000000047 0.07299999893
0.3289999962 0.003000000026 0.07299999893
0.3310000002 0.003000000026 0.07299999893
0.3310000002 0.001000000047 0.07500000298
0.3289999962 0.003000000026 0.07500000298
0.3310000002 0.003000000026 0.07500000298
0.3330000043 0.001000000047 0.07500000298
0.3289999962 0.004999999888 0.07299999893
0.3289999962 0.004999999888 0.07500000298
0.3310000002 0.004999999888 0.07500000298
0.3230000138 0.008999999613 0.07299999893
0.3210000098 0.01099999994 0.07299999893
0.3230000138 0.008999999613 0.07500000298
0.3210000098 0.01099999994 0.07500000298
0.3230000138 0.01099999994 0.07500000298
0.3249999881 0.008999999613 0.07500000298
0.3210000098 0.01300000027 0.07299999893
0.3210000098 0.01300000027 0.07500000298
0.3230000138 0.01300000027 0.07500000298
