# .PCD v0.7 - Point Cloud Data file format
VERSION 0.7
FIELDS x y z
SIZE 4 4 4
TYPE F F F
COUNT 1 1 1
WIDTH 8317
HEIGHT 1
VIEWPOINT 0 0 0 1 0 0 0
POINTS 8317
DATA ascii
-0.07100000232 -0.07500000298 0.05700000003
-0.06499999762 -0.07500000298 0.05900000036
-0.06700000167 -0.07299999893 0.05900000036
-0.06499999762 -0.07100000232 0.05900000036
-0.06499999762 -0.06899999827 0.05900000036
-0.06700000167 -0.06700000167 0.05900000036
-0.02300000004 -0.07299999893 0.0270000007
-0.02300000004 -0.07699999958 0.03099999949
-0.02099999972 -0.07500000298 0.02899999917
-0.01899999939 -0.07500000298 0.02899999917
-0.01899999939 -0.07299999893 0.02899999917
-0.01899999939 -0.07299999893 0.03099999949
-0.05900000036 -0.07100000232 0.0390000008
-0.05700000003 -0.07100000232 0.0390000008
-0.05700000003 -0.07699999958 0.04300000146
-0.05700000003 -0.07500000298 0.04100000113
-0.05700000003 -0.07299999893 0.04100000113
-0.05700000003 -0.07500000298 0.04300000146
-0.05700000003 -0.07699999958 0.04500000179
-0.05700000003 -0.07500000298 0.04500000179
-0.0549999997 -0.07500000298 0.04300000146
-0.0549999997 -0.07299999893 0.04300000146
-0.0549999997 -0.07699999958 0.04699999839
-0.0549999997 -0.07500000298 0.04500000179
-0.0549999997 -0.07299999893 0.04500000179
-0.0549999997 -0.07500000298 0.04699999839
-0.0549999997 -0.07299999893 0.04699999839
-0.05700000003 -0.07100000232 0.04100000113
-0.0549999997 -0.07100000232 0.04300000146
-0.0549999997 -0.07100000232 0.04500000179
-0.0549999997 -0.07100000232 0.04699999839
-0.05700000003 -0.07699999958 0.05099999905
-0.05700000003 -0.07699999958 0.05299999937
-0.05700000003 -0.07500000298 0.05299999937
-0.05900000036 -0.07500000298 0.0549999997
-0.05700000003 -0.07500000298 0.0549999997
-0.05700000003 -0.07299999893 0.0549999997
-0.0549999997 -0.07500000298 0.04899999872
-0.0549999997 -0.07500000298 0.05099999905
-0.0549999997 -0.07299999893 0.05299999937
-0.05700000003 -0.07100000232 0.0549999997
-0.05700000003 -0.06700000167 0.0549999997
-0.0549999997 -0.07100000232 0.05299999937
-0.0549999997 -0.06899999827 0.05299999937
-0.0549999997 -0.06700000167 0.0549999997
-0.06300000101 -0.07500000298 0.05700000003
-0.06100000069 -0.07500000298 0.05700000003
-0.06100000069 -0.07299999893 0.05700000003
-0.06300000101 -0.07299999893 0.05900000036
-0.05900000036 -0.07500000298 0.05700000003
-0.06100000069 -0.07100000232 0.05900000036
-0.06100000069 -0.06899999827 0.05900000036
-0.05900000036 -0.07100000232 0.05700000003
-0.05900000036 -0.06899999827 0.05700000003
-0.06300000101 -0.06700000167 0.05900000036
-0.06100000069 -0.06499999762 0.05900000036
-0.05900000036 -0.06499999762 0.05700000003
-0.02500000037 -0.07500000298 0.0390000008
-0.02500000037 -0.07299999893 0.0390000008
-0.02300000004 -0.07699999958 0.03500000015
-0.01899999939 -0.07699999958 0.03299999982
-0.01899999939 -0.07500000298 0.03299999982
-0.01899999939 -0.07299999893 0.03299999982
-0.01899999939 -0.07500000298 0.03500000015
-0.01899999939 -0.07299999893 0.03500000015
-0.01899999939 -0.07699999958 0.03700000048
-0.02099999972 -0.07500000298 0.03700000048
-0.02300000004 -0.07500000298 0.0390000008
-0.02099999972 -0.07500000298 0.0390000008
-0.02300000004 -0.07299999893 0.0390000008
-0.02099999972 -0.07299999893 0.0390000008
-0.01899999939 -0.07500000298 0.03700000048
-0.01899999939 -0.07299999893 0.03700000048
-0.02300000004 -0.07500000298 0.05700000003
-0.02300000004 -0.07299999893 0.05700000003
-0.02099999972 -0.07299999893 0.05700000003
-0.02099999972 -0.07500000298 0.05900000036
-0.02099999972 -0.07299999893 0.05900000036
-0.01899999939 -0.07500000298 0.05900000036
-0.01899999939 -0.07299999893 0.05900000036
-0.01899999939 -0.07699999958 0.06100000069
-0.01899999939 -0.07699999958 0.06300000101
-0.01899999939 -0.07500000298 0.06100000069
-0.01899999939 -0.07299999893 0.06100000069
-0.01899999939 -0.07500000298 0.06300000101
-0.01899999939 -0.07299999893 0.06300000101
-0.06499999762 -0.06300000101 0.05900000036
-0.02500000037 -0.07500000298 0.06899999827
-0.0270000007 -0.07299999893 0.06899999827
-0.02500000037 -0.07299999893 0.06899999827
-0.02099999972 -0.07500000298 0.06700000167
-0.01899999939 -0.07500000298 0.06499999762
-0.01899999939 -0.07299999893 0.06499999762
-0.01899999939 -0.07500000298 0.06700000167
-0.01899999939 -0.07299999893 0.06700000167
-0.02300000004 -0.07500000298 0.06899999827
-0.02099999972 -0.07500000298 0.06899999827
-0.02300000004 -0.07299999893 0.06899999827
-0.02099999972 -0.07299999893 0.06899999827
-0.0270000007 -0.07100000232 0.06899999827
-0.02500000037 -0.06899999827 0.06899999827
-0.01899999939 -0.07100000232 0.06700000167
-0.02099999972 -0.07100000232 0.06899999827
-0.01099999994 -0.06499999762 0.0869999975
-0.004999999888 -0.06499999762 0.0869999975
-0.003000000026 -0.06700000167 0.0869999975
-0.001000000047 -0.06700000167 0.08900000155
-0.04300000146 -0.05900000036 0.08100000024
-0.0390000008 -0.06100000069 0.08100000024
-0.03299999982 -0.06100000069 0.08299999684
-0.03500000015 -0.05700000003 0.0869999975
-0.0270000007 -0.06100000069 0.08299999684
-0.02099999972 -0.06300000101 0.08500000089
-0.01700000092 -0.06300000101 0.08500000089
-0.02099999972 -0.05900000036 0.08900000155
-0.01700000092 -0.05900000036 0.09099999815
-0.01300000027 -0.06100000069 0.09099999815
-0.008999999613 -0.06100000069 0.09099999815
-0.01300000027 -0.05900000036 0.09099999815
-0.004999999888 -0.06100000069 0.09099999815
-0.001000000047 -0.06300000101 0.09099999815
-0.001000000047 -0.05700000003 0.1010000035
-0.003000000026 -0.05700000003 0.1030000001
-0.001000000047 -0.05900000036 0.1089999974
-0.003000000026 -0.05900000036 0.1110000014
-0.003000000026 -0.05900000036 0.1150000021
-0.001000000047 -0.05900000036 0.1169999987
-0.01099999994 -0.05900000036 0.1270000041
-0.008999999613 -0.05900000036 0.1270000041
-0.01499999966 -0.05700000003 0.1389999986
-0.01099999994 -0.05700000003 0.1389999986
-0.007000000216 -0.05900000036 0.1389999986
-0.004999999888 -0.05700000003 0.1389999986
-0.003000000026 -0.05700000003 0.1389999986
-0.001000000047 -0.05700000003 0.1410000026
-0.001000000047 -0.0549999997 0.1389999986
-0.004999999888 -0.0549999997 0.1410000026
-0.001000000047 -0.05299999937 0.1410000026
-0.004999999888 -0.0549999997 0.1449999958
-0.001000000047 -0.0549999997 0.1469999999
-0.003000000026 -0.0549999997 0.1589999944
-0.001000000047 -0.0549999997 0.1710000038
-0.001000000047 -0.0549999997 0.1829999983
-0.003000000026 -0.0549999997 0.1889999956
-0.001000000047 -0.0549999997 0.1949999928
-0.001000000047 -0.0549999997 0.201000005
0.01899999939 -0.07500000298 0.01099999994
0.01899999939 -0.07299999893 0.01099999994
0.02099999972 -0.07299999893 0.01099999994
0.01700000092 -0.07500000298 0.01300000027
0.01899999939 -0.07299999893 0.01300000027
0.01899999939 -0.07500000298 0.01499999966
0.01899999939 -0.07299999893 0.01499999966
0.02099999972 -0.07100000232 0.01099999994
0.02300000004 -0.07100000232 0.01099999994
0.02300000004 -0.06899999827 0.01099999994
0.02099999972 -0.07100000232 0.01300000027
0.02300000004 -0.07100000232 0.01300000027
0.02300000004 -0.06899999827 0.01300000027
0.02099999972 -0.07100000232 0.01499999966
0.02300000004 -0.07100000232 0.01499999966
0.02300000004 -0.06899999827 0.01499999966
0.02500000037 -0.06899999827 0.01099999994
0.0270000007 -0.06700000167 0.01099999994
0.02899999917 -0.06499999762 0.01099999994
0.02500000037 -0.06899999827 0.01300000027
0.02500000037 -0.06899999827 0.01499999966
0.02500000037 -0.06700000167 0.01300000027
0.0270000007 -0.06700000167 0.01300000027
0.02500000037 -0.06700000167 0.01499999966
0.0270000007 -0.06700000167 0.01499999966
0.0270000007 -0.06499999762 0.01499999966
0.02899999917 -0.06499999762 0.01300000027
0.02899999917 -0.06499999762 0.01499999966
0.01899999939 -0.07299999893 0.01700000092
0.01700000092 -0.07500000298 0.01899999939
0.01899999939 -0.07299999893 0.01899999939
0.01700000092 -0.07500000298 0.02099999972
0.01899999939 -0.07299999893 0.02099999972
0.01700000092 -0.07500000298 0.02300000004
0.01700000092 -0.07299999893 0.02300000004
0.01899999939 -0.07299999893 0.02300000004
0.02099999972 -0.07100000232 0.01700000092
0.02300000004 -0.06899999827 0.01700000092
0.02099999972 -0.07100000232 0.01899999939
0.02300000004 -0.07100000232 0.01899999939
0.02300000004 -0.06899999827 0.01899999939
0.01899999939 -0.07100000232 0.02099999972
0.01899999939 -0.07100000232 0.02300000004
0.02099999972 -0.07100000232 0.02099999972
0.02300000004 -0.06899999827 0.02099999972
0.02099999972 -0.07100000232 0.02300000004
0.02300000004 -0.06899999827 0.02300000004
0.02500000037 -0.06899999827 0.01700000092
0.02500000037 -0.06899999827 0.01899999939
0.02500000037 -0.06700000167 0.01700000092
0.0270000007 -0.06700000167 0.01700000092
0.0270000007 -0.06499999762 0.01700000092
0.02500000037 -0.06700000167 0.01899999939
0.0270000007 -0.06700000167 0.01899999939
0.0270000007 -0.06499999762 0.01899999939
0.02899999917 -0.06499999762 0.01700000092
0.02899999917 -0.06499999762 0.01899999939
0.02500000037 -0.06700000167 0.02099999972
0.0270000007 -0.06700000167 0.02099999972
0.0270000007 -0.06499999762 0.02099999972
0.02500000037 -0.06700000167 0.02300000004
0.0270000007 -0.06499999762 0.02300000004
0.02899999917 -0.06499999762 0.02099999972
0.01700000092 -0.07299999893 0.02500000037
0.01899999939 -0.07299999893 0.02500000037
0.01700000092 -0.07500000298 0.0270000007
0.01700000092 -0.07299999893 0.0270000007
0.01899999939 -0.07299999893 0.0270000007
0.01700000092 -0.07299999893 0.02899999917
0.01700000092 -0.07299999893 0.03099999949
0.01899999939 -0.07100000232 0.02500000037
0.01899999939 -0.07100000232 0.0270000007
0.02099999972 -0.07100000232 0.02500000037
0.02099999972 -0.06899999827 0.02500000037
0.02300000004 -0.06899999827 0.02500000037
0.02099999972 -0.07100000232 0.0270000007
0.02099999972 -0.06899999827 0.0270000007
0.02300000004 -0.06899999827 0.0270000007
0.02300000004 -0.06700000167 0.0270000007
0.01899999939 -0.07100000232 0.02899999917
0.01899999939 -0.07100000232 0.03099999949
0.02099999972 -0.07100000232 0.02899999917
0.02099999972 -0.06899999827 0.02899999917
0.02300000004 -0.06899999827 0.02899999917
0.02099999972 -0.06899999827 0.03099999949
0.02300000004 -0.06899999827 0.03099999949
0.02300000004 -0.06700000167 0.02899999917
0.02300000004 -0.06700000167 0.03099999949
0.02500000037 -0.06700000167 0.02500000037
0.02500000037 -0.06700000167 0.0270000007
0.02500000037 -0.06499999762 0.0270000007
0.0270000007 -0.06499999762 0.0270000007
0.02500000037 -0.06700000167 0.02899999917
0.02500000037 -0.06499999762 0.02899999917
0.0270000007 -0.06499999762 0.02899999917
0.02500000037 -0.06700000167 0.03099999949
0.02500000037 -0.06499999762 0.03099999949
0.0270000007 -0.06499999762 0.03099999949
0.01499999966 -0.07500000298 0.03700000048
0.01499999966 -0.07299999893 0.03700000048
0.01499999966 -0.07299999893 0.0390000008
0.01300000027 -0.07500000298 0.04100000113
0.01499999966 -0.07299999893 0.04100000113
0.01499999966 -0.07299999893 0.04300000146
0.01499999966 -0.07299999893 0.04500000179
0.01499999966 -0.07299999893 0.04699999839
0.01700000092 -0.07299999893 0.03299999982
0.01700000092 -0.07299999893 0.03500000015
0.01700000092 -0.07299999893 0.03700000048
0.01700000092 -0.07299999893 0.0390000008
0.01700000092 -0.07100000232 0.03299999982
0.01899999939 -0.07100000232 0.03299999982
0.01700000092 -0.07100000232 0.03500000015
0.01899999939 -0.07100000232 0.03500000015
0.02099999972 -0.07100000232 0.03500000015
0.02099999972 -0.06899999827 0.03500000015
0.02300000004 -0.06899999827 0.03500000015
0.02300000004 -0.06700000167 0.03299999982
0.02300000004 -0.06700000167 0.03500000015
0.01700000092 -0.07100000232 0.03700000048
0.01700000092 -0.07100000232 0.0390000008
0.01899999939 -0.07100000232 0.0390000008
0.02099999972 -0.06899999827 0.03700000048
0.02099999972 -0.06899999827 0.0390000008
0.02300000004 -0.06700000167 0.03700000048
0.02099999972 -0.06700000167 0.0390000008
0.02300000004 -0.06700000167 0.0390000008
0.02500000037 -0.06499999762 0.03299999982
0.02500000037 -0.06700000167 0.03500000015
0.02500000037 -0.06499999762 0.03500000015
0.02500000037 -0.06499999762 0.03700000048
0.0270000007 -0.06499999762 0.03700000048
0.02500000037 -0.06499999762 0.0390000008
0.01700000092 -0.07299999893 0.04300000146
0.01700000092 -0.07299999893 0.04500000179
0.01700000092 -0.07100000232 0.04100000113
0.01899999939 -0.07100000232 0.04100000113
0.01899999939 -0.06899999827 0.04100000113
0.01700000092 -0.07100000232 0.04300000146
0.01899999939 -0.07100000232 0.04300000146
0.01899999939 -0.06899999827 0.04300000146
0.02099999972 -0.06899999827 0.04100000113
0.02099999972 -0.06899999827 0.04300000146
0.02099999972 -0.06700000167 0.04100000113
0.02300000004 -0.06700000167 0.04100000113
0.02300000004 -0.06499999762 0.04100000113
0.02099999972 -0.06700000167 0.04300000146
0.02300000004 -0.06499999762 0.04300000146
0.01700000092 -0.07100000232 0.04500000179
0.01899999939 -0.07100000232 0.04500000179
0.01899999939 -0.06899999827 0.04500000179
0.01700000092 -0.07100000232 0.04699999839
0.01899999939 -0.06899999827 0.04699999839
0.02099999972 -0.06899999827 0.04500000179
0.02099999972 -0.06700000167 0.04500000179
0.02300000004 -0.06700000167 0.04500000179
0.02300000004 -0.06499999762 0.04500000179
0.02099999972 -0.06700000167 0.04699999839
0.02300000004 -0.06700000167 0.04699999839
0.02300000004 -0.06499999762 0.04699999839
0.02500000037 -0.06499999762 0.04100000113
0.02500000037 -0.06499999762 0.04300000146
0.02500000037 -0.06499999762 0.04699999839
0.01499999966 -0.07299999893 0.04899999872
0.01300000027 -0.07500000298 0.05099999905
0.01300000027 -0.07299999893 0.05099999905
0.01499999966 -0.07299999893 0.05099999905
0.01300000027 -0.07299999893 0.05299999937
0.01499999966 -0.07299999893 0.05299999937
0.01300000027 -0.07299999893 0.0549999997
0.01499999966 -0.07299999893 0.0549999997
0.01499999966 -0.07100000232 0.04899999872
0.01499999966 -0.07100000232 0.05099999905
0.01499999966 -0.07100000232 0.05299999937
0.01499999966 -0.07100000232 0.0549999997
0.01300000027 -0.07299999893 0.05700000003
0.01499999966 -0.07299999893 0.05700000003
0.01300000027 -0.07299999893 0.05900000036
0.01300000027 -0.07299999893 0.06100000069
0.01300000027 -0.07299999893 0.06300000101
0.01499999966 -0.07100000232 0.05700000003
0.01499999966 -0.07100000232 0.05900000036
0.01499999966 -0.07100000232 0.06100000069
0.01300000027 -0.07100000232 0.06300000101
0.01499999966 -0.07100000232 0.06300000101
0.01700000092 -0.07100000232 0.04899999872
0.01899999939 -0.06899999827 0.04899999872
0.01700000092 -0.07100000232 0.05099999905
0.01899999939 -0.06899999827 0.05099999905
0.02099999972 -0.06700000167 0.04899999872
0.02300000004 -0.06499999762 0.04899999872
0.02099999972 -0.06700000167 0.05099999905
0.02300000004 -0.06499999762 0.05099999905
0.01700000092 -0.06899999827 0.05299999937
0.01899999939 -0.06899999827 0.05299999937
0.01700000092 -0.07100000232 0.0549999997
0.01700000092 -0.06899999827 0.0549999997
0.01899999939 -0.06899999827 0.0549999997
0.01899999939 -0.06700000167 0.05299999937
0.01899999939 -0.06700000167 0.0549999997
0.02099999972 -0.06700000167 0.05299999937
0.02099999972 -0.06499999762 0.05299999937
0.02300000004 -0.06499999762 0.05299999937
0.02099999972 -0.06700000167 0.0549999997
0.02099999972 -0.06499999762 0.0549999997
0.02300000004 -0.06499999762 0.0549999997
0.02500000037 -0.06499999762 0.05099999905
0.01700000092 -0.06899999827 0.05700000003
0.01700000092 -0.07100000232 0.05900000036
0.01700000092 -0.06899999827 0.05900000036
0.01899999939 -0.06700000167 0.05700000003
0.01899999939 -0.06700000167 0.05900000036
0.02099999972 -0.06700000167 0.05700000003
0.02099999972 -0.06499999762 0.05700000003
0.02300000004 -0.06499999762 0.05700000003
0.02099999972 -0.06700000167 0.05900000036
0.02099999972 -0.06499999762 0.05900000036
0.02300000004 -0.06499999762 0.05900000036
0.01700000092 -0.06899999827 0.06100000069
0.01899999939 -0.06899999827 0.06100000069
0.01899999939 -0.06700000167 0.06100000069
0.01899999939 -0.06700000167 0.06300000101
0.02099999972 -0.06499999762 0.06100000069
0.02099999972 -0.06499999762 0.06300000101
0.03099999949 -0.06300000101 0.01099999994
0.03099999949 -0.06300000101 0.01300000027
0.03099999949 -0.06300000101 0.01499999966
0.02899999917 -0.06300000101 0.01700000092
0.03099999949 -0.06300000101 0.01700000092
0.02899999917 -0.06300000101 0.01899999939
0.03099999949 -0.06300000101 0.01899999939
0.03099999949 -0.06100000069 0.01899999939
0.02899999917 -0.06300000101 0.02099999972
0.03099999949 -0.06100000069 0.02099999972
0.02899999917 -0.06300000101 0.02300000004
0.03099999949 -0.06300000101 0.02300000004
0.03099999949 -0.06100000069 0.02300000004
0.02899999917 -0.06300000101 0.02500000037
0.03099999949 -0.06100000069 0.02500000037
0.02899999917 -0.06300000101 0.0270000007
0.03099999949 -0.06100000069 0.0270000007
0.0270000007 -0.06300000101 0.02899999917
0.0270000007 -0.06300000101 0.03099999949
0.02899999917 -0.06300000101 0.02899999917
0.02899999917 -0.06100000069 0.02899999917
0.03099999949 -0.06100000069 0.02899999917
0.02899999917 -0.06300000101 0.03099999949
0.02899999917 -0.06100000069 0.03099999949
0.03099999949 -0.06100000069 0.03099999949
0.03099999949 -0.05900000036 0.02899999917
0.03099999949 -0.05900000036 0.03099999949
0.03299999982 -0.06100000069 0.01099999994
0.03500000015 -0.06100000069 0.01099999994
0.03700000048 -0.05900000036 0.01099999994
0.0390000008 -0.05700000003 0.01099999994
0.03299999982 -0.06300000101 0.01300000027
0.03299999982 -0.06100000069 0.01300000027
0.03299999982 -0.06100000069 0.01499999966
0.03500000015 -0.06100000069 0.01499999966
0.03500000015 -0.05900000036 0.01300000027
0.03500000015 -0.05900000036 0.01499999966
0.03700000048 -0.05900000036 0.01300000027
0.03700000048 -0.05700000003 0.01300000027
0.0390000008 -0.05700000003 0.01300000027
0.03700000048 -0.05700000003 0.01499999966
0.0390000008 -0.05700000003 0.01499999966
0.0390000008 -0.0549999997 0.01499999966
0.04100000113 -0.0549999997 0.01099999994
0.04300000146 -0.05299999937 0.01099999994
0.04500000179 -0.05299999937 0.01099999994
0.04500000179 -0.05099999905 0.01099999994
0.04699999839 -0.05099999905 0.01099999994
0.04699999839 -0.04899999872 0.01099999994
0.04100000113 -0.0549999997 0.01300000027
0.04300000146 -0.05299999937 0.01300000027
0.04100000113 -0.0549999997 0.01499999966
0.04100000113 -0.05299999937 0.01499999966
0.04300000146 -0.05299999937 0.01499999966
0.04500000179 -0.05099999905 0.01300000027
0.04699999839 -0.04899999872 0.01300000027
0.04500000179 -0.05099999905 0.01499999966
0.04699999839 -0.04899999872 0.01499999966
0.04899999872 -0.04899999872 0.01099999994
0.04699999839 -0.04699999839 0.01499999966
0.04899999872 -0.04699999839 0.01099999994
0.05099999905 -0.04500000179 0.01099999994
0.05299999937 -0.04300000146 0.01099999994
0.05299999937 -0.04100000113 0.01099999994
0.0549999997 -0.04100000113 0.01099999994
0.04899999872 -0.04699999839 0.01300000027
0.05099999905 -0.04500000179 0.01300000027
0.04899999872 -0.04699999839 0.01499999966
0.04899999872 -0.04500000179 0.01499999966
0.05099999905 -0.04500000179 0.01499999966
0.05099999905 -0.04300000146 0.01300000027
0.05099999905 -0.04300000146 0.01499999966
0.05299999937 -0.04300000146 0.01300000027
0.05299999937 -0.04100000113 0.01300000027
0.0549999997 -0.04100000113 0.01300000027
0.05299999937 -0.04300000146 0.01499999966
0.05299999937 -0.04100000113 0.01499999966
0.0549999997 -0.0390000008 0.01099999994
0.0549999997 -0.0390000008 0.01300000027
0.0549999997 -0.0390000008 0.01499999966
0.0549999997 -0.03700000048 0.01499999966
0.05700000003 -0.0390000008 0.01099999994
0.05700000003 -0.03700000048 0.01099999994
0.05900000036 -0.03500000015 0.01099999994
0.05900000036 -0.03299999982 0.01099999994
0.05700000003 -0.03700000048 0.01300000027
0.05700000003 -0.03700000048 0.01499999966
0.05700000003 -0.03500000015 0.01300000027
0.05900000036 -0.03500000015 0.01300000027
0.05900000036 -0.03299999982 0.01300000027
0.05700000003 -0.03500000015 0.01499999966
0.05700000003 -0.03299999982 0.01499999966
0.05900000036 -0.03299999982 0.01499999966
0.03299999982 -0.06100000069 0.01700000092
0.03299999982 -0.06100000069 0.01899999939
0.03500000015 -0.05900000036 0.01700000092
0.03500000015 -0.05900000036 0.01899999939
0.03700000048 -0.05700000003 0.01700000092
0.0390000008 -0.05700000003 0.01700000092
0.03700000048 -0.05700000003 0.01899999939
0.03299999982 -0.06100000069 0.02099999972
0.03299999982 -0.06100000069 0.02300000004
0.03299999982 -0.05900000036 0.02099999972
0.03500000015 -0.05900000036 0.02099999972
0.03299999982 -0.05900000036 0.02300000004
0.03500000015 -0.05700000003 0.02300000004
0.03700000048 -0.05700000003 0.02099999972
0.03700000048 -0.05700000003 0.02300000004
0.0390000008 -0.0549999997 0.01700000092
0.0390000008 -0.0549999997 0.01899999939
0.03700000048 -0.0549999997 0.02099999972
0.0390000008 -0.0549999997 0.02099999972
0.0390000008 -0.05299999937 0.02099999972
0.03700000048 -0.0549999997 0.02300000004
0.0390000008 -0.0549999997 0.02300000004
0.0390000008 -0.05299999937 0.02300000004
0.04100000113 -0.05299999937 0.01700000092
0.04100000113 -0.05299999937 0.01899999939
0.04300000146 -0.05099999905 0.01700000092
0.04300000146 -0.05099999905 0.01899999939
0.04500000179 -0.04899999872 0.01700000092
0.04699999839 -0.04899999872 0.01700000092
0.04500000179 -0.04899999872 0.01899999939
0.04100000113 -0.05299999937 0.02099999972
0.04100000113 -0.05299999937 0.02300000004
0.04300000146 -0.05099999905 0.02099999972
0.04100000113 -0.05099999905 0.02300000004
0.04300000146 -0.05099999905 0.02300000004
0.04300000146 -0.04899999872 0.02300000004
0.04500000179 -0.04899999872 0.02099999972
0.04500000179 -0.04899999872 0.02300000004
0.03299999982 -0.05900000036 0.02500000037
0.03500000015 -0.05700000003 0.02500000037
0.03299999982 -0.05900000036 0.0270000007
0.03500000015 -0.05700000003 0.0270000007
0.03700000048 -0.05700000003 0.02500000037
0.03299999982 -0.05900000036 0.02899999917
0.03500000015 -0.05700000003 0.02899999917
0.03299999982 -0.05900000036 0.03099999949
0.03299999982 -0.05700000003 0.03099999949
0.03500000015 -0.05700000003 0.03099999949
0.03700000048 -0.0549999997 0.02500000037
0.0390000008 -0.05299999937 0.02500000037
0.03700000048 -0.0549999997 0.0270000007
0.0390000008 -0.05299999937 0.0270000007
0.03500000015 -0.0549999997 0.02899999917
0.03500000015 -0.0549999997 0.03099999949
0.03700000048 -0.0549999997 0.02899999917
0.0390000008 -0.05299999937 0.02899999917
0.03700000048 -0.0549999997 0.03099999949
0.03700000048 -0.05299999937 0.03099999949
0.0390000008 -0.05099999905 0.02899999917
0.0390000008 -0.05099999905 0.03099999949
0.04100000113 -0.05299999937 0.02500000037
0.04100000113 -0.05099999905 0.02500000037
0.04300000146 -0.04899999872 0.02500000037
0.04100000113 -0.05099999905 0.0270000007
0.04300000146 -0.04899999872 0.0270000007
0.04100000113 -0.05099999905 0.02899999917
0.04100000113 -0.04899999872 0.02899999917
0.04300000146 -0.04899999872 0.02899999917
0.04100000113 -0.05099999905 0.03099999949
0.04100000113 -0.04899999872 0.03099999949
0.04300000146 -0.04899999872 0.03099999949
0.04699999839 -0.04699999839 0.01700000092
0.04699999839 -0.04699999839 0.01899999939
0.04699999839 -0.04500000179 0.01899999939
0.04500000179 -0.04699999839 0.02099999972
0.04699999839 -0.04699999839 0.02099999972
0.04699999839 -0.04500000179 0.02099999972
0.04500000179 -0.04699999839 0.02300000004
0.04699999839 -0.04699999839 0.02300000004
0.04699999839 -0.04500000179 0.02300000004
0.04500000179 -0.04699999839 0.02500000037
0.04699999839 -0.04699999839 0.02500000037
0.04699999839 -0.04500000179 0.02500000037
0.04500000179 -0.04699999839 0.0270000007
0.04500000179 -0.04500000179 0.0270000007
0.04699999839 -0.04500000179 0.0270000007
0.04699999839 -0.04300000146 0.0270000007
0.04300000146 -0.04699999839 0.02899999917
0.04300000146 -0.04699999839 0.03099999949
0.04500000179 -0.04699999839 0.02899999917
0.04500000179 -0.04500000179 0.02899999917
0.04699999839 -0.04500000179 0.02899999917
0.04500000179 -0.04500000179 0.03099999949
0.04699999839 -0.04300000146 0.02899999917
0.04699999839 -0.04300000146 0.03099999949
0.04899999872 -0.04699999839 0.01700000092
0.04899999872 -0.04500000179 0.01700000092
0.05099999905 -0.04500000179 0.01700000092
0.04899999872 -0.04500000179 0.01899999939
0.05099999905 -0.04300000146 0.01700000092
0.05099999905 -0.04100000113 0.01700000092
0.04899999872 -0.04300000146 0.01899999939
0.05099999905 -0.04300000146 0.01899999939
0.05099999905 -0.04100000113 0.01899999939
0.05299999937 -0.04300000146 0.01700000092
0.05299999937 -0.04100000113 0.01700000092
0.05299999937 -0.04100000113 0.01899999939
0.04899999872 -0.04500000179 0.02099999972
0.04899999872 -0.04300000146 0.02099999972
0.05099999905 -0.04100000113 0.02099999972
0.04899999872 -0.04300000146 0.02300000004
0.05099999905 -0.04300000146 0.02300000004
0.05099999905 -0.04100000113 0.02300000004
0.05299999937 -0.0390000008 0.01700000092
0.0549999997 -0.0390000008 0.01700000092
0.0549999997 -0.03700000048 0.01700000092
0.05299999937 -0.0390000008 0.01899999939
0.0549999997 -0.03700000048 0.01899999939
0.0549999997 -0.03500000015 0.01899999939
0.05099999905 -0.0390000008 0.02300000004
0.05299999937 -0.0390000008 0.02099999972
0.05299999937 -0.03700000048 0.02099999972
0.0549999997 -0.03700000048 0.02099999972
0.05299999937 -0.0390000008 0.02300000004
0.05299999937 -0.03700000048 0.02300000004
0.0549999997 -0.03700000048 0.02300000004
0.0549999997 -0.03500000015 0.02099999972
0.0549999997 -0.03500000015 0.02300000004
0.0549999997 -0.03299999982 0.02300000004
0.05700000003 -0.03700000048 0.01700000092
0.05700000003 -0.03500000015 0.01700000092
0.05700000003 -0.03299999982 0.01700000092
0.05900000036 -0.03299999982 0.01700000092
0.05700000003 -0.03500000015 0.01899999939
0.05700000003 -0.03299999982 0.01899999939
0.05700000003 -0.03299999982 0.02099999972
0.05700000003 -0.03299999982 0.02300000004
0.04899999872 -0.04300000146 0.02500000037
0.04899999872 -0.04100000113 0.02500000037
0.05099999905 -0.04100000113 0.02500000037
0.04899999872 -0.04300000146 0.0270000007
0.04899999872 -0.04100000113 0.0270000007
0.05099999905 -0.04100000113 0.0270000007
0.04899999872 -0.04100000113 0.02899999917
0.04899999872 -0.04300000146 0.03099999949
0.04899999872 -0.04100000113 0.03099999949
0.05099999905 -0.0390000008 0.02500000037
0.05099999905 -0.0390000008 0.0270000007
0.05099999905 -0.03700000048 0.0270000007
0.05299999937 -0.03700000048 0.02500000037
0.05299999937 -0.03700000048 0.0270000007
0.05299999937 -0.03500000015 0.02500000037
0.0549999997 -0.03500000015 0.02500000037
0.0549999997 -0.03299999982 0.02500000037
0.05299999937 -0.03500000015 0.0270000007
0.0549999997 -0.03500000015 0.0270000007
0.0549999997 -0.03299999982 0.0270000007
0.05099999905 -0.0390000008 0.02899999917
0.05099999905 -0.03700000048 0.02899999917
0.04899999872 -0.0390000008 0.03099999949
0.05099999905 -0.0390000008 0.03099999949
0.05099999905 -0.03700000048 0.03099999949
0.05299999937 -0.03700000048 0.02899999917
0.05299999937 -0.03700000048 0.03099999949
0.05299999937 -0.03500000015 0.02899999917
0.0549999997 -0.03299999982 0.02899999917
0.05299999937 -0.03500000015 0.03099999949
0.0549999997 -0.03299999982 0.03099999949
0.05700000003 -0.03299999982 0.02500000037
0.06100000069 -0.03099999949 0.01099999994
0.06100000069 -0.02899999917 0.01099999994
0.06300000101 -0.0270000007 0.01099999994
0.06300000101 -0.02500000037 0.01099999994
0.05900000036 -0.03099999949 0.01300000027
0.05900000036 -0.03099999949 0.01499999966
0.06100000069 -0.03099999949 0.01300000027
0.06100000069 -0.02899999917 0.01300000027
0.06100000069 -0.03099999949 0.01499999966
0.06100000069 -0.02899999917 0.01499999966
0.06100000069 -0.0270000007 0.01300000027
0.06300000101 -0.0270000007 0.01300000027
0.06300000101 -0.02500000037 0.01300000027
0.06100000069 -0.0270000007 0.01499999966
0.06300000101 -0.0270000007 0.01499999966
0.06100000069 -0.02500000037 0.01499999966
0.06300000101 -0.02500000037 0.01499999966
0.06300000101 -0.02300000004 0.01300000027
0.06300000101 -0.02300000004 0.01499999966
0.06300000101 -0.02099999972 0.01499999966
0.05900000036 -0.03099999949 0.01700000092
0.05900000036 -0.02899999917 0.01700000092
0.05900000036 -0.03099999949 0.01899999939
0.05900000036 -0.02899999917 0.01899999939
0.05900000036 -0.0270000007 0.01899999939
0.06100000069 -0.0270000007 0.01700000092
0.06100000069 -0.02500000037 0.01700000092
0.06100000069 -0.0270000007 0.01899999939
0.06100000069 -0.02500000037 0.01899999939
0.05700000003 -0.03099999949 0.02099999972
0.05900000036 -0.02899999917 0.02099999972
0.05700000003 -0.03099999949 0.02300000004
0.05700000003 -0.02899999917 0.02300000004
0.05900000036 -0.02899999917 0.02300000004
0.05900000036 -0.0270000007 0.02099999972
0.05900000036 -0.0270000007 0.02300000004
0.05900000036 -0.02500000037 0.02300000004
0.06100000069 -0.0270000007 0.02099999972
0.06100000069 -0.02500000037 0.02099999972
0.06100000069 -0.02500000037 0.02300000004
0.06300000101 -0.02300000004 0.01700000092
0.06300000101 -0.02099999972 0.01700000092
0.06100000069 -0.02300000004 0.01899999939
0.06300000101 -0.02300000004 0.01899999939
0.06300000101 -0.02099999972 0.01899999939
0.06300000101 -0.01899999939 0.01700000092
0.06300000101 -0.01899999939 0.01899999939
0.06300000101 -0.01700000092 0.01899999939
0.06100000069 -0.02300000004 0.02099999972
0.06100000069 -0.02099999972 0.02099999972
0.06300000101 -0.02099999972 0.02099999972
0.06100000069 -0.02300000004 0.02300000004
0.06100000069 -0.02099999972 0.02300000004
0.06300000101 -0.02099999972 0.02300000004
0.06300000101 -0.01899999939 0.02099999972
0.06300000101 -0.01700000092 0.02099999972
0.06300000101 -0.01899999939 0.02300000004
0.06300000101 -0.01700000092 0.02300000004
0.0549999997 -0.03099999949 0.0270000007
0.0549999997 -0.03099999949 0.02899999917
0.0549999997 -0.03099999949 0.03099999949
0.05700000003 -0.03099999949 0.02500000037
0.05700000003 -0.02899999917 0.02500000037
0.05900000036 -0.02899999917 0.02500000037
0.05700000003 -0.03099999949 0.0270000007
0.05700000003 -0.02899999917 0.0270000007
0.05900000036 -0.0270000007 0.02500000037
0.05900000036 -0.02500000037 0.02500000037
0.05900000036 -0.0270000007 0.0270000007
0.05900000036 -0.02500000037 0.0270000007
0.05700000003 -0.03099999949 0.02899999917
0.05700000003 -0.02899999917 0.02899999917
0.05700000003 -0.03099999949 0.03099999949
0.05700000003 -0.02899999917 0.03099999949
0.05700000003 -0.0270000007 0.02899999917
0.05900000036 -0.02500000037 0.02899999917
0.05700000003 -0.0270000007 0.03099999949
0.05900000036 -0.0270000007 0.03099999949
0.05900000036 -0.02500000037 0.03099999949
0.05900000036 -0.02300000004 0.0270000007
0.06100000069 -0.02300000004 0.02500000037
0.06100000069 -0.02099999972 0.02500000037
0.06100000069 -0.02300000004 0.0270000007
0.06100000069 -0.02099999972 0.0270000007
0.06100000069 -0.01899999939 0.02500000037
0.06300000101 -0.01899999939 0.02500000037
0.06300000101 -0.01700000092 0.02500000037
0.06100000069 -0.01899999939 0.0270000007
0.06100000069 -0.01700000092 0.0270000007
0.06300000101 -0.01700000092 0.0270000007
0.05900000036 -0.02300000004 0.02899999917
0.05900000036 -0.02300000004 0.03099999949
0.05900000036 -0.02099999972 0.03099999949
0.06100000069 -0.02099999972 0.02899999917
0.06100000069 -0.01899999939 0.02899999917
0.06100000069 -0.01700000092 0.02899999917
0.06300000101 -0.01700000092 0.02899999917
0.06100000069 -0.01899999939 0.03099999949
0.06100000069 -0.01700000092 0.03099999949
0.06300000101 -0.01499999966 0.02099999972
0.06300000101 -0.01499999966 0.02300000004
0.06300000101 -0.01300000027 0.02300000004
0.06300000101 -0.01499999966 0.02500000037
0.06300000101 -0.01300000027 0.02500000037
0.06300000101 -0.01499999966 0.0270000007
0.06300000101 -0.01300000027 0.0270000007
0.06300000101 -0.01099999994 0.02500000037
0.06300000101 -0.008999999613 0.02500000037
0.06300000101 -0.01099999994 0.0270000007
0.06300000101 -0.008999999613 0.0270000007
0.06300000101 -0.01499999966 0.02899999917
0.06300000101 -0.01300000027 0.02899999917
0.06100000069 -0.01499999966 0.03099999949
0.06100000069 -0.01300000027 0.03099999949
0.06300000101 -0.01300000027 0.03099999949
0.06300000101 -0.01099999994 0.02899999917
0.06300000101 -0.008999999613 0.02899999917
0.06300000101 -0.01099999994 0.03099999949
0.06300000101 -0.008999999613 0.03099999949
0.06300000101 -0.007000000216 0.0270000007
0.06300000101 -0.007000000216 0.02899999917
0.06300000101 -0.004999999888 0.02899999917
0.06300000101 -0.007000000216 0.03099999949
0.06300000101 -0.004999999888 0.03099999949
0.06300000101 -0.003000000026 0.02899999917
0.06300000101 -0.001000000047 0.02899999917
0.06300000101 -0.003000000026 0.03099999949
0.06300000101 -0.001000000047 0.03099999949
0.0270000007 -0.06300000101 0.03299999982
0.0270000007 -0.06300000101 0.03500000015
0.02899999917 -0.06300000101 0.03299999982
0.02899999917 -0.06100000069 0.03299999982
0.03099999949 -0.06100000069 0.03299999982
0.02899999917 -0.06100000069 0.03500000015
0.03099999949 -0.06100000069 0.03500000015
0.03099999949 -0.05900000036 0.03299999982
0.03099999949 -0.05900000036 0.03500000015
0.0270000007 -0.06300000101 0.03700000048
0.0270000007 -0.06300000101 0.0390000008
0.0270000007 -0.06100000069 0.0390000008
0.02899999917 -0.06100000069 0.03700000048
0.02899999917 -0.06100000069 0.0390000008
0.03099999949 -0.05900000036 0.03700000048
0.02899999917 -0.05900000036 0.0390000008
0.03099999949 -0.05900000036 0.0390000008
0.03099999949 -0.05700000003 0.0390000008
0.02500000037 -0.06300000101 0.04100000113
0.0270000007 -0.06300000101 0.04100000113
0.0270000007 -0.06100000069 0.04100000113
0.02500000037 -0.06300000101 0.04300000146
0.0270000007 -0.06300000101 0.04300000146
0.0270000007 -0.06100000069 0.04300000146
0.02899999917 -0.06100000069 0.04100000113
0.02899999917 -0.06100000069 0.04300000146
0.02899999917 -0.05900000036 0.04100000113
0.03099999949 -0.05900000036 0.04100000113
0.03099999949 -0.05700000003 0.04100000113
0.02899999917 -0.05900000036 0.04300000146
0.03099999949 -0.05900000036 0.04300000146
0.03099999949 -0.05700000003 0.04300000146
0.02500000037 -0.06300000101 0.04500000179
0.0270000007 -0.06100000069 0.04500000179
0.02500000037 -0.06300000101 0.04699999839
0.02899999917 -0.05900000036 0.04500000179
0.03099999949 -0.05900000036 0.04500000179
0.03099999949 -0.05700000003 0.04500000179
0.02899999917 -0.05900000036 0.04699999839
0.03099999949 -0.05900000036 0.04699999839
0.03099999949 -0.05700000003 0.04699999839
0.02300000004 -0.06300000101 0.05299999937
0.02300000004 -0.06300000101 0.0549999997
0.02500000037 -0.06300000101 0.04899999872
0.0270000007 -0.06100000069 0.04899999872
0.02500000037 -0.06300000101 0.05099999905
0.0270000007 -0.06100000069 0.05099999905
0.0270000007 -0.05900000036 0.05099999905
0.02899999917 -0.05900000036 0.04899999872
0.03099999949 -0.05700000003 0.04899999872
0.02899999917 -0.05900000036 0.05099999905
0.02899999917 -0.05700000003 0.05099999905
0.03099999949 -0.05700000003 0.05099999905
0.02500000037 -0.06300000101 0.05299999937
0.02500000037 -0.06100000069 0.05299999937
0.0270000007 -0.06100000069 0.05299999937
0.02500000037 -0.06300000101 0.0549999997
0.02500000037 -0.06100000069 0.0549999997
0.0270000007 -0.06100000069 0.0549999997
0.0270000007 -0.05900000036 0.05299999937
0.0270000007 -0.05900000036 0.0549999997
0.02899999917 -0.05900000036 0.05299999937
0.02899999917 -0.05700000003 0.05299999937
0.03099999949 -0.05700000003 0.05299999937
0.02899999917 -0.05900000036 0.0549999997
0.02899999917 -0.05700000003 0.0549999997
0.03099999949 -0.05700000003 0.0549999997
0.03099999949 -0.0549999997 0.05099999905
0.03099999949 -0.0549999997 0.05299999937
0.03099999949 -0.0549999997 0.0549999997
0.02300000004 -0.06300000101 0.05700000003
0.02300000004 -0.06300000101 0.05900000036
0.02300000004 -0.06300000101 0.06100000069
0.02300000004 -0.06300000101 0.06300000101
0.02500000037 -0.06300000101 0.05700000003
0.02500000037 -0.06100000069 0.05700000003
0.0270000007 -0.06100000069 0.05700000003
0.02500000037 -0.06300000101 0.05900000036
0.02500000037 -0.06100000069 0.05900000036
0.0270000007 -0.05900000036 0.05700000003
0.0270000007 -0.05900000036 0.05900000036
0.02899999917 -0.05900000036 0.05700000003
0.02899999917 -0.05700000003 0.05700000003
0.03099999949 -0.05700000003 0.05700000003
0.02899999917 -0.05900000036 0.05900000036
0.02899999917 -0.05700000003 0.05900000036
0.03099999949 -0.05700000003 0.05900000036
0.02500000037 -0.06100000069 0.06100000069
0.02500000037 -0.06100000069 0.06300000101
0.0270000007 -0.05900000036 0.06100000069
0.0270000007 -0.05900000036 0.06300000101
0.0270000007 -0.05700000003 0.06300000101
0.02899999917 -0.05700000003 0.06100000069
0.02899999917 -0.05700000003 0.06300000101
0.03099999949 -0.0549999997 0.05700000003
0.03099999949 -0.0549999997 0.05900000036
0.03099999949 -0.0549999997 0.06100000069
0.02899999917 -0.0549999997 0.06300000101
0.03099999949 -0.0549999997 0.06300000101
0.03099999949 -0.05299999937 0.06300000101
0.03299999982 -0.05900000036 0.03299999982
0.03299999982 -0.05700000003 0.03299999982
0.03299999982 -0.05900000036 0.03500000015
0.03299999982 -0.05700000003 0.03500000015
0.03500000015 -0.05700000003 0.03500000015
0.03299999982 -0.05700000003 0.03700000048
0.03299999982 -0.05700000003 0.0390000008
0.03500000015 -0.0549999997 0.03299999982
0.03500000015 -0.0549999997 0.03500000015
0.03700000048 -0.05299999937 0.03299999982
0.03700000048 -0.05299999937 0.03500000015
0.0390000008 -0.05099999905 0.03299999982
0.0390000008 -0.05099999905 0.03500000015
0.03500000015 -0.0549999997 0.03700000048
0.03500000015 -0.05299999937 0.03700000048
0.03299999982 -0.0549999997 0.0390000008
0.03500000015 -0.0549999997 0.0390000008
0.03500000015 -0.05299999937 0.0390000008
0.03700000048 -0.05299999937 0.03700000048
0.03700000048 -0.05299999937 0.0390000008
0.03700000048 -0.05099999905 0.03700000048
0.0390000008 -0.05099999905 0.03700000048
0.0390000008 -0.04899999872 0.03700000048
0.03700000048 -0.05099999905 0.0390000008
0.0390000008 -0.05099999905 0.0390000008
0.0390000008 -0.04899999872 0.0390000008
0.04100000113 -0.05099999905 0.03299999982
0.04100000113 -0.04899999872 0.03299999982
0.04100000113 -0.04899999872 0.03500000015
0.04100000113 -0.04899999872 0.03700000048
0.04100000113 -0.04899999872 0.0390000008
0.03299999982 -0.05700000003 0.04100000113
0.03299999982 -0.05700000003 0.04500000179
0.03299999982 -0.0549999997 0.04100000113
0.03500000015 -0.0549999997 0.04100000113
0.03500000015 -0.05299999937 0.04100000113
0.03299999982 -0.0549999997 0.04300000146
0.03500000015 -0.0549999997 0.04300000146
0.03500000015 -0.05299999937 0.04300000146
0.03700000048 -0.05299999937 0.04100000113
0.03700000048 -0.05299999937 0.04300000146
0.03700000048 -0.05099999905 0.04100000113
0.0390000008 -0.04899999872 0.04100000113
0.03700000048 -0.05099999905 0.04300000146
0.0390000008 -0.04899999872 0.04300000146
0.03299999982 -0.0549999997 0.04500000179
0.03500000015 -0.05299999937 0.04500000179
0.03299999982 -0.0549999997 0.04699999839
0.03500000015 -0.05299999937 0.04699999839
0.03500000015 -0.05099999905 0.04699999839
0.03700000048 -0.05099999905 0.04500000179
0.0390000008 -0.04899999872 0.04500000179
0.03700000048 -0.05099999905 0.04699999839
0.03700000048 -0.04899999872 0.04699999839
0.0390000008 -0.04899999872 0.04699999839
0.04100000113 -0.04899999872 0.04100000113
0.04300000146 -0.04699999839 0.03299999982
0.04100000113 -0.04699999839 0.03500000015
0.04300000146 -0.04699999839 0.03500000015
0.04300000146 -0.04500000179 0.03500000015
0.04500000179 -0.04500000179 0.03299999982
0.04500000179 -0.04500000179 0.03500000015
0.04500000179 -0.04300000146 0.03299999982
0.04699999839 -0.04300000146 0.03299999982
0.04699999839 -0.04100000113 0.03299999982
0.04500000179 -0.04300000146 0.03500000015
0.04699999839 -0.04300000146 0.03500000015
0.04699999839 -0.04100000113 0.03500000015
0.04100000113 -0.04699999839 0.03700000048
0.04300000146 -0.04699999839 0.03700000048
0.04300000146 -0.04500000179 0.03700000048
0.04100000113 -0.04699999839 0.0390000008
0.04300000146 -0.04699999839 0.0390000008
0.04300000146 -0.04500000179 0.0390000008
0.04500000179 -0.04500000179 0.0390000008
0.04500000179 -0.04300000146 0.03700000048
0.04699999839 -0.04100000113 0.03700000048
0.04500000179 -0.04300000146 0.0390000008
0.04699999839 -0.04300000146 0.0390000008
0.04699999839 -0.04100000113 0.0390000008
0.04699999839 -0.0390000008 0.0390000008
0.0390000008 -0.04699999839 0.04500000179
0.0390000008 -0.04699999839 0.04699999839
0.04100000113 -0.04699999839 0.04100000113
0.04300000146 -0.04500000179 0.04100000113
0.04100000113 -0.04699999839 0.04300000146
0.04300000146 -0.04500000179 0.04300000146
0.04300000146 -0.04300000146 0.04300000146
0.04500000179 -0.04300000146 0.04100000113
0.04500000179 -0.04100000113 0.04100000113
0.04699999839 -0.04100000113 0.04100000113
0.04500000179 -0.04300000146 0.04300000146
0.04500000179 -0.04100000113 0.04300000146
0.04699999839 -0.04100000113 0.04300000146
0.04100000113 -0.04699999839 0.04500000179
0.04100000113 -0.04500000179 0.04500000179
0.04300000146 -0.04500000179 0.04500000179
0.04100000113 -0.04699999839 0.04699999839
0.04100000113 -0.04500000179 0.04699999839
0.04300000146 -0.04500000179 0.04699999839
0.04300000146 -0.04300000146 0.04500000179
0.04300000146 -0.04300000146 0.04699999839
0.04500000179 -0.04100000113 0.04500000179
0.04500000179 -0.04100000113 0.04699999839
0.04699999839 -0.0390000008 0.04100000113
0.04699999839 -0.0390000008 0.04300000146
0.04699999839 -0.0390000008 0.04500000179
0.04699999839 -0.0390000008 0.04699999839
0.04699999839 -0.03700000048 0.04699999839
0.04899999872 -0.04100000113 0.03299999982
0.04899999872 -0.0390000008 0.03299999982
0.05099999905 -0.0390000008 0.03299999982
0.05099999905 -0.03700000048 0.03299999982
0.04899999872 -0.0390000008 0.03500000015
0.05099999905 -0.03700000048 0.03500000015
0.05099999905 -0.03500000015 0.03299999982
0.05099999905 -0.03500000015 0.03500000015
0.05299999937 -0.03500000015 0.03299999982
0.05299999937 -0.03299999982 0.03299999982
0.05299999937 -0.03500000015 0.03500000015
0.05299999937 -0.03299999982 0.03500000015
0.04899999872 -0.0390000008 0.03700000048
0.04899999872 -0.03700000048 0.03700000048
0.05099999905 -0.03700000048 0.03700000048
0.04899999872 -0.0390000008 0.0390000008
0.04899999872 -0.03700000048 0.0390000008
0.05099999905 -0.03700000048 0.0390000008
0.05099999905 -0.03500000015 0.03700000048
0.05099999905 -0.03500000015 0.0390000008
0.05299999937 -0.03500000015 0.03700000048
0.05299999937 -0.03299999982 0.03700000048
0.05299999937 -0.03500000015 0.0390000008
0.05299999937 -0.03299999982 0.0390000008
0.04899999872 -0.03700000048 0.04100000113
0.04899999872 -0.03700000048 0.04300000146
0.05099999905 -0.03500000015 0.04100000113
0.05099999905 -0.03299999982 0.04100000113
0.04899999872 -0.03500000015 0.04300000146
0.05099999905 -0.03500000015 0.04300000146
0.05099999905 -0.03299999982 0.04300000146
0.05299999937 -0.03299999982 0.04100000113
0.04899999872 -0.03700000048 0.04500000179
0.04899999872 -0.03700000048 0.04699999839
0.04899999872 -0.03500000015 0.04500000179
0.05099999905 -0.03500000015 0.04500000179
0.05099999905 -0.03299999982 0.04500000179
0.04899999872 -0.03500000015 0.04699999839
0.05099999905 -0.03299999982 0.04699999839
0.03299999982 -0.0549999997 0.04899999872
0.03299999982 -0.05299999937 0.04899999872
0.03500000015 -0.05299999937 0.04899999872
0.03299999982 -0.0549999997 0.05099999905
0.03299999982 -0.05299999937 0.05099999905
0.03500000015 -0.05299999937 0.05099999905
0.03500000015 -0.05099999905 0.04899999872
0.03500000015 -0.05099999905 0.05099999905
0.03700000048 -0.05099999905 0.04899999872
0.03700000048 -0.04899999872 0.04899999872
0.0390000008 -0.04899999872 0.04899999872
0.03700000048 -0.05099999905 0.05099999905
0.03700000048 -0.04899999872 0.05099999905
0.0390000008 -0.04899999872 0.05099999905
0.03299999982 -0.0549999997 0.05299999937
0.03299999982 -0.05299999937 0.05299999937
0.03500000015 -0.05299999937 0.05299999937
0.03299999982 -0.05299999937 0.0549999997
0.03500000015 -0.05099999905 0.05299999937
0.03500000015 -0.05099999905 0.0549999997
0.03700000048 -0.04899999872 0.05299999937
0.03700000048 -0.04899999872 0.0549999997
0.03299999982 -0.05299999937 0.05700000003
0.03299999982 -0.0549999997 0.05900000036
0.03299999982 -0.05299999937 0.05900000036
0.03500000015 -0.05099999905 0.05700000003
0.03299999982 -0.05099999905 0.05900000036
0.03500000015 -0.05099999905 0.05900000036
0.03500000015 -0.04899999872 0.05900000036
0.03700000048 -0.04899999872 0.05700000003
0.03700000048 -0.04899999872 0.05900000036
0.03299999982 -0.05299999937 0.06100000069
0.03299999982 -0.05299999937 0.06300000101
0.03299999982 -0.05099999905 0.06100000069
0.03500000015 -0.05099999905 0.06100000069
0.03500000015 -0.04899999872 0.06100000069
0.03299999982 -0.05099999905 0.06300000101
0.03500000015 -0.05099999905 0.06300000101
0.03500000015 -0.04899999872 0.06300000101
0.03700000048 -0.04899999872 0.06100000069
0.0390000008 -0.04699999839 0.04899999872
0.0390000008 -0.04699999839 0.05099999905
0.0390000008 -0.04699999839 0.05299999937
0.0390000008 -0.04699999839 0.0549999997
0.0390000008 -0.04500000179 0.0549999997
0.04100000113 -0.04699999839 0.04899999872
0.04100000113 -0.04500000179 0.04899999872
0.04100000113 -0.04699999839 0.05099999905
0.04100000113 -0.04500000179 0.05099999905
0.04300000146 -0.04300000146 0.04899999872
0.04300000146 -0.04100000113 0.04899999872
0.04300000146 -0.04300000146 0.05099999905
0.04300000146 -0.04100000113 0.05099999905
0.04500000179 -0.04100000113 0.04899999872
0.04500000179 -0.04100000113 0.05099999905
0.04100000113 -0.04500000179 0.05299999937
0.04100000113 -0.04500000179 0.0549999997
0.04100000113 -0.04300000146 0.05299999937
0.04300000146 -0.04300000146 0.05299999937
0.04300000146 -0.04100000113 0.05299999937
0.04100000113 -0.04300000146 0.0549999997
0.04300000146 -0.04300000146 0.0549999997
0.04300000146 -0.04100000113 0.0549999997
0.04500000179 -0.04100000113 0.05299999937
0.04500000179 -0.04100000113 0.0549999997
0.04500000179 -0.0390000008 0.04899999872
0.04699999839 -0.0390000008 0.04899999872
0.04699999839 -0.03700000048 0.04899999872
0.04500000179 -0.0390000008 0.05099999905
0.04699999839 -0.03700000048 0.05099999905
0.04500000179 -0.0390000008 0.05299999937
0.04699999839 -0.0390000008 0.05299999937
0.04699999839 -0.03700000048 0.05299999937
0.04500000179 -0.0390000008 0.0549999997
0.04699999839 -0.03700000048 0.0549999997
0.04699999839 -0.03500000015 0.05299999937
0.04699999839 -0.03500000015 0.0549999997
0.03700000048 -0.04699999839 0.05700000003
0.0390000008 -0.04699999839 0.05700000003
0.0390000008 -0.04500000179 0.05700000003
0.03700000048 -0.04699999839 0.05900000036
0.0390000008 -0.04500000179 0.05900000036
0.03700000048 -0.04699999839 0.06100000069
0.0390000008 -0.04699999839 0.06100000069
0.0390000008 -0.04500000179 0.06100000069
0.03700000048 -0.04699999839 0.06300000101
0.0390000008 -0.04699999839 0.06300000101
0.0390000008 -0.04500000179 0.06300000101
0.04100000113 -0.04500000179 0.05700000003
0.04100000113 -0.04500000179 0.05900000036
0.04100000113 -0.04300000146 0.05700000003
0.04300000146 -0.04100000113 0.05700000003
0.04100000113 -0.04300000146 0.05900000036
0.04300000146 -0.04100000113 0.05900000036
0.04100000113 -0.04500000179 0.06100000069
0.04100000113 -0.04300000146 0.06100000069
0.04300000146 -0.04300000146 0.06100000069
0.04300000146 -0.04100000113 0.06100000069
0.04100000113 -0.04300000146 0.06300000101
0.04100000113 -0.04100000113 0.06300000101
0.04300000146 -0.04100000113 0.06300000101
0.04500000179 -0.0390000008 0.05700000003
0.04500000179 -0.03700000048 0.05700000003
0.04699999839 -0.03700000048 0.05700000003
0.04500000179 -0.0390000008 0.05900000036
0.04500000179 -0.03700000048 0.05900000036
0.04699999839 -0.03700000048 0.05900000036
0.04699999839 -0.03500000015 0.05700000003
0.04699999839 -0.03500000015 0.05900000036
0.04300000146 -0.0390000008 0.06100000069
0.04300000146 -0.0390000008 0.06300000101
0.04500000179 -0.0390000008 0.06100000069
0.04500000179 -0.03700000048 0.06100000069
0.04699999839 -0.03700000048 0.06100000069
0.04500000179 -0.0390000008 0.06300000101
0.04500000179 -0.03700000048 0.06300000101
0.04699999839 -0.03500000015 0.06100000069
0.04699999839 -0.03500000015 0.06300000101
0.04899999872 -0.03500000015 0.04899999872
0.05099999905 -0.03299999982 0.04899999872
0.04899999872 -0.03500000015 0.05099999905
0.04899999872 -0.03299999982 0.05099999905
0.05099999905 -0.03299999982 0.05099999905
0.04899999872 -0.03500000015 0.05299999937
0.04899999872 -0.03299999982 0.05299999937
0.05099999905 -0.03299999982 0.05299999937
0.04899999872 -0.03500000015 0.0549999997
0.04899999872 -0.03299999982 0.0549999997
0.04899999872 -0.03500000015 0.05700000003
0.04899999872 -0.03299999982 0.05700000003
0.04899999872 -0.03299999982 0.05900000036
0.04899999872 -0.03299999982 0.06100000069
0.04899999872 -0.03299999982 0.06300000101
0.0549999997 -0.03099999949 0.03299999982
0.0549999997 -0.02899999917 0.03299999982
0.0549999997 -0.03099999949 0.03500000015
0.0549999997 -0.02899999917 0.03500000015
0.05299999937 -0.03099999949 0.03700000048
0.0549999997 -0.03099999949 0.03700000048
0.0549999997 -0.02899999917 0.03700000048
0.05299999937 -0.03099999949 0.0390000008
0.0549999997 -0.03099999949 0.0390000008
0.0549999997 -0.02899999917 0.0390000008
0.0549999997 -0.0270000007 0.03700000048
0.0549999997 -0.0270000007 0.0390000008
0.05700000003 -0.02899999917 0.03299999982
0.05700000003 -0.0270000007 0.03299999982
0.05700000003 -0.02500000037 0.03299999982
0.05700000003 -0.0270000007 0.03500000015
0.05700000003 -0.02500000037 0.03500000015
0.05700000003 -0.0270000007 0.03700000048
0.05700000003 -0.02500000037 0.03700000048
0.05700000003 -0.0270000007 0.0390000008
0.05700000003 -0.02500000037 0.0390000008
0.05900000036 -0.02300000004 0.03299999982
0.05900000036 -0.02099999972 0.03299999982
0.05900000036 -0.02300000004 0.03500000015
0.05900000036 -0.02099999972 0.03500000015
0.05900000036 -0.01899999939 0.03299999982
0.05900000036 -0.01899999939 0.03500000015
0.06100000069 -0.01899999939 0.03299999982
0.06100000069 -0.01700000092 0.03299999982
0.06100000069 -0.01700000092 0.03500000015
0.05700000003 -0.02300000004 0.03700000048
0.05900000036 -0.02099999972 0.03700000048
0.05700000003 -0.02300000004 0.0390000008
0.05900000036 -0.02300000004 0.0390000008
0.05900000036 -0.02099999972 0.0390000008
0.05900000036 -0.01899999939 0.03700000048
0.05900000036 -0.01700000092 0.03700000048
0.05900000036 -0.01899999939 0.0390000008
0.05900000036 -0.01700000092 0.0390000008
0.06100000069 -0.01700000092 0.03700000048
0.05299999937 -0.03099999949 0.04100000113
0.0549999997 -0.02899999917 0.04100000113
0.05299999937 -0.03099999949 0.04300000146
0.05299999937 -0.02899999917 0.04300000146
0.0549999997 -0.02899999917 0.04300000146
0.0549999997 -0.0270000007 0.04100000113
0.0549999997 -0.0270000007 0.04300000146
0.0549999997 -0.02500000037 0.04300000146
0.05099999905 -0.03099999949 0.04699999839
0.05299999937 -0.03099999949 0.04500000179
0.05299999937 -0.02899999917 0.04500000179
0.0549999997 -0.02899999917 0.04500000179
0.05299999937 -0.03099999949 0.04699999839
0.05299999937 -0.02899999917 0.04699999839
0.0549999997 -0.0270000007 0.04500000179
0.0549999997 -0.02500000037 0.04500000179
0.05299999937 -0.0270000007 0.04699999839
0.0549999997 -0.0270000007 0.04699999839
0.0549999997 -0.02500000037 0.04699999839
0.05700000003 -0.02500000037 0.04100000113
0.05700000003 -0.02500000037 0.04300000146
0.05700000003 -0.02500000037 0.04500000179
0.0549999997 -0.02300000004 0.04699999839
0.05700000003 -0.02300000004 0.04100000113
0.05700000003 -0.02099999972 0.04100000113
0.05900000036 -0.02099999972 0.04100000113
0.05700000003 -0.02300000004 0.04300000146
0.05700000003 -0.02099999972 0.04300000146
0.05900000036 -0.01899999939 0.04100000113
0.05900000036 -0.01700000092 0.04100000113
0.05900000036 -0.01899999939 0.04300000146
0.05900000036 -0.01700000092 0.04300000146
0.05700000003 -0.02300000004 0.04500000179
0.05700000003 -0.02099999972 0.04500000179
0.05700000003 -0.02300000004 0.04699999839
0.05700000003 -0.02099999972 0.04699999839
0.05700000003 -0.01899999939 0.04500000179
0.05900000036 -0.01899999939 0.04500000179
0.05900000036 -0.01700000092 0.04500000179
0.05700000003 -0.01899999939 0.04699999839
0.05900000036 -0.01700000092 0.04699999839
0.06100000069 -0.01499999966 0.03299999982
0.06100000069 -0.01300000027 0.03299999982
0.06100000069 -0.01499999966 0.03500000015
0.06100000069 -0.01300000027 0.03500000015
0.06300000101 -0.01099999994 0.03299999982
0.06300000101 -0.008999999613 0.03299999982
0.06100000069 -0.01099999994 0.03500000015
0.06100000069 -0.008999999613 0.03500000015
0.06300000101 -0.008999999613 0.03500000015
0.05900000036 -0.01499999966 0.0390000008
0.06100000069 -0.01499999966 0.03700000048
0.06100000069 -0.01300000027 0.03700000048
0.06100000069 -0.01499999966 0.0390000008
0.06100000069 -0.01300000027 0.0390000008
0.06100000069 -0.01099999994 0.03700000048
0.06100000069 -0.008999999613 0.03700000048
0.06100000069 -0.01099999994 0.0390000008
0.06100000069 -0.008999999613 0.0390000008
0.06300000101 -0.007000000216 0.03299999982
0.06300000101 -0.004999999888 0.03299999982
0.06300000101 -0.007000000216 0.03500000015
0.06300000101 -0.004999999888 0.03500000015
0.06300000101 -0.003000000026 0.03299999982
0.06300000101 -0.001000000047 0.03299999982
0.06300000101 -0.003000000026 0.03500000015
0.06300000101 -0.001000000047 0.03500000015
0.06100000069 -0.007000000216 0.03700000048
0.06300000101 -0.007000000216 0.03700000048
0.06300000101 -0.004999999888 0.03700000048
0.06100000069 -0.007000000216 0.0390000008
0.06100000069 -0.004999999888 0.0390000008
0.06300000101 -0.004999999888 0.0390000008
0.06300000101 -0.003000000026 0.03700000048
0.06300000101 -0.001000000047 0.03700000048
0.06100000069 -0.003000000026 0.0390000008
0.06300000101 -0.003000000026 0.0390000008
0.06300000101 -0.001000000047 0.0390000008
0.05900000036 -0.01499999966 0.04100000113
0.05900000036 -0.01499999966 0.04300000146
0.05900000036 -0.01300000027 0.04300000146
0.06100000069 -0.01300000027 0.04100000113
0.06100000069 -0.01300000027 0.04300000146
0.06100000069 -0.01099999994 0.04100000113
0.06100000069 -0.008999999613 0.04100000113
0.06100000069 -0.01099999994 0.04300000146
0.06100000069 -0.008999999613 0.04300000146
0.05900000036 -0.01499999966 0.04500000179
0.05900000036 -0.01300000027 0.04500000179
0.05900000036 -0.01499999966 0.04699999839
0.05900000036 -0.01300000027 0.04699999839
0.05900000036 -0.01099999994 0.04500000179
0.05900000036 -0.01099999994 0.04699999839
0.05900000036 -0.008999999613 0.04699999839
0.06100000069 -0.01099999994 0.04500000179
0.06100000069 -0.008999999613 0.04500000179
0.06100000069 -0.008999999613 0.04699999839
0.06100000069 -0.007000000216 0.04100000113
0.06100000069 -0.004999999888 0.04100000113
0.06100000069 -0.007000000216 0.04300000146
0.06100000069 -0.004999999888 0.04300000146
0.06100000069 -0.003000000026 0.04100000113
0.06100000069 -0.001000000047 0.04100000113
0.06100000069 -0.003000000026 0.04300000146
0.06100000069 -0.001000000047 0.04300000146
0.06100000069 -0.007000000216 0.04500000179
0.06100000069 -0.004999999888 0.04500000179
0.06100000069 -0.007000000216 0.04699999839
0.06100000069 -0.004999999888 0.04699999839
0.06100000069 -0.003000000026 0.04500000179
0.06100000069 -0.001000000047 0.04500000179
0.06100000069 -0.003000000026 0.04699999839
0.06100000069 -0.001000000047 0.04699999839
0.05099999905 -0.03099999949 0.04899999872
0.05099999905 -0.03099999949 0.05099999905
0.05299999937 -0.02899999917 0.04899999872
0.05299999937 -0.02899999917 0.05099999905
0.05299999937 -0.0270000007 0.04899999872
0.0549999997 -0.0270000007 0.04899999872
0.0549999997 -0.02500000037 0.04899999872
0.05299999937 -0.0270000007 0.05099999905
0.0549999997 -0.0270000007 0.05099999905
0.0549999997 -0.02500000037 0.05099999905
0.05099999905 -0.03099999949 0.05299999937
0.05099999905 -0.02899999917 0.05299999937
0.05099999905 -0.03099999949 0.0549999997
0.05099999905 -0.02899999917 0.0549999997
0.05299999937 -0.02899999917 0.05299999937
0.05299999937 -0.02899999917 0.0549999997
0.05299999937 -0.0270000007 0.05299999937
0.0549999997 -0.02500000037 0.05299999937
0.05299999937 -0.0270000007 0.0549999997
0.05299999937 -0.02500000037 0.0549999997
0.0549999997 -0.02500000037 0.0549999997
0.0549999997 -0.02300000004 0.04899999872
0.0549999997 -0.02300000004 0.05099999905
0.0549999997 -0.02099999972 0.05099999905
0.0549999997 -0.02300000004 0.05299999937
0.0549999997 -0.02099999972 0.05299999937
0.0549999997 -0.02300000004 0.0549999997
0.0549999997 -0.02099999972 0.0549999997
0.05700000003 -0.02099999972 0.04899999872
0.05700000003 -0.02099999972 0.05099999905
0.05700000003 -0.01899999939 0.04899999872
0.05700000003 -0.01700000092 0.04899999872
0.05900000036 -0.01700000092 0.04899999872
0.05700000003 -0.01899999939 0.05099999905
0.05700000003 -0.01700000092 0.05099999905
0.05700000003 -0.02099999972 0.05299999937
0.05700000003 -0.02099999972 0.0549999997
0.05700000003 -0.01899999939 0.05299999937
0.05700000003 -0.01700000092 0.05299999937
0.05700000003 -0.01899999939 0.0549999997
0.05700000003 -0.01700000092 0.0549999997
0.05099999905 -0.03099999949 0.05700000003
0.05099999905 -0.02899999917 0.05700000003
0.05099999905 -0.03099999949 0.05900000036
0.05099999905 -0.02899999917 0.05900000036
0.05299999937 -0.02899999917 0.05700000003
0.05299999937 -0.0270000007 0.05700000003
0.05299999937 -0.02500000037 0.05700000003
0.0549999997 -0.02500000037 0.05700000003
0.05299999937 -0.0270000007 0.05900000036
0.05299999937 -0.02500000037 0.05900000036
0.04899999872 -0.03099999949 0.06100000069
0.05099999905 -0.03099999949 0.06100000069
0.05099999905 -0.02899999917 0.06100000069
0.04899999872 -0.03099999949 0.06300000101
0.05099999905 -0.02899999917 0.06300000101
0.05099999905 -0.0270000007 0.06100000069
0.05099999905 -0.0270000007 0.06300000101
0.05299999937 -0.0270000007 0.06100000069
0.05299999937 -0.02500000037 0.06100000069
0.05299999937 -0.0270000007 0.06300000101
0.05299999937 -0.02500000037 0.06300000101
0.0549999997 -0.02300000004 0.05700000003
0.0549999997 -0.02099999972 0.05700000003
0.0549999997 -0.02099999972 0.05900000036
0.0549999997 -0.01899999939 0.05900000036
0.05299999937 -0.02300000004 0.06100000069
0.0549999997 -0.02300000004 0.06100000069
0.0549999997 -0.02099999972 0.06100000069
0.05299999937 -0.02300000004 0.06300000101
0.0549999997 -0.02300000004 0.06300000101
0.0549999997 -0.02099999972 0.06300000101
0.0549999997 -0.01899999939 0.06100000069
0.0549999997 -0.01899999939 0.06300000101
0.0549999997 -0.01700000092 0.06300000101
0.05700000003 -0.01899999939 0.05700000003
0.05700000003 -0.01700000092 0.05700000003
0.05700000003 -0.01899999939 0.05900000036
0.05700000003 -0.01700000092 0.05900000036
0.05700000003 -0.01700000092 0.06100000069
0.05700000003 -0.01700000092 0.06300000101
0.05900000036 -0.01300000027 0.04899999872
0.05700000003 -0.01499999966 0.05099999905
0.05900000036 -0.01499999966 0.05099999905
0.05900000036 -0.01300000027 0.05099999905
0.05900000036 -0.01099999994 0.04899999872
0.05900000036 -0.008999999613 0.04899999872
0.05900000036 -0.01099999994 0.05099999905
0.05900000036 -0.008999999613 0.05099999905
0.05700000003 -0.01499999966 0.05299999937
0.05900000036 -0.01499999966 0.05299999937
0.05900000036 -0.01300000027 0.05299999937
0.05700000003 -0.01499999966 0.0549999997
0.05900000036 -0.01300000027 0.0549999997
0.05900000036 -0.01099999994 0.05299999937
0.05900000036 -0.008999999613 0.05299999937
0.05900000036 -0.01099999994 0.0549999997
0.05900000036 -0.008999999613 0.0549999997
0.05900000036 -0.007000000216 0.05099999905
0.05900000036 -0.004999999888 0.05099999905
0.06100000069 -0.007000000216 0.04899999872
0.06100000069 -0.004999999888 0.04899999872
0.06100000069 -0.007000000216 0.05099999905
0.06100000069 -0.003000000026 0.04899999872
0.06100000069 -0.001000000047 0.04899999872
0.06100000069 -0.003000000026 0.05099999905
0.06100000069 -0.001000000047 0.05099999905
0.05900000036 -0.007000000216 0.05299999937
0.05900000036 -0.004999999888 0.05299999937
0.05900000036 -0.007000000216 0.0549999997
0.05900000036 -0.004999999888 0.0549999997
0.05900000036 -0.003000000026 0.05299999937
0.05900000036 -0.001000000047 0.05299999937
0.05900000036 -0.003000000026 0.0549999997
0.05900000036 -0.001000000047 0.0549999997
0.06100000069 -0.001000000047 0.05299999937
0.05700000003 -0.01499999966 0.05700000003
0.05700000003 -0.01300000027 0.05700000003
0.05700000003 -0.01499999966 0.05900000036
0.05700000003 -0.01300000027 0.05900000036
0.05900000036 -0.01099999994 0.05700000003
0.05900000036 -0.008999999613 0.05700000003
0.05700000003 -0.01099999994 0.05900000036
0.05900000036 -0.01099999994 0.05900000036
0.05900000036 -0.008999999613 0.05900000036
0.05700000003 -0.01499999966 0.06100000069
0.05700000003 -0.01300000027 0.06100000069
0.05700000003 -0.01499999966 0.06300000101
0.05700000003 -0.01300000027 0.06300000101
0.05700000003 -0.01099999994 0.06100000069
0.05900000036 -0.008999999613 0.06100000069
0.05700000003 -0.01099999994 0.06300000101
0.05700000003 -0.008999999613 0.06300000101
0.05900000036 -0.008999999613 0.06300000101
0.05900000036 -0.004999999888 0.05700000003
0.05900000036 -0.007000000216 0.05900000036
0.05900000036 -0.004999999888 0.05900000036
0.05900000036 -0.003000000026 0.05700000003
0.05900000036 -0.001000000047 0.05700000003
0.05900000036 -0.003000000026 0.05900000036
0.05900000036 -0.001000000047 0.05900000036
0.05900000036 -0.007000000216 0.06100000069
0.05900000036 -0.004999999888 0.06100000069
0.05900000036 -0.007000000216 0.06300000101
0.05900000036 -0.004999999888 0.06300000101
0.05900000036 -0.003000000026 0.06100000069
0.05900000036 -0.001000000047 0.06100000069
0.05900000036 -0.003000000026 0.06300000101
0.05900000036 -0.001000000047 0.06300000101
0.06499999762 -0.02300000004 0.01099999994
0.06499999762 -0.02099999972 0.01099999994
0.06499999762 -0.01899999939 0.01099999994
0.06499999762 -0.01700000092 0.01099999994
0.06700000167 -0.01700000092 0.01099999994
0.06499999762 -0.02099999972 0.01300000027
0.06499999762 -0.02099999972 0.01499999966
0.06499999762 -0.01899999939 0.01300000027
0.06499999762 -0.01700000092 0.01300000027
0.06499999762 -0.01899999939 0.01499999966
0.06499999762 -0.01700000092 0.01499999966
0.06700000167 -0.01499999966 0.01099999994
0.06700000167 -0.01300000027 0.01099999994
0.06700000167 -0.01099999994 0.01099999994
0.06700000167 -0.008999999613 0.01099999994
0.06899999827 -0.008999999613 0.01099999994
0.06499999762 -0.01499999966 0.01300000027
0.06700000167 -0.01499999966 0.01300000027
0.06700000167 -0.01300000027 0.01300000027
0.06499999762 -0.01499999966 0.01499999966
0.06499999762 -0.01300000027 0.01499999966
0.06700000167 -0.01300000027 0.01499999966
0.06700000167 -0.01099999994 0.01300000027
0.06700000167 -0.008999999613 0.01300000027
0.06700000167 -0.01099999994 0.01499999966
0.06700000167 -0.008999999613 0.01499999966
0.06700000167 -0.007000000216 0.01099999994
0.06700000167 -0.004999999888 0.01099999994
0.06899999827 -0.003000000026 0.01099999994
0.06899999827 -0.001000000047 0.01099999994
0.06700000167 -0.007000000216 0.01300000027
0.06700000167 -0.004999999888 0.01300000027
0.06700000167 -0.007000000216 0.01499999966
0.06700000167 -0.004999999888 0.01499999966
0.06700000167 -0.003000000026 0.01300000027
0.06700000167 -0.001000000047 0.01300000027
0.06700000167 -0.003000000026 0.01499999966
0.06700000167 -0.001000000047 0.01499999966
0.06899999827 -0.001000000047 0.01300000027
0.06499999762 -0.01700000092 0.01700000092
0.06499999762 -0.01700000092 0.01899999939
0.06499999762 -0.01499999966 0.01700000092
0.06499999762 -0.01300000027 0.01700000092
0.06499999762 -0.01499999966 0.01899999939
0.06499999762 -0.01300000027 0.01899999939
0.06499999762 -0.01099999994 0.01700000092
0.06700000167 -0.01099999994 0.01700000092
0.06499999762 -0.008999999613 0.01700000092
0.06700000167 -0.008999999613 0.01700000092
0.06499999762 -0.01099999994 0.01899999939
0.06499999762 -0.008999999613 0.01899999939
0.06700000167 -0.008999999613 0.01899999939
0.06499999762 -0.01499999966 0.02099999972
0.06499999762 -0.01300000027 0.02099999972
0.06499999762 -0.01300000027 0.02300000004
0.06499999762 -0.01099999994 0.02099999972
0.06499999762 -0.008999999613 0.02099999972
0.06499999762 -0.01099999994 0.02300000004
0.06499999762 -0.008999999613 0.02300000004
0.06700000167 -0.007000000216 0.01700000092
0.06700000167 -0.004999999888 0.01700000092
0.06499999762 -0.007000000216 0.01899999939
0.06499999762 -0.004999999888 0.01899999939
0.06700000167 -0.004999999888 0.01899999939
0.06700000167 -0.003000000026 0.01700000092
0.06700000167 -0.001000000047 0.01700000092
0.06499999762 -0.003000000026 0.01899999939
0.06700000167 -0.003000000026 0.01899999939
0.06700000167 -0.001000000047 0.01899999939
0.06499999762 -0.007000000216 0.02099999972
0.06499999762 -0.004999999888 0.02099999972
0.06499999762 -0.007000000216 0.02300000004
0.06499999762 -0.004999999888 0.02300000004
0.06499999762 -0.003000000026 0.02099999972
0.06499999762 -0.001000000047 0.02099999972
0.06499999762 -0.003000000026 0.02300000004
0.06499999762 -0.001000000047 0.02300000004
0.06499999762 -0.01099999994 0.02500000037
0.06499999762 -0.008999999613 0.02500000037
0.06499999762 -0.008999999613 0.0270000007
0.06499999762 -0.007000000216 0.02500000037
0.06499999762 -0.004999999888 0.02500000037
0.06499999762 -0.007000000216 0.0270000007
0.06499999762 -0.004999999888 0.0270000007
0.06499999762 -0.003000000026 0.02500000037
0.06499999762 -0.001000000047 0.02500000037
0.06499999762 -0.003000000026 0.0270000007
0.06499999762 -0.001000000047 0.0270000007
0.06499999762 -0.001000000047 0.02899999917
0.01099999994 -0.07299999893 0.06499999762
0.01099999994 -0.07299999893 0.06700000167
0.01300000027 -0.07299999893 0.06499999762
0.01300000027 -0.07299999893 0.06700000167
0.01099999994 -0.07299999893 0.06899999827
0.008999999613 -0.07299999893 0.07100000232
0.01099999994 -0.07299999893 0.07100000232
0.01300000027 -0.07299999893 0.06899999827
0.01300000027 -0.07100000232 0.06499999762
0.01499999966 -0.07100000232 0.06499999762
0.01300000027 -0.07100000232 0.06700000167
0.01499999966 -0.06899999827 0.06700000167
0.01300000027 -0.07100000232 0.06899999827
0.01499999966 -0.06899999827 0.06899999827
0.01300000027 -0.07100000232 0.07100000232
0.01499999966 -0.06899999827 0.07100000232
0.01099999994 -0.07299999893 0.07299999893
0.008999999613 -0.07299999893 0.07500000298
0.01099999994 -0.07299999893 0.07500000298
0.01300000027 -0.07299999893 0.07299999893
0.008999999613 -0.07299999893 0.07699999958
0.01099999994 -0.07299999893 0.07699999958
0.008999999613 -0.07299999893 0.07900000364
0.01099999994 -0.07299999893 0.07900000364
0.01099999994 -0.07100000232 0.07500000298
0.01300000027 -0.07100000232 0.07299999893
0.01499999966 -0.07100000232 0.07299999893
0.01499999966 -0.06899999827 0.07299999893
0.01300000027 -0.07100000232 0.07500000298
0.01499999966 -0.07100000232 0.07500000298
0.01499999966 -0.06899999827 0.07500000298
0.01099999994 -0.07100000232 0.07699999958
0.01099999994 -0.07100000232 0.07900000364
0.01300000027 -0.07100000232 0.07699999958
0.01499999966 -0.06899999827 0.07699999958
0.01300000027 -0.06899999827 0.07900000364
0.01499999966 -0.06899999827 0.07900000364
0.01499999966 -0.06700000167 0.07900000364
0.01700000092 -0.06899999827 0.06499999762
0.01700000092 -0.06899999827 0.06700000167
0.01899999939 -0.06700000167 0.06499999762
0.01700000092 -0.06700000167 0.06700000167
0.01899999939 -0.06700000167 0.06700000167
0.01899999939 -0.06499999762 0.06700000167
0.02099999972 -0.06499999762 0.06499999762
0.02099999972 -0.06499999762 0.06700000167
0.01700000092 -0.06899999827 0.07100000232
0.01700000092 -0.06700000167 0.06899999827
0.01899999939 -0.06700000167 0.06899999827
0.01899999939 -0.06499999762 0.06899999827
0.01700000092 -0.06700000167 0.07100000232
0.01899999939 -0.06700000167 0.07100000232
0.01899999939 -0.06499999762 0.07100000232
0.02099999972 -0.06499999762 0.06899999827
0.02099999972 -0.06499999762 0.07100000232
0.01700000092 -0.06899999827 0.07299999893
0.01700000092 -0.06899999827 0.07500000298
0.01700000092 -0.06700000167 0.07299999893
0.01899999939 -0.06700000167 0.07299999893
0.01899999939 -0.06499999762 0.07299999893
0.01700000092 -0.06700000167 0.07500000298
0.01899999939 -0.06499999762 0.07500000298
0.01700000092 -0.06700000167 0.07699999958
0.01700000092 -0.06499999762 0.07699999958
0.01899999939 -0.06499999762 0.07699999958
0.01700000092 -0.06700000167 0.07900000364
0.01700000092 -0.06499999762 0.07900000364
0.01899999939 -0.06499999762 0.07900000364
0.007000000216 -0.07299999893 0.08100000024
0.004999999888 -0.07299999893 0.08299999684
0.007000000216 -0.07299999893 0.08299999684
0.007000000216 -0.07100000232 0.08299999684
0.003000000026 -0.06899999827 0.0869999975
0.007000000216 -0.06899999827 0.08500000089
0.004999999888 -0.06899999827 0.0869999975
0.003000000026 -0.06700000167 0.0869999975
0.007000000216 -0.06700000167 0.0869999975
0.008999999613 -0.07100000232 0.08100000024
0.01099999994 -0.06899999827 0.08100000024
0.008999999613 -0.07100000232 0.08299999684
0.008999999613 -0.06899999827 0.08299999684
0.01099999994 -0.06899999827 0.08299999684
0.01300000027 -0.06899999827 0.08100000024
0.01300000027 -0.06899999827 0.08299999684
0.01499999966 -0.06700000167 0.08100000024
0.01300000027 -0.06700000167 0.08299999684
0.01499999966 -0.06700000167 0.08299999684
0.01499999966 -0.06499999762 0.08299999684
0.01099999994 -0.06899999827 0.08500000089
0.008999999613 -0.06700000167 0.08500000089
0.01099999994 -0.06700000167 0.08500000089
0.008999999613 -0.06700000167 0.0869999975
0.01099999994 -0.06700000167 0.0869999975
0.01099999994 -0.06499999762 0.0869999975
0.01300000027 -0.06700000167 0.08500000089
0.01300000027 -0.06499999762 0.08500000089
0.01499999966 -0.06499999762 0.08500000089
0.01300000027 -0.06499999762 0.0869999975
0.001000000047 -0.06499999762 0.08900000155
0.003000000026 -0.06499999762 0.08900000155
0.003000000026 -0.06499999762 0.09099999815
0.007000000216 -0.06499999762 0.08900000155
0.008999999613 -0.06499999762 0.08900000155
0.01099999994 -0.06499999762 0.08900000155
0.01700000092 -0.06499999762 0.08100000024
0.01700000092 -0.06499999762 0.08299999684
0.02300000004 -0.06300000101 0.06499999762
0.02099999972 -0.06300000101 0.06700000167
0.02300000004 -0.06300000101 0.06700000167
0.02300000004 -0.06100000069 0.06700000167
0.02099999972 -0.06300000101 0.06899999827
0.02300000004 -0.06300000101 0.06899999827
0.02300000004 -0.06100000069 0.06899999827
0.02099999972 -0.06300000101 0.07100000232
0.02300000004 -0.06300000101 0.07100000232
0.02300000004 -0.06100000069 0.07100000232
0.02500000037 -0.06100000069 0.06499999762
0.02500000037 -0.06100000069 0.06700000167
0.02500000037 -0.05900000036 0.06499999762
0.0270000007 -0.05900000036 0.06499999762
0.0270000007 -0.05700000003 0.06499999762
0.02500000037 -0.05900000036 0.06700000167
0.0270000007 -0.05900000036 0.06700000167
0.0270000007 -0.05700000003 0.06700000167
0.02899999917 -0.05700000003 0.06499999762
0.02899999917 -0.05700000003 0.06700000167
0.02500000037 -0.06100000069 0.06899999827
0.02500000037 -0.06100000069 0.07100000232
0.02500000037 -0.05900000036 0.06899999827
0.0270000007 -0.05700000003 0.06899999827
0.02500000037 -0.05900000036 0.07100000232
0.0270000007 -0.05700000003 0.07100000232
0.02899999917 -0.05700000003 0.06899999827
0.02899999917 -0.0549999997 0.06499999762
0.03099999949 -0.0549999997 0.06499999762
0.03099999949 -0.05299999937 0.06499999762
0.02899999917 -0.0549999997 0.06700000167
0.03099999949 -0.05299999937 0.06700000167
0.02899999917 -0.0549999997 0.06899999827
0.03099999949 -0.0549999997 0.06899999827
0.03099999949 -0.05299999937 0.06899999827
0.02899999917 -0.0549999997 0.07100000232
0.03099999949 -0.05299999937 0.07100000232
0.02099999972 -0.06300000101 0.07299999893
0.02300000004 -0.06100000069 0.07299999893
0.02099999972 -0.06300000101 0.07500000298
0.02300000004 -0.06100000069 0.07500000298
0.02300000004 -0.05900000036 0.07500000298
0.01899999939 -0.06300000101 0.07699999958
0.01899999939 -0.06300000101 0.07900000364
0.02099999972 -0.06300000101 0.07699999958
0.02099999972 -0.06100000069 0.07699999958
0.02300000004 -0.06100000069 0.07699999958
0.02099999972 -0.06300000101 0.07900000364
0.02099999972 -0.06100000069 0.07900000364
0.02300000004 -0.05900000036 0.07699999958
0.02300000004 -0.05900000036 0.07900000364
0.02500000037 -0.05900000036 0.07299999893
0.0270000007 -0.05900000036 0.07299999893
0.0270000007 -0.05700000003 0.07299999893
0.02500000037 -0.05900000036 0.07500000298
0.02500000037 -0.05700000003 0.07500000298
0.0270000007 -0.05700000003 0.07500000298
0.02500000037 -0.05900000036 0.07699999958
0.02500000037 -0.05700000003 0.07699999958
0.0270000007 -0.05700000003 0.07699999958
0.02500000037 -0.05700000003 0.07900000364
0.0270000007 -0.05700000003 0.07900000364
0.0270000007 -0.0549999997 0.07299999893
0.0270000007 -0.0549999997 0.07500000298
0.02899999917 -0.0549999997 0.07299999893
0.02899999917 -0.05299999937 0.07299999893
0.03099999949 -0.05299999937 0.07299999893
0.02899999917 -0.0549999997 0.07500000298
0.02899999917 -0.05299999937 0.07500000298
0.03099999949 -0.05299999937 0.07500000298
0.03099999949 -0.05099999905 0.07299999893
0.03099999949 -0.05099999905 0.07500000298
0.0270000007 -0.0549999997 0.07699999958
0.0270000007 -0.0549999997 0.07900000364
0.02899999917 -0.0549999997 0.07699999958
0.02899999917 -0.05299999937 0.07699999958
0.02899999917 -0.0549999997 0.07900000364
0.02899999917 -0.05299999937 0.07900000364
0.03099999949 -0.05299999937 0.07900000364
0.03099999949 -0.05099999905 0.07699999958
0.03099999949 -0.05099999905 0.07900000364
0.01499999966 -0.06300000101 0.08500000089
0.01300000027 -0.06300000101 0.0869999975
0.01499999966 -0.06300000101 0.0869999975
0.001000000047 -0.06300000101 0.09099999815
0.004999999888 -0.06300000101 0.09099999815
0.007000000216 -0.06300000101 0.09099999815
0.001000000047 -0.06100000069 0.09300000221
0.004999999888 -0.06100000069 0.09300000221
0.007000000216 -0.06100000069 0.09300000221
0.004999999888 -0.06100000069 0.09499999881
0.003000000026 -0.05900000036 0.09499999881
0.004999999888 -0.05900000036 0.09499999881
0.007000000216 -0.05900000036 0.09499999881
0.008999999613 -0.06300000101 0.08900000155
0.01099999994 -0.06300000101 0.08900000155
0.008999999613 -0.06300000101 0.09099999815
0.008999999613 -0.06100000069 0.09099999815
0.01099999994 -0.06100000069 0.09099999815
0.01300000027 -0.06300000101 0.08900000155
0.01499999966 -0.06100000069 0.08900000155
0.01300000027 -0.06100000069 0.09099999815
0.01499999966 -0.06100000069 0.09099999815
0.01499999966 -0.05900000036 0.09099999815
0.008999999613 -0.06100000069 0.09300000221
0.01099999994 -0.06100000069 0.09300000221
0.008999999613 -0.05900000036 0.09499999881
0.01099999994 -0.05900000036 0.09499999881
0.01300000027 -0.05900000036 0.09300000221
0.01499999966 -0.05900000036 0.09300000221
0.01300000027 -0.05900000036 0.09499999881
0.01499999966 -0.05900000036 0.09499999881
0.01499999966 -0.05700000003 0.09499999881
0.01899999939 -0.06300000101 0.08100000024
0.01700000092 -0.06300000101 0.08299999684
0.01899999939 -0.06300000101 0.08299999684
0.01899999939 -0.06100000069 0.08299999684
0.02099999972 -0.06100000069 0.08100000024
0.02300000004 -0.06100000069 0.08100000024
0.02099999972 -0.06100000069 0.08299999684
0.02300000004 -0.05900000036 0.08100000024
0.02099999972 -0.05900000036 0.08299999684
0.02300000004 -0.05900000036 0.08299999684
0.02300000004 -0.05700000003 0.08299999684
0.01700000092 -0.06300000101 0.08500000089
0.01899999939 -0.06300000101 0.08500000089
0.01899999939 -0.06100000069 0.08500000089
0.01700000092 -0.06100000069 0.0869999975
0.02099999972 -0.06100000069 0.08500000089
0.01899999939 -0.05900000036 0.0869999975
0.02099999972 -0.05900000036 0.08500000089
0.02300000004 -0.05900000036 0.08500000089
0.02300000004 -0.05700000003 0.08500000089
0.02099999972 -0.05900000036 0.0869999975
0.02099999972 -0.05700000003 0.0869999975
0.02300000004 -0.05700000003 0.0869999975
0.02500000037 -0.05900000036 0.08100000024
0.02500000037 -0.05700000003 0.08100000024
0.02500000037 -0.05700000003 0.08299999684
0.02500000037 -0.05700000003 0.08500000089
0.0270000007 -0.0549999997 0.08100000024
0.02500000037 -0.0549999997 0.08299999684
0.0270000007 -0.0549999997 0.08299999684
0.0270000007 -0.05299999937 0.08299999684
0.02899999917 -0.05299999937 0.08100000024
0.02899999917 -0.05299999937 0.08299999684
0.02899999917 -0.05099999905 0.08100000024
0.03099999949 -0.05099999905 0.08100000024
0.03099999949 -0.04899999872 0.08100000024
0.02899999917 -0.05099999905 0.08299999684
0.03099999949 -0.05099999905 0.08299999684
0.03099999949 -0.04899999872 0.08299999684
0.02500000037 -0.0549999997 0.08500000089
0.0270000007 -0.0549999997 0.08500000089
0.0270000007 -0.05299999937 0.08500000089
0.02500000037 -0.0549999997 0.0869999975
0.0270000007 -0.05299999937 0.0869999975
0.02899999917 -0.05299999937 0.0869999975
0.02899999917 -0.05099999905 0.08500000089
0.03099999949 -0.04899999872 0.08500000089
0.02899999917 -0.05099999905 0.0869999975
0.03099999949 -0.05099999905 0.0869999975
0.03099999949 -0.04899999872 0.0869999975
0.01700000092 -0.06100000069 0.08900000155
0.01700000092 -0.05900000036 0.08900000155
0.01899999939 -0.05900000036 0.08900000155
0.01700000092 -0.05900000036 0.09099999815
0.01899999939 -0.05700000003 0.09099999815
0.02099999972 -0.05700000003 0.08900000155
0.02099999972 -0.05700000003 0.09099999815
0.01700000092 -0.05700000003 0.09300000221
0.01899999939 -0.05700000003 0.09300000221
0.01700000092 -0.05700000003 0.09499999881
0.02300000004 -0.0549999997 0.08900000155
0.02099999972 -0.0549999997 0.09099999815
0.02300000004 -0.0549999997 0.09099999815
0.01899999939 -0.0549999997 0.09499999881
0.02099999972 -0.0549999997 0.09300000221
0.02300000004 -0.0549999997 0.09300000221
0.02300000004 -0.05299999937 0.09300000221
0.02099999972 -0.0549999997 0.09499999881
0.02300000004 -0.05299999937 0.09499999881
0.02500000037 -0.0549999997 0.08900000155
0.02500000037 -0.05299999937 0.08900000155
0.0270000007 -0.05299999937 0.08900000155
0.02500000037 -0.0549999997 0.09099999815
0.02500000037 -0.05299999937 0.09099999815
0.0270000007 -0.05299999937 0.09099999815
0.0270000007 -0.05099999905 0.08900000155
0.0270000007 -0.05099999905 0.09099999815
0.02899999917 -0.05099999905 0.08900000155
0.03099999949 -0.04899999872 0.08900000155
0.02899999917 -0.05099999905 0.09099999815
0.02899999917 -0.04899999872 0.09099999815
0.03099999949 -0.04899999872 0.09099999815
0.02500000037 -0.05299999937 0.09300000221
0.02500000037 -0.05099999905 0.09300000221
0.0270000007 -0.05099999905 0.09300000221
0.02500000037 -0.05099999905 0.09499999881
0.0270000007 -0.05099999905 0.09499999881
0.02899999917 -0.05099999905 0.09300000221
0.02899999917 -0.04899999872 0.09300000221
0.02899999917 -0.04899999872 0.09499999881
0.03099999949 -0.04899999872 0.09499999881
0.03099999949 -0.04699999839 0.08900000155
0.03099999949 -0.04699999839 0.09099999815
0.03099999949 -0.04699999839 0.09300000221
0.03099999949 -0.04699999839 0.09499999881
0.03299999982 -0.05299999937 0.06499999762
0.03299999982 -0.05099999905 0.06499999762
0.03500000015 -0.05099999905 0.06499999762
0.03500000015 -0.04899999872 0.06499999762
0.03299999982 -0.05099999905 0.06700000167
0.03500000015 -0.04899999872 0.06700000167
0.03299999982 -0.05099999905 0.06899999827
0.03500000015 -0.04899999872 0.06899999827
0.03299999982 -0.05099999905 0.07100000232
0.03500000015 -0.04899999872 0.07100000232
0.03299999982 -0.05099999905 0.07299999893
0.03299999982 -0.04899999872 0.07299999893
0.03500000015 -0.04899999872 0.07299999893
0.03299999982 -0.05099999905 0.07500000298
0.03299999982 -0.04899999872 0.07500000298
0.03299999982 -0.05099999905 0.07699999958
0.03299999982 -0.04899999872 0.07699999958
0.03299999982 -0.04899999872 0.07900000364
0.03700000048 -0.04699999839 0.06499999762
0.0390000008 -0.04500000179 0.06499999762
0.03700000048 -0.04699999839 0.06700000167
0.03700000048 -0.04500000179 0.06700000167
0.0390000008 -0.04500000179 0.06700000167
0.0390000008 -0.04300000146 0.06499999762
0.0390000008 -0.04300000146 0.06700000167
0.03500000015 -0.04699999839 0.06899999827
0.03500000015 -0.04699999839 0.07100000232
0.03700000048 -0.04699999839 0.06899999827
0.03700000048 -0.04500000179 0.06899999827
0.0390000008 -0.04500000179 0.06899999827
0.03700000048 -0.04699999839 0.07100000232
0.03700000048 -0.04500000179 0.07100000232
0.0390000008 -0.04500000179 0.07100000232
0.0390000008 -0.04300000146 0.06899999827
0.0390000008 -0.04300000146 0.07100000232
0.04100000113 -0.04300000146 0.06499999762
0.04100000113 -0.04100000113 0.06499999762
0.04300000146 -0.04100000113 0.06499999762
0.04100000113 -0.04100000113 0.06700000167
0.04300000146 -0.04100000113 0.06700000167
0.04100000113 -0.04300000146 0.06899999827
0.04100000113 -0.04100000113 0.06899999827
0.04100000113 -0.04300000146 0.07100000232
0.04100000113 -0.04100000113 0.07100000232
0.04300000146 -0.0390000008 0.06499999762
0.04300000146 -0.0390000008 0.06700000167
0.04500000179 -0.03700000048 0.06499999762
0.04500000179 -0.03700000048 0.06700000167
0.04699999839 -0.03500000015 0.06499999762
0.04699999839 -0.03299999982 0.06499999762
0.04699999839 -0.03500000015 0.06700000167
0.04699999839 -0.03299999982 0.06700000167
0.04300000146 -0.0390000008 0.06899999827
0.04300000146 -0.0390000008 0.07100000232
0.04300000146 -0.03700000048 0.07100000232
0.04500000179 -0.03700000048 0.06899999827
0.04500000179 -0.03700000048 0.07100000232
0.04500000179 -0.03500000015 0.06899999827
0.04699999839 -0.03500000015 0.06899999827
0.04699999839 -0.03299999982 0.06899999827
0.04500000179 -0.03500000015 0.07100000232
0.04699999839 -0.03500000015 0.07100000232
0.04699999839 -0.03299999982 0.07100000232
0.03500000015 -0.04699999839 0.07299999893
0.03500000015 -0.04699999839 0.07500000298
0.03700000048 -0.04699999839 0.07299999893
0.03700000048 -0.04500000179 0.07299999893
0.03700000048 -0.04500000179 0.07500000298
0.0390000008 -0.04500000179 0.07500000298
0.0390000008 -0.04300000146 0.07299999893
0.0390000008 -0.04300000146 0.07500000298
0.03500000015 -0.04699999839 0.07699999958
0.03500000015 -0.04699999839 0.07900000364
0.03700000048 -0.04500000179 0.07699999958
0.03700000048 -0.04500000179 0.07900000364
0.0390000008 -0.04300000146 0.07699999958
0.0390000008 -0.04100000113 0.07699999958
0.03700000048 -0.04300000146 0.07900000364
0.0390000008 -0.04300000146 0.07900000364
0.0390000008 -0.04100000113 0.07900000364
0.04100000113 -0.04100000113 0.07299999893
0.04100000113 -0.04100000113 0.07500000298
0.04100000113 -0.04100000113 0.07699999958
0.04100000113 -0.04100000113 0.07900000364
0.04100000113 -0.0390000008 0.07299999893
0.04300000146 -0.0390000008 0.07299999893
0.04300000146 -0.03700000048 0.07299999893
0.04100000113 -0.0390000008 0.07500000298
0.04300000146 -0.0390000008 0.07500000298
0.04300000146 -0.03700000048 0.07500000298
0.04500000179 -0.03700000048 0.07299999893
0.04500000179 -0.03700000048 0.07500000298
0.04500000179 -0.03500000015 0.07299999893
0.04699999839 -0.03299999982 0.07299999893
0.04500000179 -0.03500000015 0.07500000298
0.04699999839 -0.03299999982 0.07500000298
0.04100000113 -0.0390000008 0.07699999958
0.04300000146 -0.0390000008 0.07699999958
0.04300000146 -0.03700000048 0.07699999958
0.04100000113 -0.0390000008 0.07900000364
0.04300000146 -0.0390000008 0.07900000364
0.04300000146 -0.03700000048 0.07900000364
0.04500000179 -0.03700000048 0.07699999958
0.04500000179 -0.03500000015 0.07699999958
0.04699999839 -0.03500000015 0.07699999958
0.04699999839 -0.03299999982 0.07699999958
0.04500000179 -0.03500000015 0.07900000364
0.04699999839 -0.03299999982 0.07900000364
0.04899999872 -0.03299999982 0.06499999762
0.04899999872 -0.03299999982 0.06700000167
0.04899999872 -0.03299999982 0.06899999827
0.03299999982 -0.04899999872 0.08100000024
0.03299999982 -0.04899999872 0.08500000089
0.03299999982 -0.04899999872 0.0869999975
0.03299999982 -0.04699999839 0.08100000024
0.03500000015 -0.04699999839 0.08100000024
0.03500000015 -0.04500000179 0.08100000024
0.03299999982 -0.04699999839 0.08299999684
0.03500000015 -0.04500000179 0.08299999684
0.03700000048 -0.04500000179 0.08100000024
0.03700000048 -0.04500000179 0.08299999684
0.03700000048 -0.04300000146 0.08100000024
0.0390000008 -0.04300000146 0.08100000024
0.0390000008 -0.04100000113 0.08100000024
0.03700000048 -0.04300000146 0.08299999684
0.0390000008 -0.04300000146 0.08299999684
0.0390000008 -0.04100000113 0.08299999684
0.03299999982 -0.04699999839 0.08500000089
0.03500000015 -0.04699999839 0.08500000089
0.03500000015 -0.04500000179 0.08500000089
0.03299999982 -0.04699999839 0.0869999975
0.03500000015 -0.04500000179 0.0869999975
0.03700000048 -0.04500000179 0.08500000089
0.03700000048 -0.04300000146 0.08500000089
0.0390000008 -0.04100000113 0.08500000089
0.03700000048 -0.04300000146 0.0869999975
0.0390000008 -0.04100000113 0.0869999975
0.04100000113 -0.04100000113 0.08100000024
0.04100000113 -0.04100000113 0.08299999684
0.04100000113 -0.0390000008 0.08100000024
0.04300000146 -0.03700000048 0.08100000024
0.04100000113 -0.0390000008 0.08299999684
0.04300000146 -0.0390000008 0.08299999684
0.04300000146 -0.03700000048 0.08299999684
0.04500000179 -0.03700000048 0.08100000024
0.04500000179 -0.03500000015 0.08100000024
0.04500000179 -0.03299999982 0.08100000024
0.04699999839 -0.03299999982 0.08100000024
0.04500000179 -0.03500000015 0.08299999684
0.04500000179 -0.03299999982 0.08299999684
0.04699999839 -0.03299999982 0.08299999684
0.04100000113 -0.0390000008 0.08500000089
0.04300000146 -0.03700000048 0.08500000089
0.04100000113 -0.0390000008 0.0869999975
0.04300000146 -0.03700000048 0.0869999975
0.04300000146 -0.03500000015 0.08500000089
0.04300000146 -0.03500000015 0.0869999975
0.04500000179 -0.03500000015 0.08500000089
0.04500000179 -0.03299999982 0.08500000089
0.04699999839 -0.03299999982 0.08500000089
0.04500000179 -0.03500000015 0.0869999975
0.04500000179 -0.03299999982 0.0869999975
0.04699999839 -0.03299999982 0.0869999975
0.03299999982 -0.04699999839 0.08900000155
0.03500000015 -0.04500000179 0.08900000155
0.03299999982 -0.04699999839 0.09099999815
0.03299999982 -0.04500000179 0.09099999815
0.03500000015 -0.04500000179 0.09099999815
0.03700000048 -0.04300000146 0.08900000155
0.0390000008 -0.04100000113 0.08900000155
0.03700000048 -0.04300000146 0.09099999815
0.03700000048 -0.04100000113 0.09099999815
0.0390000008 -0.04100000113 0.09099999815
0.03299999982 -0.04699999839 0.09300000221
0.03299999982 -0.04500000179 0.09300000221
0.03500000015 -0.04500000179 0.09300000221
0.03299999982 -0.04699999839 0.09499999881
0.03299999982 -0.04500000179 0.09499999881
0.03500000015 -0.04500000179 0.09499999881
0.03500000015 -0.04300000146 0.09300000221
0.03500000015 -0.04300000146 0.09499999881
0.03700000048 -0.04300000146 0.09300000221
0.03700000048 -0.04100000113 0.09300000221
0.0390000008 -0.04100000113 0.09300000221
0.03700000048 -0.04300000146 0.09499999881
0.03700000048 -0.04100000113 0.09499999881
0.0390000008 -0.04100000113 0.09499999881
0.0390000008 -0.0390000008 0.09099999815
0.0390000008 -0.0390000008 0.09300000221
0.0390000008 -0.0390000008 0.09499999881
0.04100000113 -0.0390000008 0.08900000155
0.04100000113 -0.03700000048 0.08900000155
0.04300000146 -0.03700000048 0.08900000155
0.04100000113 -0.0390000008 0.09099999815
0.04100000113 -0.03700000048 0.09099999815
0.04300000146 -0.03700000048 0.09099999815
0.04300000146 -0.03500000015 0.08900000155
0.04300000146 -0.03500000015 0.09099999815
0.04500000179 -0.03500000015 0.08900000155
0.04500000179 -0.03299999982 0.08900000155
0.04500000179 -0.03500000015 0.09099999815
0.04500000179 -0.03299999982 0.09099999815
0.04699999839 -0.03299999982 0.09099999815
0.04100000113 -0.0390000008 0.09300000221
0.04100000113 -0.03700000048 0.09300000221
0.04300000146 -0.03700000048 0.09300000221
0.04100000113 -0.0390000008 0.09499999881
0.04100000113 -0.03700000048 0.09499999881
0.04300000146 -0.03700000048 0.09499999881
0.04300000146 -0.03500000015 0.09300000221
0.04300000146 -0.03500000015 0.09499999881
0.04500000179 -0.03500000015 0.09300000221
0.04500000179 -0.03299999982 0.09300000221
0.04500000179 -0.03299999982 0.09499999881
0.04699999839 -0.03099999949 0.07500000298
0.04699999839 -0.03099999949 0.07699999958
0.04699999839 -0.03099999949 0.07900000364
0.04899999872 -0.03099999949 0.06499999762
0.05099999905 -0.02899999917 0.06499999762
0.04899999872 -0.03099999949 0.06700000167
0.05099999905 -0.02899999917 0.06700000167
0.05099999905 -0.0270000007 0.06499999762
0.05099999905 -0.0270000007 0.06700000167
0.05299999937 -0.02500000037 0.06499999762
0.05299999937 -0.02500000037 0.06700000167
0.04899999872 -0.03099999949 0.06899999827
0.04899999872 -0.02899999917 0.06899999827
0.05099999905 -0.02899999917 0.06899999827
0.04899999872 -0.03099999949 0.07100000232
0.04899999872 -0.02899999917 0.07100000232
0.05099999905 -0.0270000007 0.06899999827
0.05099999905 -0.0270000007 0.07100000232
0.05099999905 -0.02500000037 0.07100000232
0.05299999937 -0.02500000037 0.06899999827
0.05299999937 -0.02500000037 0.07100000232
0.05299999937 -0.02300000004 0.06499999762
0.0549999997 -0.02099999972 0.06499999762
0.05299999937 -0.02300000004 0.06700000167
0.0549999997 -0.02099999972 0.06700000167
0.0549999997 -0.01899999939 0.06499999762
0.0549999997 -0.01700000092 0.06499999762
0.0549999997 -0.01899999939 0.06700000167
0.0549999997 -0.01700000092 0.06700000167
0.05299999937 -0.02300000004 0.06899999827
0.05299999937 -0.02099999972 0.06899999827
0.0549999997 -0.02099999972 0.06899999827
0.05299999937 -0.02300000004 0.07100000232
0.05299999937 -0.02099999972 0.07100000232
0.0549999997 -0.02099999972 0.07100000232
0.0549999997 -0.01899999939 0.06899999827
0.0549999997 -0.01700000092 0.06899999827
0.0549999997 -0.01899999939 0.07100000232
0.0549999997 -0.01700000092 0.07100000232
0.04899999872 -0.03099999949 0.07299999893
0.04899999872 -0.02899999917 0.07299999893
0.05099999905 -0.02899999917 0.07299999893
0.04899999872 -0.03099999949 0.07500000298
0.04899999872 -0.02899999917 0.07500000298
0.05099999905 -0.0270000007 0.07299999893
0.05099999905 -0.02500000037 0.07299999893
0.05099999905 -0.0270000007 0.07500000298
0.05099999905 -0.02500000037 0.07500000298
0.05299999937 -0.02500000037 0.07500000298
0.04899999872 -0.03099999949 0.07699999958
0.04899999872 -0.02899999917 0.07699999958
0.04899999872 -0.03099999949 0.07900000364
0.04899999872 -0.02899999917 0.07900000364
0.05099999905 -0.0270000007 0.07699999958
0.05099999905 -0.02500000037 0.07699999958
0.04899999872 -0.0270000007 0.07900000364
0.05099999905 -0.0270000007 0.07900000364
0.05099999905 -0.02500000037 0.07900000364
0.05299999937 -0.02300000004 0.07299999893
0.05299999937 -0.02099999972 0.07299999893
0.05299999937 -0.02300000004 0.07500000298
0.05299999937 -0.02099999972 0.07500000298
0.0549999997 -0.01899999939 0.07299999893
0.0549999997 -0.01700000092 0.07299999893
0.05299999937 -0.01899999939 0.07500000298
0.0549999997 -0.01899999939 0.07500000298
0.0549999997 -0.01700000092 0.07500000298
0.05099999905 -0.02300000004 0.07900000364
0.05299999937 -0.02300000004 0.07699999958
0.05299999937 -0.02099999972 0.07699999958
0.05299999937 -0.02300000004 0.07900000364
0.05299999937 -0.02099999972 0.07900000364
0.05299999937 -0.01899999939 0.07699999958
0.0549999997 -0.01899999939 0.07699999958
0.0549999997 -0.01700000092 0.07699999958
0.05299999937 -0.01899999939 0.07900000364
0.0549999997 -0.01899999939 0.07900000364
0.0549999997 -0.01700000092 0.07900000364
0.0549999997 -0.01499999966 0.06700000167
0.0549999997 -0.01499999966 0.06899999827
0.0549999997 -0.01499999966 0.07100000232
0.05700000003 -0.01499999966 0.06499999762
0.05700000003 -0.01300000027 0.06499999762
0.05700000003 -0.01499999966 0.06700000167
0.05700000003 -0.01300000027 0.06700000167
0.05700000003 -0.01099999994 0.06499999762
0.05700000003 -0.008999999613 0.06499999762
0.05700000003 -0.01099999994 0.06700000167
0.05700000003 -0.008999999613 0.06700000167
0.05700000003 -0.01499999966 0.06899999827
0.05700000003 -0.01300000027 0.06899999827
0.05700000003 -0.01300000027 0.07100000232
0.05700000003 -0.01099999994 0.06899999827
0.05700000003 -0.008999999613 0.06899999827
0.05700000003 -0.01099999994 0.07100000232
0.05700000003 -0.008999999613 0.07100000232
0.05700000003 -0.007000000216 0.06499999762
0.05900000036 -0.007000000216 0.06499999762
0.05900000036 -0.004999999888 0.06499999762
0.05700000003 -0.007000000216 0.06700000167
0.05900000036 -0.007000000216 0.06700000167
0.05700000003 -0.004999999888 0.06700000167
0.05900000036 -0.004999999888 0.06700000167
0.05900000036 -0.003000000026 0.06499999762
0.05900000036 -0.001000000047 0.06499999762
0.05900000036 -0.003000000026 0.06700000167
0.05900000036 -0.001000000047 0.06700000167
0.05700000003 -0.007000000216 0.06899999827
0.05700000003 -0.004999999888 0.06899999827
0.05900000036 -0.004999999888 0.06899999827
0.05700000003 -0.007000000216 0.07100000232
0.05700000003 -0.004999999888 0.07100000232
0.05700000003 -0.003000000026 0.06899999827
0.05900000036 -0.003000000026 0.06899999827
0.05700000003 -0.001000000047 0.06899999827
0.05900000036 -0.001000000047 0.06899999827
0.05700000003 -0.003000000026 0.07100000232
0.05700000003 -0.001000000047 0.07100000232
0.0549999997 -0.01499999966 0.07299999893
0.0549999997 -0.01300000027 0.07299999893
0.0549999997 -0.01499999966 0.07500000298
0.0549999997 -0.01300000027 0.07500000298
0.0549999997 -0.01499999966 0.07699999958
0.0549999997 -0.01300000027 0.07699999958
0.0549999997 -0.01499999966 0.07900000364
0.0549999997 -0.01300000027 0.07900000364
0.0549999997 -0.01099999994 0.07900000364
0.05700000003 -0.01300000027 0.07299999893
0.05700000003 -0.01300000027 0.07500000298
0.05700000003 -0.01099999994 0.07299999893
0.05700000003 -0.008999999613 0.07299999893
0.05700000003 -0.01099999994 0.07500000298
0.05700000003 -0.008999999613 0.07500000298
0.05700000003 -0.01300000027 0.07699999958
0.05700000003 -0.01099999994 0.07699999958
0.05700000003 -0.008999999613 0.07699999958
0.05700000003 -0.01099999994 0.07900000364
0.05700000003 -0.008999999613 0.07900000364
0.05700000003 -0.007000000216 0.07299999893
0.05700000003 -0.004999999888 0.07299999893
0.05700000003 -0.007000000216 0.07500000298
0.05700000003 -0.004999999888 0.07500000298
0.05700000003 -0.003000000026 0.07299999893
0.05700000003 -0.001000000047 0.07299999893
0.05700000003 -0.003000000026 0.07500000298
0.05700000003 -0.001000000047 0.07500000298
0.05700000003 -0.007000000216 0.07699999958
0.05700000003 -0.004999999888 0.07699999958
0.05700000003 -0.007000000216 0.07900000364
0.05700000003 -0.004999999888 0.07900000364
0.05700000003 -0.003000000026 0.07699999958
0.05700000003 -0.001000000047 0.07699999958
0.05700000003 -0.003000000026 0.07900000364
0.05700000003 -0.001000000047 0.07900000364
0.04699999839 -0.03099999949 0.08100000024
0.04699999839 -0.03099999949 0.08299999684
0.04699999839 -0.03099999949 0.08500000089
0.04699999839 -0.03099999949 0.0869999975
0.04699999839 -0.03099999949 0.08900000155
0.04699999839 -0.02899999917 0.08900000155
0.04699999839 -0.03099999949 0.09099999815
0.04699999839 -0.02899999917 0.09099999815
0.04699999839 -0.03099999949 0.09300000221
0.04699999839 -0.02899999917 0.09300000221
0.04699999839 -0.03099999949 0.09499999881
0.04699999839 -0.02899999917 0.09499999881
0.04899999872 -0.02899999917 0.08100000024
0.04899999872 -0.02899999917 0.08299999684
0.04899999872 -0.0270000007 0.08100000024
0.05099999905 -0.0270000007 0.08100000024
0.05099999905 -0.02500000037 0.08100000024
0.04899999872 -0.0270000007 0.08299999684
0.05099999905 -0.0270000007 0.08299999684
0.05099999905 -0.02500000037 0.08299999684
0.04899999872 -0.03099999949 0.08500000089
0.04899999872 -0.02899999917 0.08500000089
0.04899999872 -0.02899999917 0.0869999975
0.04899999872 -0.0270000007 0.08500000089
0.05099999905 -0.0270000007 0.08500000089
0.05099999905 -0.02500000037 0.08500000089
0.04899999872 -0.0270000007 0.0869999975
0.05099999905 -0.02500000037 0.0869999975
0.05099999905 -0.02300000004 0.08100000024
0.05099999905 -0.02300000004 0.08299999684
0.05299999937 -0.02300000004 0.08100000024
0.05299999937 -0.02099999972 0.08100000024
0.05299999937 -0.02300000004 0.08299999684
0.05299999937 -0.02099999972 0.08299999684
0.05299999937 -0.01899999939 0.08100000024
0.0549999997 -0.01700000092 0.08100000024
0.05299999937 -0.01899999939 0.08299999684
0.0549999997 -0.01700000092 0.08299999684
0.05099999905 -0.02300000004 0.08500000089
0.05099999905 -0.02300000004 0.0869999975
0.05299999937 -0.02300000004 0.08500000089
0.05299999937 -0.02099999972 0.08500000089
0.05299999937 -0.02300000004 0.0869999975
0.05299999937 -0.02099999972 0.0869999975
0.05299999937 -0.01899999939 0.08500000089
0.05299999937 -0.01700000092 0.08500000089
0.0549999997 -0.01700000092 0.08500000089
0.0549999997 -0.01899999939 0.0869999975
0.0549999997 -0.01700000092 0.0869999975
0.04899999872 -0.02899999917 0.08900000155
0.04899999872 -0.02899999917 0.09099999815
0.04899999872 -0.0270000007 0.08900000155
0.05099999905 -0.02500000037 0.08900000155
0.04899999872 -0.0270000007 0.09099999815
0.05099999905 -0.02500000037 0.09099999815
0.04899999872 -0.02899999917 0.09300000221
0.04899999872 -0.02899999917 0.09499999881
0.04899999872 -0.0270000007 0.09300000221
0.05099999905 -0.02500000037 0.09300000221
0.04899999872 -0.0270000007 0.09499999881
0.05099999905 -0.02500000037 0.09499999881
0.05299999937 -0.02500000037 0.09499999881
0.05099999905 -0.02300000004 0.08900000155
0.05299999937 -0.02099999972 0.08900000155
0.0549999997 -0.02099999972 0.08900000155
0.05299999937 -0.02300000004 0.09099999815
0.0549999997 -0.02099999972 0.09099999815
0.0549999997 -0.01899999939 0.08900000155
0.0549999997 -0.01899999939 0.09099999815
0.05299999937 -0.02300000004 0.09300000221
0.0549999997 -0.02300000004 0.09300000221
0.0549999997 -0.02099999972 0.09300000221
0.0549999997 -0.02300000004 0.09499999881
0.0549999997 -0.02099999972 0.09499999881
0.0549999997 -0.01899999939 0.09300000221
0.0549999997 -0.01899999939 0.09499999881
0.05700000003 -0.01899999939 0.08900000155
0.05700000003 -0.01700000092 0.08900000155
0.05700000003 -0.01899999939 0.09099999815
0.05700000003 -0.01700000092 0.09099999815
0.05700000003 -0.01899999939 0.09300000221
0.05700000003 -0.01700000092 0.09300000221
0.05700000003 -0.01899999939 0.09499999881
0.05700000003 -0.01700000092 0.09499999881
0.0549999997 -0.01499999966 0.08100000024
0.0549999997 -0.01300000027 0.08100000024
0.0549999997 -0.01499999966 0.08299999684
0.0549999997 -0.01300000027 0.08299999684
0.0549999997 -0.01099999994 0.08100000024
0.0549999997 -0.01099999994 0.08299999684
0.0549999997 -0.01300000027 0.08500000089
0.0549999997 -0.01099999994 0.08500000089
0.0549999997 -0.008999999613 0.08500000089
0.05700000003 -0.01099999994 0.08100000024
0.05700000003 -0.008999999613 0.08100000024
0.05700000003 -0.008999999613 0.08299999684
0.05700000003 -0.01499999966 0.0869999975
0.05700000003 -0.01300000027 0.0869999975
0.05700000003 -0.01099999994 0.0869999975
0.05700000003 -0.008999999613 0.0869999975
0.05900000036 -0.008999999613 0.0869999975
0.05700000003 -0.007000000216 0.08100000024
0.05700000003 -0.004999999888 0.08100000024
0.05700000003 -0.007000000216 0.08299999684
0.05700000003 -0.004999999888 0.08299999684
0.05700000003 -0.003000000026 0.08100000024
0.05700000003 -0.001000000047 0.08100000024
0.05700000003 -0.003000000026 0.08299999684
0.05700000003 -0.001000000047 0.08299999684
0.05700000003 -0.007000000216 0.08500000089
0.05700000003 -0.004999999888 0.08500000089
0.05900000036 -0.007000000216 0.0869999975
0.05900000036 -0.004999999888 0.0869999975
0.05700000003 -0.003000000026 0.08500000089
0.05900000036 -0.003000000026 0.0869999975
0.05900000036 -0.001000000047 0.0869999975
0.05700000003 -0.01499999966 0.08900000155
0.05700000003 -0.01300000027 0.08900000155
0.05700000003 -0.01499999966 0.09099999815
0.05700000003 -0.01300000027 0.09099999815
0.05700000003 -0.01099999994 0.08900000155
0.05900000036 -0.01099999994 0.08900000155
0.05900000036 -0.008999999613 0.08900000155
0.05700000003 -0.01099999994 0.09099999815
0.05900000036 -0.01099999994 0.09099999815
0.05900000036 -0.008999999613 0.09099999815
0.05700000003 -0.01499999966 0.09300000221
0.05700000003 -0.01300000027 0.09300000221
0.05700000003 -0.01499999966 0.09499999881
0.05700000003 -0.01300000027 0.09499999881
0.05900000036 -0.01099999994 0.09300000221
0.05900000036 -0.008999999613 0.09300000221
0.05900000036 -0.01099999994 0.09499999881
0.05900000036 -0.008999999613 0.09499999881
0.05900000036 -0.007000000216 0.08900000155
0.05900000036 -0.004999999888 0.08900000155
0.05900000036 -0.007000000216 0.09099999815
0.05900000036 -0.004999999888 0.09099999815
0.05900000036 -0.003000000026 0.08900000155
0.05900000036 -0.001000000047 0.08900000155
0.05900000036 -0.003000000026 0.09099999815
0.05900000036 -0.001000000047 0.09099999815
0.05900000036 -0.007000000216 0.09300000221
0.05900000036 -0.004999999888 0.09300000221
0.05900000036 -0.007000000216 0.09499999881
0.06100000069 -0.004999999888 0.09300000221
0.06100000069 -0.007000000216 0.09499999881
0.06100000069 -0.004999999888 0.09499999881
0.06100000069 -0.003000000026 0.09300000221
0.06100000069 -0.001000000047 0.09300000221
0.06100000069 -0.003000000026 0.09499999881
0.06100000069 -0.001000000047 0.09499999881
0.001000000047 -0.05900000036 0.09700000286
0.003000000026 -0.05700000003 0.09899999946
0.004999999888 -0.05900000036 0.09700000286
0.007000000216 -0.05900000036 0.09700000286
0.007000000216 -0.05700000003 0.09899999946
0.001000000047 -0.05700000003 0.1010000035
0.003000000026 -0.05700000003 0.1010000035
0.001000000047 -0.05700000003 0.1030000001
0.003000000026 -0.05700000003 0.1030000001
0.007000000216 -0.05700000003 0.1010000035
0.008999999613 -0.05900000036 0.09700000286
0.008999999613 -0.05700000003 0.09700000286
0.01099999994 -0.05700000003 0.09700000286
0.008999999613 -0.05700000003 0.09899999946
0.01300000027 -0.05700000003 0.09700000286
0.01499999966 -0.05700000003 0.09700000286
0.01300000027 -0.05700000003 0.09899999946
0.008999999613 -0.05700000003 0.1010000035
0.008999999613 -0.05700000003 0.1030000001
0.01300000027 -0.0549999997 0.09899999946
0.01499999966 -0.0549999997 0.09899999946
0.01099999994 -0.0549999997 0.1010000035
0.01099999994 -0.0549999997 0.1030000001
0.01300000027 -0.0549999997 0.1010000035
0.01300000027 -0.0549999997 0.1030000001
0.001000000047 -0.05900000036 0.1070000008
0.003000000026 -0.05900000036 0.1089999974
0.003000000026 -0.05900000036 0.1110000014
0.01300000027 -0.05900000036 0.1070000008
0.008999999613 -0.05900000036 0.1110000014
0.01499999966 -0.05700000003 0.1089999974
0.01499999966 -0.05700000003 0.1110000014
0.01700000092 -0.0549999997 0.09700000286
0.01899999939 -0.0549999997 0.09700000286
0.01700000092 -0.0549999997 0.09899999946
0.01899999939 -0.05299999937 0.09899999946
0.02099999972 -0.0549999997 0.09700000286
0.02099999972 -0.05299999937 0.09700000286
0.02300000004 -0.05299999937 0.09700000286
0.02099999972 -0.05299999937 0.09899999946
0.02300000004 -0.05099999905 0.09899999946
0.01700000092 -0.0549999997 0.1010000035
0.01899999939 -0.05299999937 0.1010000035
0.01700000092 -0.05299999937 0.1030000001
0.01899999939 -0.05299999937 0.1030000001
0.02099999972 -0.05299999937 0.1010000035
0.02099999972 -0.05099999905 0.1010000035
0.02300000004 -0.05099999905 0.1010000035
0.02099999972 -0.05099999905 0.1030000001
0.02300000004 -0.05099999905 0.1030000001
0.02500000037 -0.05099999905 0.09700000286
0.0270000007 -0.04899999872 0.09700000286
0.02500000037 -0.05099999905 0.09899999946
0.0270000007 -0.04899999872 0.09899999946
0.02899999917 -0.04899999872 0.09700000286
0.02899999917 -0.04899999872 0.09899999946
0.02500000037 -0.05099999905 0.1010000035
0.0270000007 -0.04899999872 0.1010000035
0.02500000037 -0.04899999872 0.1030000001
0.02899999917 -0.04899999872 0.1010000035
0.01700000092 -0.05700000003 0.1070000008
0.01700000092 -0.05700000003 0.1089999974
0.01700000092 -0.05700000003 0.1110000014
0.01899999939 -0.05700000003 0.1110000014
0.02300000004 -0.0549999997 0.1070000008
0.02099999972 -0.05099999905 0.1049999967
0.02099999972 -0.0549999997 0.1089999974
0.02300000004 -0.0549999997 0.1089999974
0.02099999972 -0.0549999997 0.1110000014
0.02300000004 -0.0549999997 0.1110000014
0.02500000037 -0.05299999937 0.1070000008
0.0270000007 -0.05299999937 0.1070000008
0.0270000007 -0.05099999905 0.1049999967
0.02500000037 -0.04899999872 0.1049999967
0.0270000007 -0.04899999872 0.1049999967
0.02899999917 -0.05099999905 0.1070000008
0.03099999949 -0.05099999905 0.1070000008
0.02500000037 -0.0549999997 0.1089999974
0.02500000037 -0.05299999937 0.1089999974
0.0270000007 -0.05299999937 0.1089999974
0.02500000037 -0.05299999937 0.1110000014
0.0270000007 -0.05299999937 0.1110000014
0.02899999917 -0.05299999937 0.1089999974
0.02899999917 -0.05299999937 0.1110000014
0.02899999917 -0.05099999905 0.1089999974
0.03099999949 -0.05099999905 0.1089999974
0.02899999917 -0.05099999905 0.1110000014
0.03099999949 -0.05099999905 0.1110000014
0.02899999917 -0.04699999839 0.09700000286
0.03099999949 -0.04699999839 0.09700000286
0.02899999917 -0.04699999839 0.09899999946
0.03099999949 -0.04699999839 0.09899999946
0.02899999917 -0.04699999839 0.1010000035
0.03099999949 -0.04500000179 0.1010000035
0.02899999917 -0.04699999839 0.1030000001
0.03099999949 -0.04699999839 0.1030000001
0.03099999949 -0.04500000179 0.1030000001
0.02899999917 -0.04699999839 0.1049999967
0.003000000026 -0.05900000036 0.112999998
0.001000000047 -0.05900000036 0.1169999987
0.003000000026 -0.05900000036 0.1190000027
0.004999999888 -0.05900000036 0.1169999987
0.007000000216 -0.05900000036 0.1169999987
0.008999999613 -0.05900000036 0.1150000021
0.01300000027 -0.05900000036 0.112999998
0.01499999966 -0.05700000003 0.1150000021
0.01300000027 -0.05900000036 0.1169999987
0.01499999966 -0.05700000003 0.1169999987
0.01499999966 -0.05700000003 0.1190000027
0.003000000026 -0.05900000036 0.1230000034
0.003000000026 -0.06100000069 0.125
0.003000000026 -0.05900000036 0.125
0.003000000026 -0.05900000036 0.1270000041
0.008999999613 -0.05900000036 0.1209999993
0.01099999994 -0.05900000036 0.1209999993
0.008999999613 -0.05900000036 0.1230000034
0.01099999994 -0.05900000036 0.1230000034
0.01300000027 -0.05900000036 0.1209999993
0.01499999966 -0.05900000036 0.1230000034
0.01099999994 -0.05900000036 0.125
0.008999999613 -0.05900000036 0.1270000041
0.01099999994 -0.05900000036 0.1270000041
0.01499999966 -0.05900000036 0.125
0.01300000027 -0.05900000036 0.1270000041
0.01300000027 -0.05700000003 0.1270000041
0.01499999966 -0.05700000003 0.1270000041
0.01700000092 -0.05700000003 0.1150000021
0.01700000092 -0.05700000003 0.1190000027
0.01899999939 -0.05700000003 0.1190000027
0.02099999972 -0.0549999997 0.112999998
0.02300000004 -0.0549999997 0.112999998
0.02099999972 -0.0549999997 0.1150000021
0.02099999972 -0.0549999997 0.1169999987
0.02300000004 -0.0549999997 0.1169999987
0.02099999972 -0.0549999997 0.1190000027
0.02300000004 -0.0549999997 0.1190000027
0.02500000037 -0.05299999937 0.112999998
0.0270000007 -0.05299999937 0.112999998
0.0270000007 -0.05299999937 0.1150000021
0.02899999917 -0.05099999905 0.112999998
0.03099999949 -0.05099999905 0.112999998
0.02899999917 -0.05099999905 0.1150000021
0.03099999949 -0.05099999905 0.1150000021
0.02500000037 -0.05299999937 0.1169999987
0.02500000037 -0.05299999937 0.1190000027
0.0270000007 -0.05299999937 0.1190000027
0.02899999917 -0.05299999937 0.1190000027
0.02899999917 -0.05099999905 0.1169999987
0.03099999949 -0.05099999905 0.1169999987
0.02899999917 -0.05099999905 0.1190000027
0.03099999949 -0.05099999905 0.1190000027
0.01700000092 -0.05900000036 0.1209999993
0.01899999939 -0.05700000003 0.1209999993
0.01700000092 -0.05700000003 0.1230000034
0.01899999939 -0.05700000003 0.1230000034
0.02099999972 -0.05700000003 0.1209999993
0.02099999972 -0.05700000003 0.1230000034
0.01700000092 -0.05700000003 0.125
0.01700000092 -0.05700000003 0.1270000041
0.02099999972 -0.05700000003 0.125
0.02099999972 -0.05700000003 0.1270000041
0.02300000004 -0.0549999997 0.1209999993
0.02099999972 -0.0549999997 0.1230000034
0.02300000004 -0.0549999997 0.125
0.02099999972 -0.0549999997 0.1270000041
0.02300000004 -0.0549999997 0.1270000041
0.0270000007 -0.05299999937 0.1209999993
0.02500000037 -0.0549999997 0.1230000034
0.0270000007 -0.0549999997 0.1230000034
0.0270000007 -0.05299999937 0.1230000034
0.03099999949 -0.05099999905 0.1209999993
0.02899999917 -0.05099999905 0.1230000034
0.03099999949 -0.05099999905 0.1230000034
0.0270000007 -0.05299999937 0.125
0.02500000037 -0.05299999937 0.1270000041
0.0270000007 -0.05299999937 0.1270000041
0.02899999917 -0.05299999937 0.125
0.02899999917 -0.05299999937 0.1270000041
0.02899999917 -0.05099999905 0.125
0.03099999949 -0.05099999905 0.125
0.02899999917 -0.05099999905 0.1270000041
0.03099999949 -0.05099999905 0.1270000041
0.03299999982 -0.04899999872 0.1070000008
0.03299999982 -0.04899999872 0.1089999974
0.03299999982 -0.04899999872 0.1110000014
0.03500000015 -0.04899999872 0.1110000014
0.03299999982 -0.04500000179 0.09700000286
0.03299999982 -0.04500000179 0.09899999946
0.03500000015 -0.04300000146 0.09700000286
0.03500000015 -0.04300000146 0.09899999946
0.03700000048 -0.04300000146 0.09700000286
0.03700000048 -0.04100000113 0.09700000286
0.0390000008 -0.04100000113 0.09700000286
0.03700000048 -0.04100000113 0.09899999946
0.0390000008 -0.04100000113 0.09899999946
0.03299999982 -0.04500000179 0.1010000035
0.03299999982 -0.04500000179 0.1030000001
0.03500000015 -0.04300000146 0.1010000035
0.03500000015 -0.04300000146 0.1030000001
0.03700000048 -0.04100000113 0.1010000035
0.03700000048 -0.04300000146 0.1030000001
0.03700000048 -0.04100000113 0.1030000001
0.0390000008 -0.04100000113 0.1030000001
0.0390000008 -0.0390000008 0.09700000286
0.0390000008 -0.0390000008 0.09899999946
0.0390000008 -0.0390000008 0.1010000035
0.0390000008 -0.0390000008 0.1030000001
0.04100000113 -0.0390000008 0.09700000286
0.04100000113 -0.03700000048 0.09700000286
0.04300000146 -0.03700000048 0.09700000286
0.04100000113 -0.0390000008 0.09899999946
0.04100000113 -0.03700000048 0.09899999946
0.04300000146 -0.03700000048 0.09899999946
0.04300000146 -0.03500000015 0.09700000286
0.04300000146 -0.03500000015 0.09899999946
0.04500000179 -0.03299999982 0.09700000286
0.04500000179 -0.03500000015 0.09899999946
0.04500000179 -0.03299999982 0.09899999946
0.04100000113 -0.0390000008 0.1010000035
0.04100000113 -0.03700000048 0.1010000035
0.04100000113 -0.03700000048 0.1030000001
0.04300000146 -0.03500000015 0.1010000035
0.04300000146 -0.03500000015 0.1030000001
0.04500000179 -0.03299999982 0.1010000035
0.04500000179 -0.03299999982 0.1030000001
0.03500000015 -0.04699999839 0.1070000008
0.03700000048 -0.04500000179 0.1049999967
0.03700000048 -0.04699999839 0.1070000008
0.0390000008 -0.04500000179 0.1070000008
0.03500000015 -0.04699999839 0.1089999974
0.03700000048 -0.04699999839 0.1089999974
0.0390000008 -0.04500000179 0.1089999974
0.03700000048 -0.04699999839 0.1110000014
0.0390000008 -0.04500000179 0.1110000014
0.04100000113 -0.04300000146 0.1070000008
0.04300000146 -0.04100000113 0.1070000008
0.04100000113 -0.04300000146 0.1089999974
0.04300000146 -0.04100000113 0.1089999974
0.04100000113 -0.04300000146 0.1110000014
0.04300000146 -0.04100000113 0.1110000014
0.04500000179 -0.04100000113 0.1110000014
0.04500000179 -0.0390000008 0.1070000008
0.04699999839 -0.03700000048 0.1070000008
0.04699999839 -0.03500000015 0.1070000008
0.04500000179 -0.0390000008 0.1089999974
0.04699999839 -0.03700000048 0.1089999974
0.04500000179 -0.0390000008 0.1110000014
0.04699999839 -0.03700000048 0.1110000014
0.04699999839 -0.03500000015 0.1110000014
0.04899999872 -0.03500000015 0.1070000008
0.04899999872 -0.03299999982 0.1070000008
0.04899999872 -0.03500000015 0.1089999974
0.04899999872 -0.03299999982 0.1089999974
0.04899999872 -0.03500000015 0.1110000014
0.04899999872 -0.03299999982 0.1110000014
0.03299999982 -0.04899999872 0.112999998
0.03299999982 -0.04899999872 0.1150000021
0.03299999982 -0.04899999872 0.1169999987
0.03500000015 -0.04899999872 0.1169999987
0.03299999982 -0.05099999905 0.1190000027
0.03299999982 -0.04899999872 0.1190000027
0.03500000015 -0.04899999872 0.1190000027
0.03299999982 -0.04899999872 0.1209999993
0.03500000015 -0.04899999872 0.1230000034
0.03700000048 -0.04899999872 0.1230000034
0.03500000015 -0.04899999872 0.125
0.03299999982 -0.05099999905 0.1270000041
0.03299999982 -0.04899999872 0.1270000041
0.03500000015 -0.04899999872 0.1270000041
0.03500000015 -0.04699999839 0.112999998
0.03500000015 -0.04699999839 0.1150000021
0.03700000048 -0.04699999839 0.112999998
0.0390000008 -0.04500000179 0.112999998
0.03700000048 -0.04699999839 0.1150000021
0.0390000008 -0.04500000179 0.1150000021
0.03500000015 -0.04699999839 0.1169999987
0.03500000015 -0.04699999839 0.1190000027
0.03700000048 -0.04699999839 0.1169999987
0.0390000008 -0.04500000179 0.1169999987
0.03700000048 -0.04699999839 0.1190000027
0.0390000008 -0.04500000179 0.1190000027
0.04100000113 -0.04300000146 0.112999998
0.04300000146 -0.04100000113 0.112999998
0.04100000113 -0.04300000146 0.1150000021
0.04300000146 -0.04100000113 0.1150000021
0.04100000113 -0.04300000146 0.1169999987
0.04300000146 -0.04100000113 0.1169999987
0.04100000113 -0.04300000146 0.1190000027
0.04300000146 -0.04100000113 0.1190000027
0.04500000179 -0.0390000008 0.112999998
0.04699999839 -0.03700000048 0.112999998
0.04500000179 -0.0390000008 0.1150000021
0.04699999839 -0.03700000048 0.1150000021
0.04699999839 -0.03500000015 0.112999998
0.04699999839 -0.03500000015 0.1150000021
0.04500000179 -0.0390000008 0.1169999987
0.04500000179 -0.03700000048 0.1169999987
0.04699999839 -0.03700000048 0.1169999987
0.04500000179 -0.0390000008 0.1190000027
0.04699999839 -0.03700000048 0.1190000027
0.04699999839 -0.03500000015 0.1169999987
0.04699999839 -0.03500000015 0.1190000027
0.03700000048 -0.04699999839 0.1209999993
0.0390000008 -0.04699999839 0.1209999993
0.0390000008 -0.04500000179 0.1209999993
0.03700000048 -0.04699999839 0.1230000034
0.0390000008 -0.04699999839 0.1230000034
0.03700000048 -0.04500000179 0.1230000034
0.0390000008 -0.04500000179 0.1230000034
0.03500000015 -0.04699999839 0.1270000041
0.03700000048 -0.04699999839 0.125
0.03700000048 -0.04500000179 0.125
0.0390000008 -0.04500000179 0.125
0.03700000048 -0.04699999839 0.1270000041
0.03700000048 -0.04500000179 0.1270000041
0.0390000008 -0.04500000179 0.1270000041
0.0390000008 -0.04300000146 0.1270000041
0.04100000113 -0.04300000146 0.1209999993
0.04300000146 -0.04100000113 0.1209999993
0.04100000113 -0.04300000146 0.1230000034
0.04300000146 -0.04100000113 0.1230000034
0.04100000113 -0.04300000146 0.125
0.04300000146 -0.04100000113 0.125
0.04100000113 -0.04300000146 0.1270000041
0.04300000146 -0.04100000113 0.1270000041
0.04500000179 -0.0390000008 0.1209999993
0.04500000179 -0.03700000048 0.1209999993
0.04699999839 -0.03700000048 0.1209999993
0.04500000179 -0.0390000008 0.1230000034
0.04500000179 -0.03700000048 0.1230000034
0.04699999839 -0.03700000048 0.1230000034
0.04699999839 -0.03500000015 0.1209999993
0.04699999839 -0.03500000015 0.1230000034
0.04300000146 -0.0390000008 0.125
0.04300000146 -0.0390000008 0.1270000041
0.04500000179 -0.0390000008 0.125
0.04500000179 -0.03700000048 0.125
0.04699999839 -0.03700000048 0.125
0.04500000179 -0.0390000008 0.1270000041
0.04500000179 -0.03700000048 0.1270000041
0.04699999839 -0.03700000048 0.1270000041
0.04699999839 -0.03500000015 0.125
0.04699999839 -0.03500000015 0.1270000041
0.04899999872 -0.03500000015 0.112999998
0.04899999872 -0.03299999982 0.112999998
0.05099999905 -0.03299999982 0.112999998
0.04899999872 -0.03299999982 0.1150000021
0.05099999905 -0.03299999982 0.1150000021
0.04899999872 -0.03500000015 0.1169999987
0.04899999872 -0.03299999982 0.1169999987
0.04899999872 -0.03500000015 0.1190000027
0.04899999872 -0.03299999982 0.1190000027
0.04899999872 -0.03500000015 0.1209999993
0.04899999872 -0.03299999982 0.1209999993
0.05099999905 -0.03299999982 0.1209999993
0.04899999872 -0.03500000015 0.1230000034
0.04899999872 -0.03299999982 0.1230000034
0.04899999872 -0.03299999982 0.125
0.04899999872 -0.03500000015 0.1270000041
0.04899999872 -0.03299999982 0.1270000041
0.04699999839 -0.03099999949 0.09700000286
0.04699999839 -0.02899999917 0.09700000286
0.04699999839 -0.03099999949 0.09899999946
0.04699999839 -0.02899999917 0.09899999946
0.04500000179 -0.03099999949 0.1010000035
0.04699999839 -0.03099999949 0.1010000035
0.04699999839 -0.02899999917 0.1010000035
0.04500000179 -0.03099999949 0.1030000001
0.04899999872 -0.0270000007 0.09700000286
0.05099999905 -0.0270000007 0.09899999946
0.05299999937 -0.02500000037 0.09700000286
0.0549999997 -0.02500000037 0.09700000286
0.05299999937 -0.0270000007 0.09899999946
0.05299999937 -0.02500000037 0.09899999946
0.0549999997 -0.02500000037 0.09899999946
0.05099999905 -0.02899999917 0.1010000035
0.04899999872 -0.02899999917 0.1030000001
0.05099999905 -0.02899999917 0.1030000001
0.05299999937 -0.0270000007 0.1010000035
0.05299999937 -0.02500000037 0.1010000035
0.0549999997 -0.02500000037 0.1010000035
0.05299999937 -0.0270000007 0.1030000001
0.05299999937 -0.02500000037 0.1030000001
0.0549999997 -0.02500000037 0.1030000001
0.0549999997 -0.02300000004 0.09700000286
0.0549999997 -0.02099999972 0.09700000286
0.0549999997 -0.02300000004 0.09899999946
0.0549999997 -0.02099999972 0.09899999946
0.0549999997 -0.01899999939 0.09700000286
0.0549999997 -0.02300000004 0.1010000035
0.0549999997 -0.02099999972 0.1010000035
0.0549999997 -0.02300000004 0.1030000001
0.0549999997 -0.02099999972 0.1030000001
0.05700000003 -0.01899999939 0.09700000286
0.05700000003 -0.01700000092 0.09700000286
0.05700000003 -0.01899999939 0.09899999946
0.05700000003 -0.01700000092 0.09899999946
0.05700000003 -0.01899999939 0.1010000035
0.05700000003 -0.01700000092 0.1010000035
0.05700000003 -0.01899999939 0.1030000001
0.05700000003 -0.01700000092 0.1030000001
0.04899999872 -0.03099999949 0.1049999967
0.05099999905 -0.03099999949 0.1049999967
0.05099999905 -0.02899999917 0.1049999967
0.05099999905 -0.03099999949 0.1070000008
0.05099999905 -0.02899999917 0.1070000008
0.05299999937 -0.02899999917 0.1049999967
0.05299999937 -0.02899999917 0.1070000008
0.05299999937 -0.0270000007 0.1049999967
0.05299999937 -0.02500000037 0.1049999967
0.0549999997 -0.02500000037 0.1049999967
0.05299999937 -0.0270000007 0.1070000008
0.05299999937 -0.02500000037 0.1070000008
0.0549999997 -0.02500000037 0.1070000008
0.05099999905 -0.03099999949 0.1089999974
0.05099999905 -0.02899999917 0.1089999974
0.05099999905 -0.03099999949 0.1110000014
0.05099999905 -0.02899999917 0.1110000014
0.05299999937 -0.02899999917 0.1110000014
0.05299999937 -0.0270000007 0.1089999974
0.05299999937 -0.02500000037 0.1089999974
0.0549999997 -0.02500000037 0.1089999974
0.05299999937 -0.0270000007 0.1110000014
0.0549999997 -0.02500000037 0.1110000014
0.0549999997 -0.02300000004 0.1049999967
0.0549999997 -0.02099999972 0.1049999967
0.0549999997 -0.02300000004 0.1070000008
0.0549999997 -0.02099999972 0.1070000008
0.0549999997 -0.02300000004 0.1089999974
0.0549999997 -0.02099999972 0.1089999974
0.0549999997 -0.02300000004 0.1110000014
0.0549999997 -0.02099999972 0.1110000014
0.05700000003 -0.01899999939 0.1049999967
0.05700000003 -0.01700000092 0.1049999967
0.05900000036 -0.01700000092 0.1049999967
0.05700000003 -0.01899999939 0.1070000008
0.05700000003 -0.01700000092 0.1070000008
0.05900000036 -0.01700000092 0.1070000008
0.05700000003 -0.02099999972 0.1089999974
0.05700000003 -0.01899999939 0.1089999974
0.05900000036 -0.01700000092 0.1089999974
0.05700000003 -0.01899999939 0.1110000014
0.05900000036 -0.01700000092 0.1110000014
0.05700000003 -0.01499999966 0.09700000286
0.05700000003 -0.01300000027 0.09700000286
0.05900000036 -0.01300000027 0.09700000286
0.05700000003 -0.01499999966 0.09899999946
0.05900000036 -0.01499999966 0.09899999946
0.05900000036 -0.01300000027 0.09899999946
0.05900000036 -0.01099999994 0.09700000286
0.05900000036 -0.008999999613 0.09700000286
0.05900000036 -0.01099999994 0.09899999946
0.05900000036 -0.008999999613 0.09899999946
0.05900000036 -0.01499999966 0.1010000035
0.05900000036 -0.01300000027 0.1010000035
0.05900000036 -0.01499999966 0.1030000001
0.05900000036 -0.01300000027 0.1030000001
0.05900000036 -0.01099999994 0.1010000035
0.05900000036 -0.008999999613 0.1010000035
0.05900000036 -0.01099999994 0.1030000001
0.05900000036 -0.008999999613 0.1030000001
0.05900000036 -0.007000000216 0.09700000286
0.05900000036 -0.007000000216 0.09899999946
0.06100000069 -0.007000000216 0.09700000286
0.06100000069 -0.004999999888 0.09700000286
0.06100000069 -0.007000000216 0.09899999946
0.06100000069 -0.004999999888 0.09899999946
0.06100000069 -0.003000000026 0.09700000286
0.06100000069 -0.001000000047 0.09700000286
0.06100000069 -0.003000000026 0.09899999946
0.06100000069 -0.001000000047 0.09899999946
0.05900000036 -0.004999999888 0.1030000001
0.06100000069 -0.007000000216 0.1010000035
0.06100000069 -0.004999999888 0.1010000035
0.06100000069 -0.007000000216 0.1030000001
0.06100000069 -0.004999999888 0.1030000001
0.05900000036 -0.003000000026 0.1030000001
0.05900000036 -0.001000000047 0.1030000001
0.06100000069 -0.003000000026 0.1010000035
0.06100000069 -0.001000000047 0.1010000035
0.06100000069 -0.003000000026 0.1030000001
0.06100000069 -0.001000000047 0.1030000001
0.05900000036 -0.01499999966 0.1049999967
0.05900000036 -0.01300000027 0.1049999967
0.05900000036 -0.01499999966 0.1070000008
0.05900000036 -0.01300000027 0.1070000008
0.05900000036 -0.01099999994 0.1049999967
0.05900000036 -0.008999999613 0.1049999967
0.05900000036 -0.01099999994 0.1070000008
0.05900000036 -0.008999999613 0.1070000008
0.06100000069 -0.008999999613 0.1049999967
0.06100000069 -0.008999999613 0.1070000008
0.05900000036 -0.01499999966 0.1089999974
0.05900000036 -0.01300000027 0.1089999974
0.05900000036 -0.01499999966 0.1110000014
0.05900000036 -0.01300000027 0.1110000014
0.05900000036 -0.01099999994 0.1089999974
0.05900000036 -0.008999999613 0.1089999974
0.05900000036 -0.01099999994 0.1110000014
0.05900000036 -0.008999999613 0.1110000014
0.06100000069 -0.008999999613 0.1089999974
0.06100000069 -0.008999999613 0.1110000014
0.05900000036 -0.007000000216 0.1049999967
0.05900000036 -0.004999999888 0.1049999967
0.06100000069 -0.007000000216 0.1070000008
0.06100000069 -0.004999999888 0.1070000008
0.05900000036 -0.003000000026 0.1049999967
0.05900000036 -0.001000000047 0.1049999967
0.05900000036 -0.003000000026 0.1070000008
0.05900000036 -0.001000000047 0.1070000008
0.06100000069 -0.003000000026 0.1070000008
0.06100000069 -0.007000000216 0.1089999974
0.06100000069 -0.004999999888 0.1089999974
0.06100000069 -0.007000000216 0.1110000014
0.06100000069 -0.004999999888 0.1110000014
0.05900000036 -0.001000000047 0.1089999974
0.05900000036 -0.001000000047 0.1110000014
0.06100000069 -0.003000000026 0.1089999974
0.06100000069 -0.001000000047 0.1089999974
0.06100000069 -0.003000000026 0.1110000014
0.05099999905 -0.03099999949 0.112999998
0.05099999905 -0.02899999917 0.112999998
0.05099999905 -0.03099999949 0.1150000021
0.05099999905 -0.02899999917 0.1150000021
0.05299999937 -0.02899999917 0.112999998
0.05299999937 -0.02899999917 0.1150000021
0.05299999937 -0.0270000007 0.112999998
0.05299999937 -0.02500000037 0.112999998
0.0549999997 -0.02500000037 0.112999998
0.05299999937 -0.0270000007 0.1150000021
0.05299999937 -0.02500000037 0.1150000021
0.0549999997 -0.02500000037 0.1150000021
0.05099999905 -0.03099999949 0.1169999987
0.05099999905 -0.02899999917 0.1169999987
0.05099999905 -0.03099999949 0.1190000027
0.05099999905 -0.02899999917 0.1190000027
0.05299999937 -0.02899999917 0.1169999987
0.05299999937 -0.0270000007 0.1169999987
0.05299999937 -0.02500000037 0.1169999987
0.05299999937 -0.0270000007 0.1190000027
0.05299999937 -0.02500000037 0.1190000027
0.0549999997 -0.02500000037 0.1190000027
0.0549999997 -0.02300000004 0.112999998
0.0549999997 -0.02099999972 0.112999998
0.0549999997 -0.02300000004 0.1150000021
0.0549999997 -0.02099999972 0.1150000021
0.0549999997 -0.02300000004 0.1169999987
0.0549999997 -0.02099999972 0.1169999987
0.0549999997 -0.02300000004 0.1190000027
0.0549999997 -0.02099999972 0.1190000027
0.05700000003 -0.02099999972 0.112999998
0.05700000003 -0.01899999939 0.112999998
0.05900000036 -0.01700000092 0.112999998
0.05700000003 -0.01899999939 0.1150000021
0.05700000003 -0.01700000092 0.1150000021
0.05900000036 -0.01700000092 0.1150000021
0.05700000003 -0.02099999972 0.1169999987
0.05700000003 -0.01899999939 0.1169999987
0.05700000003 -0.01700000092 0.1169999987
0.05900000036 -0.01700000092 0.1169999987
0.05700000003 -0.01899999939 0.1190000027
0.05700000003 -0.01700000092 0.1190000027
0.05900000036 -0.01700000092 0.1190000027
0.05099999905 -0.03099999949 0.1209999993
0.05099999905 -0.02899999917 0.1209999993
0.05099999905 -0.03099999949 0.1230000034
0.05099999905 -0.02899999917 0.1230000034
0.05299999937 -0.02899999917 0.1209999993
0.05299999937 -0.02899999917 0.1230000034
0.05299999937 -0.0270000007 0.1209999993
0.05299999937 -0.02500000037 0.1209999993
0.0549999997 -0.02500000037 0.1209999993
0.05299999937 -0.0270000007 0.1230000034
0.05299999937 -0.02500000037 0.1230000034
0.0549999997 -0.02500000037 0.1230000034
0.05099999905 -0.03099999949 0.125
0.05099999905 -0.02899999917 0.125
0.04899999872 -0.03099999949 0.1270000041
0.05099999905 -0.03099999949 0.1270000041
0.05099999905 -0.02899999917 0.1270000041
0.05299999937 -0.0270000007 0.125
0.05299999937 -0.02500000037 0.125
0.0549999997 -0.02500000037 0.125
0.05299999937 -0.0270000007 0.1270000041
0.05299999937 -0.02500000037 0.1270000041
0.0549999997 -0.02300000004 0.1209999993
0.0549999997 -0.02099999972 0.1209999993
0.0549999997 -0.02300000004 0.1230000034
0.0549999997 -0.02099999972 0.1230000034
0.0549999997 -0.02300000004 0.125
0.0549999997 -0.02099999972 0.125
0.0549999997 -0.02300000004 0.1270000041
0.0549999997 -0.02099999972 0.1270000041
0.0549999997 -0.01899999939 0.125
0.0549999997 -0.01899999939 0.1270000041
0.05700000003 -0.01899999939 0.1209999993
0.05700000003 -0.01700000092 0.1209999993
0.05700000003 -0.01899999939 0.1230000034
0.05700000003 -0.01700000092 0.1230000034
0.05700000003 -0.01899999939 0.125
0.05700000003 -0.01700000092 0.125
0.05700000003 -0.01899999939 0.1270000041
0.05700000003 -0.01700000092 0.1270000041
0.05900000036 -0.01499999966 0.112999998
0.05900000036 -0.01300000027 0.112999998
0.05900000036 -0.01499999966 0.1150000021
0.05900000036 -0.01300000027 0.1150000021
0.05900000036 -0.01099999994 0.112999998
0.05900000036 -0.008999999613 0.112999998
0.05900000036 -0.01099999994 0.1150000021
0.05900000036 -0.008999999613 0.1150000021
0.06100000069 -0.008999999613 0.112999998
0.05900000036 -0.01499999966 0.1169999987
0.05900000036 -0.01300000027 0.1169999987
0.05700000003 -0.01499999966 0.1190000027
0.05900000036 -0.01499999966 0.1190000027
0.05900000036 -0.01300000027 0.1190000027
0.05900000036 -0.01099999994 0.1169999987
0.05900000036 -0.008999999613 0.1169999987
0.05900000036 -0.01099999994 0.1190000027
0.05900000036 -0.008999999613 0.1190000027
0.06100000069 -0.008999999613 0.1190000027
0.06100000069 -0.007000000216 0.112999998
0.06100000069 -0.004999999888 0.112999998
0.06100000069 -0.007000000216 0.1150000021
0.06100000069 -0.004999999888 0.1150000021
0.05900000036 -0.001000000047 0.112999998
0.06100000069 -0.003000000026 0.112999998
0.06100000069 -0.001000000047 0.112999998
0.06100000069 -0.003000000026 0.1150000021
0.06100000069 -0.001000000047 0.1150000021
0.06100000069 -0.007000000216 0.1169999987
0.06100000069 -0.004999999888 0.1169999987
0.06100000069 -0.007000000216 0.1190000027
0.06100000069 -0.004999999888 0.1190000027
0.06100000069 -0.003000000026 0.1169999987
0.06100000069 -0.001000000047 0.1169999987
0.06100000069 -0.003000000026 0.1190000027
0.06100000069 -0.001000000047 0.1190000027
0.05700000003 -0.01499999966 0.1209999993
0.05900000036 -0.01499999966 0.1209999993
0.05900000036 -0.01300000027 0.1209999993
0.05700000003 -0.01499999966 0.1230000034
0.05700000003 -0.01300000027 0.1230000034
0.05900000036 -0.01300000027 0.1230000034
0.05900000036 -0.01099999994 0.1209999993
0.05900000036 -0.008999999613 0.1209999993
0.05900000036 -0.01099999994 0.1230000034
0.05900000036 -0.008999999613 0.1230000034
0.05700000003 -0.01499999966 0.125
0.05700000003 -0.01300000027 0.125
0.05900000036 -0.01300000027 0.125
0.05700000003 -0.01499999966 0.1270000041
0.05700000003 -0.01300000027 0.1270000041
0.05900000036 -0.01099999994 0.125
0.05900000036 -0.008999999613 0.125
0.05900000036 -0.01099999994 0.1270000041
0.05900000036 -0.008999999613 0.1270000041
0.05900000036 -0.004999999888 0.1209999993
0.06100000069 -0.007000000216 0.1209999993
0.06100000069 -0.004999999888 0.1209999993
0.06100000069 -0.007000000216 0.1230000034
0.06100000069 -0.004999999888 0.1230000034
0.05900000036 -0.003000000026 0.1209999993
0.05900000036 -0.001000000047 0.1209999993
0.05900000036 -0.003000000026 0.1230000034
0.05900000036 -0.001000000047 0.1230000034
0.06100000069 -0.001000000047 0.1209999993
0.06100000069 -0.003000000026 0.1230000034
0.06100000069 -0.001000000047 0.1230000034
0.05900000036 -0.007000000216 0.125
0.05900000036 -0.007000000216 0.1270000041
0.05900000036 -0.004999999888 0.1270000041
0.06100000069 -0.007000000216 0.125
0.06100000069 -0.004999999888 0.125
0.06100000069 -0.007000000216 0.1270000041
0.06100000069 -0.004999999888 0.1270000041
0.05900000036 -0.003000000026 0.1270000041
0.06100000069 -0.003000000026 0.125
0.06100000069 -0.001000000047 0.125
0.06100000069 -0.003000000026 0.1270000041
0.06100000069 -0.001000000047 0.1270000041
0.003000000026 -0.05900000036 0.1289999932
0.003000000026 -0.05900000036 0.1309999973
0.004999999888 -0.05900000036 0.1289999932
0.01099999994 -0.05900000036 0.1289999932
0.01499999966 -0.05700000003 0.1289999932
0.01300000027 -0.05700000003 0.1309999973
0.01499999966 -0.05700000003 0.1309999973
0.008999999613 -0.05900000036 0.1330000013
0.01099999994 -0.05700000003 0.1350000054
0.01300000027 -0.05700000003 0.1330000013
0.01300000027 -0.05700000003 0.1350000054
0.001000000047 -0.05900000036 0.1369999945
0.003000000026 -0.05900000036 0.1369999945
0.003000000026 -0.05900000036 0.1389999986
0.001000000047 -0.05700000003 0.1389999986
0.004999999888 -0.05900000036 0.1369999945
0.004999999888 -0.05900000036 0.1389999986
0.004999999888 -0.05700000003 0.1389999986
0.007000000216 -0.05700000003 0.1389999986
0.01099999994 -0.05700000003 0.1369999945
0.01099999994 -0.05700000003 0.1389999986
0.01300000027 -0.05700000003 0.1369999945
0.01499999966 -0.05700000003 0.1369999945
0.004999999888 -0.0549999997 0.1389999986
0.007000000216 -0.0549999997 0.1389999986
0.003000000026 -0.0549999997 0.1430000067
0.004999999888 -0.0549999997 0.1410000026
0.004999999888 -0.0549999997 0.1430000067
0.008999999613 -0.0549999997 0.1389999986
0.01099999994 -0.0549999997 0.1389999986
0.01300000027 -0.0549999997 0.1389999986
0.01499999966 -0.0549999997 0.1389999986
0.01300000027 -0.05299999937 0.1389999986
0.01499999966 -0.05299999937 0.1389999986
0.008999999613 -0.0549999997 0.1410000026
0.008999999613 -0.05299999937 0.1410000026
0.008999999613 -0.0549999997 0.1430000067
0.01099999994 -0.05299999937 0.1430000067
0.01300000027 -0.05299999937 0.1410000026
0.01499999966 -0.05299999937 0.1410000026
0.01300000027 -0.05299999937 0.1430000067
0.01499999966 -0.05299999937 0.1430000067
0.01099999994 -0.05099999905 0.1410000026
0.01300000027 -0.04899999872 0.1410000026
0.01700000092 -0.05700000003 0.1289999932
0.01899999939 -0.05700000003 0.1309999973
0.01899999939 -0.05700000003 0.1330000013
0.01700000092 -0.05700000003 0.1350000054
0.01899999939 -0.0549999997 0.1289999932
0.02099999972 -0.0549999997 0.1289999932
0.02300000004 -0.0549999997 0.1289999932
0.02099999972 -0.0549999997 0.1309999973
0.01899999939 -0.0549999997 0.1330000013
0.01899999939 -0.0549999997 0.1350000054
0.02099999972 -0.0549999997 0.1330000013
0.02300000004 -0.0549999997 0.1330000013
0.02099999972 -0.0549999997 0.1350000054
0.02300000004 -0.0549999997 0.1350000054
0.02500000037 -0.0549999997 0.1289999932
0.02500000037 -0.05299999937 0.1289999932
0.0270000007 -0.05299999937 0.1289999932
0.02500000037 -0.05299999937 0.1309999973
0.0270000007 -0.05299999937 0.1309999973
0.02899999917 -0.05099999905 0.1289999932
0.03099999949 -0.05099999905 0.1289999932
0.02899999917 -0.05099999905 0.1309999973
0.03099999949 -0.05099999905 0.1309999973
0.02500000037 -0.05299999937 0.1330000013
0.02500000037 -0.05299999937 0.1350000054
0.0270000007 -0.05299999937 0.1350000054
0.02899999917 -0.05099999905 0.1330000013
0.03099999949 -0.05099999905 0.1330000013
0.03099999949 -0.04899999872 0.1330000013
0.02899999917 -0.05099999905 0.1350000054
0.03099999949 -0.04899999872 0.1350000054
0.01899999939 -0.0549999997 0.1369999945
0.01700000092 -0.0549999997 0.1389999986
0.01899999939 -0.0549999997 0.1389999986
0.01700000092 -0.05299999937 0.1389999986
0.02300000004 -0.0549999997 0.1369999945
0.02099999972 -0.0549999997 0.1389999986
0.02099999972 -0.05299999937 0.1389999986
0.02300000004 -0.05299999937 0.1389999986
0.02099999972 -0.05099999905 0.1389999986
0.02300000004 -0.05099999905 0.1389999986
0.01700000092 -0.05299999937 0.1430000067
0.02099999972 -0.05299999937 0.1410000026
0.01700000092 -0.05099999905 0.1410000026
0.01899999939 -0.05099999905 0.1410000026
0.01700000092 -0.05099999905 0.1430000067
0.02300000004 -0.05099999905 0.1410000026
0.02099999972 -0.04899999872 0.1410000026
0.02300000004 -0.04899999872 0.1410000026
0.02099999972 -0.05099999905 0.1430000067
0.02300000004 -0.04899999872 0.1430000067
0.02500000037 -0.05299999937 0.1369999945
0.0270000007 -0.05299999937 0.1369999945
0.02500000037 -0.05299999937 0.1389999986
0.02500000037 -0.05099999905 0.1389999986
0.0270000007 -0.05099999905 0.1389999986
0.02500000037 -0.04899999872 0.1389999986
0.02899999917 -0.05099999905 0.1369999945
0.02899999917 -0.05099999905 0.1389999986
0.02899999917 -0.04899999872 0.1389999986
0.03099999949 -0.04899999872 0.1389999986
0.02500000037 -0.04899999872 0.1410000026
0.0270000007 -0.04899999872 0.1410000026
0.02500000037 -0.04899999872 0.1430000067
0.01499999966 -0.04699999839 0.1410000026
0.01700000092 -0.04699999839 0.1410000026
0.02300000004 -0.04699999839 0.1410000026
0.02300000004 -0.04500000179 0.1410000026
0.0270000007 -0.04699999839 0.1389999986
0.03099999949 -0.04699999839 0.1389999986
0.02899999917 -0.04500000179 0.1389999986
0.03099999949 -0.04300000146 0.1389999986
0.02500000037 -0.04500000179 0.1410000026
0.0270000007 -0.04699999839 0.1430000067
0.02899999917 -0.04699999839 0.1410000026
0.03099999949 -0.04500000179 0.1410000026
0.02899999917 -0.04699999839 0.1430000067
0.03099999949 -0.04500000179 0.1430000067
0.02500000037 -0.04300000146 0.1410000026
0.0270000007 -0.04300000146 0.1410000026
0.02899999917 -0.04100000113 0.1410000026
0.03099999949 -0.0390000008 0.1410000026
0.001000000047 -0.0549999997 0.1449999958
0.003000000026 -0.0549999997 0.1490000039
0.004999999888 -0.0549999997 0.1509999931
0.01099999994 -0.05299999937 0.1449999958
0.008999999613 -0.0549999997 0.1469999999
0.01099999994 -0.05299999937 0.1469999999
0.01300000027 -0.05299999937 0.1469999999
0.01499999966 -0.05299999937 0.1469999999
0.01099999994 -0.05299999937 0.1490000039
0.01099999994 -0.05299999937 0.1509999931
0.01300000027 -0.05299999937 0.1490000039
0.01300000027 -0.05299999937 0.1509999931
0.01499999966 -0.05299999937 0.1509999931
0.003000000026 -0.0549999997 0.1550000012
0.007000000216 -0.0549999997 0.1529999971
0.007000000216 -0.0549999997 0.1589999944
0.01099999994 -0.05299999937 0.1529999971
0.008999999613 -0.0549999997 0.1550000012
0.01499999966 -0.05299999937 0.1529999971
0.01300000027 -0.05299999937 0.1550000012
0.01499999966 -0.05299999937 0.1550000012
0.01099999994 -0.05299999937 0.1570000052
0.01099999994 -0.05299999937 0.1589999944
0.01300000027 -0.05299999937 0.1589999944
0.01499999966 -0.05299999937 0.1589999944
0.01700000092 -0.05299999937 0.1449999958
0.01899999939 -0.05099999905 0.1449999958
0.01700000092 -0.05099999905 0.1469999999
0.01899999939 -0.05099999905 0.1469999999
0.02099999972 -0.05099999905 0.1449999958
0.02300000004 -0.04899999872 0.1449999958
0.02300000004 -0.05099999905 0.1469999999
0.02300000004 -0.04899999872 0.1469999999
0.01700000092 -0.05299999937 0.1509999931
0.01700000092 -0.05099999905 0.1490000039
0.01899999939 -0.05099999905 0.1490000039
0.01899999939 -0.05099999905 0.1509999931
0.02099999972 -0.05099999905 0.1490000039
0.02300000004 -0.04899999872 0.1490000039
0.02099999972 -0.05099999905 0.1509999931
0.02300000004 -0.04899999872 0.1509999931
0.02500000037 -0.04899999872 0.1449999958
0.0270000007 -0.04899999872 0.1469999999
0.02500000037 -0.04899999872 0.1490000039
0.02500000037 -0.04899999872 0.1509999931
0.01700000092 -0.05099999905 0.1529999971
0.01899999939 -0.05099999905 0.1529999971
0.01700000092 -0.05099999905 0.1550000012
0.01899999939 -0.05099999905 0.1550000012
0.02099999972 -0.05099999905 0.1529999971
0.02300000004 -0.04899999872 0.1529999971
0.02300000004 -0.04899999872 0.1550000012
0.01700000092 -0.05299999937 0.1589999944
0.01899999939 -0.05099999905 0.1570000052
0.01899999939 -0.05099999905 0.1589999944
0.02099999972 -0.05099999905 0.1570000052
0.02300000004 -0.04899999872 0.1570000052
0.02099999972 -0.05099999905 0.1589999944
0.02300000004 -0.04899999872 0.1589999944
0.02500000037 -0.04899999872 0.1529999971
0.02500000037 -0.04899999872 0.1550000012
0.02500000037 -0.04899999872 0.1570000052
0.0270000007 -0.04899999872 0.1570000052
0.02500000037 -0.04899999872 0.1589999944
0.0270000007 -0.04699999839 0.1449999958
0.0270000007 -0.04699999839 0.1469999999
0.02899999917 -0.04699999839 0.1449999958
0.03099999949 -0.04500000179 0.1449999958
0.02899999917 -0.04699999839 0.1469999999
0.03099999949 -0.04500000179 0.1469999999
0.0270000007 -0.04699999839 0.1490000039
0.0270000007 -0.04699999839 0.1509999931
0.02899999917 -0.04699999839 0.1490000039
0.03099999949 -0.04500000179 0.1490000039
0.02899999917 -0.04699999839 0.1509999931
0.03099999949 -0.04500000179 0.1509999931
0.0270000007 -0.04699999839 0.1529999971
0.0270000007 -0.04699999839 0.1550000012
0.02899999917 -0.04699999839 0.1529999971
0.03099999949 -0.04500000179 0.1529999971
0.02899999917 -0.04699999839 0.1550000012
0.03099999949 -0.04500000179 0.1550000012
0.0270000007 -0.04699999839 0.1570000052
0.0270000007 -0.04699999839 0.1589999944
0.02899999917 -0.04699999839 0.1570000052
0.03099999949 -0.04500000179 0.1570000052
0.02899999917 -0.04699999839 0.1589999944
0.03099999949 -0.04500000179 0.1589999944
0.03299999982 -0.04899999872 0.1289999932
0.03299999982 -0.04899999872 0.1309999973
0.03299999982 -0.04899999872 0.1330000013
0.03500000015 -0.04899999872 0.1330000013
0.03299999982 -0.04899999872 0.1350000054
0.03299999982 -0.04899999872 0.1369999945
0.03299999982 -0.04899999872 0.1389999986
0.03500000015 -0.04699999839 0.1289999932
0.03500000015 -0.04699999839 0.1309999973
0.03700000048 -0.04699999839 0.1289999932
0.03700000048 -0.04500000179 0.1289999932
0.0390000008 -0.04500000179 0.1289999932
0.03700000048 -0.04500000179 0.1309999973
0.0390000008 -0.04500000179 0.1309999973
0.0390000008 -0.04300000146 0.1289999932
0.0390000008 -0.04300000146 0.1309999973
0.03500000015 -0.04699999839 0.1330000013
0.03500000015 -0.04699999839 0.1350000054
0.03700000048 -0.04699999839 0.1330000013
0.03700000048 -0.04500000179 0.1330000013
0.0390000008 -0.04500000179 0.1330000013
0.03700000048 -0.04699999839 0.1350000054
0.03700000048 -0.04500000179 0.1350000054
0.0390000008 -0.04500000179 0.1350000054
0.0390000008 -0.04300000146 0.1330000013
0.0390000008 -0.04300000146 0.1350000054
0.04100000113 -0.04300000146 0.1289999932
0.04300000146 -0.04100000113 0.1289999932
0.04100000113 -0.04300000146 0.1309999973
0.04100000113 -0.04100000113 0.1309999973
0.04300000146 -0.04100000113 0.1309999973
0.04100000113 -0.04300000146 0.1330000013
0.04100000113 -0.04100000113 0.1330000013
0.04300000146 -0.04100000113 0.1330000013
0.04100000113 -0.04300000146 0.1350000054
0.04100000113 -0.04100000113 0.1350000054
0.04300000146 -0.04100000113 0.1350000054
0.04300000146 -0.0390000008 0.1289999932
0.04300000146 -0.0390000008 0.1309999973
0.04500000179 -0.0390000008 0.1289999932
0.04500000179 -0.03700000048 0.1289999932
0.04500000179 -0.0390000008 0.1309999973
0.04500000179 -0.03700000048 0.1309999973
0.04699999839 -0.03700000048 0.1309999973
0.04699999839 -0.03500000015 0.1289999932
0.04699999839 -0.03500000015 0.1309999973
0.04300000146 -0.0390000008 0.1330000013
0.04300000146 -0.0390000008 0.1350000054
0.04500000179 -0.0390000008 0.1330000013
0.04500000179 -0.03700000048 0.1330000013
0.04699999839 -0.03700000048 0.1330000013
0.04500000179 -0.0390000008 0.1350000054
0.04500000179 -0.03700000048 0.1350000054
0.04699999839 -0.03700000048 0.1350000054
0.04699999839 -0.03500000015 0.1330000013
0.04699999839 -0.03500000015 0.1350000054
0.03500000015 -0.04699999839 0.1369999945
0.03299999982 -0.04699999839 0.1389999986
0.03500000015 -0.04699999839 0.1389999986
0.03500000015 -0.04500000179 0.1389999986
0.03700000048 -0.04699999839 0.1369999945
0.03700000048 -0.04500000179 0.1369999945
0.0390000008 -0.04500000179 0.1369999945
0.03700000048 -0.04500000179 0.1389999986
0.03299999982 -0.04100000113 0.1389999986
0.0390000008 -0.04300000146 0.1369999945
0.03700000048 -0.04300000146 0.1389999986
0.0390000008 -0.04300000146 0.1389999986
0.03700000048 -0.04100000113 0.1389999986
0.0390000008 -0.04100000113 0.1389999986
0.03299999982 -0.04500000179 0.1430000067
0.03299999982 -0.04300000146 0.1410000026
0.03299999982 -0.04300000146 0.1430000067
0.03500000015 -0.04300000146 0.1430000067
0.03500000015 -0.04100000113 0.1430000067
0.03700000048 -0.04100000113 0.1410000026
0.0390000008 -0.04100000113 0.1410000026
0.03700000048 -0.04100000113 0.1430000067
0.04100000113 -0.04300000146 0.1369999945
0.04100000113 -0.04100000113 0.1369999945
0.04300000146 -0.04100000113 0.1369999945
0.04100000113 -0.04100000113 0.1389999986
0.04300000146 -0.04100000113 0.1389999986
0.03500000015 -0.0390000008 0.1389999986
0.03700000048 -0.03700000048 0.1389999986
0.0390000008 -0.03700000048 0.1389999986
0.0390000008 -0.03500000015 0.1389999986
0.03299999982 -0.03700000048 0.1410000026
0.0390000008 -0.0390000008 0.1410000026
0.03700000048 -0.0390000008 0.1430000067
0.0390000008 -0.0390000008 0.1430000067
0.0390000008 -0.03700000048 0.1430000067
0.03500000015 -0.03500000015 0.1410000026
0.03299999982 -0.03299999982 0.1410000026
0.03700000048 -0.03299999982 0.1410000026
0.04300000146 -0.0390000008 0.1369999945
0.04100000113 -0.0390000008 0.1389999986
0.04300000146 -0.0390000008 0.1389999986
0.04100000113 -0.03700000048 0.1389999986
0.04300000146 -0.03700000048 0.1389999986
0.04500000179 -0.0390000008 0.1369999945
0.04500000179 -0.03700000048 0.1369999945
0.04699999839 -0.03700000048 0.1369999945
0.04500000179 -0.03700000048 0.1389999986
0.04100000113 -0.03500000015 0.1389999986
0.04100000113 -0.03299999982 0.1389999986
0.04699999839 -0.03500000015 0.1369999945
0.04500000179 -0.03500000015 0.1389999986
0.04699999839 -0.03500000015 0.1389999986
0.04699999839 -0.03299999982 0.1389999986
0.04100000113 -0.0390000008 0.1410000026
0.04100000113 -0.03700000048 0.1410000026
0.04100000113 -0.03700000048 0.1430000067
0.04300000146 -0.03500000015 0.1410000026
0.04300000146 -0.03299999982 0.1410000026
0.04100000113 -0.03500000015 0.1430000067
0.04300000146 -0.03500000015 0.1430000067
0.04300000146 -0.03299999982 0.1430000067
0.04500000179 -0.03500000015 0.1410000026
0.04699999839 -0.03299999982 0.1410000026
0.04500000179 -0.03299999982 0.1430000067
0.04899999872 -0.03299999982 0.1289999932
0.04899999872 -0.03299999982 0.1309999973
0.04899999872 -0.03299999982 0.1330000013
0.04899999872 -0.03299999982 0.1350000054
0.04899999872 -0.03299999982 0.1369999945
0.04899999872 -0.03299999982 0.1389999986
0.03299999982 -0.04500000179 0.1449999958
0.03299999982 -0.04300000146 0.1449999958
0.03500000015 -0.04300000146 0.1449999958
0.03500000015 -0.04100000113 0.1449999958
0.03299999982 -0.04300000146 0.1469999999
0.03500000015 -0.04300000146 0.1469999999
0.03500000015 -0.04100000113 0.1469999999
0.03700000048 -0.04100000113 0.1449999958
0.03700000048 -0.04100000113 0.1469999999
0.03299999982 -0.04500000179 0.1509999931
0.03299999982 -0.04300000146 0.1490000039
0.03500000015 -0.04300000146 0.1490000039
0.03500000015 -0.04100000113 0.1490000039
0.03299999982 -0.04300000146 0.1509999931
0.03500000015 -0.04300000146 0.1509999931
0.03500000015 -0.04100000113 0.1509999931
0.03700000048 -0.04100000113 0.1490000039
0.03700000048 -0.04100000113 0.1509999931
0.03700000048 -0.0390000008 0.1449999958
0.0390000008 -0.0390000008 0.1449999958
0.0390000008 -0.03700000048 0.1449999958
0.03700000048 -0.0390000008 0.1469999999
0.0390000008 -0.0390000008 0.1469999999
0.0390000008 -0.03700000048 0.1469999999
0.03700000048 -0.0390000008 0.1490000039
0.0390000008 -0.0390000008 0.1490000039
0.0390000008 -0.03700000048 0.1490000039
0.03700000048 -0.0390000008 0.1509999931
0.0390000008 -0.0390000008 0.1509999931
0.0390000008 -0.03700000048 0.1509999931
0.04100000113 -0.03700000048 0.1449999958
0.04100000113 -0.03700000048 0.1469999999
0.04100000113 -0.03500000015 0.1449999958
0.04300000146 -0.03500000015 0.1449999958
0.04300000146 -0.03299999982 0.1449999958
0.04100000113 -0.03500000015 0.1469999999
0.04300000146 -0.03299999982 0.1469999999
0.04500000179 -0.03299999982 0.1469999999
0.04100000113 -0.03700000048 0.1490000039
0.04100000113 -0.03700000048 0.1509999931
0.04100000113 -0.03500000015 0.1490000039
0.04300000146 -0.03500000015 0.1490000039
0.04300000146 -0.03299999982 0.1490000039
0.04100000113 -0.03500000015 0.1509999931
0.04300000146 -0.03500000015 0.1509999931
0.04300000146 -0.03299999982 0.1509999931
0.04500000179 -0.03299999982 0.1490000039
0.04500000179 -0.03299999982 0.1509999931
0.03299999982 -0.04500000179 0.1529999971
0.03299999982 -0.04300000146 0.1529999971
0.03500000015 -0.04300000146 0.1529999971
0.03500000015 -0.04100000113 0.1529999971
0.03299999982 -0.04300000146 0.1550000012
0.03500000015 -0.04300000146 0.1550000012
0.03500000015 -0.04100000113 0.1550000012
0.03700000048 -0.04100000113 0.1529999971
0.03700000048 -0.04100000113 0.1550000012
0.03299999982 -0.04300000146 0.1570000052
0.03500000015 -0.04300000146 0.1570000052
0.03500000015 -0.04100000113 0.1570000052
0.03299999982 -0.04300000146 0.1589999944
0.03500000015 -0.04300000146 0.1589999944
0.03500000015 -0.04100000113 0.1589999944
0.03700000048 -0.04100000113 0.1570000052
0.03700000048 -0.04100000113 0.1589999944
0.03700000048 -0.0390000008 0.1529999971
0.0390000008 -0.0390000008 0.1529999971
0.0390000008 -0.03700000048 0.1529999971
0.0390000008 -0.0390000008 0.1550000012
0.0390000008 -0.03700000048 0.1550000012
0.0390000008 -0.0390000008 0.1570000052
0.0390000008 -0.03700000048 0.1570000052
0.03700000048 -0.0390000008 0.1589999944
0.0390000008 -0.0390000008 0.1589999944
0.0390000008 -0.03700000048 0.1589999944
0.04100000113 -0.03700000048 0.1529999971
0.04100000113 -0.03700000048 0.1550000012
0.04100000113 -0.03500000015 0.1529999971
0.04300000146 -0.03500000015 0.1529999971
0.04300000146 -0.03299999982 0.1529999971
0.04100000113 -0.03500000015 0.1550000012
0.04300000146 -0.03299999982 0.1550000012
0.04500000179 -0.03299999982 0.1529999971
0.04100000113 -0.03700000048 0.1570000052
0.04100000113 -0.03700000048 0.1589999944
0.04100000113 -0.03500000015 0.1570000052
0.04300000146 -0.03500000015 0.1570000052
0.04300000146 -0.03299999982 0.1570000052
0.04100000113 -0.03500000015 0.1589999944
0.04300000146 -0.03500000015 0.1589999944
0.04300000146 -0.03299999982 0.1589999944
0.04500000179 -0.03299999982 0.1570000052
0.04500000179 -0.03299999982 0.1589999944
0.03500000015 -0.03099999949 0.1410000026
0.03700000048 -0.03099999949 0.1410000026
0.0390000008 -0.03099999949 0.1410000026
0.03700000048 -0.02899999917 0.1410000026
0.0390000008 -0.0270000007 0.1410000026
0.04300000146 -0.03099999949 0.1389999986
0.04699999839 -0.03099999949 0.1389999986
0.04500000179 -0.02899999917 0.1389999986
0.04699999839 -0.02899999917 0.1389999986
0.04699999839 -0.0270000007 0.1389999986
0.04100000113 -0.02899999917 0.1410000026
0.04500000179 -0.03099999949 0.1410000026
0.04699999839 -0.02899999917 0.1410000026
0.04500000179 -0.03099999949 0.1430000067
0.04699999839 -0.02899999917 0.1430000067
0.04100000113 -0.0270000007 0.1410000026
0.04300000146 -0.0270000007 0.1410000026
0.04100000113 -0.02500000037 0.1410000026
0.04300000146 -0.02500000037 0.1410000026
0.04500000179 -0.0270000007 0.1410000026
0.04699999839 -0.0270000007 0.1410000026
0.04500000179 -0.02500000037 0.1410000026
0.04699999839 -0.02500000037 0.1410000026
0.04699999839 -0.0270000007 0.1430000067
0.04699999839 -0.02099999972 0.1389999986
0.04300000146 -0.02300000004 0.1410000026
0.04500000179 -0.02300000004 0.1410000026
0.04699999839 -0.02300000004 0.1410000026
0.04699999839 -0.02099999972 0.1410000026
0.05099999905 -0.03099999949 0.1289999932
0.05099999905 -0.02899999917 0.1289999932
0.04899999872 -0.03099999949 0.1309999973
0.05099999905 -0.03099999949 0.1309999973
0.05099999905 -0.02899999917 0.1309999973
0.05299999937 -0.0270000007 0.1289999932
0.05299999937 -0.02500000037 0.1289999932
0.05299999937 -0.0270000007 0.1309999973
0.05299999937 -0.02500000037 0.1309999973
0.04899999872 -0.03099999949 0.1330000013
0.05099999905 -0.03099999949 0.1330000013
0.05099999905 -0.02899999917 0.1330000013
0.04899999872 -0.03099999949 0.1350000054
0.05099999905 -0.03099999949 0.1350000054
0.05099999905 -0.02899999917 0.1350000054
0.05299999937 -0.0270000007 0.1330000013
0.05299999937 -0.02500000037 0.1330000013
0.05299999937 -0.0270000007 0.1350000054
0.05299999937 -0.02500000037 0.1350000054
0.0549999997 -0.02300000004 0.1289999932
0.0549999997 -0.02099999972 0.1289999932
0.0549999997 -0.02300000004 0.1309999973
0.0549999997 -0.02099999972 0.1309999973
0.0549999997 -0.01899999939 0.1289999932
0.0549999997 -0.01899999939 0.1309999973
0.0549999997 -0.02300000004 0.1330000013
0.0549999997 -0.02099999972 0.1330000013
0.0549999997 -0.02300000004 0.1350000054
0.0549999997 -0.02099999972 0.1350000054
0.0549999997 -0.01899999939 0.1330000013
0.0549999997 -0.01899999939 0.1350000054
0.05700000003 -0.01899999939 0.1289999932
0.05700000003 -0.01700000092 0.1289999932
0.05700000003 -0.01899999939 0.1309999973
0.05700000003 -0.01700000092 0.1309999973
0.05700000003 -0.01700000092 0.1330000013
0.05700000003 -0.01700000092 0.1350000054
0.04899999872 -0.03099999949 0.1369999945
0.05099999905 -0.03099999949 0.1369999945
0.05099999905 -0.02899999917 0.1369999945
0.04899999872 -0.03099999949 0.1389999986
0.04899999872 -0.02899999917 0.1389999986
0.05099999905 -0.02899999917 0.1389999986
0.05099999905 -0.0270000007 0.1389999986
0.04899999872 -0.02500000037 0.1389999986
0.05099999905 -0.02500000037 0.1389999986
0.05299999937 -0.0270000007 0.1369999945
0.05299999937 -0.02500000037 0.1369999945
0.05299999937 -0.0270000007 0.1389999986
0.05299999937 -0.02500000037 0.1389999986
0.04899999872 -0.02500000037 0.1410000026
0.04899999872 -0.0270000007 0.1430000067
0.04899999872 -0.02500000037 0.1430000067
0.04899999872 -0.02300000004 0.1389999986
0.04899999872 -0.02099999972 0.1389999986
0.05099999905 -0.02099999972 0.1389999986
0.05299999937 -0.02300000004 0.1369999945
0.0549999997 -0.02300000004 0.1369999945
0.0549999997 -0.02099999972 0.1369999945
0.05299999937 -0.02300000004 0.1389999986
0.05299999937 -0.02099999972 0.1389999986
0.0549999997 -0.02099999972 0.1389999986
0.04899999872 -0.01899999939 0.1389999986
0.05099999905 -0.01899999939 0.1389999986
0.05099999905 -0.01700000092 0.1389999986
0.0549999997 -0.01899999939 0.1369999945
0.05299999937 -0.01899999939 0.1389999986
0.0549999997 -0.01899999939 0.1389999986
0.05299999937 -0.01700000092 0.1389999986
0.0549999997 -0.01700000092 0.1389999986
0.04899999872 -0.02300000004 0.1410000026
0.05099999905 -0.02300000004 0.1410000026
0.05099999905 -0.02099999972 0.1410000026
0.04899999872 -0.02300000004 0.1430000067
0.05099999905 -0.02300000004 0.1430000067
0.05099999905 -0.02099999972 0.1430000067
0.04899999872 -0.01899999939 0.1410000026
0.05099999905 -0.01899999939 0.1410000026
0.04899999872 -0.01700000092 0.1410000026
0.05099999905 -0.01700000092 0.1410000026
0.05099999905 -0.01899999939 0.1430000067
0.05099999905 -0.01700000092 0.1430000067
0.05299999937 -0.01899999939 0.1410000026
0.05299999937 -0.01700000092 0.1410000026
0.05299999937 -0.01700000092 0.1430000067
0.05700000003 -0.01700000092 0.1369999945
0.05700000003 -0.01700000092 0.1389999986
0.04500000179 -0.01099999994 0.1410000026
0.04500000179 -0.008999999613 0.1410000026
0.04699999839 -0.008999999613 0.1410000026
0.04500000179 -0.007000000216 0.1410000026
0.04699999839 -0.007000000216 0.1410000026
0.05700000003 -0.01499999966 0.1289999932
0.05700000003 -0.01300000027 0.1289999932
0.05700000003 -0.01499999966 0.1309999973
0.05700000003 -0.01300000027 0.1309999973
0.05900000036 -0.01099999994 0.1289999932
0.05900000036 -0.008999999613 0.1289999932
0.05900000036 -0.01099999994 0.1309999973
0.05900000036 -0.008999999613 0.1309999973
0.05700000003 -0.01499999966 0.1330000013
0.05700000003 -0.01300000027 0.1330000013
0.05700000003 -0.01499999966 0.1350000054
0.05700000003 -0.01300000027 0.1350000054
0.05700000003 -0.01099999994 0.1330000013
0.05900000036 -0.01099999994 0.1330000013
0.05900000036 -0.008999999613 0.1330000013
0.05700000003 -0.01099999994 0.1350000054
0.05900000036 -0.01099999994 0.1350000054
0.05900000036 -0.008999999613 0.1350000054
0.0549999997 -0.003000000026 0.1350000054
0.0549999997 -0.001000000047 0.1350000054
0.05900000036 -0.007000000216 0.1289999932
0.05900000036 -0.004999999888 0.1289999932
0.05900000036 -0.007000000216 0.1309999973
0.05900000036 -0.004999999888 0.1309999973
0.05900000036 -0.003000000026 0.1289999932
0.05900000036 -0.001000000047 0.1289999932
0.05900000036 -0.003000000026 0.1309999973
0.05900000036 -0.001000000047 0.1309999973
0.06100000069 -0.003000000026 0.1289999932
0.05900000036 -0.007000000216 0.1330000013
0.05900000036 -0.004999999888 0.1330000013
0.05900000036 -0.007000000216 0.1350000054
0.05900000036 -0.004999999888 0.1350000054
0.05900000036 -0.003000000026 0.1330000013
0.05900000036 -0.001000000047 0.1330000013
0.05700000003 -0.003000000026 0.1350000054
0.05700000003 -0.001000000047 0.1350000054
0.05900000036 -0.001000000047 0.1350000054
0.04899999872 -0.01300000027 0.1389999986
0.05099999905 -0.01300000027 0.1389999986
0.0549999997 -0.01499999966 0.1389999986
0.0549999997 -0.01300000027 0.1389999986
0.05099999905 -0.01099999994 0.1389999986
0.05099999905 -0.008999999613 0.1389999986
0.05299999937 -0.01099999994 0.1389999986
0.0549999997 -0.01099999994 0.1389999986
0.0549999997 -0.008999999613 0.1389999986
0.05299999937 -0.01499999966 0.1410000026
0.05299999937 -0.01300000027 0.1410000026
0.05299999937 -0.01499999966 0.1430000067
0.05299999937 -0.01300000027 0.1430000067
0.05299999937 -0.01099999994 0.1410000026
0.0549999997 -0.01099999994 0.1410000026
0.05299999937 -0.008999999613 0.1410000026
0.05299999937 -0.01099999994 0.1430000067
0.0549999997 -0.008999999613 0.1430000067
0.05700000003 -0.01499999966 0.1369999945
0.05700000003 -0.01300000027 0.1369999945
0.05700000003 -0.01499999966 0.1389999986
0.05700000003 -0.01300000027 0.1389999986
0.05700000003 -0.01099999994 0.1369999945
0.05900000036 -0.008999999613 0.1369999945
0.05700000003 -0.01099999994 0.1389999986
0.05700000003 -0.008999999613 0.1389999986
0.0549999997 -0.004999999888 0.1369999945
0.05299999937 -0.007000000216 0.1389999986
0.0549999997 -0.007000000216 0.1389999986
0.05299999937 -0.004999999888 0.1389999986
0.0549999997 -0.004999999888 0.1389999986
0.0549999997 -0.003000000026 0.1369999945
0.05299999937 -0.001000000047 0.1369999945
0.0549999997 -0.001000000047 0.1369999945
0.05299999937 -0.003000000026 0.1389999986
0.0549999997 -0.003000000026 0.1389999986
0.05299999937 -0.001000000047 0.1389999986
0.0549999997 -0.001000000047 0.1389999986
0.04899999872 -0.004999999888 0.1410000026
0.05099999905 -0.004999999888 0.1410000026
0.0549999997 -0.007000000216 0.1410000026
0.0549999997 -0.004999999888 0.1410000026
0.0549999997 -0.007000000216 0.1430000067
0.0549999997 -0.004999999888 0.1430000067
0.05099999905 -0.003000000026 0.1410000026
0.05299999937 -0.003000000026 0.1410000026
0.0549999997 -0.003000000026 0.1410000026
0.05299999937 -0.001000000047 0.1410000026
0.0549999997 -0.001000000047 0.1410000026
0.0549999997 -0.003000000026 0.1430000067
0.0549999997 -0.001000000047 0.1430000067
0.05700000003 -0.007000000216 0.1369999945
0.05900000036 -0.007000000216 0.1369999945
0.05700000003 -0.004999999888 0.1369999945
0.05900000036 -0.004999999888 0.1369999945
0.05700000003 -0.007000000216 0.1389999986
0.04500000179 -0.03099999949 0.1449999958
0.04699999839 -0.02899999917 0.1449999958
0.04500000179 -0.03099999949 0.1469999999
0.04699999839 -0.02899999917 0.1469999999
0.04699999839 -0.0270000007 0.1449999958
0.04699999839 -0.0270000007 0.1469999999
0.04500000179 -0.03099999949 0.1490000039
0.04699999839 -0.02899999917 0.1490000039
0.04500000179 -0.03099999949 0.1509999931
0.04699999839 -0.02899999917 0.1509999931
0.04699999839 -0.0270000007 0.1490000039
0.04699999839 -0.0270000007 0.1509999931
0.04500000179 -0.03099999949 0.1529999971
0.04699999839 -0.02899999917 0.1529999971
0.04500000179 -0.03099999949 0.1550000012
0.04699999839 -0.02899999917 0.1550000012
0.04699999839 -0.0270000007 0.1529999971
0.04699999839 -0.0270000007 0.1550000012
0.04500000179 -0.03099999949 0.1570000052
0.04699999839 -0.02899999917 0.1570000052
0.04500000179 -0.03099999949 0.1589999944
0.04699999839 -0.02899999917 0.1589999944
0.04699999839 -0.0270000007 0.1570000052
0.04699999839 -0.0270000007 0.1589999944
0.04899999872 -0.02500000037 0.1449999958
0.04899999872 -0.0270000007 0.1469999999
0.04899999872 -0.02500000037 0.1469999999
0.04899999872 -0.02500000037 0.1490000039
0.04899999872 -0.02500000037 0.1509999931
0.04899999872 -0.02300000004 0.1449999958
0.05099999905 -0.02300000004 0.1449999958
0.05099999905 -0.02099999972 0.1449999958
0.04899999872 -0.02300000004 0.1469999999
0.05099999905 -0.02099999972 0.1469999999
0.05099999905 -0.01899999939 0.1449999958
0.05099999905 -0.01700000092 0.1449999958
0.05099999905 -0.01899999939 0.1469999999
0.05099999905 -0.01700000092 0.1469999999
0.05299999937 -0.01700000092 0.1449999958
0.05299999937 -0.01700000092 0.1469999999
0.04899999872 -0.02300000004 0.1490000039
0.05099999905 -0.02300000004 0.1490000039
0.05099999905 -0.02099999972 0.1490000039
0.04899999872 -0.02300000004 0.1509999931
0.05099999905 -0.02099999972 0.1509999931
0.05099999905 -0.01899999939 0.1490000039
0.05099999905 -0.01899999939 0.1509999931
0.05099999905 -0.01700000092 0.1509999931
0.05299999937 -0.01700000092 0.1490000039
0.05299999937 -0.01700000092 0.1509999931
0.04899999872 -0.02500000037 0.1529999971
0.04899999872 -0.0270000007 0.1550000012
0.04899999872 -0.02500000037 0.1550000012
0.04899999872 -0.02500000037 0.1570000052
0.04899999872 -0.02500000037 0.1589999944
0.04899999872 -0.02300000004 0.1529999971
0.05099999905 -0.02300000004 0.1529999971
0.05099999905 -0.02099999972 0.1529999971
0.04899999872 -0.02300000004 0.1550000012
0.05099999905 -0.02300000004 0.1550000012
0.05099999905 -0.02099999972 0.1550000012
0.05099999905 -0.01899999939 0.1529999971
0.05099999905 -0.01700000092 0.1529999971
0.05099999905 -0.01899999939 0.1550000012
0.05099999905 -0.01700000092 0.1550000012
0.05299999937 -0.01700000092 0.1529999971
0.05299999937 -0.01700000092 0.1550000012
0.04899999872 -0.02300000004 0.1570000052
0.05099999905 -0.02300000004 0.1570000052
0.05099999905 -0.02099999972 0.1570000052
0.04899999872 -0.02300000004 0.1589999944
0.05099999905 -0.02300000004 0.1589999944
0.05099999905 -0.02099999972 0.1589999944
0.05099999905 -0.01899999939 0.1570000052
0.05099999905 -0.01899999939 0.1589999944
0.05099999905 -0.01700000092 0.1589999944
0.05299999937 -0.01700000092 0.1570000052
0.05299999937 -0.01700000092 0.1589999944
0.05299999937 -0.01499999966 0.1449999958
0.05299999937 -0.01300000027 0.1449999958
0.05299999937 -0.01499999966 0.1469999999
0.05299999937 -0.01300000027 0.1469999999
0.05299999937 -0.01099999994 0.1449999958
0.0549999997 -0.01099999994 0.1449999958
0.05299999937 -0.008999999613 0.1449999958
0.0549999997 -0.008999999613 0.1449999958
0.05299999937 -0.01099999994 0.1469999999
0.05299999937 -0.008999999613 0.1469999999
0.0549999997 -0.008999999613 0.1469999999
0.05299999937 -0.01499999966 0.1490000039
0.05299999937 -0.01300000027 0.1490000039
0.05299999937 -0.01499999966 0.1509999931
0.05299999937 -0.01300000027 0.1509999931
0.05299999937 -0.01099999994 0.1490000039
0.05299999937 -0.008999999613 0.1490000039
0.0549999997 -0.008999999613 0.1490000039
0.05299999937 -0.01099999994 0.1509999931
0.0549999997 -0.008999999613 0.1509999931
0.0549999997 -0.007000000216 0.1449999958
0.0549999997 -0.004999999888 0.1449999958
0.0549999997 -0.007000000216 0.1469999999
0.0549999997 -0.004999999888 0.1469999999
0.0549999997 -0.003000000026 0.1449999958
0.0549999997 -0.001000000047 0.1449999958
0.0549999997 -0.003000000026 0.1469999999
0.0549999997 -0.001000000047 0.1469999999
0.0549999997 -0.007000000216 0.1490000039
0.0549999997 -0.004999999888 0.1490000039
0.0549999997 -0.007000000216 0.1509999931
0.0549999997 -0.004999999888 0.1509999931
0.0549999997 -0.003000000026 0.1490000039
0.0549999997 -0.001000000047 0.1490000039
0.0549999997 -0.003000000026 0.1509999931
0.0549999997 -0.001000000047 0.1509999931
0.05299999937 -0.01499999966 0.1529999971
0.05299999937 -0.01300000027 0.1529999971
0.05299999937 -0.01499999966 0.1550000012
0.05299999937 -0.01300000027 0.1550000012
0.05299999937 -0.01099999994 0.1529999971
0.05299999937 -0.008999999613 0.1529999971
0.0549999997 -0.008999999613 0.1529999971
0.05299999937 -0.01099999994 0.1550000012
0.05299999937 -0.008999999613 0.1550000012
0.0549999997 -0.008999999613 0.1550000012
0.05299999937 -0.01499999966 0.1570000052
0.05299999937 -0.01300000027 0.1570000052
0.05299999937 -0.01499999966 0.1589999944
0.05299999937 -0.01300000027 0.1589999944
0.05299999937 -0.01099999994 0.1570000052
0.05299999937 -0.008999999613 0.1570000052
0.0549999997 -0.008999999613 0.1570000052
0.05299999937 -0.01099999994 0.1589999944
0.0549999997 -0.008999999613 0.1589999944
0.0549999997 -0.007000000216 0.1529999971
0.0549999997 -0.004999999888 0.1529999971
0.0549999997 -0.007000000216 0.1550000012
0.0549999997 -0.004999999888 0.1550000012
0.0549999997 -0.003000000026 0.1529999971
0.0549999997 -0.001000000047 0.1529999971
0.0549999997 -0.003000000026 0.1550000012
0.0549999997 -0.001000000047 0.1550000012
0.0549999997 -0.007000000216 0.1570000052
0.0549999997 -0.004999999888 0.1570000052
0.0549999997 -0.007000000216 0.1589999944
0.0549999997 -0.004999999888 0.1589999944
0.0549999997 -0.003000000026 0.1570000052
0.0549999997 -0.001000000047 0.1570000052
0.0549999997 -0.003000000026 0.1589999944
0.0549999997 -0.001000000047 0.1589999944
0.001000000047 -0.0549999997 0.1609999985
0.001000000047 -0.0549999997 0.1630000025
0.003000000026 -0.0549999997 0.1630000025
0.004999999888 -0.0549999997 0.1630000025
0.003000000026 -0.0549999997 0.1669999957
0.004999999888 -0.0549999997 0.1650000066
0.007000000216 -0.0549999997 0.1650000066
0.008999999613 -0.0549999997 0.1609999985
0.01099999994 -0.05299999937 0.1609999985
0.008999999613 -0.0549999997 0.1630000025
0.01099999994 -0.05299999937 0.1630000025
0.01300000027 -0.05299999937 0.1609999985
0.01300000027 -0.05299999937 0.1630000025
0.01499999966 -0.05299999937 0.1630000025
0.01099999994 -0.05299999937 0.1650000066
0.008999999613 -0.0549999997 0.1669999957
0.01300000027 -0.05299999937 0.1650000066
0.01300000027 -0.05299999937 0.1669999957
0.01499999966 -0.05299999937 0.1669999957
0.001000000047 -0.0549999997 0.172999993
0.003000000026 -0.0549999997 0.172999993
0.007000000216 -0.0549999997 0.172999993
0.01099999994 -0.05299999937 0.1689999998
0.01099999994 -0.05299999937 0.1710000038
0.01300000027 -0.05299999937 0.1689999998
0.01499999966 -0.05299999937 0.1689999998
0.01499999966 -0.05299999937 0.1710000038
0.008999999613 -0.0549999997 0.172999993
0.01099999994 -0.05299999937 0.172999993
0.01300000027 -0.05299999937 0.172999993
0.01300000027 -0.05299999937 0.174999997
0.01499999966 -0.05299999937 0.174999997
0.01700000092 -0.05299999937 0.1609999985
0.01700000092 -0.05299999937 0.1630000025
0.01899999939 -0.05099999905 0.1609999985
0.01899999939 -0.05099999905 0.1630000025
0.02099999972 -0.05099999905 0.1609999985
0.02300000004 -0.04899999872 0.1609999985
0.02099999972 -0.05099999905 0.1630000025
0.02300000004 -0.04899999872 0.1630000025
0.01700000092 -0.05299999937 0.1650000066
0.01700000092 -0.05099999905 0.1650000066
0.01899999939 -0.05099999905 0.1650000066
0.01700000092 -0.05099999905 0.1669999957
0.01899999939 -0.05099999905 0.1669999957
0.02099999972 -0.05099999905 0.1650000066
0.02300000004 -0.04899999872 0.1650000066
0.02099999972 -0.05099999905 0.1669999957
0.02300000004 -0.04899999872 0.1669999957
0.02500000037 -0.04899999872 0.1609999985
0.02500000037 -0.04899999872 0.1630000025
0.0270000007 -0.04899999872 0.1650000066
0.02500000037 -0.04899999872 0.1669999957
0.01700000092 -0.05299999937 0.1710000038
0.01899999939 -0.05099999905 0.1689999998
0.01899999939 -0.05099999905 0.1710000038
0.02099999972 -0.05099999905 0.1689999998
0.02300000004 -0.05099999905 0.1689999998
0.02300000004 -0.04899999872 0.1689999998
0.02300000004 -0.05099999905 0.1710000038
0.02300000004 -0.04899999872 0.1710000038
0.01700000092 -0.05299999937 0.172999993
0.01700000092 -0.05299999937 0.174999997
0.01899999939 -0.05099999905 0.172999993
0.01899999939 -0.05099999905 0.174999997
0.02099999972 -0.05099999905 0.172999993
0.02300000004 -0.04899999872 0.172999993
0.02099999972 -0.05099999905 0.174999997
0.02300000004 -0.04899999872 0.174999997
0.02500000037 -0.04899999872 0.1689999998
0.02500000037 -0.04899999872 0.1710000038
0.02500000037 -0.04899999872 0.172999993
0.0270000007 -0.04699999839 0.1609999985
0.0270000007 -0.04699999839 0.1630000025
0.02899999917 -0.04699999839 0.1609999985
0.03099999949 -0.04500000179 0.1609999985
0.02899999917 -0.04699999839 0.1630000025
0.03099999949 -0.04500000179 0.1630000025
0.0270000007 -0.04699999839 0.1650000066
0.0270000007 -0.04699999839 0.1669999957
0.02899999917 -0.04699999839 0.1650000066
0.03099999949 -0.04500000179 0.1650000066
0.02899999917 -0.04699999839 0.1669999957
0.03099999949 -0.04500000179 0.1669999957
0.0270000007 -0.04699999839 0.1689999998
0.0270000007 -0.04699999839 0.1710000038
0.02899999917 -0.04699999839 0.1689999998
0.03099999949 -0.04500000179 0.1689999998
0.02899999917 -0.04699999839 0.1710000038
0.03099999949 -0.04500000179 0.1710000038
0.0270000007 -0.04699999839 0.172999993
0.0270000007 -0.04699999839 0.174999997
0.02899999917 -0.04699999839 0.172999993
0.03099999949 -0.04500000179 0.172999993
0.02899999917 -0.04699999839 0.174999997
0.03099999949 -0.04500000179 0.174999997
0.001000000047 -0.0549999997 0.1790000051
0.003000000026 -0.0549999997 0.1790000051
0.004999999888 -0.0549999997 0.1770000011
0.001000000047 -0.0549999997 0.1809999943
0.004999999888 -0.0549999997 0.1829999983
0.01099999994 -0.05299999937 0.1770000011
0.008999999613 -0.0549999997 0.1790000051
0.01499999966 -0.05299999937 0.1770000011
0.01300000027 -0.05299999937 0.1790000051
0.01499999966 -0.05299999937 0.1790000051
0.008999999613 -0.0549999997 0.1809999943
0.01099999994 -0.05299999937 0.1809999943
0.01099999994 -0.05299999937 0.1829999983
0.01300000027 -0.05299999937 0.1809999943
0.01499999966 -0.05299999937 0.1809999943
0.01499999966 -0.05299999937 0.1829999983
0.001000000047 -0.0549999997 0.1850000024
0.003000000026 -0.0549999997 0.1870000064
0.007000000216 -0.0549999997 0.1850000024
0.004999999888 -0.0549999997 0.1870000064
0.001000000047 -0.0549999997 0.1909999996
0.003000000026 -0.0549999997 0.1909999996
0.007000000216 -0.0549999997 0.1889999956
0.007000000216 -0.0549999997 0.1909999996
0.008999999613 -0.0549999997 0.1870000064
0.01300000027 -0.05299999937 0.1850000024
0.01300000027 -0.05299999937 0.1870000064
0.01499999966 -0.05299999937 0.1870000064
0.01099999994 -0.05299999937 0.1889999956
0.008999999613 -0.0549999997 0.1909999996
0.01099999994 -0.05299999937 0.1909999996
0.01499999966 -0.05299999937 0.1889999956
0.01300000027 -0.05299999937 0.1909999996
0.01499999966 -0.05299999937 0.1909999996
0.01700000092 -0.05299999937 0.1790000051
0.01700000092 -0.05099999905 0.1770000011
0.01899999939 -0.05099999905 0.1770000011
0.01899999939 -0.05099999905 0.1790000051
0.02099999972 -0.05099999905 0.1770000011
0.02099999972 -0.05099999905 0.1790000051
0.02300000004 -0.04899999872 0.1790000051
0.01700000092 -0.05299999937 0.1829999983
0.01899999939 -0.05099999905 0.1809999943
0.02300000004 -0.04899999872 0.1809999943
0.02099999972 -0.05099999905 0.1829999983
0.02300000004 -0.04899999872 0.1829999983
0.02500000037 -0.04899999872 0.1770000011
0.0270000007 -0.04899999872 0.1770000011
0.02500000037 -0.04899999872 0.1790000051
0.02500000037 -0.04899999872 0.1809999943
0.02500000037 -0.04899999872 0.1829999983
0.0270000007 -0.04899999872 0.1829999983
0.01899999939 -0.05099999905 0.1850000024
0.01899999939 -0.05099999905 0.1870000064
0.02099999972 -0.05099999905 0.1850000024
0.02300000004 -0.04899999872 0.1850000024
0.02099999972 -0.05099999905 0.1870000064
0.02300000004 -0.05099999905 0.1870000064
0.02300000004 -0.04899999872 0.1870000064
0.01700000092 -0.05099999905 0.1889999956
0.01899999939 -0.05099999905 0.1889999956
0.01899999939 -0.05099999905 0.1909999996
0.02099999972 -0.05099999905 0.1889999956
0.02099999972 -0.05099999905 0.1909999996
0.02300000004 -0.04899999872 0.1909999996
0.02500000037 -0.04899999872 0.1850000024
0.02500000037 -0.04899999872 0.1870000064
0.02500000037 -0.04899999872 0.1889999956
0.02500000037 -0.04899999872 0.1909999996
0.0270000007 -0.04699999839 0.1770000011
0.0270000007 -0.04699999839 0.1790000051
0.02899999917 -0.04699999839 0.1770000011
0.03099999949 -0.04500000179 0.1770000011
0.02899999917 -0.04699999839 0.1790000051
0.03099999949 -0.04500000179 0.1790000051
0.0270000007 -0.04699999839 0.1809999943
0.0270000007 -0.04699999839 0.1829999983
0.02899999917 -0.04699999839 0.1809999943
0.03099999949 -0.04500000179 0.1809999943
0.02899999917 -0.04699999839 0.1829999983
0.03099999949 -0.04500000179 0.1829999983
0.0270000007 -0.04699999839 0.1850000024
0.0270000007 -0.04699999839 0.1870000064
0.02899999917 -0.04699999839 0.1850000024
0.03099999949 -0.04500000179 0.1850000024
0.02899999917 -0.04699999839 0.1870000064
0.03099999949 -0.04500000179 0.1870000064
0.0270000007 -0.04699999839 0.1889999956
0.0270000007 -0.04699999839 0.1909999996
0.02899999917 -0.04699999839 0.1889999956
0.03099999949 -0.04500000179 0.1889999956
0.02899999917 -0.04699999839 0.1909999996
0.03099999949 -0.04500000179 0.1909999996
0.03299999982 -0.04500000179 0.1609999985
0.03299999982 -0.04500000179 0.1630000025
0.03299999982 -0.04300000146 0.1609999985
0.03500000015 -0.04300000146 0.1609999985
0.03500000015 -0.04100000113 0.1609999985
0.03299999982 -0.04300000146 0.1630000025
0.03500000015 -0.04300000146 0.1630000025
0.03500000015 -0.04100000113 0.1630000025
0.03700000048 -0.04100000113 0.1609999985
0.03700000048 -0.04100000113 0.1630000025
0.03299999982 -0.04500000179 0.1650000066
0.03299999982 -0.04300000146 0.1650000066
0.03500000015 -0.04300000146 0.1650000066
0.03500000015 -0.04100000113 0.1650000066
0.03299999982 -0.04300000146 0.1669999957
0.03500000015 -0.04300000146 0.1669999957
0.03500000015 -0.04100000113 0.1669999957
0.03700000048 -0.04100000113 0.1650000066
0.03700000048 -0.04100000113 0.1669999957
0.03700000048 -0.0390000008 0.1609999985
0.0390000008 -0.0390000008 0.1609999985
0.0390000008 -0.0390000008 0.1630000025
0.03700000048 -0.0390000008 0.1650000066
0.0390000008 -0.0390000008 0.1650000066
0.0390000008 -0.03700000048 0.1650000066
0.0390000008 -0.0390000008 0.1669999957
0.0390000008 -0.03700000048 0.1669999957
0.04100000113 -0.03700000048 0.1609999985
0.04100000113 -0.03700000048 0.1630000025
0.04100000113 -0.03500000015 0.1609999985
0.04300000146 -0.03500000015 0.1609999985
0.04300000146 -0.03299999982 0.1609999985
0.04100000113 -0.03500000015 0.1630000025
0.04300000146 -0.03500000015 0.1630000025
0.04300000146 -0.03299999982 0.1630000025
0.04500000179 -0.03299999982 0.1609999985
0.04500000179 -0.03299999982 0.1630000025
0.04100000113 -0.03700000048 0.1650000066
0.04100000113 -0.03700000048 0.1669999957
0.04100000113 -0.03500000015 0.1650000066
0.04300000146 -0.03500000015 0.1650000066
0.04300000146 -0.03299999982 0.1650000066
0.04300000146 -0.03500000015 0.1669999957
0.04300000146 -0.03299999982 0.1669999957
0.04500000179 -0.03299999982 0.1650000066
0.04500000179 -0.03299999982 0.1669999957
0.03299999982 -0.04500000179 0.1689999998
0.03299999982 -0.04300000146 0.1689999998
0.03500000015 -0.04300000146 0.1689999998
0.03299999982 -0.04300000146 0.1710000038
0.03500000015 -0.04300000146 0.1710000038
0.03500000015 -0.04100000113 0.1710000038
0.03700000048 -0.04100000113 0.1689999998
0.03700000048 -0.04100000113 0.1710000038
0.03299999982 -0.04500000179 0.172999993
0.03299999982 -0.04500000179 0.174999997
0.03299999982 -0.04300000146 0.172999993
0.03500000015 -0.04300000146 0.172999993
0.03500000015 -0.04100000113 0.172999993
0.03299999982 -0.04300000146 0.174999997
0.03500000015 -0.04300000146 0.174999997
0.03500000015 -0.04100000113 0.174999997
0.03700000048 -0.04100000113 0.172999993
0.03700000048 -0.04100000113 0.174999997
0.0390000008 -0.0390000008 0.1689999998
0.03700000048 -0.0390000008 0.1710000038
0.0390000008 -0.0390000008 0.1710000038
0.0390000008 -0.03700000048 0.1710000038
0.03700000048 -0.0390000008 0.172999993
0.0390000008 -0.0390000008 0.172999993
0.0390000008 -0.0390000008 0.174999997
0.04100000113 -0.03700000048 0.1689999998
0.04100000113 -0.03700000048 0.1710000038
0.04100000113 -0.03500000015 0.1689999998
0.04300000146 -0.03500000015 0.1689999998
0.04300000146 -0.03299999982 0.1689999998
0.04100000113 -0.03500000015 0.1710000038
0.04300000146 -0.03500000015 0.1710000038
0.04300000146 -0.03299999982 0.1710000038
0.04500000179 -0.03299999982 0.1689999998
0.04500000179 -0.03299999982 0.1710000038
0.04100000113 -0.03700000048 0.172999993
0.04100000113 -0.03700000048 0.174999997
0.04100000113 -0.03500000015 0.172999993
0.04300000146 -0.03500000015 0.172999993
0.04300000146 -0.03299999982 0.172999993
0.04100000113 -0.03500000015 0.174999997
0.04300000146 -0.03500000015 0.174999997
0.04300000146 -0.03299999982 0.174999997
0.04500000179 -0.03299999982 0.172999993
0.04500000179 -0.03299999982 0.174999997
0.03299999982 -0.04500000179 0.1770000011
0.03299999982 -0.04500000179 0.1790000051
0.03299999982 -0.04300000146 0.1770000011
0.03500000015 -0.04300000146 0.1770000011
0.03500000015 -0.04100000113 0.1770000011
0.03299999982 -0.04300000146 0.1790000051
0.03500000015 -0.04300000146 0.1790000051
0.03500000015 -0.04100000113 0.1790000051
0.03700000048 -0.04100000113 0.1770000011
0.03700000048 -0.04100000113 0.1790000051
0.03299999982 -0.04300000146 0.1809999943
0.03500000015 -0.04300000146 0.1809999943
0.03500000015 -0.04100000113 0.1809999943
0.03299999982 -0.04300000146 0.1829999983
0.03500000015 -0.04300000146 0.1829999983
0.03500000015 -0.04100000113 0.1829999983
0.03700000048 -0.04100000113 0.1809999943
0.03700000048 -0.04100000113 0.1829999983
0.03700000048 -0.0390000008 0.1770000011
0.0390000008 -0.0390000008 0.1770000011
0.0390000008 -0.03700000048 0.1770000011
0.03700000048 -0.0390000008 0.1790000051
0.0390000008 -0.0390000008 0.1790000051
0.0390000008 -0.03700000048 0.1790000051
0.03700000048 -0.0390000008 0.1809999943
0.0390000008 -0.0390000008 0.1809999943
0.03700000048 -0.0390000008 0.1829999983
0.0390000008 -0.0390000008 0.1829999983
0.0390000008 -0.03700000048 0.1829999983
0.04100000113 -0.03700000048 0.1770000011
0.04100000113 -0.03700000048 0.1790000051
0.04100000113 -0.03500000015 0.1770000011
0.04300000146 -0.03500000015 0.1770000011
0.04300000146 -0.03299999982 0.1770000011
0.04100000113 -0.03500000015 0.1790000051
0.04300000146 -0.03500000015 0.1790000051
0.04300000146 -0.03299999982 0.1790000051
0.04500000179 -0.03299999982 0.1770000011
0.04500000179 -0.03299999982 0.1790000051
0.04100000113 -0.03700000048 0.1809999943
0.04100000113 -0.03700000048 0.1829999983
0.04100000113 -0.03500000015 0.1809999943
0.04300000146 -0.03500000015 0.1809999943
0.04300000146 -0.03299999982 0.1809999943
0.04100000113 -0.03500000015 0.1829999983
0.04300000146 -0.03500000015 0.1829999983
0.04300000146 -0.03299999982 0.1829999983
0.04500000179 -0.03299999982 0.1829999983
0.03299999982 -0.04500000179 0.1870000064
0.03299999982 -0.04300000146 0.1850000024
0.03500000015 -0.04300000146 0.1850000024
0.03500000015 -0.04100000113 0.1850000024
0.03299999982 -0.04300000146 0.1870000064
0.03500000015 -0.04300000146 0.1870000064
0.03500000015 -0.04100000113 0.1870000064
0.03700000048 -0.04100000113 0.1850000024
0.03700000048 -0.04100000113 0.1870000064
0.03299999982 -0.04500000179 0.1889999956
0.03299999982 -0.04500000179 0.1909999996
0.03299999982 -0.04300000146 0.1889999956
0.03500000015 -0.04300000146 0.1889999956
0.03500000015 -0.04100000113 0.1889999956
0.03299999982 -0.04300000146 0.1909999996
0.03500000015 -0.04300000146 0.1909999996
0.03500000015 -0.04100000113 0.1909999996
0.03700000048 -0.04100000113 0.1889999956
0.03700000048 -0.04100000113 0.1909999996
0.03700000048 -0.0390000008 0.1850000024
0.0390000008 -0.0390000008 0.1850000024
0.0390000008 -0.0390000008 0.1870000064
0.0390000008 -0.03700000048 0.1870000064
0.0390000008 -0.0390000008 0.1889999956
0.0390000008 -0.03700000048 0.1889999956
0.03700000048 -0.0390000008 0.1909999996
0.0390000008 -0.0390000008 0.1909999996
0.0390000008 -0.03700000048 0.1909999996
0.04100000113 -0.03700000048 0.1850000024
0.04100000113 -0.03700000048 0.1870000064
0.04100000113 -0.03500000015 0.1850000024
0.04300000146 -0.03500000015 0.1850000024
0.04300000146 -0.03299999982 0.1850000024
0.04100000113 -0.03500000015 0.1870000064
0.04300000146 -0.03500000015 0.1870000064
0.04300000146 -0.03299999982 0.1870000064
0.04500000179 -0.03299999982 0.1850000024
0.04500000179 -0.03299999982 0.1870000064
0.04100000113 -0.03700000048 0.1889999956
0.04100000113 -0.03700000048 0.1909999996
0.04100000113 -0.03500000015 0.1889999956
0.04300000146 -0.03500000015 0.1889999956
0.04300000146 -0.03299999982 0.1889999956
0.04100000113 -0.03500000015 0.1909999996
0.04300000146 -0.03500000015 0.1909999996
0.04300000146 -0.03299999982 0.1909999996
0.04500000179 -0.03299999982 0.1889999956
0.04500000179 -0.03299999982 0.1909999996
0.04500000179 -0.03099999949 0.1609999985
0.04699999839 -0.02899999917 0.1609999985
0.04500000179 -0.03099999949 0.1630000025
0.04699999839 -0.02899999917 0.1630000025
0.04699999839 -0.0270000007 0.1609999985
0.04699999839 -0.0270000007 0.1630000025
0.04500000179 -0.03099999949 0.1650000066
0.04699999839 -0.02899999917 0.1650000066
0.04500000179 -0.03099999949 0.1669999957
0.04699999839 -0.02899999917 0.1669999957
0.04699999839 -0.0270000007 0.1650000066
0.04699999839 -0.0270000007 0.1669999957
0.04500000179 -0.03099999949 0.1689999998
0.04699999839 -0.02899999917 0.1689999998
0.04500000179 -0.03099999949 0.1710000038
0.04699999839 -0.02899999917 0.1710000038
0.04699999839 -0.0270000007 0.1689999998
0.04699999839 -0.0270000007 0.1710000038
0.04500000179 -0.03099999949 0.172999993
0.04699999839 -0.02899999917 0.172999993
0.04500000179 -0.03099999949 0.174999997
0.04699999839 -0.02899999917 0.174999997
0.04699999839 -0.0270000007 0.172999993
0.04699999839 -0.0270000007 0.174999997
0.04899999872 -0.0270000007 0.1609999985
0.04899999872 -0.02500000037 0.1609999985
0.04899999872 -0.0270000007 0.1630000025
0.04899999872 -0.02500000037 0.1630000025
0.04899999872 -0.0270000007 0.1650000066
0.04899999872 -0.02500000037 0.1650000066
0.04899999872 -0.02500000037 0.1669999957
0.04899999872 -0.02300000004 0.1609999985
0.05099999905 -0.02099999972 0.1609999985
0.04899999872 -0.02300000004 0.1630000025
0.05099999905 -0.02300000004 0.1630000025
0.05099999905 -0.02099999972 0.1630000025
0.05099999905 -0.01899999939 0.1609999985
0.05099999905 -0.01700000092 0.1609999985
0.05099999905 -0.01899999939 0.1630000025
0.05099999905 -0.01700000092 0.1630000025
0.05299999937 -0.01700000092 0.1609999985
0.05299999937 -0.01700000092 0.1630000025
0.04899999872 -0.02300000004 0.1650000066
0.05099999905 -0.02099999972 0.1650000066
0.04899999872 -0.02300000004 0.1669999957
0.05099999905 -0.02300000004 0.1669999957
0.05099999905 -0.02099999972 0.1669999957
0.05099999905 -0.01899999939 0.1650000066
0.05099999905 -0.01899999939 0.1669999957
0.05099999905 -0.01700000092 0.1669999957
0.05299999937 -0.01700000092 0.1650000066
0.05299999937 -0.01700000092 0.1669999957
0.04899999872 -0.0270000007 0.1689999998
0.04899999872 -0.02500000037 0.1689999998
0.04899999872 -0.0270000007 0.1710000038
0.04899999872 -0.02500000037 0.1710000038
0.04899999872 -0.0270000007 0.172999993
0.04899999872 -0.02500000037 0.172999993
0.04899999872 -0.0270000007 0.174999997
0.04899999872 -0.02500000037 0.174999997
0.04899999872 -0.02300000004 0.1689999998
0.05099999905 -0.02099999972 0.1689999998
0.04899999872 -0.02300000004 0.1710000038
0.05099999905 -0.02300000004 0.1710000038
0.05099999905 -0.02099999972 0.1710000038
0.05099999905 -0.01899999939 0.1689999998
0.05099999905 -0.01700000092 0.1689999998
0.05099999905 -0.01899999939 0.1710000038
0.05299999937 -0.01700000092 0.1689999998
0.05299999937 -0.01700000092 0.1710000038
0.04899999872 -0.02300000004 0.172999993
0.05099999905 -0.02099999972 0.172999993
0.04899999872 -0.02300000004 0.174999997
0.05099999905 -0.02300000004 0.174999997
0.05099999905 -0.02099999972 0.174999997
0.05099999905 -0.01899999939 0.172999993
0.05099999905 -0.01899999939 0.174999997
0.05099999905 -0.01700000092 0.174999997
0.05299999937 -0.01700000092 0.172999993
0.05299999937 -0.01700000092 0.174999997
0.05299999937 -0.01499999966 0.1609999985
0.05299999937 -0.01300000027 0.1609999985
0.05299999937 -0.01499999966 0.1630000025
0.05299999937 -0.01300000027 0.1630000025
0.05299999937 -0.01099999994 0.1609999985
0.0549999997 -0.008999999613 0.1609999985
0.05299999937 -0.01099999994 0.1630000025
0.05299999937 -0.008999999613 0.1630000025
0.0549999997 -0.008999999613 0.1630000025
0.05299999937 -0.01499999966 0.1650000066
0.05299999937 -0.01300000027 0.1650000066
0.05299999937 -0.01499999966 0.1669999957
0.05299999937 -0.01300000027 0.1669999957
0.05299999937 -0.01099999994 0.1650000066
0.0549999997 -0.008999999613 0.1650000066
0.05299999937 -0.01099999994 0.1669999957
0.0549999997 -0.008999999613 0.1669999957
0.0549999997 -0.007000000216 0.1609999985
0.0549999997 -0.004999999888 0.1609999985
0.0549999997 -0.007000000216 0.1630000025
0.0549999997 -0.004999999888 0.1630000025
0.0549999997 -0.003000000026 0.1609999985
0.0549999997 -0.001000000047 0.1609999985
0.0549999997 -0.003000000026 0.1630000025
0.0549999997 -0.001000000047 0.1630000025
0.0549999997 -0.007000000216 0.1650000066
0.0549999997 -0.004999999888 0.1650000066
0.0549999997 -0.007000000216 0.1669999957
0.0549999997 -0.004999999888 0.1669999957
0.0549999997 -0.003000000026 0.1650000066
0.0549999997 -0.001000000047 0.1650000066
0.0549999997 -0.003000000026 0.1669999957
0.0549999997 -0.001000000047 0.1669999957
0.05299999937 -0.01499999966 0.1689999998
0.05299999937 -0.01300000027 0.1689999998
0.05299999937 -0.01499999966 0.1710000038
0.05299999937 -0.01300000027 0.1710000038
0.05299999937 -0.01099999994 0.1689999998
0.0549999997 -0.008999999613 0.1689999998
0.05299999937 -0.01099999994 0.1710000038
0.0549999997 -0.008999999613 0.1710000038
0.05299999937 -0.01499999966 0.172999993
0.05299999937 -0.01300000027 0.172999993
0.05299999937 -0.01499999966 0.174999997
0.05299999937 -0.01300000027 0.174999997
0.05299999937 -0.01099999994 0.172999993
0.0549999997 -0.008999999613 0.172999993
0.05299999937 -0.01099999994 0.174999997
0.0549999997 -0.008999999613 0.174999997
0.0549999997 -0.007000000216 0.1689999998
0.0549999997 -0.004999999888 0.1689999998
0.0549999997 -0.007000000216 0.1710000038
0.0549999997 -0.004999999888 0.1710000038
0.0549999997 -0.003000000026 0.1689999998
0.0549999997 -0.001000000047 0.1689999998
0.0549999997 -0.003000000026 0.1710000038
0.0549999997 -0.001000000047 0.1710000038
0.0549999997 -0.007000000216 0.172999993
0.0549999997 -0.004999999888 0.172999993
0.0549999997 -0.007000000216 0.174999997
0.0549999997 -0.004999999888 0.174999997
0.0549999997 -0.003000000026 0.172999993
0.0549999997 -0.001000000047 0.172999993
0.0549999997 -0.003000000026 0.174999997
0.0549999997 -0.001000000047 0.174999997
0.04500000179 -0.03099999949 0.1770000011
0.04699999839 -0.02899999917 0.1770000011
0.04500000179 -0.03099999949 0.1790000051
0.04699999839 -0.02899999917 0.1790000051
0.04699999839 -0.0270000007 0.1770000011
0.04699999839 -0.0270000007 0.1790000051
0.04500000179 -0.03099999949 0.1809999943
0.04699999839 -0.02899999917 0.1809999943
0.04500000179 -0.03099999949 0.1829999983
0.04699999839 -0.02899999917 0.1829999983
0.04699999839 -0.0270000007 0.1809999943
0.04699999839 -0.0270000007 0.1829999983
0.04500000179 -0.03099999949 0.1850000024
0.04699999839 -0.02899999917 0.1850000024
0.04500000179 -0.03099999949 0.1870000064
0.04699999839 -0.02899999917 0.1870000064
0.04699999839 -0.0270000007 0.1850000024
0.04699999839 -0.0270000007 0.1870000064
0.04500000179 -0.03099999949 0.1889999956
0.04699999839 -0.02899999917 0.1889999956
0.04500000179 -0.03099999949 0.1909999996
0.04699999839 -0.02899999917 0.1909999996
0.04699999839 -0.0270000007 0.1889999956
0.04699999839 -0.0270000007 0.1909999996
0.04899999872 -0.0270000007 0.1770000011
0.04899999872 -0.02500000037 0.1770000011
0.04899999872 -0.0270000007 0.1790000051
0.04899999872 -0.02500000037 0.1790000051
0.04899999872 -0.02500000037 0.1809999943
0.04899999872 -0.02500000037 0.1829999983
0.04899999872 -0.02300000004 0.1770000011
0.05099999905 -0.02300000004 0.1770000011
0.05099999905 -0.02099999972 0.1770000011
0.04899999872 -0.02300000004 0.1790000051
0.05099999905 -0.02099999972 0.1790000051
0.05099999905 -0.01899999939 0.1770000011
0.05099999905 -0.01899999939 0.1790000051
0.05299999937 -0.01700000092 0.1770000011
0.05299999937 -0.01700000092 0.1790000051
0.04899999872 -0.02300000004 0.1809999943
0.05099999905 -0.02300000004 0.1809999943
0.05099999905 -0.02099999972 0.1809999943
0.04899999872 -0.02300000004 0.1829999983
0.05099999905 -0.02300000004 0.1829999983
0.05099999905 -0.02099999972 0.1829999983
0.05099999905 -0.01899999939 0.1809999943
0.05099999905 -0.01700000092 0.1809999943
0.05099999905 -0.01899999939 0.1829999983
0.05099999905 -0.01700000092 0.1829999983
0.05299999937 -0.01700000092 0.1809999943
0.05299999937 -0.01700000092 0.1829999983
0.04899999872 -0.0270000007 0.1850000024
0.04899999872 -0.02500000037 0.1850000024
0.04899999872 -0.0270000007 0.1870000064
0.04899999872 -0.02500000037 0.1870000064
0.04899999872 -0.0270000007 0.1889999956
0.04899999872 -0.02500000037 0.1889999956
0.04899999872 -0.02500000037 0.1909999996
0.04899999872 -0.02300000004 0.1850000024
0.05099999905 -0.02300000004 0.1850000024
0.05099999905 -0.02099999972 0.1850000024
0.04899999872 -0.02300000004 0.1870000064
0.05099999905 -0.02099999972 0.1870000064
0.05099999905 -0.01899999939 0.1850000024
0.05099999905 -0.01899999939 0.1870000064
0.05299999937 -0.01700000092 0.1850000024
0.05299999937 -0.01700000092 0.1870000064
0.04899999872 -0.02300000004 0.1889999956
0.05099999905 -0.02300000004 0.1889999956
0.05099999905 -0.02099999972 0.1889999956
0.04899999872 -0.02300000004 0.1909999996
0.05099999905 -0.02300000004 0.1909999996
0.05099999905 -0.02099999972 0.1909999996
0.05099999905 -0.01899999939 0.1889999956
0.05099999905 -0.01700000092 0.1889999956
0.05099999905 -0.01899999939 0.1909999996
0.05299999937 -0.01700000092 0.1889999956
0.05299999937 -0.01700000092 0.1909999996
0.05299999937 -0.01499999966 0.1770000011
0.05299999937 -0.01300000027 0.1770000011
0.05299999937 -0.01499999966 0.1790000051
0.05299999937 -0.01300000027 0.1790000051
0.05299999937 -0.01099999994 0.1770000011
0.0549999997 -0.01099999994 0.1770000011
0.0549999997 -0.008999999613 0.1770000011
0.05299999937 -0.01099999994 0.1790000051
0.0549999997 -0.008999999613 0.1790000051
0.05299999937 -0.01499999966 0.1809999943
0.05299999937 -0.01300000027 0.1809999943
0.05299999937 -0.01499999966 0.1829999983
0.05299999937 -0.01300000027 0.1829999983
0.05299999937 -0.01099999994 0.1809999943
0.0549999997 -0.008999999613 0.1809999943
0.05299999937 -0.01099999994 0.1829999983
0.0549999997 -0.008999999613 0.1829999983
0.0549999997 -0.007000000216 0.1770000011
0.0549999997 -0.004999999888 0.1770000011
0.0549999997 -0.007000000216 0.1790000051
0.0549999997 -0.004999999888 0.1790000051
0.0549999997 -0.003000000026 0.1770000011
0.0549999997 -0.001000000047 0.1770000011
0.0549999997 -0.003000000026 0.1790000051
0.0549999997 -0.001000000047 0.1790000051
0.0549999997 -0.007000000216 0.1809999943
0.0549999997 -0.004999999888 0.1809999943
0.0549999997 -0.007000000216 0.1829999983
0.0549999997 -0.004999999888 0.1829999983
0.0549999997 -0.003000000026 0.1809999943
0.0549999997 -0.001000000047 0.1809999943
0.0549999997 -0.003000000026 0.1829999983
0.0549999997 -0.001000000047 0.1829999983
0.05299999937 -0.01499999966 0.1850000024
0.05299999937 -0.01300000027 0.1850000024
0.05299999937 -0.01499999966 0.1870000064
0.05299999937 -0.01300000027 0.1870000064
0.05299999937 -0.01099999994 0.1850000024
0.0549999997 -0.01099999994 0.1850000024
0.0549999997 -0.008999999613 0.1850000024
0.05299999937 -0.01099999994 0.1870000064
0.0549999997 -0.008999999613 0.1870000064
0.05299999937 -0.01499999966 0.1889999956
0.05299999937 -0.01300000027 0.1889999956
0.05299999937 -0.01499999966 0.1909999996
0.05299999937 -0.01300000027 0.1909999996
0.05299999937 -0.01099999994 0.1889999956
0.0549999997 -0.008999999613 0.1889999956
0.05299999937 -0.01099999994 0.1909999996
0.0549999997 -0.01099999994 0.1909999996
0.0549999997 -0.008999999613 0.1909999996
0.0549999997 -0.007000000216 0.1850000024
0.0549999997 -0.004999999888 0.1850000024
0.0549999997 -0.007000000216 0.1870000064
0.0549999997 -0.004999999888 0.1870000064
0.0549999997 -0.003000000026 0.1850000024
0.0549999997 -0.001000000047 0.1850000024
0.0549999997 -0.003000000026 0.1870000064
0.0549999997 -0.001000000047 0.1870000064
0.0549999997 -0.007000000216 0.1889999956
0.0549999997 -0.004999999888 0.1889999956
0.0549999997 -0.007000000216 0.1909999996
0.0549999997 -0.004999999888 0.1909999996
0.0549999997 -0.003000000026 0.1889999956
0.0549999997 -0.001000000047 0.1889999956
0.0549999997 -0.003000000026 0.1909999996
0.0549999997 -0.001000000047 0.1909999996
0.004999999888 -0.0549999997 0.1930000037
0.004999999888 -0.0549999997 0.1949999928
0.007000000216 -0.0549999997 0.1949999928
0.001000000047 -0.0549999997 0.1969999969
0.003000000026 -0.0549999997 0.199000001
0.007000000216 -0.0549999997 0.1969999969
0.004999999888 -0.0549999997 0.199000001
0.008999999613 -0.0549999997 0.1930000037
0.01099999994 -0.05299999937 0.1930000037
0.01099999994 -0.05299999937 0.1949999928
0.01300000027 -0.05299999937 0.1930000037
0.01499999966 -0.05299999937 0.1930000037
0.01499999966 -0.05299999937 0.1949999928
0.008999999613 -0.0549999997 0.1969999969
0.008999999613 -0.0549999997 0.199000001
0.008999999613 -0.05299999937 0.199000001
0.01300000027 -0.05299999937 0.1969999969
0.01499999966 -0.05299999937 0.1969999969
0.01300000027 -0.05299999937 0.199000001
0.001000000047 -0.0549999997 0.2029999942
0.007000000216 -0.0549999997 0.201000005
0.007000000216 -0.0549999997 0.2049999982
0.01099999994 -0.05299999937 0.201000005
0.01099999994 -0.05299999937 0.2029999942
0.01499999966 -0.05299999937 0.201000005
0.01300000027 -0.05299999937 0.2029999942
0.01300000027 -0.05299999937 0.2049999982
0.01700000092 -0.05299999937 0.1930000037
0.01700000092 -0.05299999937 0.1949999928
0.01899999939 -0.05099999905 0.1930000037
0.02099999972 -0.05099999905 0.1930000037
0.02300000004 -0.04899999872 0.1930000037
0.02099999972 -0.05099999905 0.1949999928
0.02300000004 -0.05099999905 0.1949999928
0.02300000004 -0.04899999872 0.1949999928
0.01700000092 -0.05299999937 0.199000001
0.01700000092 -0.05099999905 0.1969999969
0.01899999939 -0.05099999905 0.1969999969
0.01899999939 -0.05099999905 0.199000001
0.02099999972 -0.05099999905 0.1969999969
0.02300000004 -0.04899999872 0.1969999969
0.02099999972 -0.05099999905 0.199000001
0.02300000004 -0.04899999872 0.199000001
0.02500000037 -0.04899999872 0.1930000037
0.02500000037 -0.04899999872 0.1949999928
0.0270000007 -0.04899999872 0.1949999928
0.02500000037 -0.04899999872 0.1969999969
0.02500000037 -0.04899999872 0.199000001
0.01700000092 -0.05299999937 0.2029999942
0.01700000092 -0.05099999905 0.201000005
0.01899999939 -0.05099999905 0.201000005
0.02099999972 -0.05099999905 0.201000005
0.02300000004 -0.05099999905 0.201000005
0.02099999972 -0.05099999905 0.2029999942
0.02300000004 -0.04899999872 0.2029999942
0.01700000092 -0.05099999905 0.2049999982
0.01899999939 -0.05099999905 0.2070000023
0.02099999972 -0.05099999905 0.2049999982
0.02300000004 -0.04899999872 0.2049999982
0.02099999972 -0.05099999905 0.2070000023
0.02500000037 -0.04899999872 0.201000005
0.0270000007 -0.04899999872 0.201000005
0.02500000037 -0.04899999872 0.2029999942
0.02500000037 -0.04899999872 0.2049999982
0.0270000007 -0.04899999872 0.2049999982
0.02500000037 -0.04899999872 0.2070000023
0.0270000007 -0.04899999872 0.2070000023
0.0270000007 -0.04699999839 0.1930000037
0.0270000007 -0.04699999839 0.1949999928
0.02899999917 -0.04699999839 0.1930000037
0.03099999949 -0.04500000179 0.1930000037
0.02899999917 -0.04699999839 0.1949999928
0.03099999949 -0.04500000179 0.1949999928
0.0270000007 -0.04699999839 0.1969999969
0.0270000007 -0.04699999839 0.199000001
0.02899999917 -0.04699999839 0.1969999969
0.02899999917 -0.04500000179 0.1969999969
0.03099999949 -0.04500000179 0.1969999969
0.02899999917 -0.04699999839 0.199000001
0.03099999949 -0.04500000179 0.199000001
0.0270000007 -0.04699999839 0.201000005
0.0270000007 -0.04699999839 0.2029999942
0.02899999917 -0.04699999839 0.201000005
0.03099999949 -0.04500000179 0.201000005
0.02899999917 -0.04699999839 0.2029999942
0.03099999949 -0.04500000179 0.2029999942
0.02899999917 -0.04699999839 0.2049999982
0.03099999949 -0.04500000179 0.2049999982
0.02899999917 -0.04699999839 0.2070000023
0.03099999949 -0.04500000179 0.2070000023
0.03299999982 -0.04500000179 0.1930000037
0.03299999982 -0.04500000179 0.1949999928
0.03299999982 -0.04300000146 0.1930000037
0.03500000015 -0.04300000146 0.1930000037
0.03500000015 -0.04100000113 0.1930000037
0.03299999982 -0.04300000146 0.1949999928
0.03500000015 -0.04300000146 0.1949999928
0.03700000048 -0.04100000113 0.1930000037
0.03700000048 -0.04100000113 0.1949999928
0.03299999982 -0.04500000179 0.199000001
0.03299999982 -0.04300000146 0.1969999969
0.03500000015 -0.04300000146 0.1969999969
0.03500000015 -0.04100000113 0.1969999969
0.03299999982 -0.04300000146 0.199000001
0.03500000015 -0.04300000146 0.199000001
0.03500000015 -0.04100000113 0.199000001
0.03700000048 -0.04100000113 0.1969999969
0.03700000048 -0.04100000113 0.199000001
0.03700000048 -0.0390000008 0.1930000037
0.0390000008 -0.0390000008 0.1930000037
0.03700000048 -0.0390000008 0.1949999928
0.0390000008 -0.0390000008 0.1949999928
0.03700000048 -0.0390000008 0.1969999969
0.0390000008 -0.0390000008 0.1969999969
0.0390000008 -0.03700000048 0.1969999969
0.0390000008 -0.0390000008 0.199000001
0.0390000008 -0.03700000048 0.199000001
0.04100000113 -0.03700000048 0.1930000037
0.04100000113 -0.03700000048 0.1949999928
0.04100000113 -0.03500000015 0.1930000037
0.04300000146 -0.03500000015 0.1930000037
0.04300000146 -0.03299999982 0.1930000037
0.04100000113 -0.03500000015 0.1949999928
0.04300000146 -0.03500000015 0.1949999928
0.04300000146 -0.03299999982 0.1949999928
0.04500000179 -0.03299999982 0.1930000037
0.04500000179 -0.03299999982 0.1949999928
0.04100000113 -0.03700000048 0.1969999969
0.04100000113 -0.03700000048 0.199000001
0.04100000113 -0.03500000015 0.1969999969
0.04300000146 -0.03500000015 0.1969999969
0.04300000146 -0.03299999982 0.1969999969
0.04100000113 -0.03500000015 0.199000001
0.04300000146 -0.03500000015 0.199000001
0.04300000146 -0.03299999982 0.199000001
0.04500000179 -0.03299999982 0.1969999969
0.04500000179 -0.03299999982 0.199000001
0.03299999982 -0.04500000179 0.201000005
0.03299999982 -0.04300000146 0.201000005
0.03299999982 -0.04300000146 0.2029999942
0.03500000015 -0.04300000146 0.2029999942
0.03700000048 -0.04100000113 0.201000005
0.03700000048 -0.04100000113 0.2029999942
0.03299999982 -0.04500000179 0.2070000023
0.03299999982 -0.04300000146 0.2049999982
0.03500000015 -0.04300000146 0.2049999982
0.03299999982 -0.04300000146 0.2070000023
0.03500000015 -0.04300000146 0.2070000023
0.03500000015 -0.04100000113 0.2070000023
0.03700000048 -0.04100000113 0.2049999982
0.03700000048 -0.04100000113 0.2070000023
0.0390000008 -0.0390000008 0.201000005
0.0390000008 -0.03700000048 0.201000005
0.03700000048 -0.0390000008 0.2029999942
0.0390000008 -0.0390000008 0.2029999942
0.03700000048 -0.0390000008 0.2049999982
0.0390000008 -0.0390000008 0.2049999982
0.0390000008 -0.0390000008 0.2070000023
0.04100000113 -0.03700000048 0.201000005
0.04100000113 -0.03700000048 0.2029999942
0.04300000146 -0.03500000015 0.201000005
0.04300000146 -0.03299999982 0.201000005
0.04300000146 -0.03500000015 0.2029999942
0.04300000146 -0.03299999982 0.2029999942
0.04500000179 -0.03299999982 0.201000005
0.04500000179 -0.03299999982 0.2029999942
0.04100000113 -0.03700000048 0.2049999982
0.04100000113 -0.03700000048 0.2070000023
0.04100000113 -0.03500000015 0.2049999982
0.04300000146 -0.03500000015 0.2049999982
0.04300000146 -0.03299999982 0.2049999982
0.04100000113 -0.03500000015 0.2070000023
0.04300000146 -0.03500000015 0.2070000023
0.04300000146 -0.03299999982 0.2070000023
0.04500000179 -0.03299999982 0.2049999982
0.04500000179 -0.03299999982 0.2070000023
0.03700000048 -0.04100000113 0.2090000063
0.0390000008 -0.0390000008 0.2090000063
0.04100000113 -0.03700000048 0.2090000063
0.04100000113 -0.03500000015 0.2090000063
0.04300000146 -0.03500000015 0.2090000063
0.04300000146 -0.03299999982 0.2090000063
0.04500000179 -0.03099999949 0.1930000037
0.04500000179 -0.02899999917 0.1930000037
0.04699999839 -0.02899999917 0.1930000037
0.04500000179 -0.03099999949 0.1949999928
0.04699999839 -0.02899999917 0.1949999928
0.04699999839 -0.0270000007 0.1930000037
0.04699999839 -0.0270000007 0.1949999928
0.04500000179 -0.03099999949 0.1969999969
0.04699999839 -0.02899999917 0.1969999969
0.04500000179 -0.03099999949 0.199000001
0.04500000179 -0.02899999917 0.199000001
0.04699999839 -0.02899999917 0.199000001
0.04699999839 -0.0270000007 0.1969999969
0.04699999839 -0.0270000007 0.199000001
0.04500000179 -0.03099999949 0.201000005
0.04699999839 -0.02899999917 0.201000005
0.04500000179 -0.03099999949 0.2029999942
0.04699999839 -0.02899999917 0.2029999942
0.04699999839 -0.0270000007 0.201000005
0.04699999839 -0.0270000007 0.2029999942
0.04500000179 -0.03099999949 0.2049999982
0.04699999839 -0.02899999917 0.2049999982
0.04500000179 -0.03099999949 0.2070000023
0.04699999839 -0.02899999917 0.2070000023
0.04699999839 -0.0270000007 0.2049999982
0.04699999839 -0.0270000007 0.2070000023
0.04899999872 -0.0270000007 0.1930000037
0.04899999872 -0.02500000037 0.1930000037
0.04899999872 -0.0270000007 0.1949999928
0.04899999872 -0.02500000037 0.1949999928
0.04899999872 -0.02500000037 0.1969999969
0.04899999872 -0.0270000007 0.199000001
0.04899999872 -0.02500000037 0.199000001
0.04899999872 -0.02300000004 0.1930000037
0.05099999905 -0.02099999972 0.1930000037
0.04899999872 -0.02300000004 0.1949999928
0.05099999905 -0.02300000004 0.1949999928
0.05099999905 -0.02099999972 0.1949999928
0.05099999905 -0.01899999939 0.1930000037
0.05099999905 -0.01899999939 0.1949999928
0.05099999905 -0.01700000092 0.1949999928
0.05299999937 -0.01700000092 0.1930000037
0.05299999937 -0.01700000092 0.1949999928
0.04899999872 -0.02300000004 0.1969999969
0.05099999905 -0.02300000004 0.1969999969
0.05099999905 -0.02099999972 0.1969999969
0.04899999872 -0.02300000004 0.199000001
0.05099999905 -0.02300000004 0.199000001
0.05099999905 -0.02099999972 0.199000001
0.05099999905 -0.01899999939 0.1969999969
0.05099999905 -0.01700000092 0.1969999969
0.05099999905 -0.01899999939 0.199000001
0.05299999937 -0.01700000092 0.1969999969
0.05299999937 -0.01700000092 0.199000001
0.04899999872 -0.0270000007 0.201000005
0.04899999872 -0.02500000037 0.201000005
0.04899999872 -0.0270000007 0.2029999942
0.04899999872 -0.02500000037 0.2029999942
0.04899999872 -0.02500000037 0.2049999982
0.04899999872 -0.02500000037 0.2070000023
0.04899999872 -0.02300000004 0.201000005
0.05099999905 -0.02300000004 0.201000005
0.05099999905 -0.02099999972 0.201000005
0.04899999872 -0.02300000004 0.2029999942
0.05099999905 -0.02300000004 0.2029999942
0.05099999905 -0.02099999972 0.2029999942
0.05099999905 -0.01899999939 0.201000005
0.05099999905 -0.01899999939 0.2029999942
0.05299999937 -0.01700000092 0.201000005
0.05299999937 -0.01700000092 0.2029999942
0.04899999872 -0.02300000004 0.2049999982
0.05099999905 -0.02300000004 0.2049999982
0.05099999905 -0.02099999972 0.2049999982
0.04899999872 -0.02300000004 0.2070000023
0.05099999905 -0.02099999972 0.2070000023
0.05099999905 -0.01899999939 0.2049999982
0.05099999905 -0.01899999939 0.2070000023
0.05099999905 -0.01700000092 0.2070000023
0.05299999937 -0.01700000092 0.2049999982
0.05299999937 -0.01700000092 0.2070000023
0.05299999937 -0.01499999966 0.1930000037
0.05299999937 -0.01300000027 0.1930000037
0.05299999937 -0.01499999966 0.1949999928
0.05299999937 -0.01300000027 0.1949999928
0.05299999937 -0.01099999994 0.1930000037
0.0549999997 -0.01099999994 0.1930000037
0.0549999997 -0.008999999613 0.1930000037
0.05299999937 -0.01099999994 0.1949999928
0.0549999997 -0.008999999613 0.1949999928
0.05299999937 -0.01499999966 0.1969999969
0.05299999937 -0.01300000027 0.1969999969
0.05299999937 -0.01499999966 0.199000001
0.05299999937 -0.01300000027 0.199000001
0.05299999937 -0.01099999994 0.1969999969
0.0549999997 -0.008999999613 0.1969999969
0.05299999937 -0.01099999994 0.199000001
0.0549999997 -0.01099999994 0.199000001
0.0549999997 -0.008999999613 0.199000001
0.0549999997 -0.007000000216 0.1930000037
0.0549999997 -0.004999999888 0.1930000037
0.0549999997 -0.007000000216 0.1949999928
0.0549999997 -0.004999999888 0.1949999928
0.0549999997 -0.003000000026 0.1930000037
0.0549999997 -0.001000000047 0.1930000037
0.0549999997 -0.003000000026 0.1949999928
0.0549999997 -0.001000000047 0.1949999928
0.0549999997 -0.007000000216 0.1969999969
0.0549999997 -0.004999999888 0.1969999969
0.0549999997 -0.007000000216 0.199000001
0.0549999997 -0.004999999888 0.199000001
0.0549999997 -0.003000000026 0.1969999969
0.0549999997 -0.001000000047 0.1969999969
0.0549999997 -0.003000000026 0.199000001
0.0549999997 -0.001000000047 0.199000001
0.05299999937 -0.01499999966 0.201000005
0.05299999937 -0.01300000027 0.201000005
0.05299999937 -0.01499999966 0.2029999942
0.05299999937 -0.01300000027 0.2029999942
0.05299999937 -0.01099999994 0.201000005
0.0549999997 -0.008999999613 0.201000005
0.05299999937 -0.01099999994 0.2029999942
0.0549999997 -0.008999999613 0.2029999942
0.05299999937 -0.01499999966 0.2049999982
0.05299999937 -0.01300000027 0.2049999982
0.05299999937 -0.01499999966 0.2070000023
0.05299999937 -0.01300000027 0.2070000023
0.05299999937 -0.01099999994 0.2049999982
0.0549999997 -0.008999999613 0.2049999982
0.05299999937 -0.01099999994 0.2070000023
0.05299999937 -0.008999999613 0.2070000023
0.0549999997 -0.007000000216 0.201000005
0.0549999997 -0.004999999888 0.201000005
0.0549999997 -0.007000000216 0.2029999942
0.0549999997 -0.004999999888 0.2029999942
0.0549999997 -0.003000000026 0.201000005
0.0549999997 -0.001000000047 0.201000005
0.0549999997 -0.003000000026 0.2029999942
0.0549999997 -0.001000000047 0.2029999942
0.0549999997 -0.007000000216 0.2049999982
0.0549999997 -0.004999999888 0.2049999982
0.0549999997 -0.007000000216 0.2070000023
0.0549999997 -0.004999999888 0.2070000023
0.0549999997 -0.003000000026 0.2049999982
0.0549999997 -0.001000000047 0.2049999982
0.0549999997 -0.003000000026 0.2070000023
0.0549999997 -0.001000000047 0.2070000023
0.04500000179 -0.03099999949 0.2090000063
0.04500000179 -0.02899999917 0.2090000063
0.04500000179 -0.03099999949 0.2109999955
0.04500000179 -0.02899999917 0.2109999955
0.04699999839 -0.0270000007 0.2090000063
0.04699999839 -0.02500000037 0.2090000063
0.04699999839 -0.0270000007 0.2109999955
0.04699999839 -0.02500000037 0.2109999955
0.04899999872 -0.02500000037 0.2090000063
0.04899999872 -0.02300000004 0.2090000063
0.04899999872 -0.02099999972 0.2090000063
0.05099999905 -0.02099999972 0.2090000063
0.04899999872 -0.02300000004 0.2109999955
0.04899999872 -0.02099999972 0.2109999955
0.05099999905 -0.01899999939 0.2090000063
0.05099999905 -0.01700000092 0.2090000063
0.05099999905 -0.01899999939 0.2109999955
0.05099999905 -0.01700000092 0.2109999955
0.05099999905 -0.01499999966 0.2109999955
0.05299999937 -0.01499999966 0.2090000063
0.05299999937 -0.01300000027 0.2090000063
0.05299999937 -0.01300000027 0.2109999955
0.05299999937 -0.01099999994 0.2090000063
0.05299999937 -0.008999999613 0.2090000063
0.05299999937 -0.01099999994 0.2109999955
0.05299999937 -0.008999999613 0.2109999955
0.05299999937 -0.007000000216 0.2090000063
0.0549999997 -0.004999999888 0.2090000063
0.05299999937 -0.007000000216 0.2109999955
0.05299999937 -0.004999999888 0.2109999955
0.0549999997 -0.003000000026 0.2090000063
0.0549999997 -0.001000000047 0.2090000063
0.05299999937 -0.003000000026 0.2109999955
0.0549999997 -0.003000000026 0.2109999955
0.05299999937 -0.001000000047 0.2109999955
0.0549999997 -0.001000000047 0.2109999955
0.05299999937 -0.007000000216 0.2129999995
0.05299999937 -0.004999999888 0.2129999995
0.05299999937 -0.003000000026 0.2129999995
0.05299999937 -0.001000000047 0.2129999995
-0.01499999966 0.06300000101 0.0869999975
-0.01300000027 0.05900000036 0.09099999815
-0.01099999994 0.06100000069 0.09099999815
-0.004999999888 0.06300000101 0.08900000155
-0.004999999888 0.06100000069 0.09099999815
-0.003000000026 0.05900000036 0.125
-0.004999999888 0.06499999762 0.0869999975
-0.001000000047 0.06700000167 0.0869999975
-0.001000000047 0.0549999997 0.1410000026
-0.01300000027 0.05700000003 0.1389999986
-0.007000000216 0.05700000003 0.1389999986
-0.003000000026 0.05700000003 0.1389999986
0.06300000101 0.02300000004 0.01099999994
0.06300000101 0.02300000004 0.01300000027
0.06300000101 0.02099999972 0.01499999966
0.06300000101 0.02300000004 0.01499999966
0.06300000101 0.02500000037 0.01099999994
0.06100000069 0.02899999917 0.01099999994
0.06300000101 0.02899999917 0.01099999994
0.06100000069 0.03099999949 0.01099999994
0.06300000101 0.02500000037 0.01300000027
0.06300000101 0.0270000007 0.01300000027
0.06300000101 0.02500000037 0.01499999966
0.06100000069 0.0270000007 0.01499999966
0.05900000036 0.03099999949 0.01499999966
0.06100000069 0.02899999917 0.01300000027
0.06100000069 0.02899999917 0.01499999966
0.06100000069 0.03099999949 0.01499999966
0.06300000101 0.01499999966 0.02099999972
0.06300000101 0.01300000027 0.02300000004
0.06300000101 0.01499999966 0.02300000004
0.06300000101 0.007000000216 0.0270000007
0.06300000101 0.001000000047 0.02899999917
0.06300000101 0.003000000026 0.02899999917
0.06300000101 0.001000000047 0.03099999949
0.06300000101 0.003000000026 0.03099999949
0.06300000101 0.004999999888 0.02899999917
0.06300000101 0.007000000216 0.02899999917
0.06300000101 0.004999999888 0.03099999949
0.06300000101 0.007000000216 0.03099999949
0.06300000101 0.008999999613 0.02500000037
0.06300000101 0.01099999994 0.02500000037
0.06300000101 0.008999999613 0.0270000007
0.06300000101 0.01099999994 0.0270000007
0.06300000101 0.01300000027 0.02500000037
0.06300000101 0.01499999966 0.02500000037
0.06300000101 0.01300000027 0.0270000007
0.06300000101 0.01499999966 0.0270000007
0.06300000101 0.008999999613 0.02899999917
0.06300000101 0.01099999994 0.02899999917
0.06300000101 0.008999999613 0.03099999949
0.06300000101 0.01099999994 0.03099999949
0.06300000101 0.01300000027 0.02899999917
0.06300000101 0.01499999966 0.02899999917
0.06100000069 0.01300000027 0.03099999949
0.06300000101 0.01300000027 0.03099999949
0.06100000069 0.01499999966 0.03099999949
0.06300000101 0.01899999939 0.01700000092
0.06300000101 0.01700000092 0.01899999939
0.06300000101 0.01899999939 0.01899999939
0.06300000101 0.02099999972 0.01700000092
0.06300000101 0.02300000004 0.01700000092
0.06300000101 0.02099999972 0.01899999939
0.06100000069 0.02300000004 0.01899999939
0.06300000101 0.02300000004 0.01899999939
0.06300000101 0.01700000092 0.02099999972
0.06300000101 0.01899999939 0.02099999972
0.06300000101 0.01700000092 0.02300000004
0.06300000101 0.01899999939 0.02300000004
0.06300000101 0.02099999972 0.02099999972
0.06100000069 0.02300000004 0.02099999972
0.06100000069 0.02099999972 0.02300000004
0.06100000069 0.02300000004 0.02300000004
0.06100000069 0.02500000037 0.01700000092
0.06300000101 0.02500000037 0.01700000092
0.06100000069 0.0270000007 0.01700000092
0.06100000069 0.02500000037 0.01899999939
0.06100000069 0.0270000007 0.01899999939
0.05900000036 0.02899999917 0.01700000092
0.05900000036 0.03099999949 0.01700000092
0.05900000036 0.02899999917 0.01899999939
0.05900000036 0.03099999949 0.01899999939
0.06100000069 0.02899999917 0.01700000092
0.05900000036 0.0270000007 0.02099999972
0.05900000036 0.0270000007 0.02300000004
0.06100000069 0.02500000037 0.02099999972
0.06100000069 0.0270000007 0.02099999972
0.06100000069 0.02500000037 0.02300000004
0.05900000036 0.02899999917 0.02099999972
0.05700000003 0.03099999949 0.02099999972
0.05900000036 0.02899999917 0.02300000004
0.05700000003 0.03099999949 0.02300000004
0.06300000101 0.01700000092 0.02500000037
0.06100000069 0.01899999939 0.02500000037
0.06300000101 0.01899999939 0.02500000037
0.06100000069 0.01700000092 0.0270000007
0.06300000101 0.01700000092 0.0270000007
0.06100000069 0.01899999939 0.0270000007
0.05900000036 0.02300000004 0.0270000007
0.06100000069 0.02099999972 0.02500000037
0.06100000069 0.02300000004 0.02500000037
0.06100000069 0.02099999972 0.0270000007
0.06100000069 0.02300000004 0.0270000007
0.06100000069 0.01700000092 0.02899999917
0.06100000069 0.01899999939 0.02899999917
0.06100000069 0.01700000092 0.03099999949
0.06100000069 0.01899999939 0.03099999949
0.05900000036 0.02099999972 0.02899999917
0.05900000036 0.02300000004 0.02899999917
0.05900000036 0.02099999972 0.03099999949
0.05900000036 0.02300000004 0.03099999949
0.06100000069 0.02099999972 0.02899999917
0.0549999997 0.03099999949 0.02899999917
0.0549999997 0.03099999949 0.03099999949
0.05900000036 0.02500000037 0.02500000037
0.05900000036 0.0270000007 0.02500000037
0.05900000036 0.02500000037 0.0270000007
0.05700000003 0.0270000007 0.0270000007
0.05900000036 0.0270000007 0.0270000007
0.06100000069 0.02500000037 0.02500000037
0.05700000003 0.02899999917 0.02500000037
0.05700000003 0.03099999949 0.02500000037
0.05700000003 0.02899999917 0.0270000007
0.05900000036 0.02899999917 0.0270000007
0.05700000003 0.03099999949 0.0270000007
0.05900000036 0.02500000037 0.02899999917
0.05700000003 0.0270000007 0.02899999917
0.05900000036 0.0270000007 0.02899999917
0.05700000003 0.02500000037 0.03099999949
0.05900000036 0.02500000037 0.03099999949
0.05700000003 0.0270000007 0.03099999949
0.05700000003 0.02899999917 0.02899999917
0.05700000003 0.02899999917 0.03099999949
0.03099999949 0.06300000101 0.01099999994
0.03099999949 0.06300000101 0.01499999966
0.02899999917 0.06300000101 0.01700000092
0.03099999949 0.06100000069 0.01899999939
0.03099999949 0.06100000069 0.02099999972
0.02899999917 0.06300000101 0.02099999972
0.03099999949 0.06100000069 0.02300000004
0.02899999917 0.06300000101 0.02300000004
0.02899999917 0.06300000101 0.02500000037
0.03099999949 0.06300000101 0.02500000037
0.02899999917 0.06300000101 0.0270000007
0.03099999949 0.05900000036 0.02899999917
0.03099999949 0.05900000036 0.03099999949
0.0270000007 0.06300000101 0.02899999917
0.03099999949 0.06100000069 0.02899999917
0.02899999917 0.06100000069 0.03099999949
0.03099999949 0.06100000069 0.03099999949
0.0549999997 0.0390000008 0.01099999994
0.0549999997 0.0390000008 0.01300000027
0.0549999997 0.03700000048 0.01499999966
0.0549999997 0.0390000008 0.01499999966
0.05900000036 0.03500000015 0.01099999994
0.05700000003 0.03700000048 0.01099999994
0.05900000036 0.03299999982 0.01300000027
0.05700000003 0.03500000015 0.01300000027
0.05900000036 0.03500000015 0.01300000027
0.05700000003 0.03299999982 0.01499999966
0.05900000036 0.03299999982 0.01499999966
0.05700000003 0.03700000048 0.01300000027
0.05700000003 0.03700000048 0.01499999966
0.05299999937 0.04100000113 0.01099999994
0.0549999997 0.04100000113 0.01099999994
0.05299999937 0.04300000146 0.01099999994
0.05099999905 0.04500000179 0.01099999994
0.04899999872 0.04699999839 0.01099999994
0.05099999905 0.04300000146 0.01300000027
0.05099999905 0.04300000146 0.01499999966
0.05299999937 0.04100000113 0.01300000027
0.0549999997 0.04100000113 0.01300000027
0.05299999937 0.04100000113 0.01499999966
0.05299999937 0.04300000146 0.01499999966
0.04899999872 0.04500000179 0.01300000027
0.05099999905 0.04500000179 0.01300000027
0.04899999872 0.04500000179 0.01499999966
0.04899999872 0.04699999839 0.01499999966
0.0390000008 0.0549999997 0.01300000027
0.0390000008 0.0549999997 0.01499999966
0.04699999839 0.04899999872 0.01099999994
0.04500000179 0.05099999905 0.01099999994
0.04300000146 0.05299999937 0.01099999994
0.04100000113 0.0549999997 0.01099999994
0.04300000146 0.05099999905 0.01499999966
0.04699999839 0.04899999872 0.01300000027
0.04500000179 0.04899999872 0.01499999966
0.04300000146 0.05299999937 0.01300000027
0.04100000113 0.05299999937 0.01499999966
0.04300000146 0.05299999937 0.01499999966
0.04500000179 0.05299999937 0.01300000027
0.0390000008 0.05700000003 0.01099999994
0.03500000015 0.06100000069 0.01099999994
0.03500000015 0.05900000036 0.01300000027
0.0390000008 0.05700000003 0.01300000027
0.03700000048 0.05700000003 0.01499999966
0.03700000048 0.05900000036 0.01499999966
0.03299999982 0.06100000069 0.01300000027
0.03299999982 0.06300000101 0.01300000027
0.04899999872 0.04899999872 0.01300000027
0.04699999839 0.04699999839 0.01700000092
0.04699999839 0.04500000179 0.01899999939
0.04699999839 0.04699999839 0.01899999939
0.04699999839 0.04500000179 0.02099999972
0.04699999839 0.04500000179 0.02300000004
0.04699999839 0.04699999839 0.02300000004
0.04699999839 0.04300000146 0.0270000007
0.04300000146 0.04699999839 0.0270000007
0.04699999839 0.04500000179 0.02500000037
0.04500000179 0.04699999839 0.02500000037
0.04500000179 0.04500000179 0.0270000007
0.04699999839 0.04500000179 0.0270000007
0.04500000179 0.04699999839 0.0270000007
0.04699999839 0.04300000146 0.02899999917
0.04699999839 0.04300000146 0.03099999949
0.04300000146 0.04699999839 0.02899999917
0.04300000146 0.04699999839 0.03099999949
0.04500000179 0.04500000179 0.02899999917
0.04699999839 0.04500000179 0.02899999917
0.04500000179 0.04500000179 0.03099999949
0.0549999997 0.03500000015 0.01899999939
0.0549999997 0.03700000048 0.01700000092
0.05299999937 0.0390000008 0.01700000092
0.0549999997 0.03700000048 0.01899999939
0.05299999937 0.0390000008 0.01899999939
0.0549999997 0.03500000015 0.02099999972
0.0549999997 0.03299999982 0.02300000004
0.0549999997 0.03500000015 0.02300000004
0.05099999905 0.0390000008 0.02300000004
0.05299999937 0.03700000048 0.02099999972
0.05299999937 0.0390000008 0.02099999972
0.05299999937 0.03700000048 0.02300000004
0.05299999937 0.0390000008 0.02300000004
0.05700000003 0.03299999982 0.01700000092
0.05700000003 0.03299999982 0.01899999939
0.05700000003 0.03500000015 0.01899999939
0.05700000003 0.03299999982 0.02099999972
0.05700000003 0.03299999982 0.02300000004
0.05099999905 0.04100000113 0.01700000092
0.05099999905 0.04300000146 0.01700000092
0.05099999905 0.04300000146 0.01899999939
0.05299999937 0.04100000113 0.01899999939
0.04899999872 0.04500000179 0.01700000092
0.04899999872 0.04699999839 0.01700000092
0.04899999872 0.04500000179 0.01899999939
0.05099999905 0.04100000113 0.02099999972
0.04899999872 0.04300000146 0.02099999972
0.04899999872 0.04300000146 0.02300000004
0.05099999905 0.04300000146 0.02300000004
0.04899999872 0.04500000179 0.02099999972
0.0549999997 0.03299999982 0.02500000037
0.0549999997 0.03500000015 0.02500000037
0.0549999997 0.03299999982 0.0270000007
0.05299999937 0.03500000015 0.0270000007
0.0549999997 0.03500000015 0.0270000007
0.05099999905 0.0390000008 0.02500000037
0.05099999905 0.0390000008 0.0270000007
0.05299999937 0.03700000048 0.02500000037
0.05299999937 0.03700000048 0.0270000007
0.0549999997 0.03299999982 0.02899999917
0.05299999937 0.03500000015 0.02899999917
0.05299999937 0.03299999982 0.03099999949
0.0549999997 0.03299999982 0.03099999949
0.05299999937 0.03500000015 0.03099999949
0.05099999905 0.03700000048 0.02899999917
0.04899999872 0.0390000008 0.02899999917
0.05099999905 0.0390000008 0.02899999917
0.05099999905 0.03700000048 0.03099999949
0.04899999872 0.0390000008 0.03099999949
0.05099999905 0.0390000008 0.03099999949
0.05299999937 0.03700000048 0.02899999917
0.04899999872 0.04100000113 0.02500000037
0.05099999905 0.04100000113 0.02500000037
0.04899999872 0.04300000146 0.02500000037
0.04899999872 0.04100000113 0.0270000007
0.05099999905 0.04100000113 0.0270000007
0.04899999872 0.04100000113 0.02899999917
0.04899999872 0.04100000113 0.03099999949
0.0390000008 0.0549999997 0.01700000092
0.0390000008 0.0549999997 0.01899999939
0.03700000048 0.0549999997 0.02099999972
0.0390000008 0.05299999937 0.02300000004
0.03700000048 0.0549999997 0.02300000004
0.04300000146 0.05099999905 0.01899999939
0.04500000179 0.04899999872 0.01700000092
0.04500000179 0.05099999905 0.01700000092
0.04500000179 0.04899999872 0.01899999939
0.04100000113 0.05299999937 0.01700000092
0.04100000113 0.0549999997 0.01700000092
0.04100000113 0.05299999937 0.01899999939
0.04300000146 0.04899999872 0.02099999972
0.04300000146 0.04899999872 0.02300000004
0.04100000113 0.05099999905 0.02300000004
0.04500000179 0.04899999872 0.02099999972
0.04100000113 0.05299999937 0.02099999972
0.04300000146 0.05299999937 0.02099999972
0.04100000113 0.05299999937 0.02300000004
0.03500000015 0.05900000036 0.01700000092
0.03700000048 0.05700000003 0.01899999939
0.03299999982 0.06100000069 0.01700000092
0.03299999982 0.06100000069 0.01899999939
0.03500000015 0.05700000003 0.02099999972
0.03299999982 0.05900000036 0.02099999972
0.03500000015 0.05700000003 0.02300000004
0.03299999982 0.05900000036 0.02300000004
0.03700000048 0.05700000003 0.02099999972
0.03700000048 0.05700000003 0.02300000004
0.03299999982 0.06100000069 0.02099999972
0.0390000008 0.0549999997 0.02500000037
0.0390000008 0.05299999937 0.0270000007
0.03700000048 0.0549999997 0.0270000007
0.0390000008 0.05099999905 0.02899999917
0.0390000008 0.05099999905 0.03099999949
0.03500000015 0.0549999997 0.02899999917
0.03500000015 0.0549999997 0.03099999949
0.03700000048 0.05299999937 0.02899999917
0.0390000008 0.05299999937 0.02899999917
0.03700000048 0.05299999937 0.03099999949
0.0390000008 0.05299999937 0.03099999949
0.04100000113 0.05099999905 0.02500000037
0.04300000146 0.05099999905 0.02500000037
0.04100000113 0.05099999905 0.0270000007
0.04100000113 0.04899999872 0.02899999917
0.04300000146 0.04899999872 0.02899999917
0.04100000113 0.05099999905 0.02899999917
0.04100000113 0.04899999872 0.03099999949
0.03500000015 0.05700000003 0.02500000037
0.03500000015 0.05700000003 0.0270000007
0.03299999982 0.05900000036 0.0270000007
0.03500000015 0.05700000003 0.02899999917
0.03299999982 0.05900000036 0.02899999917
0.03299999982 0.05700000003 0.03099999949
0.03500000015 0.05700000003 0.03099999949
0.06300000101 0.001000000047 0.03299999982
0.06300000101 0.003000000026 0.03299999982
0.06300000101 0.001000000047 0.03500000015
0.06300000101 0.003000000026 0.03500000015
0.06300000101 0.004999999888 0.03299999982
0.06300000101 0.007000000216 0.03299999982
0.06300000101 0.004999999888 0.03500000015
0.06300000101 0.007000000216 0.03500000015
0.06300000101 0.001000000047 0.03700000048
0.06300000101 0.003000000026 0.03700000048
0.06300000101 0.001000000047 0.0390000008
0.06100000069 0.003000000026 0.0390000008
0.06300000101 0.003000000026 0.0390000008
0.06300000101 0.004999999888 0.03700000048
0.06100000069 0.007000000216 0.03700000048
0.06300000101 0.007000000216 0.03700000048
0.06100000069 0.004999999888 0.0390000008
0.06100000069 0.007000000216 0.0390000008
0.06300000101 0.008999999613 0.03299999982
0.06100000069 0.01099999994 0.03299999982
0.06300000101 0.01099999994 0.03299999982
0.06100000069 0.008999999613 0.03500000015
0.06100000069 0.01099999994 0.03500000015
0.06100000069 0.01300000027 0.03299999982
0.06100000069 0.01499999966 0.03299999982
0.06100000069 0.01300000027 0.03500000015
0.06100000069 0.01499999966 0.03500000015
0.06100000069 0.008999999613 0.03700000048
0.06100000069 0.01099999994 0.03700000048
0.06100000069 0.008999999613 0.0390000008
0.06100000069 0.01099999994 0.0390000008
0.06100000069 0.01300000027 0.03700000048
0.06100000069 0.01499999966 0.03700000048
0.06100000069 0.01300000027 0.0390000008
0.06100000069 0.01499999966 0.0390000008
0.06100000069 0.001000000047 0.04100000113
0.06100000069 0.003000000026 0.04100000113
0.06100000069 0.001000000047 0.04300000146
0.06100000069 0.003000000026 0.04300000146
0.06100000069 0.004999999888 0.04100000113
0.06100000069 0.007000000216 0.04100000113
0.06100000069 0.004999999888 0.04300000146
0.06100000069 0.007000000216 0.04300000146
0.06100000069 0.001000000047 0.04500000179
0.06100000069 0.003000000026 0.04500000179
0.06100000069 0.001000000047 0.04699999839
0.06100000069 0.003000000026 0.04699999839
0.06100000069 0.004999999888 0.04500000179
0.06100000069 0.007000000216 0.04500000179
0.06100000069 0.004999999888 0.04699999839
0.06100000069 0.007000000216 0.04699999839
0.06100000069 0.008999999613 0.04100000113
0.06100000069 0.01099999994 0.04100000113
0.06100000069 0.008999999613 0.04300000146
0.06100000069 0.01099999994 0.04300000146
0.05900000036 0.01499999966 0.04100000113
0.05900000036 0.01300000027 0.04300000146
0.05900000036 0.01499999966 0.04300000146
0.06100000069 0.01300000027 0.04300000146
0.05900000036 0.01099999994 0.04500000179
0.05900000036 0.008999999613 0.04699999839
0.05900000036 0.01099999994 0.04699999839
0.06100000069 0.008999999613 0.04500000179
0.06100000069 0.01099999994 0.04500000179
0.06100000069 0.008999999613 0.04699999839
0.05900000036 0.01300000027 0.04500000179
0.05900000036 0.01499999966 0.04500000179
0.05900000036 0.01300000027 0.04699999839
0.05900000036 0.01499999966 0.04699999839
0.05900000036 0.01899999939 0.03299999982
0.05900000036 0.01899999939 0.03500000015
0.06100000069 0.01700000092 0.03299999982
0.06100000069 0.01899999939 0.03299999982
0.06100000069 0.01700000092 0.03500000015
0.05900000036 0.02099999972 0.03299999982
0.05900000036 0.02300000004 0.03299999982
0.05900000036 0.02099999972 0.03500000015
0.05900000036 0.02300000004 0.03500000015
0.05900000036 0.01700000092 0.03700000048
0.05900000036 0.01899999939 0.03700000048
0.05900000036 0.01700000092 0.0390000008
0.05900000036 0.01899999939 0.0390000008
0.06100000069 0.01700000092 0.03700000048
0.05900000036 0.02099999972 0.03700000048
0.05700000003 0.02300000004 0.03700000048
0.05900000036 0.02300000004 0.03700000048
0.05900000036 0.02099999972 0.0390000008
0.05700000003 0.02300000004 0.0390000008
0.0549999997 0.02899999917 0.03299999982
0.0549999997 0.03099999949 0.03299999982
0.0549999997 0.02899999917 0.03500000015
0.0549999997 0.03099999949 0.03500000015
0.0549999997 0.0270000007 0.03700000048
0.0549999997 0.0270000007 0.0390000008
0.0549999997 0.02899999917 0.03700000048
0.05299999937 0.03099999949 0.03700000048
0.0549999997 0.03099999949 0.03700000048
0.0549999997 0.02899999917 0.0390000008
0.05299999937 0.03099999949 0.0390000008
0.05700000003 0.02500000037 0.03299999982
0.05900000036 0.02500000037 0.03299999982
0.05700000003 0.0270000007 0.03299999982
0.05700000003 0.02500000037 0.03500000015
0.05700000003 0.0270000007 0.03500000015
0.05700000003 0.02899999917 0.03299999982
0.05700000003 0.02899999917 0.03500000015
0.05700000003 0.02500000037 0.03700000048
0.05700000003 0.02500000037 0.0390000008
0.05700000003 0.0270000007 0.0390000008
0.0549999997 0.02300000004 0.04699999839
0.05900000036 0.01700000092 0.04100000113
0.05900000036 0.01899999939 0.04100000113
0.05900000036 0.01700000092 0.04300000146
0.05900000036 0.01899999939 0.04300000146
0.05700000003 0.02099999972 0.04100000113
0.05900000036 0.02099999972 0.04100000113
0.05700000003 0.02300000004 0.04100000113
0.05700000003 0.02099999972 0.04300000146
0.05700000003 0.02300000004 0.04300000146
0.05900000036 0.01700000092 0.04500000179
0.05700000003 0.01899999939 0.04500000179
0.05900000036 0.01700000092 0.04699999839
0.05700000003 0.01899999939 0.04699999839
0.05700000003 0.02099999972 0.04500000179
0.05700000003 0.02300000004 0.04500000179
0.05700000003 0.02099999972 0.04699999839
0.05700000003 0.02300000004 0.04699999839
0.0549999997 0.0270000007 0.04100000113
0.0549999997 0.02500000037 0.04300000146
0.0549999997 0.0270000007 0.04300000146
0.0549999997 0.02899999917 0.04100000113
0.05299999937 0.03099999949 0.04100000113
0.0549999997 0.02899999917 0.04300000146
0.05299999937 0.03099999949 0.04300000146
0.0549999997 0.02500000037 0.04500000179
0.0549999997 0.0270000007 0.04500000179
0.0549999997 0.02500000037 0.04699999839
0.05299999937 0.0270000007 0.04699999839
0.0549999997 0.0270000007 0.04699999839
0.05099999905 0.03099999949 0.04699999839
0.05299999937 0.02899999917 0.04500000179
0.0549999997 0.02899999917 0.04500000179
0.05299999937 0.03099999949 0.04500000179
0.05299999937 0.02899999917 0.04699999839
0.05299999937 0.03099999949 0.04699999839
0.05700000003 0.02500000037 0.04100000113
0.05700000003 0.02500000037 0.04300000146
0.06100000069 0.001000000047 0.04899999872
0.06100000069 0.003000000026 0.04899999872
0.06100000069 0.001000000047 0.05099999905
0.06100000069 0.003000000026 0.05099999905
0.05900000036 0.007000000216 0.04899999872
0.05900000036 0.004999999888 0.05099999905
0.05900000036 0.007000000216 0.05099999905
0.06100000069 0.004999999888 0.04899999872
0.06100000069 0.007000000216 0.04899999872
0.06100000069 0.004999999888 0.05099999905
0.05900000036 0.001000000047 0.05299999937
0.05900000036 0.003000000026 0.05299999937
0.05900000036 0.001000000047 0.0549999997
0.05900000036 0.003000000026 0.0549999997
0.06100000069 0.001000000047 0.05299999937
0.05900000036 0.004999999888 0.05299999937
0.05900000036 0.007000000216 0.05299999937
0.05900000036 0.004999999888 0.0549999997
0.05900000036 0.007000000216 0.0549999997
0.05900000036 0.008999999613 0.04899999872
0.05900000036 0.01099999994 0.04899999872
0.05900000036 0.008999999613 0.05099999905
0.05900000036 0.01099999994 0.05099999905
0.06100000069 0.008999999613 0.04899999872
0.05900000036 0.01300000027 0.04899999872
0.05900000036 0.01499999966 0.04899999872
0.05900000036 0.01300000027 0.05099999905
0.05900000036 0.01499999966 0.05099999905
0.05900000036 0.008999999613 0.05299999937
0.05900000036 0.01099999994 0.05299999937
0.05900000036 0.008999999613 0.0549999997
0.05900000036 0.01099999994 0.0549999997
0.05900000036 0.01300000027 0.05299999937
0.05700000003 0.01499999966 0.05299999937
0.05900000036 0.01499999966 0.05299999937
0.05900000036 0.01300000027 0.0549999997
0.05700000003 0.01499999966 0.0549999997
0.05900000036 0.001000000047 0.05700000003
0.05900000036 0.003000000026 0.05700000003
0.05900000036 0.001000000047 0.05900000036
0.05900000036 0.003000000026 0.05900000036
0.05900000036 0.004999999888 0.05700000003
0.05900000036 0.007000000216 0.05700000003
0.05900000036 0.004999999888 0.05900000036
0.05900000036 0.007000000216 0.05900000036
0.05900000036 0.001000000047 0.06100000069
0.05900000036 0.003000000026 0.06100000069
0.05900000036 0.001000000047 0.06300000101
0.05900000036 0.003000000026 0.06300000101
0.05900000036 0.004999999888 0.06100000069
0.05900000036 0.007000000216 0.06100000069
0.05900000036 0.004999999888 0.06300000101
0.05900000036 0.007000000216 0.06300000101
0.05900000036 0.008999999613 0.05700000003
0.05900000036 0.01099999994 0.05700000003
0.05900000036 0.008999999613 0.05900000036
0.05700000003 0.01099999994 0.05900000036
0.05900000036 0.01099999994 0.05900000036
0.05700000003 0.01300000027 0.05700000003
0.05900000036 0.01300000027 0.05700000003
0.05700000003 0.01499999966 0.05700000003
0.05700000003 0.01300000027 0.05900000036
0.05700000003 0.01499999966 0.05900000036
0.05900000036 0.008999999613 0.06100000069
0.05700000003 0.01099999994 0.06100000069
0.05700000003 0.008999999613 0.06300000101
0.05900000036 0.008999999613 0.06300000101
0.05700000003 0.01099999994 0.06300000101
0.05700000003 0.01300000027 0.06100000069
0.05700000003 0.01499999966 0.06100000069
0.05700000003 0.01300000027 0.06300000101
0.05700000003 0.01499999966 0.06300000101
0.0549999997 0.02300000004 0.05099999905
0.0549999997 0.02099999972 0.05299999937
0.0549999997 0.02300000004 0.05299999937
0.0549999997 0.02099999972 0.0549999997
0.0549999997 0.02300000004 0.0549999997
0.05700000003 0.01700000092 0.04899999872
0.05900000036 0.01700000092 0.04899999872
0.05700000003 0.01899999939 0.04899999872
0.05700000003 0.01700000092 0.05099999905
0.05700000003 0.01899999939 0.05099999905
0.05700000003 0.02099999972 0.04899999872
0.05700000003 0.02099999972 0.05099999905
0.05700000003 0.01700000092 0.05299999937
0.05700000003 0.01700000092 0.0549999997
0.05700000003 0.01899999939 0.0549999997
0.05700000003 0.02099999972 0.05299999937
0.05700000003 0.02099999972 0.0549999997
0.0549999997 0.02500000037 0.04899999872
0.05299999937 0.0270000007 0.04899999872
0.0549999997 0.0270000007 0.04899999872
0.0549999997 0.02500000037 0.05099999905
0.05299999937 0.0270000007 0.05099999905
0.05099999905 0.03099999949 0.04899999872
0.05099999905 0.03099999949 0.05099999905
0.05299999937 0.02899999917 0.04899999872
0.05299999937 0.02899999917 0.05099999905
0.0549999997 0.02500000037 0.05299999937
0.05299999937 0.0270000007 0.05299999937
0.05299999937 0.02500000037 0.0549999997
0.0549999997 0.02500000037 0.0549999997
0.05299999937 0.0270000007 0.0549999997
0.05099999905 0.02899999917 0.05299999937
0.05099999905 0.03099999949 0.05299999937
0.05099999905 0.02899999917 0.0549999997
0.05099999905 0.03099999949 0.0549999997
0.05299999937 0.02899999917 0.05299999937
0.05299999937 0.02899999917 0.0549999997
0.0549999997 0.01899999939 0.05900000036
0.0549999997 0.02099999972 0.05700000003
0.0549999997 0.02300000004 0.05700000003
0.0549999997 0.02099999972 0.05900000036
0.0549999997 0.02300000004 0.05900000036
0.0549999997 0.01899999939 0.06100000069
0.0549999997 0.01700000092 0.06300000101
0.0549999997 0.01899999939 0.06300000101
0.0549999997 0.02099999972 0.06100000069
0.0549999997 0.02300000004 0.06100000069
0.0549999997 0.02099999972 0.06300000101
0.05299999937 0.02300000004 0.06300000101
0.0549999997 0.02300000004 0.06300000101
0.05700000003 0.01700000092 0.05700000003
0.05700000003 0.01899999939 0.05700000003
0.05700000003 0.01700000092 0.05900000036
0.05700000003 0.01700000092 0.06100000069
0.05700000003 0.01700000092 0.06300000101
0.05299999937 0.02500000037 0.05700000003
0.05299999937 0.0270000007 0.05700000003
0.05299999937 0.02500000037 0.05900000036
0.0549999997 0.02500000037 0.05900000036
0.05299999937 0.0270000007 0.05900000036
0.05099999905 0.02899999917 0.05700000003
0.05099999905 0.03099999949 0.05700000003
0.05099999905 0.02899999917 0.05900000036
0.05099999905 0.0270000007 0.06100000069
0.05299999937 0.02500000037 0.06100000069
0.05299999937 0.02500000037 0.06300000101
0.05099999905 0.02899999917 0.06100000069
0.04899999872 0.03099999949 0.06100000069
0.05099999905 0.03099999949 0.06100000069
0.05099999905 0.02899999917 0.06300000101
0.04899999872 0.03099999949 0.06300000101
0.03099999949 0.05900000036 0.03299999982
0.03099999949 0.05900000036 0.03500000015
0.0270000007 0.06300000101 0.03299999982
0.0270000007 0.06300000101 0.03500000015
0.02899999917 0.06100000069 0.03299999982
0.02899999917 0.06300000101 0.03500000015
0.03099999949 0.05900000036 0.03700000048
0.03099999949 0.05900000036 0.0390000008
0.0270000007 0.06300000101 0.03700000048
0.0270000007 0.06300000101 0.0390000008
0.02899999917 0.06100000069 0.0390000008
0.03099999949 0.05700000003 0.04100000113
0.02899999917 0.05900000036 0.04100000113
0.03099999949 0.05700000003 0.04300000146
0.02899999917 0.05900000036 0.04300000146
0.02500000037 0.06300000101 0.04100000113
0.0270000007 0.06100000069 0.04300000146
0.02500000037 0.06300000101 0.04300000146
0.02899999917 0.06100000069 0.04100000113
0.02899999917 0.06100000069 0.04300000146
0.02899999917 0.05900000036 0.04500000179
0.03099999949 0.05900000036 0.04500000179
0.02899999917 0.05900000036 0.04699999839
0.0270000007 0.06100000069 0.04500000179
0.02500000037 0.06300000101 0.04500000179
0.0270000007 0.06300000101 0.04699999839
0.03099999949 0.0549999997 0.05299999937
0.03099999949 0.0549999997 0.0549999997
0.02300000004 0.06300000101 0.05299999937
0.02300000004 0.06300000101 0.0549999997
0.03099999949 0.05700000003 0.04899999872
0.02899999917 0.05900000036 0.04899999872
0.03099999949 0.05700000003 0.05099999905
0.02899999917 0.05900000036 0.05099999905
0.0270000007 0.06100000069 0.04899999872
0.02500000037 0.06300000101 0.04899999872
0.0270000007 0.06100000069 0.05099999905
0.02500000037 0.06300000101 0.05099999905
0.0270000007 0.05900000036 0.05299999937
0.02899999917 0.05700000003 0.05299999937
0.03099999949 0.05700000003 0.05299999937
0.02899999917 0.05900000036 0.0549999997
0.02500000037 0.06100000069 0.05299999937
0.0270000007 0.06100000069 0.05299999937
0.02500000037 0.06100000069 0.0549999997
0.0270000007 0.06100000069 0.0549999997
0.03099999949 0.0549999997 0.05700000003
0.03099999949 0.0549999997 0.05900000036
0.03099999949 0.05299999937 0.06300000101
0.02300000004 0.06300000101 0.05700000003
0.02300000004 0.06300000101 0.05900000036
0.02300000004 0.06300000101 0.06100000069
0.0270000007 0.05900000036 0.05700000003
0.0270000007 0.05900000036 0.05900000036
0.02899999917 0.05700000003 0.05700000003
0.02500000037 0.06100000069 0.05700000003
0.02500000037 0.06300000101 0.05700000003
0.02500000037 0.06100000069 0.05900000036
0.0270000007 0.05700000003 0.06300000101
0.02500000037 0.05900000036 0.06300000101
0.02899999917 0.05700000003 0.06100000069
0.02899999917 0.05700000003 0.06300000101
0.02500000037 0.06100000069 0.06100000069
0.02500000037 0.06100000069 0.06300000101
0.04699999839 0.04100000113 0.03299999982
0.04699999839 0.04300000146 0.03299999982
0.04699999839 0.04100000113 0.03500000015
0.04500000179 0.04300000146 0.03500000015
0.04699999839 0.04300000146 0.03500000015
0.04300000146 0.04699999839 0.03299999982
0.04300000146 0.04500000179 0.03500000015
0.04300000146 0.04699999839 0.03500000015
0.04699999839 0.04100000113 0.03700000048
0.04699999839 0.04100000113 0.0390000008
0.04500000179 0.04300000146 0.0390000008
0.04300000146 0.04500000179 0.03700000048
0.04100000113 0.04699999839 0.03700000048
0.04300000146 0.04500000179 0.0390000008
0.04100000113 0.04699999839 0.0390000008
0.04500000179 0.04500000179 0.03700000048
0.04500000179 0.04500000179 0.0390000008
0.04699999839 0.0390000008 0.04100000113
0.04699999839 0.0390000008 0.04300000146
0.04699999839 0.0390000008 0.04500000179
0.04699999839 0.03700000048 0.04699999839
0.04699999839 0.0390000008 0.04699999839
0.0390000008 0.04699999839 0.04500000179
0.04300000146 0.04300000146 0.04300000146
0.04500000179 0.04100000113 0.04100000113
0.04500000179 0.04300000146 0.04100000113
0.04500000179 0.04100000113 0.04300000146
0.04500000179 0.04300000146 0.04300000146
0.04300000146 0.04500000179 0.04100000113
0.04100000113 0.04699999839 0.04100000113
0.04300000146 0.04699999839 0.04100000113
0.04100000113 0.04699999839 0.04300000146
0.04300000146 0.04300000146 0.04500000179
0.04300000146 0.04300000146 0.04699999839
0.04699999839 0.04100000113 0.04500000179
0.04500000179 0.04100000113 0.04699999839
0.04100000113 0.04500000179 0.04500000179
0.04300000146 0.04500000179 0.04500000179
0.04100000113 0.04699999839 0.04500000179
0.04300000146 0.04500000179 0.04699999839
0.05099999905 0.03500000015 0.03500000015
0.05299999937 0.03299999982 0.03299999982
0.05299999937 0.03500000015 0.03299999982
0.05299999937 0.03299999982 0.03500000015
0.05299999937 0.03500000015 0.03500000015
0.05099999905 0.03700000048 0.03299999982
0.04899999872 0.0390000008 0.03299999982
0.05099999905 0.03700000048 0.03500000015
0.05099999905 0.03500000015 0.03700000048
0.05099999905 0.03299999982 0.0390000008
0.05099999905 0.03500000015 0.0390000008
0.05299999937 0.03299999982 0.03700000048
0.05299999937 0.03299999982 0.0390000008
0.04899999872 0.03700000048 0.03700000048
0.04899999872 0.03700000048 0.0390000008
0.04899999872 0.0390000008 0.0390000008
0.04899999872 0.04100000113 0.03299999982
0.04899999872 0.04100000113 0.03500000015
0.05099999905 0.03299999982 0.04100000113
0.05099999905 0.03500000015 0.04100000113
0.05099999905 0.03299999982 0.04300000146
0.05299999937 0.03299999982 0.04100000113
0.04899999872 0.03700000048 0.04100000113
0.05099999905 0.03700000048 0.04100000113
0.04899999872 0.03700000048 0.04300000146
0.05099999905 0.03299999982 0.04500000179
0.04899999872 0.03500000015 0.04500000179
0.05099999905 0.03500000015 0.04500000179
0.04899999872 0.03500000015 0.04699999839
0.04899999872 0.03700000048 0.04500000179
0.0390000008 0.05099999905 0.03500000015
0.03500000015 0.0549999997 0.03299999982
0.03500000015 0.0549999997 0.03500000015
0.03700000048 0.05299999937 0.03299999982
0.0390000008 0.05099999905 0.03700000048
0.0390000008 0.05099999905 0.0390000008
0.03500000015 0.0549999997 0.03700000048
0.03299999982 0.0549999997 0.0390000008
0.03500000015 0.0549999997 0.0390000008
0.03700000048 0.05299999937 0.03700000048
0.03700000048 0.05299999937 0.0390000008
0.04100000113 0.04899999872 0.03299999982
0.04100000113 0.04899999872 0.03500000015
0.04100000113 0.04899999872 0.03700000048
0.04100000113 0.04899999872 0.0390000008
0.03299999982 0.05700000003 0.03299999982
0.03299999982 0.05900000036 0.03500000015
0.03299999982 0.05700000003 0.03700000048
0.03299999982 0.05700000003 0.0390000008
0.0390000008 0.04899999872 0.04100000113
0.03700000048 0.05099999905 0.04100000113
0.03700000048 0.05099999905 0.04300000146
0.0390000008 0.05099999905 0.04300000146
0.03500000015 0.05299999937 0.04100000113
0.03299999982 0.0549999997 0.04100000113
0.03500000015 0.05299999937 0.04300000146
0.03299999982 0.0549999997 0.04300000146
0.03700000048 0.05299999937 0.04100000113
0.03500000015 0.05099999905 0.04699999839
0.03700000048 0.05099999905 0.04500000179
0.03700000048 0.04899999872 0.04699999839
0.0390000008 0.04899999872 0.04699999839
0.03700000048 0.05099999905 0.04699999839
0.03500000015 0.05299999937 0.04500000179
0.03299999982 0.0549999997 0.04500000179
0.03500000015 0.0549999997 0.04500000179
0.03500000015 0.05299999937 0.04699999839
0.03299999982 0.0549999997 0.04699999839
0.03299999982 0.05700000003 0.04100000113
0.04699999839 0.03700000048 0.04899999872
0.04699999839 0.0390000008 0.04899999872
0.04699999839 0.03700000048 0.05099999905
0.04500000179 0.0390000008 0.05099999905
0.04699999839 0.03500000015 0.05299999937
0.04699999839 0.03500000015 0.0549999997
0.04699999839 0.03700000048 0.05299999937
0.04500000179 0.0390000008 0.05299999937
0.04699999839 0.03700000048 0.0549999997
0.04500000179 0.0390000008 0.0549999997
0.0390000008 0.04699999839 0.04899999872
0.0390000008 0.04699999839 0.05299999937
0.0390000008 0.04699999839 0.0549999997
0.04300000146 0.04100000113 0.05099999905
0.04300000146 0.04300000146 0.05099999905
0.04500000179 0.04100000113 0.04899999872
0.04500000179 0.04100000113 0.05099999905
0.04100000113 0.04500000179 0.04899999872
0.04100000113 0.04500000179 0.05099999905
0.04300000146 0.04100000113 0.05299999937
0.04100000113 0.04300000146 0.05299999937
0.04300000146 0.04300000146 0.05299999937
0.04300000146 0.04100000113 0.0549999997
0.04100000113 0.04300000146 0.0549999997
0.04500000179 0.04100000113 0.05299999937
0.04500000179 0.04100000113 0.0549999997
0.04100000113 0.04500000179 0.05299999937
0.04100000113 0.04500000179 0.0549999997
0.04699999839 0.03500000015 0.05700000003
0.04699999839 0.03500000015 0.05900000036
0.04300000146 0.0390000008 0.05900000036
0.04500000179 0.03700000048 0.05700000003
0.04500000179 0.0390000008 0.05700000003
0.04500000179 0.03700000048 0.05900000036
0.04500000179 0.0390000008 0.05900000036
0.04699999839 0.03299999982 0.06300000101
0.04699999839 0.03500000015 0.06300000101
0.04300000146 0.0390000008 0.06100000069
0.04300000146 0.0390000008 0.06300000101
0.04500000179 0.03700000048 0.06100000069
0.04699999839 0.03700000048 0.06100000069
0.04500000179 0.0390000008 0.06100000069
0.04500000179 0.03700000048 0.06300000101
0.03700000048 0.04699999839 0.05700000003
0.0390000008 0.04699999839 0.05700000003
0.0390000008 0.04500000179 0.05900000036
0.0390000008 0.04500000179 0.06100000069
0.03700000048 0.04699999839 0.06100000069
0.03700000048 0.04699999839 0.06300000101
0.0390000008 0.04699999839 0.06300000101
0.04300000146 0.04100000113 0.05700000003
0.04100000113 0.04300000146 0.05900000036
0.04300000146 0.04300000146 0.05900000036
0.04100000113 0.04500000179 0.05700000003
0.04100000113 0.04300000146 0.06100000069
0.04100000113 0.04100000113 0.06300000101
0.04300000146 0.04100000113 0.06300000101
0.04100000113 0.04300000146 0.06300000101
0.05099999905 0.03299999982 0.04899999872
0.04899999872 0.03500000015 0.04899999872
0.04899999872 0.03299999982 0.05099999905
0.05099999905 0.03299999982 0.05099999905
0.04899999872 0.03500000015 0.05099999905
0.04899999872 0.03700000048 0.05099999905
0.04899999872 0.03299999982 0.05299999937
0.05099999905 0.03299999982 0.05299999937
0.04899999872 0.03299999982 0.0549999997
0.04899999872 0.03500000015 0.0549999997
0.04899999872 0.03299999982 0.05700000003
0.04899999872 0.03299999982 0.05900000036
0.04899999872 0.03299999982 0.06100000069
0.04899999872 0.03299999982 0.06300000101
0.03500000015 0.05099999905 0.05099999905
0.03700000048 0.04899999872 0.04899999872
0.0390000008 0.04899999872 0.04899999872
0.03700000048 0.04899999872 0.05099999905
0.03500000015 0.05299999937 0.04899999872
0.03299999982 0.0549999997 0.04899999872
0.03299999982 0.05299999937 0.05099999905
0.03500000015 0.05299999937 0.05099999905
0.03500000015 0.05099999905 0.0549999997
0.03700000048 0.04899999872 0.05299999937
0.03700000048 0.05099999905 0.05299999937
0.03299999982 0.05299999937 0.05299999937
0.03299999982 0.0549999997 0.05299999937
0.03299999982 0.05299999937 0.0549999997
0.03299999982 0.0549999997 0.0549999997
0.03500000015 0.05099999905 0.05700000003
0.03500000015 0.04899999872 0.05900000036
0.03700000048 0.04899999872 0.05700000003
0.03700000048 0.04899999872 0.05900000036
0.03299999982 0.05299999937 0.05900000036
0.03500000015 0.04899999872 0.06100000069
0.03299999982 0.05099999905 0.06100000069
0.03500000015 0.04899999872 0.06300000101
0.03299999982 0.05099999905 0.06300000101
0.03500000015 0.05099999905 0.06300000101
0.03299999982 0.05299999937 0.06100000069
0.06899999827 0.001000000047 0.01099999994
0.06899999827 0.003000000026 0.01099999994
0.06700000167 0.007000000216 0.01099999994
0.06899999827 0.004999999888 0.01099999994
0.06700000167 0.001000000047 0.01300000027
0.06700000167 0.003000000026 0.01300000027
0.06700000167 0.001000000047 0.01499999966
0.06700000167 0.003000000026 0.01499999966
0.06899999827 0.001000000047 0.01300000027
0.06700000167 0.004999999888 0.01300000027
0.06700000167 0.007000000216 0.01300000027
0.06700000167 0.004999999888 0.01499999966
0.06700000167 0.007000000216 0.01499999966
0.06700000167 0.008999999613 0.01099999994
0.06700000167 0.01099999994 0.01099999994
0.06700000167 0.01300000027 0.01099999994
0.06700000167 0.01499999966 0.01099999994
0.06700000167 0.008999999613 0.01300000027
0.06700000167 0.01099999994 0.01300000027
0.06700000167 0.008999999613 0.01499999966
0.06700000167 0.01099999994 0.01499999966
0.06700000167 0.01300000027 0.01300000027
0.06499999762 0.01499999966 0.01300000027
0.06700000167 0.01499999966 0.01300000027
0.06499999762 0.01300000027 0.01499999966
0.06700000167 0.01300000027 0.01499999966
0.06499999762 0.01499999966 0.01499999966
0.06700000167 0.01700000092 0.01099999994
0.06499999762 0.01899999939 0.01099999994
0.06499999762 0.02099999972 0.01099999994
0.06499999762 0.02300000004 0.01099999994
0.06499999762 0.01700000092 0.01300000027
0.06499999762 0.01899999939 0.01300000027
0.06499999762 0.01700000092 0.01499999966
0.06499999762 0.01899999939 0.01499999966
0.06499999762 0.02099999972 0.01300000027
0.06700000167 0.001000000047 0.01700000092
0.06700000167 0.003000000026 0.01700000092
0.06700000167 0.001000000047 0.01899999939
0.06499999762 0.003000000026 0.01899999939
0.06700000167 0.003000000026 0.01899999939
0.06700000167 0.004999999888 0.01700000092
0.06700000167 0.007000000216 0.01700000092
0.06499999762 0.004999999888 0.01899999939
0.06700000167 0.004999999888 0.01899999939
0.06499999762 0.007000000216 0.01899999939
0.06700000167 0.007000000216 0.01899999939
0.06499999762 0.001000000047 0.02099999972
0.06499999762 0.003000000026 0.02099999972
0.06499999762 0.001000000047 0.02300000004
0.06499999762 0.003000000026 0.02300000004
0.06499999762 0.004999999888 0.02099999972
0.06499999762 0.007000000216 0.02099999972
0.06499999762 0.004999999888 0.02300000004
0.06499999762 0.007000000216 0.02300000004
0.06499999762 0.008999999613 0.01700000092
0.06700000167 0.008999999613 0.01700000092
0.06499999762 0.01099999994 0.01700000092
0.06700000167 0.01099999994 0.01700000092
0.06499999762 0.008999999613 0.01899999939
0.06499999762 0.01099999994 0.01899999939
0.06499999762 0.01300000027 0.01700000092
0.06499999762 0.01499999966 0.01700000092
0.06499999762 0.01300000027 0.01899999939
0.06499999762 0.01499999966 0.01899999939
0.06499999762 0.008999999613 0.02099999972
0.06499999762 0.01099999994 0.02099999972
0.06499999762 0.008999999613 0.02300000004
0.06499999762 0.01099999994 0.02300000004
0.06499999762 0.01300000027 0.02099999972
0.06499999762 0.001000000047 0.02500000037
0.06499999762 0.003000000026 0.02500000037
0.06499999762 0.001000000047 0.0270000007
0.06499999762 0.003000000026 0.0270000007
0.06499999762 0.004999999888 0.02500000037
0.06499999762 0.007000000216 0.02500000037
0.06499999762 0.004999999888 0.0270000007
0.06499999762 0.007000000216 0.0270000007
0.06499999762 0.001000000047 0.02899999917
0.06499999762 0.004999999888 0.02899999917
0.06499999762 0.008999999613 0.02500000037
0.06499999762 0.01700000092 0.01700000092
0.06499999762 0.01899999939 0.01700000092
0.06499999762 0.01700000092 0.01899999939
0.02300000004 0.07100000232 0.01099999994
0.02099999972 0.07100000232 0.01300000027
0.0270000007 0.06700000167 0.01099999994
0.02899999917 0.06499999762 0.01099999994
0.02899999917 0.06700000167 0.01099999994
0.0270000007 0.06700000167 0.01300000027
0.0270000007 0.06499999762 0.01499999966
0.02500000037 0.06700000167 0.01499999966
0.01899999939 0.07299999893 0.01099999994
0.01899999939 0.07500000298 0.01099999994
0.01899999939 0.07299999893 0.01300000027
0.01899999939 0.07299999893 0.01499999966
0.02300000004 0.06899999827 0.01700000092
0.02300000004 0.06899999827 0.01899999939
0.02300000004 0.06899999827 0.02099999972
0.02099999972 0.07100000232 0.02099999972
0.02099999972 0.07100000232 0.02300000004
0.0270000007 0.06499999762 0.01700000092
0.02500000037 0.06700000167 0.01700000092
0.0270000007 0.06499999762 0.01899999939
0.02899999917 0.06499999762 0.01899999939
0.02500000037 0.06899999827 0.01700000092
0.0270000007 0.06499999762 0.02099999972
0.02500000037 0.06700000167 0.02099999972
0.02500000037 0.06700000167 0.02300000004
0.0270000007 0.06700000167 0.02300000004
0.01899999939 0.07299999893 0.01700000092
0.01899999939 0.07299999893 0.01899999939
0.01700000092 0.07500000298 0.02099999972
0.01700000092 0.07299999893 0.02300000004
0.02300000004 0.06700000167 0.02500000037
0.01899999939 0.07100000232 0.02500000037
0.02099999972 0.07100000232 0.02500000037
0.02300000004 0.06899999827 0.0270000007
0.02300000004 0.06700000167 0.02899999917
0.02099999972 0.06899999827 0.02899999917
0.02300000004 0.06899999827 0.02899999917
0.02300000004 0.06899999827 0.03099999949
0.02500000037 0.06700000167 0.02500000037
0.02500000037 0.06499999762 0.0270000007
0.02500000037 0.06700000167 0.0270000007
0.02500000037 0.06499999762 0.02899999917
0.0270000007 0.06499999762 0.02899999917
0.0270000007 0.06499999762 0.03099999949
0.01700000092 0.07299999893 0.02500000037
0.01899999939 0.07299999893 0.02500000037
0.01700000092 0.07299999893 0.0270000007
0.01899999939 0.07299999893 0.0270000007
0.01700000092 0.07299999893 0.02899999917
0.01700000092 0.07299999893 0.03099999949
0.01499999966 0.07299999893 0.0390000008
0.01499999966 0.07299999893 0.04100000113
0.01499999966 0.07299999893 0.04300000146
0.01499999966 0.07299999893 0.04500000179
0.02300000004 0.06700000167 0.03299999982
0.02300000004 0.06700000167 0.03500000015
0.01700000092 0.07100000232 0.03299999982
0.01899999939 0.07100000232 0.03299999982
0.01700000092 0.07100000232 0.03500000015
0.02099999972 0.06899999827 0.03299999982
0.02099999972 0.07100000232 0.03500000015
0.02300000004 0.06700000167 0.03700000048
0.02300000004 0.06700000167 0.0390000008
0.01899999939 0.07100000232 0.03700000048
0.01700000092 0.07100000232 0.0390000008
0.02099999972 0.06899999827 0.0390000008
0.02500000037 0.06499999762 0.03299999982
0.02500000037 0.06700000167 0.03500000015
0.02500000037 0.06499999762 0.03700000048
0.02500000037 0.06499999762 0.0390000008
0.01700000092 0.07500000298 0.03299999982
0.01700000092 0.07299999893 0.03700000048
0.02300000004 0.06499999762 0.04100000113
0.02099999972 0.06700000167 0.04100000113
0.02300000004 0.06700000167 0.04300000146
0.01899999939 0.06899999827 0.04100000113
0.01899999939 0.06899999827 0.04300000146
0.01700000092 0.07100000232 0.04300000146
0.02099999972 0.06899999827 0.04100000113
0.02300000004 0.06499999762 0.04500000179
0.02099999972 0.06700000167 0.04500000179
0.02300000004 0.06499999762 0.04699999839
0.02300000004 0.06700000167 0.04699999839
0.01899999939 0.06899999827 0.04500000179
0.01899999939 0.07100000232 0.04500000179
0.01700000092 0.07100000232 0.04699999839
0.02500000037 0.06499999762 0.04100000113
0.02500000037 0.06499999762 0.04300000146
0.01700000092 0.07299999893 0.04100000113
0.01499999966 0.07100000232 0.04899999872
0.01499999966 0.07100000232 0.05099999905
0.01499999966 0.07100000232 0.05299999937
0.01499999966 0.07299999893 0.04899999872
0.01499999966 0.07299999893 0.05099999905
0.01499999966 0.07299999893 0.05299999937
0.01300000027 0.07299999893 0.0549999997
0.01499999966 0.07100000232 0.05700000003
0.01499999966 0.07100000232 0.05900000036
0.01499999966 0.07100000232 0.06100000069
0.01300000027 0.07299999893 0.05700000003
0.01099999994 0.07299999893 0.06300000101
0.01300000027 0.07299999893 0.06100000069
0.01300000027 0.07299999893 0.06300000101
0.02300000004 0.06499999762 0.04899999872
0.02099999972 0.06700000167 0.04899999872
0.02300000004 0.06499999762 0.05099999905
0.01899999939 0.06899999827 0.04899999872
0.02099999972 0.06899999827 0.05099999905
0.02300000004 0.06499999762 0.05299999937
0.02099999972 0.06499999762 0.0549999997
0.01899999939 0.06899999827 0.05299999937
0.01700000092 0.06899999827 0.0549999997
0.01899999939 0.06899999827 0.0549999997
0.01899999939 0.06700000167 0.05700000003
0.01899999939 0.06700000167 0.05900000036
0.02099999972 0.06499999762 0.05700000003
0.02099999972 0.06700000167 0.05700000003
0.02099999972 0.06499999762 0.05900000036
0.01700000092 0.06899999827 0.05700000003
0.01700000092 0.07100000232 0.05700000003
0.01700000092 0.06899999827 0.05900000036
0.01899999939 0.06700000167 0.06100000069
0.01899999939 0.06700000167 0.06300000101
0.02099999972 0.06499999762 0.06300000101
0.01700000092 0.06899999827 0.06300000101
0.05900000036 0.001000000047 0.06499999762
0.05900000036 0.003000000026 0.06499999762
0.05900000036 0.001000000047 0.06700000167
0.05900000036 0.003000000026 0.06700000167
0.05700000003 0.007000000216 0.06499999762
0.05900000036 0.007000000216 0.06499999762
0.05700000003 0.004999999888 0.06700000167
0.05900000036 0.004999999888 0.06700000167
0.05700000003 0.007000000216 0.06700000167
0.05700000003 0.001000000047 0.06899999827
0.05900000036 0.001000000047 0.06899999827
0.05700000003 0.003000000026 0.06899999827
0.05900000036 0.003000000026 0.06899999827
0.05700000003 0.001000000047 0.07100000232
0.05700000003 0.003000000026 0.07100000232
0.05700000003 0.004999999888 0.06899999827
0.05700000003 0.007000000216 0.06899999827
0.05700000003 0.004999999888 0.07100000232
0.05700000003 0.007000000216 0.07100000232
0.0549999997 0.01499999966 0.06899999827
0.0549999997 0.01499999966 0.07100000232
0.05700000003 0.008999999613 0.06499999762
0.05700000003 0.01099999994 0.06499999762
0.05700000003 0.008999999613 0.06700000167
0.05700000003 0.01099999994 0.06700000167
0.05700000003 0.01300000027 0.06499999762
0.05700000003 0.01499999966 0.06499999762
0.05700000003 0.01300000027 0.06700000167
0.05700000003 0.01499999966 0.06700000167
0.05700000003 0.008999999613 0.06899999827
0.05700000003 0.01099999994 0.06899999827
0.05700000003 0.008999999613 0.07100000232
0.05700000003 0.01099999994 0.07100000232
0.05700000003 0.01300000027 0.06899999827
0.05700000003 0.01499999966 0.06899999827
0.05700000003 0.01300000027 0.07100000232
0.05700000003 0.001000000047 0.07299999893
0.05700000003 0.003000000026 0.07299999893
0.05700000003 0.001000000047 0.07500000298
0.05700000003 0.003000000026 0.07500000298
0.05700000003 0.004999999888 0.07299999893
0.05700000003 0.007000000216 0.07299999893
0.05700000003 0.004999999888 0.07500000298
0.05700000003 0.007000000216 0.07500000298
0.05700000003 0.001000000047 0.07699999958
0.05700000003 0.003000000026 0.07699999958
0.05700000003 0.001000000047 0.07900000364
0.05700000003 0.003000000026 0.07900000364
0.05700000003 0.004999999888 0.07699999958
0.05700000003 0.007000000216 0.07699999958
0.05700000003 0.004999999888 0.07900000364
0.05700000003 0.007000000216 0.07900000364
0.0549999997 0.01300000027 0.07299999893
0.0549999997 0.01499999966 0.07299999893
0.0549999997 0.01300000027 0.07500000298
0.0549999997 0.01499999966 0.07500000298
0.0549999997 0.01099999994 0.07900000364
0.0549999997 0.01300000027 0.07699999958
0.0549999997 0.01300000027 0.07900000364
0.0549999997 0.01499999966 0.07900000364
0.05700000003 0.008999999613 0.07299999893
0.05700000003 0.01099999994 0.07299999893
0.05700000003 0.008999999613 0.07500000298
0.05700000003 0.01099999994 0.07500000298
0.05700000003 0.01300000027 0.07299999893
0.05700000003 0.01300000027 0.07500000298
0.05700000003 0.008999999613 0.07699999958
0.05700000003 0.01099999994 0.07699999958
0.05700000003 0.008999999613 0.07900000364
0.05700000003 0.01099999994 0.07900000364
0.04699999839 0.03099999949 0.07699999958
0.04699999839 0.03099999949 0.07900000364
0.0549999997 0.01700000092 0.06499999762
0.0549999997 0.01899999939 0.06499999762
0.0549999997 0.01700000092 0.06700000167
0.0549999997 0.02099999972 0.06499999762
0.05299999937 0.02300000004 0.06499999762
0.05299999937 0.02099999972 0.06700000167
0.0549999997 0.02099999972 0.06700000167
0.05299999937 0.02300000004 0.06700000167
0.0549999997 0.01700000092 0.06899999827
0.0549999997 0.01899999939 0.06899999827
0.0549999997 0.01700000092 0.07100000232
0.0549999997 0.01899999939 0.07100000232
0.05299999937 0.02099999972 0.06899999827
0.0549999997 0.02099999972 0.06899999827
0.05299999937 0.02300000004 0.06899999827
0.05299999937 0.02099999972 0.07100000232
0.05299999937 0.02300000004 0.07100000232
0.05099999905 0.0270000007 0.06499999762
0.05099999905 0.0270000007 0.06700000167
0.05299999937 0.02500000037 0.06499999762
0.05299999937 0.0270000007 0.06499999762
0.05299999937 0.02500000037 0.06700000167
0.05099999905 0.02899999917 0.06499999762
0.04899999872 0.03099999949 0.06499999762
0.04899999872 0.02899999917 0.06700000167
0.05099999905 0.02899999917 0.06700000167
0.04899999872 0.03099999949 0.06700000167
0.05099999905 0.02500000037 0.06899999827
0.05099999905 0.0270000007 0.06899999827
0.05099999905 0.02500000037 0.07100000232
0.05099999905 0.0270000007 0.07100000232
0.05299999937 0.02500000037 0.06899999827
0.05299999937 0.02500000037 0.07100000232
0.05099999905 0.02899999917 0.06899999827
0.04899999872 0.03099999949 0.06899999827
0.04899999872 0.02899999917 0.07100000232
0.04899999872 0.03099999949 0.07100000232
0.0549999997 0.01700000092 0.07299999893
0.0549999997 0.01899999939 0.07299999893
0.0549999997 0.01700000092 0.07500000298
0.0549999997 0.01899999939 0.07500000298
0.05299999937 0.02099999972 0.07299999893
0.0549999997 0.02099999972 0.07299999893
0.05299999937 0.02300000004 0.07299999893
0.05299999937 0.02099999972 0.07500000298
0.05299999937 0.02300000004 0.07500000298
0.0549999997 0.01700000092 0.07699999958
0.05299999937 0.01899999939 0.07699999958
0.0549999997 0.01899999939 0.07699999958
0.0549999997 0.01700000092 0.07900000364
0.05299999937 0.01899999939 0.07900000364
0.05299999937 0.02099999972 0.07699999958
0.05299999937 0.02300000004 0.07699999958
0.05299999937 0.02099999972 0.07900000364
0.05099999905 0.02500000037 0.07299999893
0.05099999905 0.0270000007 0.07299999893
0.05099999905 0.0270000007 0.07500000298
0.04899999872 0.02899999917 0.07299999893
0.04899999872 0.03099999949 0.07299999893
0.04899999872 0.02899999917 0.07500000298
0.05099999905 0.02899999917 0.07500000298
0.04899999872 0.03099999949 0.07500000298
0.05099999905 0.02500000037 0.07699999958
0.05099999905 0.02500000037 0.07900000364
0.05099999905 0.0270000007 0.07900000364
0.05299999937 0.02500000037 0.07699999958
0.04899999872 0.02899999917 0.07699999958
0.04899999872 0.03099999949 0.07699999958
0.04899999872 0.02899999917 0.07900000364
0.05700000003 0.001000000047 0.08100000024
0.05700000003 0.003000000026 0.08100000024
0.05700000003 0.001000000047 0.08299999684
0.05700000003 0.003000000026 0.08299999684
0.05700000003 0.004999999888 0.08100000024
0.05700000003 0.007000000216 0.08100000024
0.05700000003 0.004999999888 0.08299999684
0.05700000003 0.007000000216 0.08299999684
0.05700000003 0.001000000047 0.08500000089
0.05700000003 0.003000000026 0.08500000089
0.05900000036 0.001000000047 0.0869999975
0.05900000036 0.003000000026 0.0869999975
0.05700000003 0.004999999888 0.08500000089
0.05700000003 0.007000000216 0.08500000089
0.05900000036 0.004999999888 0.0869999975
0.05900000036 0.007000000216 0.0869999975
0.0549999997 0.01099999994 0.08100000024
0.0549999997 0.01099999994 0.08299999684
0.0549999997 0.01300000027 0.08100000024
0.0549999997 0.01499999966 0.08100000024
0.0549999997 0.01300000027 0.08299999684
0.0549999997 0.01499999966 0.08299999684
0.0549999997 0.01099999994 0.08500000089
0.0549999997 0.01300000027 0.08500000089
0.05700000003 0.01099999994 0.08100000024
0.05700000003 0.008999999613 0.08299999684
0.05700000003 0.008999999613 0.0869999975
0.05900000036 0.008999999613 0.0869999975
0.05700000003 0.01099999994 0.0869999975
0.05700000003 0.01300000027 0.0869999975
0.05900000036 0.001000000047 0.08900000155
0.05900000036 0.003000000026 0.08900000155
0.05900000036 0.001000000047 0.09099999815
0.05900000036 0.003000000026 0.09099999815
0.05900000036 0.004999999888 0.08900000155
0.05900000036 0.007000000216 0.08900000155
0.05900000036 0.004999999888 0.09099999815
0.05900000036 0.007000000216 0.09099999815
0.06100000069 0.001000000047 0.09300000221
0.06100000069 0.003000000026 0.09300000221
0.06100000069 0.001000000047 0.09499999881
0.06100000069 0.003000000026 0.09499999881
0.05900000036 0.007000000216 0.09499999881
0.06100000069 0.004999999888 0.09300000221
0.06100000069 0.004999999888 0.09499999881
0.06100000069 0.007000000216 0.09499999881
0.05900000036 0.008999999613 0.08900000155
0.05700000003 0.01099999994 0.08900000155
0.05900000036 0.01099999994 0.08900000155
0.05900000036 0.008999999613 0.09099999815
0.05700000003 0.01099999994 0.09099999815
0.05900000036 0.01099999994 0.09099999815
0.05700000003 0.01300000027 0.08900000155
0.05700000003 0.01499999966 0.08900000155
0.05700000003 0.01300000027 0.09099999815
0.05700000003 0.01499999966 0.09099999815
0.05900000036 0.008999999613 0.09300000221
0.05900000036 0.01099999994 0.09300000221
0.05900000036 0.008999999613 0.09499999881
0.05700000003 0.01300000027 0.09300000221
0.05900000036 0.01300000027 0.09300000221
0.05700000003 0.01499999966 0.09300000221
0.05700000003 0.01300000027 0.09499999881
0.05700000003 0.01499999966 0.09499999881
0.04699999839 0.03099999949 0.08100000024
0.04699999839 0.03099999949 0.08299999684
0.04699999839 0.03099999949 0.08500000089
0.04699999839 0.03099999949 0.0869999975
0.04699999839 0.03099999949 0.08900000155
0.04699999839 0.02899999917 0.09099999815
0.04699999839 0.03099999949 0.09099999815
0.04699999839 0.02899999917 0.09300000221
0.04699999839 0.03099999949 0.09300000221
0.04699999839 0.02899999917 0.09499999881
0.04699999839 0.03099999949 0.09499999881
0.0549999997 0.01700000092 0.08100000024
0.05299999937 0.01899999939 0.08100000024
0.05299999937 0.01700000092 0.08299999684
0.0549999997 0.01700000092 0.08299999684
0.05299999937 0.01899999939 0.08299999684
0.05099999905 0.02300000004 0.08299999684
0.05299999937 0.02099999972 0.08100000024
0.05299999937 0.02300000004 0.08100000024
0.05299999937 0.02099999972 0.08299999684
0.05299999937 0.02300000004 0.08299999684
0.0549999997 0.01700000092 0.08500000089
0.05299999937 0.01899999939 0.08500000089
0.05099999905 0.02300000004 0.08500000089
0.05099999905 0.02300000004 0.0869999975
0.05299999937 0.02099999972 0.08500000089
0.05700000003 0.01700000092 0.0869999975
0.05099999905 0.02500000037 0.08100000024
0.04899999872 0.0270000007 0.08100000024
0.05099999905 0.0270000007 0.08100000024
0.05099999905 0.02500000037 0.08299999684
0.04899999872 0.0270000007 0.08299999684
0.04899999872 0.02899999917 0.08100000024
0.04899999872 0.03099999949 0.08100000024
0.04899999872 0.02899999917 0.08299999684
0.04899999872 0.03099999949 0.08299999684
0.05099999905 0.02500000037 0.08500000089
0.05099999905 0.02500000037 0.0869999975
0.04899999872 0.0270000007 0.0869999975
0.05099999905 0.0270000007 0.0869999975
0.04899999872 0.02899999917 0.08500000089
0.04899999872 0.02899999917 0.0869999975
0.0549999997 0.01899999939 0.08900000155
0.0549999997 0.01899999939 0.09099999815
0.05099999905 0.02300000004 0.08900000155
0.05099999905 0.02300000004 0.09099999815
0.0549999997 0.02099999972 0.08900000155
0.0549999997 0.02099999972 0.09099999815
0.0549999997 0.01899999939 0.09300000221
0.0549999997 0.02099999972 0.09300000221
0.05299999937 0.02300000004 0.09300000221
0.0549999997 0.02099999972 0.09499999881
0.0549999997 0.02300000004 0.09499999881
0.05700000003 0.01700000092 0.08900000155
0.05700000003 0.01899999939 0.08900000155
0.05700000003 0.01700000092 0.09099999815
0.05700000003 0.01899999939 0.09099999815
0.05700000003 0.01700000092 0.09300000221
0.05700000003 0.01899999939 0.09300000221
0.05700000003 0.01700000092 0.09499999881
0.05099999905 0.02500000037 0.08900000155
0.04899999872 0.0270000007 0.08900000155
0.05099999905 0.02500000037 0.09099999815
0.04899999872 0.0270000007 0.09099999815
0.04899999872 0.02899999917 0.08900000155
0.05099999905 0.02500000037 0.09300000221
0.04899999872 0.0270000007 0.09300000221
0.04899999872 0.0270000007 0.09499999881
0.05299999937 0.02500000037 0.09300000221
0.05299999937 0.02500000037 0.09499999881
0.04899999872 0.02899999917 0.09300000221
0.04899999872 0.02899999917 0.09499999881
0.03099999949 0.05299999937 0.06499999762
0.02899999917 0.0549999997 0.06499999762
0.03099999949 0.0549999997 0.06499999762
0.03099999949 0.05299999937 0.06700000167
0.02899999917 0.0549999997 0.06700000167
0.03099999949 0.0549999997 0.06700000167
0.03099999949 0.05299999937 0.06899999827
0.02899999917 0.0549999997 0.06899999827
0.03099999949 0.05299999937 0.07100000232
0.02300000004 0.06100000069 0.06499999762
0.02300000004 0.06100000069 0.06700000167
0.02099999972 0.06300000101 0.06700000167
0.02300000004 0.06300000101 0.06700000167
0.02099999972 0.06300000101 0.06899999827
0.02300000004 0.06300000101 0.06899999827
0.02300000004 0.06100000069 0.07100000232
0.02099999972 0.06300000101 0.07100000232
0.0270000007 0.05700000003 0.06499999762
0.0270000007 0.05900000036 0.06499999762
0.02500000037 0.05900000036 0.06700000167
0.0270000007 0.05900000036 0.06700000167
0.02899999917 0.05700000003 0.06499999762
0.02500000037 0.06100000069 0.06499999762
0.0270000007 0.05700000003 0.06899999827
0.02500000037 0.05900000036 0.06899999827
0.0270000007 0.05700000003 0.07100000232
0.02899999917 0.05700000003 0.07100000232
0.02500000037 0.06100000069 0.07100000232
0.03099999949 0.05099999905 0.07299999893
0.03099999949 0.05099999905 0.07500000298
0.0270000007 0.0549999997 0.07500000298
0.02899999917 0.05299999937 0.07299999893
0.03099999949 0.05299999937 0.07299999893
0.02899999917 0.0549999997 0.07299999893
0.02899999917 0.0549999997 0.07500000298
0.03099999949 0.05099999905 0.07699999958
0.0270000007 0.0549999997 0.07699999958
0.0270000007 0.0549999997 0.07900000364
0.02899999917 0.05299999937 0.07699999958
0.02899999917 0.0549999997 0.07699999958
0.02899999917 0.05299999937 0.07900000364
0.02300000004 0.06100000069 0.07299999893
0.02099999972 0.06100000069 0.07500000298
0.02300000004 0.06100000069 0.07500000298
0.02300000004 0.05900000036 0.07699999958
0.02300000004 0.05900000036 0.07900000364
0.01899999939 0.06300000101 0.07699999958
0.01899999939 0.06300000101 0.07900000364
0.02099999972 0.06300000101 0.07699999958
0.02099999972 0.06100000069 0.07900000364
0.02099999972 0.06300000101 0.07900000364
0.0270000007 0.05700000003 0.07299999893
0.02500000037 0.05700000003 0.07500000298
0.0270000007 0.05700000003 0.07500000298
0.02500000037 0.05900000036 0.07500000298
0.02500000037 0.05700000003 0.07699999958
0.02500000037 0.05900000036 0.07699999958
0.02500000037 0.05700000003 0.07900000364
0.0270000007 0.05700000003 0.07900000364
0.03099999949 0.04699999839 0.09300000221
0.03099999949 0.04699999839 0.09499999881
0.01499999966 0.06300000101 0.08500000089
0.01300000027 0.06300000101 0.0869999975
0.001000000047 0.06300000101 0.09099999815
0.003000000026 0.05900000036 0.09499999881
0.007000000216 0.05900000036 0.09499999881
0.001000000047 0.06300000101 0.09300000221
0.004999999888 0.06300000101 0.09300000221
0.01499999966 0.05900000036 0.09099999815
0.008999999613 0.06100000069 0.09099999815
0.01099999994 0.06100000069 0.09099999815
0.008999999613 0.06300000101 0.09099999815
0.01499999966 0.06100000069 0.08900000155
0.01300000027 0.06300000101 0.08900000155
0.01499999966 0.06100000069 0.09099999815
0.008999999613 0.05900000036 0.09499999881
0.01499999966 0.05900000036 0.09300000221
0.01499999966 0.05700000003 0.09499999881
0.01099999994 0.06100000069 0.09300000221
0.03099999949 0.05099999905 0.08100000024
0.02899999917 0.05099999905 0.08299999684
0.03099999949 0.05099999905 0.08299999684
0.0270000007 0.05299999937 0.08299999684
0.02500000037 0.0549999997 0.08299999684
0.0270000007 0.0549999997 0.08299999684
0.02899999917 0.05299999937 0.08100000024
0.03099999949 0.04899999872 0.08500000089
0.02899999917 0.05099999905 0.08500000089
0.03099999949 0.04899999872 0.0869999975
0.02899999917 0.05099999905 0.0869999975
0.03099999949 0.05099999905 0.0869999975
0.0270000007 0.05299999937 0.08500000089
0.02500000037 0.0549999997 0.08500000089
0.0270000007 0.05299999937 0.0869999975
0.02899999917 0.05299999937 0.08500000089
0.02899999917 0.05299999937 0.0869999975
0.02099999972 0.05900000036 0.08299999684
0.02300000004 0.05900000036 0.08299999684
0.01899999939 0.06300000101 0.08100000024
0.01899999939 0.06100000069 0.08299999684
0.01700000092 0.06300000101 0.08299999684
0.01899999939 0.06300000101 0.08299999684
0.02099999972 0.06100000069 0.08100000024
0.02099999972 0.06100000069 0.08299999684
0.01899999939 0.05900000036 0.0869999975
0.02300000004 0.05700000003 0.08500000089
0.02099999972 0.05900000036 0.08500000089
0.02300000004 0.05900000036 0.08500000089
0.02099999972 0.05700000003 0.0869999975
0.02300000004 0.05700000003 0.0869999975
0.01700000092 0.06300000101 0.08500000089
0.01700000092 0.06100000069 0.0869999975
0.01899999939 0.06100000069 0.0869999975
0.02500000037 0.05700000003 0.08100000024
0.0270000007 0.05700000003 0.08100000024
0.02300000004 0.0549999997 0.08900000155
0.02300000004 0.0549999997 0.09099999815
0.01899999939 0.0549999997 0.09499999881
0.02099999972 0.0549999997 0.09300000221
0.02300000004 0.05299999937 0.09499999881
0.02099999972 0.0549999997 0.09499999881
0.0270000007 0.05099999905 0.08900000155
0.0270000007 0.05099999905 0.09099999815
0.03099999949 0.04899999872 0.08900000155
0.02899999917 0.05099999905 0.08900000155
0.02899999917 0.04899999872 0.09099999815
0.03099999949 0.04899999872 0.09099999815
0.02899999917 0.05099999905 0.09099999815
0.02500000037 0.05299999937 0.08900000155
0.02500000037 0.0549999997 0.08900000155
0.02500000037 0.05299999937 0.09099999815
0.0270000007 0.05299999937 0.09099999815
0.0270000007 0.04899999872 0.09499999881
0.02500000037 0.05099999905 0.09499999881
0.0270000007 0.05099999905 0.09499999881
0.02899999917 0.04899999872 0.09300000221
0.02899999917 0.04899999872 0.09499999881
0.02500000037 0.05299999937 0.09300000221
0.0270000007 0.05299999937 0.09300000221
0.02500000037 0.05299999937 0.09499999881
0.01899999939 0.05900000036 0.08900000155
0.01899999939 0.05700000003 0.09099999815
0.01700000092 0.05900000036 0.09099999815
0.02300000004 0.05700000003 0.08900000155
0.02099999972 0.05900000036 0.08900000155
0.02099999972 0.05700000003 0.09099999815
0.01700000092 0.05700000003 0.09300000221
0.01899999939 0.05700000003 0.09300000221
0.04699999839 0.03299999982 0.06499999762
0.04699999839 0.03500000015 0.06499999762
0.04699999839 0.03500000015 0.06700000167
0.04300000146 0.0390000008 0.06499999762
0.04300000146 0.0390000008 0.06700000167
0.04500000179 0.03700000048 0.06499999762
0.04699999839 0.03299999982 0.06899999827
0.04699999839 0.03299999982 0.07100000232
0.04699999839 0.03500000015 0.07100000232
0.04300000146 0.0390000008 0.06899999827
0.04300000146 0.03700000048 0.07100000232
0.04300000146 0.0390000008 0.07100000232
0.04500000179 0.03700000048 0.06899999827
0.04500000179 0.03700000048 0.07100000232
0.0390000008 0.04300000146 0.06700000167
0.0390000008 0.04500000179 0.06499999762
0.03700000048 0.04699999839 0.06499999762
0.0390000008 0.04500000179 0.06700000167
0.03700000048 0.04699999839 0.06700000167
0.0390000008 0.04300000146 0.06899999827
0.0390000008 0.04300000146 0.07100000232
0.03500000015 0.04699999839 0.07100000232
0.0390000008 0.04500000179 0.06899999827
0.03700000048 0.04699999839 0.07100000232
0.04100000113 0.04100000113 0.06499999762
0.04300000146 0.04100000113 0.06499999762
0.04100000113 0.04300000146 0.06499999762
0.04100000113 0.04100000113 0.06700000167
0.04100000113 0.04300000146 0.06899999827
0.04500000179 0.03500000015 0.07299999893
0.04699999839 0.03500000015 0.07299999893
0.04699999839 0.03299999982 0.07500000298
0.04500000179 0.03500000015 0.07500000298
0.04699999839 0.03500000015 0.07500000298
0.04300000146 0.03700000048 0.07299999893
0.04300000146 0.03700000048 0.07500000298
0.04500000179 0.03700000048 0.07299999893
0.04699999839 0.03299999982 0.07699999958
0.04500000179 0.03500000015 0.07699999958
0.04699999839 0.03299999982 0.07900000364
0.04500000179 0.03500000015 0.07900000364
0.04100000113 0.0390000008 0.07699999958
0.04300000146 0.0390000008 0.07699999958
0.04300000146 0.03700000048 0.07900000364
0.04100000113 0.0390000008 0.07900000364
0.04500000179 0.03700000048 0.07900000364
0.0390000008 0.04300000146 0.07299999893
0.03500000015 0.04699999839 0.07299999893
0.03500000015 0.04699999839 0.07500000298
0.03700000048 0.04500000179 0.07299999893
0.03700000048 0.04699999839 0.07299999893
0.03700000048 0.04500000179 0.07500000298
0.0390000008 0.04500000179 0.07500000298
0.0390000008 0.04100000113 0.07699999958
0.03700000048 0.04300000146 0.07699999958
0.0390000008 0.04100000113 0.07900000364
0.03700000048 0.04300000146 0.07900000364
0.0390000008 0.04300000146 0.07900000364
0.03500000015 0.04699999839 0.07900000364
0.03700000048 0.04500000179 0.07699999958
0.03700000048 0.04500000179 0.07900000364
0.04100000113 0.04100000113 0.07299999893
0.04100000113 0.04100000113 0.07500000298
0.04899999872 0.03299999982 0.06700000167
0.03500000015 0.04899999872 0.06499999762
0.03299999982 0.05099999905 0.06499999762
0.03500000015 0.04899999872 0.06700000167
0.03299999982 0.05099999905 0.06700000167
0.03500000015 0.04899999872 0.06899999827
0.03299999982 0.05099999905 0.06899999827
0.03299999982 0.04899999872 0.07100000232
0.03299999982 0.04899999872 0.07299999893
0.03299999982 0.05099999905 0.07299999893
0.03299999982 0.04899999872 0.07500000298
0.03500000015 0.04899999872 0.07500000298
0.03299999982 0.04899999872 0.07699999958
0.03299999982 0.04899999872 0.07900000364
0.04699999839 0.03299999982 0.08100000024
0.04500000179 0.03500000015 0.08100000024
0.04500000179 0.03299999982 0.08299999684
0.04699999839 0.03299999982 0.08299999684
0.04500000179 0.03500000015 0.08299999684
0.04300000146 0.03700000048 0.08100000024
0.04100000113 0.0390000008 0.08100000024
0.04300000146 0.03700000048 0.08299999684
0.04500000179 0.03700000048 0.08100000024
0.04300000146 0.03500000015 0.08500000089
0.04500000179 0.03299999982 0.08500000089
0.04699999839 0.03299999982 0.08500000089
0.04500000179 0.03500000015 0.08500000089
0.04500000179 0.03299999982 0.0869999975
0.04699999839 0.03299999982 0.0869999975
0.04500000179 0.03500000015 0.0869999975
0.04100000113 0.0390000008 0.08500000089
0.04300000146 0.0390000008 0.08500000089
0.04100000113 0.0390000008 0.0869999975
0.0390000008 0.04100000113 0.08100000024
0.03700000048 0.04300000146 0.08100000024
0.0390000008 0.04300000146 0.08100000024
0.0390000008 0.04100000113 0.08299999684
0.03700000048 0.04300000146 0.08299999684
0.03500000015 0.04500000179 0.08100000024
0.03299999982 0.04699999839 0.08100000024
0.03500000015 0.04699999839 0.08100000024
0.03500000015 0.04500000179 0.08299999684
0.03299999982 0.04699999839 0.08299999684
0.03500000015 0.04699999839 0.08299999684
0.03700000048 0.04500000179 0.08100000024
0.0390000008 0.04100000113 0.08500000089
0.03700000048 0.04300000146 0.08500000089
0.0390000008 0.04100000113 0.0869999975
0.03700000048 0.04300000146 0.0869999975
0.03500000015 0.04500000179 0.08500000089
0.03500000015 0.04699999839 0.08500000089
0.03500000015 0.04500000179 0.0869999975
0.03299999982 0.04699999839 0.0869999975
0.03700000048 0.04500000179 0.08500000089
0.04100000113 0.04100000113 0.08299999684
0.0390000008 0.0390000008 0.09099999815
0.0390000008 0.0390000008 0.09300000221
0.04300000146 0.03500000015 0.08900000155
0.04300000146 0.03500000015 0.09099999815
0.04500000179 0.03299999982 0.08900000155
0.04699999839 0.03299999982 0.08900000155
0.04500000179 0.03299999982 0.09099999815
0.04500000179 0.03500000015 0.09099999815
0.04100000113 0.0390000008 0.08900000155
0.04100000113 0.03700000048 0.09099999815
0.04300000146 0.03700000048 0.09099999815
0.04300000146 0.03500000015 0.09300000221
0.04300000146 0.03500000015 0.09499999881
0.04500000179 0.03299999982 0.09300000221
0.04500000179 0.03299999982 0.09499999881
0.04500000179 0.03500000015 0.09499999881
0.04100000113 0.03700000048 0.09300000221
0.04300000146 0.03700000048 0.09300000221
0.04100000113 0.03700000048 0.09499999881
0.04100000113 0.0390000008 0.09499999881
0.03500000015 0.04300000146 0.09099999815
0.03700000048 0.04100000113 0.08900000155
0.03700000048 0.04300000146 0.08900000155
0.03700000048 0.04100000113 0.09099999815
0.03700000048 0.04300000146 0.09099999815
0.03500000015 0.04500000179 0.08900000155
0.03299999982 0.04699999839 0.08900000155
0.03299999982 0.04500000179 0.09099999815
0.03299999982 0.04699999839 0.09099999815
0.03500000015 0.04300000146 0.09300000221
0.03500000015 0.04300000146 0.09499999881
0.0390000008 0.04100000113 0.09300000221
0.03700000048 0.04100000113 0.09499999881
0.0390000008 0.04100000113 0.09499999881
0.03299999982 0.04500000179 0.09300000221
0.03500000015 0.04500000179 0.09300000221
0.03299999982 0.04699999839 0.09300000221
0.03299999982 0.04500000179 0.09499999881
0.03299999982 0.04899999872 0.08500000089
0.05900000036 0.001000000047 0.09700000286
0.05900000036 0.003000000026 0.09700000286
0.05900000036 0.001000000047 0.09899999946
0.05900000036 0.003000000026 0.09899999946
0.06100000069 0.003000000026 0.09700000286
0.06100000069 0.001000000047 0.09899999946
0.06100000069 0.003000000026 0.09899999946
0.05900000036 0.007000000216 0.09700000286
0.06100000069 0.004999999888 0.09700000286
0.06100000069 0.004999999888 0.09899999946
0.06100000069 0.007000000216 0.09899999946
0.05900000036 0.001000000047 0.1010000035
0.05900000036 0.003000000026 0.1010000035
0.05900000036 0.001000000047 0.1030000001
0.05900000036 0.003000000026 0.1030000001
0.06100000069 0.001000000047 0.1010000035
0.06100000069 0.003000000026 0.1010000035
0.06100000069 0.003000000026 0.1030000001
0.06100000069 0.004999999888 0.1010000035
0.06100000069 0.007000000216 0.1010000035
0.06100000069 0.004999999888 0.1030000001
0.06100000069 0.007000000216 0.1030000001
0.05900000036 0.008999999613 0.09700000286
0.05900000036 0.01099999994 0.09700000286
0.05900000036 0.008999999613 0.09899999946
0.05900000036 0.01099999994 0.09899999946
0.05700000003 0.01300000027 0.09700000286
0.05900000036 0.01300000027 0.09700000286
0.05700000003 0.01499999966 0.09700000286
0.05900000036 0.01300000027 0.09899999946
0.05700000003 0.01499999966 0.09899999946
0.05900000036 0.008999999613 0.1010000035
0.05900000036 0.01099999994 0.1010000035
0.05900000036 0.008999999613 0.1030000001
0.05900000036 0.01099999994 0.1030000001
0.05900000036 0.01300000027 0.1010000035
0.05900000036 0.01499999966 0.1010000035
0.05900000036 0.01300000027 0.1030000001
0.05900000036 0.01499999966 0.1030000001
0.05900000036 0.001000000047 0.1049999967
0.06100000069 0.003000000026 0.1049999967
0.06100000069 0.001000000047 0.1070000008
0.06100000069 0.003000000026 0.1070000008
0.06100000069 0.007000000216 0.1049999967
0.06100000069 0.004999999888 0.1070000008
0.06100000069 0.007000000216 0.1070000008
0.05900000036 0.001000000047 0.1110000014
0.05900000036 0.003000000026 0.1110000014
0.06100000069 0.001000000047 0.1089999974
0.06100000069 0.003000000026 0.1089999974
0.06100000069 0.003000000026 0.1110000014
0.06100000069 0.004999999888 0.1089999974
0.06100000069 0.007000000216 0.1089999974
0.06100000069 0.004999999888 0.1110000014
0.06100000069 0.007000000216 0.1110000014
0.05900000036 0.008999999613 0.1049999967
0.05900000036 0.01099999994 0.1049999967
0.05900000036 0.008999999613 0.1070000008
0.05900000036 0.01099999994 0.1070000008
0.05900000036 0.01300000027 0.1049999967
0.05900000036 0.01499999966 0.1049999967
0.05900000036 0.01300000027 0.1070000008
0.05900000036 0.01499999966 0.1070000008
0.05900000036 0.008999999613 0.1089999974
0.05900000036 0.01099999994 0.1089999974
0.05900000036 0.008999999613 0.1110000014
0.05900000036 0.01099999994 0.1110000014
0.06100000069 0.008999999613 0.1089999974
0.05900000036 0.01300000027 0.1089999974
0.05900000036 0.01499999966 0.1089999974
0.05900000036 0.01300000027 0.1110000014
0.05900000036 0.01499999966 0.1110000014
0.04699999839 0.02899999917 0.09700000286
0.04699999839 0.03099999949 0.09700000286
0.04699999839 0.02899999917 0.09899999946
0.04699999839 0.03099999949 0.09899999946
0.04500000179 0.03099999949 0.1010000035
0.04699999839 0.03099999949 0.1010000035
0.0549999997 0.02099999972 0.09700000286
0.0549999997 0.02300000004 0.09700000286
0.0549999997 0.02099999972 0.09899999946
0.0549999997 0.02300000004 0.09899999946
0.0549999997 0.02099999972 0.1010000035
0.0549999997 0.02300000004 0.1010000035
0.0549999997 0.02099999972 0.1030000001
0.0549999997 0.02300000004 0.1030000001
0.05700000003 0.01700000092 0.09700000286
0.05700000003 0.01899999939 0.09700000286
0.05700000003 0.01700000092 0.09899999946
0.05700000003 0.01899999939 0.09899999946
0.05700000003 0.01700000092 0.1010000035
0.05700000003 0.01899999939 0.1010000035
0.05700000003 0.01700000092 0.1030000001
0.05700000003 0.01899999939 0.1030000001
0.05099999905 0.0270000007 0.09899999946
0.05299999937 0.02500000037 0.09700000286
0.05299999937 0.02500000037 0.09899999946
0.05299999937 0.02500000037 0.1010000035
0.05299999937 0.0270000007 0.1030000001
0.04899999872 0.02899999917 0.1030000001
0.0549999997 0.02099999972 0.1049999967
0.0549999997 0.02300000004 0.1049999967
0.0549999997 0.02099999972 0.1070000008
0.0549999997 0.02300000004 0.1070000008
0.0549999997 0.02099999972 0.1089999974
0.0549999997 0.02300000004 0.1089999974
0.0549999997 0.02099999972 0.1110000014
0.0549999997 0.02300000004 0.1110000014
0.05900000036 0.01700000092 0.1049999967
0.05700000003 0.01899999939 0.1049999967
0.05900000036 0.01700000092 0.1070000008
0.05700000003 0.01899999939 0.1070000008
0.05700000003 0.01700000092 0.1089999974
0.05900000036 0.01700000092 0.1089999974
0.05900000036 0.01700000092 0.1110000014
0.05700000003 0.01899999939 0.1110000014
0.05700000003 0.02099999972 0.1089999974
0.05299999937 0.02500000037 0.1049999967
0.0549999997 0.02500000037 0.1049999967
0.05299999937 0.0270000007 0.1049999967
0.05299999937 0.02500000037 0.1070000008
0.05299999937 0.0270000007 0.1070000008
0.05099999905 0.02899999917 0.1049999967
0.05099999905 0.02899999917 0.1070000008
0.05099999905 0.03099999949 0.1070000008
0.05299999937 0.02899999917 0.1049999967
0.05299999937 0.02500000037 0.1089999974
0.0549999997 0.02500000037 0.1089999974
0.05299999937 0.0270000007 0.1089999974
0.05299999937 0.02500000037 0.1110000014
0.0549999997 0.02500000037 0.1110000014
0.05299999937 0.0270000007 0.1110000014
0.05099999905 0.02899999917 0.1089999974
0.05099999905 0.03099999949 0.1089999974
0.05099999905 0.02899999917 0.1110000014
0.05099999905 0.03099999949 0.1110000014
0.05900000036 0.001000000047 0.112999998
0.05900000036 0.003000000026 0.112999998
0.05900000036 0.001000000047 0.1150000021
0.05900000036 0.003000000026 0.1150000021
0.06100000069 0.003000000026 0.1150000021
0.05900000036 0.004999999888 0.112999998
0.05900000036 0.007000000216 0.112999998
0.06100000069 0.004999999888 0.112999998
0.06100000069 0.007000000216 0.112999998
0.06100000069 0.004999999888 0.1150000021
0.06100000069 0.007000000216 0.1150000021
0.05900000036 0.003000000026 0.1169999987
0.05900000036 0.001000000047 0.1190000027
0.05900000036 0.003000000026 0.1190000027
0.06100000069 0.001000000047 0.1169999987
0.06100000069 0.003000000026 0.1169999987
0.06100000069 0.001000000047 0.1190000027
0.05900000036 0.004999999888 0.1190000027
0.06100000069 0.004999999888 0.1169999987
0.06100000069 0.007000000216 0.1169999987
0.06100000069 0.007000000216 0.1190000027
0.05900000036 0.008999999613 0.112999998
0.05900000036 0.01099999994 0.112999998
0.05900000036 0.008999999613 0.1150000021
0.05900000036 0.01099999994 0.1150000021
0.06100000069 0.008999999613 0.112999998
0.05900000036 0.01499999966 0.112999998
0.05900000036 0.01300000027 0.1150000021
0.05900000036 0.01499999966 0.1150000021
0.05900000036 0.008999999613 0.1169999987
0.05900000036 0.01099999994 0.1169999987
0.05900000036 0.008999999613 0.1190000027
0.05900000036 0.01099999994 0.1190000027
0.06100000069 0.008999999613 0.1169999987
0.05900000036 0.01300000027 0.1169999987
0.05900000036 0.01499999966 0.1169999987
0.05900000036 0.01300000027 0.1190000027
0.05700000003 0.01499999966 0.1190000027
0.05900000036 0.01499999966 0.1190000027
0.05900000036 0.001000000047 0.1209999993
0.05900000036 0.003000000026 0.1209999993
0.06100000069 0.001000000047 0.1209999993
0.06100000069 0.001000000047 0.1230000034
0.06100000069 0.003000000026 0.1230000034
0.05900000036 0.004999999888 0.1209999993
0.06100000069 0.007000000216 0.1209999993
0.06100000069 0.004999999888 0.1230000034
0.06100000069 0.007000000216 0.1230000034
0.06100000069 0.001000000047 0.125
0.06100000069 0.003000000026 0.125
0.06100000069 0.001000000047 0.1270000041
0.06100000069 0.003000000026 0.1270000041
0.05900000036 0.007000000216 0.125
0.05900000036 0.004999999888 0.1270000041
0.05900000036 0.007000000216 0.1270000041
0.06100000069 0.004999999888 0.125
0.06100000069 0.007000000216 0.125
0.06100000069 0.004999999888 0.1270000041
0.06100000069 0.007000000216 0.1270000041
0.05900000036 0.008999999613 0.1209999993
0.05900000036 0.01099999994 0.1209999993
0.05900000036 0.008999999613 0.1230000034
0.05900000036 0.01099999994 0.1230000034
0.05900000036 0.01300000027 0.1209999993
0.05700000003 0.01499999966 0.1209999993
0.05700000003 0.01300000027 0.1230000034
0.05900000036 0.01300000027 0.1230000034
0.05700000003 0.01499999966 0.1230000034
0.05900000036 0.008999999613 0.125
0.05900000036 0.01099999994 0.125
0.05900000036 0.008999999613 0.1270000041
0.05900000036 0.01099999994 0.1270000041
0.05700000003 0.01300000027 0.125
0.05900000036 0.01300000027 0.125
0.05700000003 0.01499999966 0.125
0.05700000003 0.01300000027 0.1270000041
0.05900000036 0.01300000027 0.1270000041
0.05700000003 0.01499999966 0.1270000041
0.0549999997 0.02099999972 0.112999998
0.0549999997 0.02300000004 0.112999998
0.0549999997 0.02099999972 0.1150000021
0.0549999997 0.02300000004 0.1150000021
0.0549999997 0.02099999972 0.1169999987
0.0549999997 0.02300000004 0.1169999987
0.0549999997 0.02099999972 0.1190000027
0.0549999997 0.02300000004 0.1190000027
0.05900000036 0.01700000092 0.112999998
0.05700000003 0.01899999939 0.112999998
0.05700000003 0.01700000092 0.1150000021
0.05900000036 0.01700000092 0.1150000021
0.05700000003 0.01899999939 0.1150000021
0.05700000003 0.01700000092 0.1169999987
0.05900000036 0.01700000092 0.1169999987
0.05700000003 0.01899999939 0.1169999987
0.05700000003 0.01700000092 0.1190000027
0.05700000003 0.01899999939 0.1190000027
0.05700000003 0.02099999972 0.1190000027
0.05299999937 0.02500000037 0.112999998
0.0549999997 0.02500000037 0.112999998
0.05299999937 0.0270000007 0.112999998
0.05299999937 0.02500000037 0.1150000021
0.05299999937 0.0270000007 0.1150000021
0.05099999905 0.02899999917 0.112999998
0.05099999905 0.03099999949 0.112999998
0.05099999905 0.02899999917 0.1150000021
0.05099999905 0.03099999949 0.1150000021
0.05299999937 0.02899999917 0.112999998
0.05299999937 0.02899999917 0.1150000021
0.05299999937 0.02500000037 0.1169999987
0.0549999997 0.02500000037 0.1169999987
0.05299999937 0.0270000007 0.1169999987
0.05299999937 0.02500000037 0.1190000027
0.0549999997 0.02500000037 0.1190000027
0.05299999937 0.0270000007 0.1190000027
0.05099999905 0.02899999917 0.1169999987
0.05099999905 0.03099999949 0.1169999987
0.05099999905 0.02899999917 0.1190000027
0.05099999905 0.03099999949 0.1190000027
0.0549999997 0.02099999972 0.1209999993
0.0549999997 0.02300000004 0.1209999993
0.0549999997 0.02099999972 0.1230000034
0.0549999997 0.02300000004 0.1230000034
0.0549999997 0.01899999939 0.125
0.0549999997 0.01899999939 0.1270000041
0.0549999997 0.02099999972 0.125
0.0549999997 0.02300000004 0.125
0.0549999997 0.02099999972 0.1270000041
0.0549999997 0.02300000004 0.1270000041
0.05700000003 0.01700000092 0.1209999993
0.05700000003 0.01899999939 0.1209999993
0.05700000003 0.01700000092 0.1230000034
0.05700000003 0.01899999939 0.1230000034
0.05700000003 0.01700000092 0.125
0.05700000003 0.01899999939 0.125
0.05700000003 0.01700000092 0.1270000041
0.05700000003 0.01899999939 0.1270000041
0.05299999937 0.02500000037 0.1209999993
0.05299999937 0.0270000007 0.1209999993
0.05299999937 0.02500000037 0.1230000034
0.0549999997 0.02500000037 0.1230000034
0.05299999937 0.0270000007 0.1230000034
0.05099999905 0.02899999917 0.1209999993
0.05099999905 0.03099999949 0.1209999993
0.05099999905 0.02899999917 0.1230000034
0.05099999905 0.03099999949 0.1230000034
0.05299999937 0.02899999917 0.1209999993
0.05299999937 0.02899999917 0.1230000034
0.05299999937 0.02500000037 0.125
0.05299999937 0.0270000007 0.125
0.05299999937 0.02500000037 0.1270000041
0.0549999997 0.02500000037 0.1270000041
0.05299999937 0.0270000007 0.1270000041
0.05099999905 0.02899999917 0.125
0.05099999905 0.03099999949 0.125
0.05099999905 0.02899999917 0.1270000041
0.04899999872 0.03099999949 0.1270000041
0.05099999905 0.03099999949 0.1270000041
0.02899999917 0.04699999839 0.09700000286
0.03099999949 0.04699999839 0.09700000286
0.02899999917 0.04699999839 0.09899999946
0.03099999949 0.04699999839 0.09899999946
0.02899999917 0.04699999839 0.1010000035
0.03099999949 0.04699999839 0.1010000035
0.01499999966 0.0549999997 0.09899999946
0.004999999888 0.05900000036 0.09700000286
0.001000000047 0.05700000003 0.1010000035
0.007000000216 0.05700000003 0.1010000035
0.01099999994 0.05700000003 0.09700000286
0.01300000027 0.05700000003 0.09700000286
0.01700000092 0.0549999997 0.09700000286
0.01700000092 0.0549999997 0.09899999946
0.02099999972 0.05299999937 0.09700000286
0.02300000004 0.05299999937 0.09899999946
0.02099999972 0.05099999905 0.1010000035
0.02300000004 0.05099999905 0.1010000035
0.01899999939 0.05299999937 0.1010000035
0.01700000092 0.0549999997 0.1010000035
0.02500000037 0.05099999905 0.09700000286
0.0270000007 0.05099999905 0.09700000286
0.0270000007 0.04899999872 0.09899999946
0.02899999917 0.04899999872 0.09700000286
0.02500000037 0.04899999872 0.1010000035
0.0270000007 0.04899999872 0.1030000001
0.01700000092 0.05700000003 0.09700000286
0.02899999917 0.05099999905 0.1070000008
0.02500000037 0.05299999937 0.1070000008
0.02899999917 0.05099999905 0.1089999974
0.03099999949 0.05099999905 0.1089999974
0.02899999917 0.05099999905 0.1110000014
0.03099999949 0.05099999905 0.1110000014
0.02500000037 0.05299999937 0.1110000014
0.0270000007 0.05299999937 0.1110000014
0.01700000092 0.05700000003 0.1089999974
0.01300000027 0.05700000003 0.1169999987
0.004999999888 0.05900000036 0.1270000041
0.007000000216 0.05900000036 0.1270000041
0.008999999613 0.05900000036 0.1209999993
0.01300000027 0.05700000003 0.1270000041
0.01300000027 0.05900000036 0.1270000041
0.02300000004 0.0549999997 0.1150000021
0.02899999917 0.05099999905 0.112999998
0.02500000037 0.05299999937 0.1150000021
0.0270000007 0.05299999937 0.1150000021
0.02899999917 0.05299999937 0.112999998
0.02899999917 0.05099999905 0.1190000027
0.02300000004 0.0549999997 0.1209999993
0.02099999972 0.0549999997 0.1270000041
0.03099999949 0.05099999905 0.1230000034
0.0270000007 0.05299999937 0.1209999993
0.02500000037 0.0549999997 0.1209999993
0.0270000007 0.0549999997 0.1209999993
0.0270000007 0.05299999937 0.1230000034
0.03099999949 0.05099999905 0.125
0.03099999949 0.05099999905 0.1270000041
0.0270000007 0.05299999937 0.125
0.02500000037 0.05299999937 0.1270000041
0.02500000037 0.0549999997 0.1270000041
0.02099999972 0.05700000003 0.1209999993
0.01700000092 0.05700000003 0.125
0.01700000092 0.05700000003 0.1270000041
0.0390000008 0.0390000008 0.09700000286
0.0390000008 0.0390000008 0.09899999946
0.0390000008 0.0390000008 0.1010000035
0.04300000146 0.03500000015 0.09700000286
0.04300000146 0.03500000015 0.09899999946
0.04500000179 0.03299999982 0.09700000286
0.04699999839 0.03299999982 0.09700000286
0.04500000179 0.03299999982 0.09899999946
0.04100000113 0.03700000048 0.09700000286
0.04100000113 0.0390000008 0.09700000286
0.04300000146 0.03500000015 0.1030000001
0.04500000179 0.03299999982 0.1010000035
0.04500000179 0.03299999982 0.1030000001
0.04100000113 0.03700000048 0.1010000035
0.04300000146 0.03700000048 0.1010000035
0.04100000113 0.03700000048 0.1030000001
0.03700000048 0.04100000113 0.09700000286
0.03700000048 0.04100000113 0.09899999946
0.03700000048 0.04300000146 0.09899999946
0.03299999982 0.04500000179 0.09700000286
0.03500000015 0.04300000146 0.1010000035
0.03500000015 0.04300000146 0.1030000001
0.03700000048 0.04100000113 0.1010000035
0.03700000048 0.04100000113 0.1030000001
0.04100000113 0.03700000048 0.1049999967
0.04699999839 0.03500000015 0.1089999974
0.04699999839 0.03500000015 0.1110000014
0.04500000179 0.0390000008 0.1089999974
0.04699999839 0.03700000048 0.1110000014
0.04500000179 0.0390000008 0.1110000014
0.03700000048 0.04100000113 0.1049999967
0.03500000015 0.04699999839 0.1089999974
0.0390000008 0.04500000179 0.1089999974
0.03700000048 0.04699999839 0.1089999974
0.03700000048 0.04699999839 0.1110000014
0.04100000113 0.04100000113 0.1070000008
0.04300000146 0.04100000113 0.1070000008
0.04100000113 0.04300000146 0.1089999974
0.04300000146 0.04300000146 0.1089999974
0.04300000146 0.04100000113 0.1110000014
0.04100000113 0.04300000146 0.1110000014
0.04899999872 0.03299999982 0.1070000008
0.05099999905 0.03299999982 0.1070000008
0.04899999872 0.03299999982 0.1089999974
0.04899999872 0.03299999982 0.1110000014
0.04899999872 0.03500000015 0.1110000014
0.03299999982 0.04899999872 0.1089999974
0.04699999839 0.03500000015 0.112999998
0.04699999839 0.03500000015 0.1150000021
0.04699999839 0.03700000048 0.112999998
0.04500000179 0.0390000008 0.112999998
0.04699999839 0.03700000048 0.1150000021
0.04500000179 0.0390000008 0.1150000021
0.04699999839 0.03500000015 0.1169999987
0.04699999839 0.03500000015 0.1190000027
0.04500000179 0.03700000048 0.1169999987
0.04699999839 0.03700000048 0.1169999987
0.04500000179 0.0390000008 0.1169999987
0.04699999839 0.03700000048 0.1190000027
0.04500000179 0.0390000008 0.1190000027
0.03500000015 0.04699999839 0.1150000021
0.03700000048 0.04699999839 0.112999998
0.0390000008 0.04500000179 0.1150000021
0.03700000048 0.04699999839 0.1150000021
0.03500000015 0.04699999839 0.1169999987
0.0390000008 0.04500000179 0.1169999987
0.0390000008 0.04500000179 0.1190000027
0.04300000146 0.04100000113 0.112999998
0.04100000113 0.04300000146 0.112999998
0.04300000146 0.04100000113 0.1150000021
0.04100000113 0.04300000146 0.1150000021
0.04300000146 0.04100000113 0.1169999987
0.04300000146 0.04100000113 0.1190000027
0.04699999839 0.03500000015 0.1209999993
0.04699999839 0.03500000015 0.1230000034
0.04699999839 0.03700000048 0.1209999993
0.04500000179 0.0390000008 0.1209999993
0.04500000179 0.03700000048 0.1230000034
0.04699999839 0.03700000048 0.1230000034
0.04500000179 0.0390000008 0.1230000034
0.04699999839 0.03500000015 0.125
0.04699999839 0.03500000015 0.1270000041
0.04300000146 0.0390000008 0.125
0.04300000146 0.0390000008 0.1270000041
0.04500000179 0.03700000048 0.125
0.04699999839 0.03700000048 0.125
0.04500000179 0.03700000048 0.1270000041
0.0390000008 0.04500000179 0.1209999993
0.0390000008 0.04500000179 0.1230000034
0.03700000048 0.04699999839 0.1230000034
0.03500000015 0.04699999839 0.125
0.03500000015 0.04699999839 0.1270000041
0.0390000008 0.04500000179 0.125
0.0390000008 0.04699999839 0.125
0.0390000008 0.04500000179 0.1270000041
0.03700000048 0.04699999839 0.1270000041
0.04300000146 0.04100000113 0.1209999993
0.04100000113 0.04300000146 0.1209999993
0.04100000113 0.04300000146 0.1230000034
0.04300000146 0.04100000113 0.125
0.04100000113 0.04300000146 0.125
0.04300000146 0.04100000113 0.1270000041
0.04899999872 0.03299999982 0.112999998
0.04899999872 0.03299999982 0.1150000021
0.04899999872 0.03500000015 0.1150000021
0.04899999872 0.03299999982 0.1169999987
0.05099999905 0.03299999982 0.1169999987
0.04899999872 0.03500000015 0.1169999987
0.04899999872 0.03299999982 0.1190000027
0.04899999872 0.03299999982 0.1209999993
0.04899999872 0.03500000015 0.1209999993
0.04899999872 0.03299999982 0.1230000034
0.04899999872 0.03299999982 0.125
0.04899999872 0.03500000015 0.125
0.04899999872 0.03299999982 0.1270000041
0.04899999872 0.03500000015 0.1270000041
0.03299999982 0.04899999872 0.112999998
0.03299999982 0.04899999872 0.1150000021
0.03500000015 0.04899999872 0.1150000021
0.03299999982 0.04899999872 0.1169999987
0.03500000015 0.04899999872 0.1169999987
0.03299999982 0.04899999872 0.1190000027
0.03500000015 0.04899999872 0.1209999993
0.03500000015 0.04899999872 0.125
0.03299999982 0.05099999905 0.125
0.03299999982 0.04899999872 0.1270000041
0.03500000015 0.04899999872 0.1270000041
0.01499999966 0.06899999827 0.06700000167
0.01300000027 0.07100000232 0.06700000167
0.01499999966 0.06899999827 0.06899999827
0.01300000027 0.07100000232 0.06899999827
0.01300000027 0.07100000232 0.07100000232
0.01099999994 0.07299999893 0.06499999762
0.01099999994 0.07299999893 0.06700000167
0.01300000027 0.07299999893 0.06499999762
0.01300000027 0.07299999893 0.07100000232
0.01099999994 0.07100000232 0.07500000298
0.01499999966 0.06899999827 0.07299999893
0.01300000027 0.07100000232 0.07299999893
0.01499999966 0.06899999827 0.07500000298
0.01499999966 0.06700000167 0.07900000364
0.01099999994 0.07100000232 0.07900000364
0.01300000027 0.06899999827 0.07699999958
0.01499999966 0.06899999827 0.07699999958
0.01300000027 0.06899999827 0.07900000364
0.01099999994 0.07299999893 0.07299999893
0.01099999994 0.07299999893 0.07500000298
0.01700000092 0.06700000167 0.06499999762
0.01899999939 0.06499999762 0.06700000167
0.01700000092 0.06700000167 0.06700000167
0.01899999939 0.06700000167 0.06700000167
0.02099999972 0.06499999762 0.06499999762
0.02099999972 0.06499999762 0.06700000167
0.01700000092 0.06899999827 0.06499999762
0.01700000092 0.06899999827 0.06700000167
0.01899999939 0.06499999762 0.06899999827
0.01899999939 0.06700000167 0.06899999827
0.01899999939 0.06499999762 0.07100000232
0.01700000092 0.06700000167 0.07100000232
0.01899999939 0.06499999762 0.07299999893
0.01700000092 0.06700000167 0.07299999893
0.01899999939 0.06499999762 0.07500000298
0.02099999972 0.06499999762 0.07299999893
0.01700000092 0.06899999827 0.07299999893
0.01700000092 0.06499999762 0.07699999958
0.01899999939 0.06499999762 0.07699999958
0.01700000092 0.06700000167 0.07699999958
0.01700000092 0.06700000167 0.07900000364
0.004999999888 0.07100000232 0.08299999684
0.007000000216 0.07100000232 0.08299999684
0.001000000047 0.06700000167 0.0869999975
0.004999999888 0.06700000167 0.0869999975
0.004999999888 0.06899999827 0.0869999975
0.01499999966 0.06700000167 0.08100000024
0.01499999966 0.06499999762 0.08299999684
0.01300000027 0.06700000167 0.08299999684
0.008999999613 0.07100000232 0.08299999684
0.01300000027 0.06899999827 0.08100000024
0.01499999966 0.06899999827 0.08100000024
0.01300000027 0.06899999827 0.08299999684
0.01099999994 0.06700000167 0.08500000089
0.01099999994 0.06499999762 0.0869999975
0.008999999613 0.06700000167 0.0869999975
0.01300000027 0.06499999762 0.08500000089
0.01499999966 0.06499999762 0.08500000089
0.01300000027 0.06499999762 0.0869999975
0.008999999613 0.06899999827 0.08500000089
0.008999999613 0.07299999893 0.08100000024
0.001000000047 0.06499999762 0.08900000155
0.003000000026 0.06499999762 0.08900000155
0.007000000216 0.06499999762 0.08900000155
0.01099999994 0.06499999762 0.08900000155
0.01700000092 0.06499999762 0.08100000024
0.01899999939 0.06499999762 0.08100000024
0.04500000179 0.007000000216 0.1410000026
0.04699999839 0.008999999613 0.1410000026
0.0549999997 0.001000000047 0.1350000054
0.0549999997 0.003000000026 0.1350000054
0.05900000036 0.001000000047 0.1289999932
0.05900000036 0.003000000026 0.1289999932
0.05900000036 0.001000000047 0.1309999973
0.05900000036 0.003000000026 0.1309999973
0.06100000069 0.003000000026 0.1289999932
0.05900000036 0.004999999888 0.1289999932
0.05900000036 0.007000000216 0.1289999932
0.05900000036 0.004999999888 0.1309999973
0.05900000036 0.007000000216 0.1309999973
0.05900000036 0.001000000047 0.1330000013
0.05900000036 0.003000000026 0.1330000013
0.05700000003 0.001000000047 0.1350000054
0.05700000003 0.003000000026 0.1350000054
0.05900000036 0.004999999888 0.1330000013
0.05900000036 0.007000000216 0.1330000013
0.05700000003 0.004999999888 0.1350000054
0.05900000036 0.007000000216 0.1350000054
0.05900000036 0.008999999613 0.1289999932
0.05900000036 0.01099999994 0.1289999932
0.05900000036 0.008999999613 0.1309999973
0.05700000003 0.01099999994 0.1309999973
0.05900000036 0.01099999994 0.1309999973
0.05700000003 0.01300000027 0.1289999932
0.05700000003 0.01499999966 0.1289999932
0.05700000003 0.01300000027 0.1309999973
0.05700000003 0.01499999966 0.1309999973
0.05900000036 0.008999999613 0.1330000013
0.05900000036 0.01099999994 0.1330000013
0.05900000036 0.008999999613 0.1350000054
0.05700000003 0.01099999994 0.1350000054
0.05900000036 0.01099999994 0.1350000054
0.05700000003 0.01300000027 0.1330000013
0.05700000003 0.01499999966 0.1330000013
0.05700000003 0.01300000027 0.1350000054
0.05700000003 0.01499999966 0.1350000054
0.05299999937 0.001000000047 0.1369999945
0.0549999997 0.001000000047 0.1369999945
0.0549999997 0.003000000026 0.1369999945
0.0549999997 0.001000000047 0.1389999986
0.0549999997 0.003000000026 0.1389999986
0.0549999997 0.004999999888 0.1369999945
0.0549999997 0.004999999888 0.1389999986
0.0549999997 0.007000000216 0.1389999986
0.05299999937 0.001000000047 0.1410000026
0.0549999997 0.001000000047 0.1410000026
0.0549999997 0.003000000026 0.1410000026
0.0549999997 0.001000000047 0.1430000067
0.0549999997 0.003000000026 0.1430000067
0.05299999937 0.004999999888 0.1410000026
0.0549999997 0.007000000216 0.1410000026
0.0549999997 0.004999999888 0.1430000067
0.0549999997 0.007000000216 0.1430000067
0.05700000003 0.004999999888 0.1369999945
0.05700000003 0.007000000216 0.1369999945
0.05900000036 0.007000000216 0.1369999945
0.05700000003 0.007000000216 0.1389999986
0.04899999872 0.01099999994 0.1389999986
0.0549999997 0.01099999994 0.1389999986
0.0549999997 0.01300000027 0.1389999986
0.0549999997 0.01499999966 0.1389999986
0.04899999872 0.008999999613 0.1410000026
0.04899999872 0.01099999994 0.1410000026
0.05299999937 0.008999999613 0.1410000026
0.0549999997 0.008999999613 0.1410000026
0.05299999937 0.01099999994 0.1410000026
0.0549999997 0.01099999994 0.1410000026
0.0549999997 0.008999999613 0.1430000067
0.05299999937 0.01099999994 0.1430000067
0.04899999872 0.01300000027 0.1410000026
0.05099999905 0.01300000027 0.1410000026
0.05099999905 0.01499999966 0.1410000026
0.05299999937 0.01300000027 0.1410000026
0.05299999937 0.01499999966 0.1410000026
0.05299999937 0.01300000027 0.1430000067
0.05299999937 0.01499999966 0.1430000067
0.05900000036 0.008999999613 0.1369999945
0.05700000003 0.01099999994 0.1369999945
0.05900000036 0.01099999994 0.1369999945
0.05700000003 0.008999999613 0.1389999986
0.05900000036 0.008999999613 0.1389999986
0.05700000003 0.01099999994 0.1389999986
0.05700000003 0.01300000027 0.1369999945
0.05700000003 0.01499999966 0.1369999945
0.05700000003 0.01300000027 0.1389999986
0.05700000003 0.01499999966 0.1389999986
0.04300000146 0.02099999972 0.1410000026
0.04300000146 0.02300000004 0.1410000026
0.04500000179 0.02300000004 0.1410000026
0.04699999839 0.02500000037 0.1389999986
0.04500000179 0.02899999917 0.1389999986
0.04500000179 0.02500000037 0.1410000026
0.04699999839 0.02500000037 0.1410000026
0.04500000179 0.0270000007 0.1410000026
0.04699999839 0.0270000007 0.1410000026
0.04699999839 0.0270000007 0.1430000067
0.04699999839 0.02899999917 0.1410000026
0.04500000179 0.03099999949 0.1410000026
0.04699999839 0.03099999949 0.1410000026
0.04699999839 0.02899999917 0.1430000067
0.04500000179 0.03099999949 0.1430000067
0.0549999997 0.01899999939 0.1289999932
0.0549999997 0.01899999939 0.1309999973
0.0549999997 0.02099999972 0.1289999932
0.0549999997 0.02300000004 0.1289999932
0.0549999997 0.02099999972 0.1309999973
0.0549999997 0.02300000004 0.1309999973
0.0549999997 0.01899999939 0.1330000013
0.0549999997 0.01899999939 0.1350000054
0.0549999997 0.02099999972 0.1330000013
0.0549999997 0.02300000004 0.1330000013
0.0549999997 0.02099999972 0.1350000054
0.0549999997 0.02300000004 0.1350000054
0.05700000003 0.01700000092 0.1289999932
0.05700000003 0.01899999939 0.1289999932
0.05700000003 0.01700000092 0.1309999973
0.05700000003 0.01899999939 0.1309999973
0.05700000003 0.01700000092 0.1330000013
0.05700000003 0.01899999939 0.1330000013
0.05700000003 0.01700000092 0.1350000054
0.05700000003 0.01899999939 0.1350000054
0.05299999937 0.02500000037 0.1289999932
0.05299999937 0.0270000007 0.1289999932
0.05299999937 0.02500000037 0.1309999973
0.0549999997 0.02500000037 0.1309999973
0.05299999937 0.0270000007 0.1309999973
0.05099999905 0.02899999917 0.1289999932
0.04899999872 0.03099999949 0.1289999932
0.05099999905 0.03099999949 0.1289999932
0.05099999905 0.02899999917 0.1309999973
0.04899999872 0.03099999949 0.1309999973
0.05099999905 0.03099999949 0.1309999973
0.05299999937 0.02500000037 0.1330000013
0.05299999937 0.0270000007 0.1330000013
0.05299999937 0.02500000037 0.1350000054
0.05299999937 0.0270000007 0.1350000054
0.05099999905 0.02899999917 0.1330000013
0.05099999905 0.03099999949 0.1330000013
0.05099999905 0.02899999917 0.1350000054
0.04899999872 0.03099999949 0.1350000054
0.05099999905 0.03099999949 0.1350000054
0.05099999905 0.01700000092 0.1389999986
0.05099999905 0.01899999939 0.1389999986
0.0549999997 0.01899999939 0.1369999945
0.0549999997 0.01700000092 0.1389999986
0.05299999937 0.01899999939 0.1389999986
0.0549999997 0.01899999939 0.1389999986
0.05099999905 0.02099999972 0.1389999986
0.0549999997 0.02099999972 0.1369999945
0.05299999937 0.02300000004 0.1369999945
0.0549999997 0.02300000004 0.1369999945
0.05299999937 0.02099999972 0.1389999986
0.0549999997 0.02099999972 0.1389999986
0.05299999937 0.02300000004 0.1389999986
0.05099999905 0.01700000092 0.1410000026
0.05099999905 0.01700000092 0.1430000067
0.05099999905 0.01899999939 0.1430000067
0.05299999937 0.01700000092 0.1410000026
0.05299999937 0.01899999939 0.1410000026
0.05299999937 0.01700000092 0.1430000067
0.04899999872 0.02099999972 0.1410000026
0.05099999905 0.02099999972 0.1410000026
0.04899999872 0.02300000004 0.1410000026
0.05099999905 0.02300000004 0.1410000026
0.05099999905 0.02099999972 0.1430000067
0.04899999872 0.02300000004 0.1430000067
0.05700000003 0.01700000092 0.1369999945
0.05099999905 0.02500000037 0.1389999986
0.04899999872 0.0270000007 0.1389999986
0.05099999905 0.0270000007 0.1389999986
0.05299999937 0.02500000037 0.1369999945
0.05299999937 0.0270000007 0.1369999945
0.05299999937 0.02500000037 0.1389999986
0.05099999905 0.02899999917 0.1369999945
0.04899999872 0.03099999949 0.1369999945
0.04899999872 0.02899999917 0.1389999986
0.05099999905 0.02899999917 0.1389999986
0.04899999872 0.03099999949 0.1389999986
0.05099999905 0.03099999949 0.1389999986
0.04899999872 0.02500000037 0.1410000026
0.04899999872 0.0270000007 0.1410000026
0.04899999872 0.02500000037 0.1430000067
0.0549999997 0.001000000047 0.1449999958
0.0549999997 0.003000000026 0.1449999958
0.0549999997 0.001000000047 0.1469999999
0.0549999997 0.003000000026 0.1469999999
0.0549999997 0.004999999888 0.1449999958
0.0549999997 0.007000000216 0.1449999958
0.0549999997 0.004999999888 0.1469999999
0.0549999997 0.007000000216 0.1469999999
0.0549999997 0.001000000047 0.1490000039
0.0549999997 0.003000000026 0.1490000039
0.0549999997 0.001000000047 0.1509999931
0.0549999997 0.003000000026 0.1509999931
0.0549999997 0.004999999888 0.1490000039
0.0549999997 0.007000000216 0.1490000039
0.0549999997 0.004999999888 0.1509999931
0.0549999997 0.007000000216 0.1509999931
0.0549999997 0.008999999613 0.1449999958
0.05299999937 0.01099999994 0.1449999958
0.0549999997 0.008999999613 0.1469999999
0.05299999937 0.01099999994 0.1469999999
0.05299999937 0.01300000027 0.1449999958
0.05299999937 0.01499999966 0.1449999958
0.05299999937 0.01300000027 0.1469999999
0.05299999937 0.01499999966 0.1469999999
0.0549999997 0.008999999613 0.1490000039
0.05299999937 0.01099999994 0.1490000039
0.0549999997 0.008999999613 0.1509999931
0.05299999937 0.01099999994 0.1509999931
0.05299999937 0.01300000027 0.1490000039
0.05299999937 0.01499999966 0.1490000039
0.05299999937 0.01300000027 0.1509999931
0.05299999937 0.01499999966 0.1509999931
0.0549999997 0.001000000047 0.1529999971
0.0549999997 0.003000000026 0.1529999971
0.0549999997 0.001000000047 0.1550000012
0.0549999997 0.003000000026 0.1550000012
0.0549999997 0.004999999888 0.1529999971
0.0549999997 0.007000000216 0.1529999971
0.0549999997 0.004999999888 0.1550000012
0.0549999997 0.007000000216 0.1550000012
0.0549999997 0.001000000047 0.1570000052
0.0549999997 0.003000000026 0.1570000052
0.0549999997 0.001000000047 0.1589999944
0.0549999997 0.003000000026 0.1589999944
0.0549999997 0.004999999888 0.1570000052
0.0549999997 0.007000000216 0.1570000052
0.0549999997 0.004999999888 0.1589999944
0.0549999997 0.007000000216 0.1589999944
0.0549999997 0.008999999613 0.1529999971
0.05299999937 0.01099999994 0.1529999971
0.0549999997 0.008999999613 0.1550000012
0.05299999937 0.01099999994 0.1550000012
0.05299999937 0.01300000027 0.1529999971
0.05299999937 0.01499999966 0.1529999971
0.05299999937 0.01300000027 0.1550000012
0.05299999937 0.01499999966 0.1550000012
0.0549999997 0.008999999613 0.1570000052
0.05299999937 0.01099999994 0.1570000052
0.0549999997 0.008999999613 0.1589999944
0.05299999937 0.01099999994 0.1589999944
0.05299999937 0.01300000027 0.1570000052
0.05299999937 0.01499999966 0.1570000052
0.05299999937 0.01300000027 0.1589999944
0.05299999937 0.01499999966 0.1589999944
0.04699999839 0.0270000007 0.1449999958
0.04699999839 0.0270000007 0.1469999999
0.04699999839 0.02899999917 0.1449999958
0.04500000179 0.03099999949 0.1449999958
0.04699999839 0.02899999917 0.1469999999
0.04500000179 0.03099999949 0.1469999999
0.04699999839 0.0270000007 0.1490000039
0.04699999839 0.0270000007 0.1509999931
0.04699999839 0.02899999917 0.1490000039
0.04500000179 0.03099999949 0.1490000039
0.04699999839 0.02899999917 0.1509999931
0.04500000179 0.03099999949 0.1509999931
0.04699999839 0.0270000007 0.1529999971
0.04699999839 0.0270000007 0.1550000012
0.04699999839 0.02899999917 0.1529999971
0.04500000179 0.03099999949 0.1529999971
0.04699999839 0.02899999917 0.1550000012
0.04500000179 0.03099999949 0.1550000012
0.04699999839 0.0270000007 0.1570000052
0.04699999839 0.0270000007 0.1589999944
0.04699999839 0.02899999917 0.1570000052
0.04500000179 0.03099999949 0.1570000052
0.04699999839 0.02899999917 0.1589999944
0.04500000179 0.03099999949 0.1589999944
0.05099999905 0.01899999939 0.1449999958
0.05099999905 0.01899999939 0.1469999999
0.05299999937 0.01700000092 0.1449999958
0.05299999937 0.01700000092 0.1469999999
0.05099999905 0.02099999972 0.1449999958
0.04899999872 0.02300000004 0.1449999958
0.05099999905 0.02099999972 0.1469999999
0.04899999872 0.02300000004 0.1469999999
0.05099999905 0.02300000004 0.1469999999
0.05099999905 0.01700000092 0.1490000039
0.05099999905 0.01899999939 0.1490000039
0.05099999905 0.01700000092 0.1509999931
0.05099999905 0.01899999939 0.1509999931
0.05299999937 0.01700000092 0.1490000039
0.05299999937 0.01700000092 0.1509999931
0.05099999905 0.02099999972 0.1490000039
0.04899999872 0.02300000004 0.1490000039
0.05099999905 0.02300000004 0.1490000039
0.05099999905 0.02099999972 0.1509999931
0.04899999872 0.02300000004 0.1509999931
0.05099999905 0.02300000004 0.1509999931
0.04899999872 0.02500000037 0.1449999958
0.04899999872 0.0270000007 0.1449999958
0.04899999872 0.02500000037 0.1469999999
0.04899999872 0.02500000037 0.1490000039
0.04899999872 0.02500000037 0.1509999931
0.05099999905 0.01899999939 0.1529999971
0.05099999905 0.01700000092 0.1550000012
0.05099999905 0.01899999939 0.1550000012
0.05299999937 0.01700000092 0.1529999971
0.05299999937 0.01700000092 0.1550000012
0.05099999905 0.02099999972 0.1529999971
0.04899999872 0.02300000004 0.1529999971
0.05099999905 0.02099999972 0.1550000012
0.04899999872 0.02300000004 0.1550000012
0.05099999905 0.01899999939 0.1570000052
0.05099999905 0.01700000092 0.1589999944
0.05099999905 0.01899999939 0.1589999944
0.05299999937 0.01700000092 0.1570000052
0.05299999937 0.01700000092 0.1589999944
0.05099999905 0.02099999972 0.1570000052
0.05099999905 0.02300000004 0.1570000052
0.05099999905 0.02099999972 0.1589999944
0.04899999872 0.02300000004 0.1589999944
0.05099999905 0.02300000004 0.1589999944
0.04899999872 0.02500000037 0.1529999971
0.04899999872 0.02500000037 0.1550000012
0.04899999872 0.0270000007 0.1550000012
0.04899999872 0.02500000037 0.1570000052
0.04899999872 0.02500000037 0.1589999944
0.03099999949 0.04699999839 0.1389999986
0.0270000007 0.04500000179 0.1410000026
0.0270000007 0.04699999839 0.1410000026
0.0270000007 0.04699999839 0.1430000067
0.02899999917 0.04699999839 0.1410000026
0.03099999949 0.04500000179 0.1430000067
0.01300000027 0.0549999997 0.1389999986
0.008999999613 0.0549999997 0.1410000026
0.01300000027 0.0549999997 0.1410000026
0.003000000026 0.05900000036 0.1389999986
0.01899999939 0.0549999997 0.1309999973
0.02099999972 0.0549999997 0.1350000054
0.02899999917 0.05099999905 0.1309999973
0.03099999949 0.05099999905 0.1309999973
0.02500000037 0.05299999937 0.1309999973
0.02899999917 0.05099999905 0.1330000013
0.02899999917 0.05099999905 0.1350000054
0.0270000007 0.05299999937 0.1350000054
0.01700000092 0.0549999997 0.1389999986
0.02099999972 0.0549999997 0.1369999945
0.02300000004 0.0549999997 0.1369999945
0.02099999972 0.05299999937 0.1389999986
0.02300000004 0.05299999937 0.1389999986
0.02300000004 0.05099999905 0.1410000026
0.01899999939 0.05299999937 0.1410000026
0.0270000007 0.04899999872 0.1389999986
0.02500000037 0.05099999905 0.1389999986
0.0270000007 0.05099999905 0.1389999986
0.02899999917 0.05099999905 0.1369999945
0.03099999949 0.04899999872 0.1389999986
0.02899999917 0.05099999905 0.1389999986
0.0270000007 0.04899999872 0.1410000026
0.0270000007 0.04899999872 0.1430000067
0.03099999949 0.04500000179 0.1449999958
0.03099999949 0.04500000179 0.1469999999
0.0270000007 0.04699999839 0.1509999931
0.03099999949 0.04500000179 0.1490000039
0.02899999917 0.04699999839 0.1509999931
0.0270000007 0.04699999839 0.1550000012
0.02899999917 0.04699999839 0.1529999971
0.03099999949 0.04500000179 0.1570000052
0.03099999949 0.04500000179 0.1589999944
0.01099999994 0.05299999937 0.1469999999
0.01099999994 0.05299999937 0.1589999944
0.02300000004 0.04899999872 0.1449999958
0.02300000004 0.05099999905 0.1469999999
0.01899999939 0.05099999905 0.1509999931
0.02300000004 0.04899999872 0.1490000039
0.02500000037 0.04899999872 0.1449999958
0.02500000037 0.04899999872 0.1490000039
0.02500000037 0.04899999872 0.1509999931
0.01899999939 0.05099999905 0.1550000012
0.02300000004 0.04899999872 0.1570000052
0.02300000004 0.04899999872 0.1589999944
0.02500000037 0.04899999872 0.1529999971
0.02500000037 0.04899999872 0.1550000012
0.0270000007 0.04899999872 0.1550000012
0.02500000037 0.04899999872 0.1570000052
0.04699999839 0.03500000015 0.1289999932
0.04699999839 0.03500000015 0.1309999973
0.04300000146 0.0390000008 0.1289999932
0.04300000146 0.0390000008 0.1309999973
0.04500000179 0.03700000048 0.1289999932
0.04699999839 0.03700000048 0.1289999932
0.04500000179 0.0390000008 0.1289999932
0.04500000179 0.03700000048 0.1309999973
0.04699999839 0.03700000048 0.1309999973
0.04500000179 0.0390000008 0.1309999973
0.04699999839 0.03500000015 0.1330000013
0.04699999839 0.03500000015 0.1350000054
0.04300000146 0.0390000008 0.1330000013
0.04300000146 0.0390000008 0.1350000054
0.04500000179 0.03700000048 0.1330000013
0.04699999839 0.03700000048 0.1330000013
0.04500000179 0.0390000008 0.1330000013
0.04500000179 0.03700000048 0.1350000054
0.04699999839 0.03700000048 0.1350000054
0.0390000008 0.04300000146 0.1289999932
0.03500000015 0.04699999839 0.1309999973
0.0390000008 0.04500000179 0.1289999932
0.03700000048 0.04500000179 0.1309999973
0.0390000008 0.04500000179 0.1309999973
0.0390000008 0.04300000146 0.1350000054
0.03500000015 0.04699999839 0.1330000013
0.03500000015 0.04699999839 0.1350000054
0.03700000048 0.04500000179 0.1330000013
0.03700000048 0.04699999839 0.1330000013
0.03700000048 0.04500000179 0.1350000054
0.04300000146 0.04100000113 0.1289999932
0.04100000113 0.04100000113 0.1309999973
0.04100000113 0.04300000146 0.1309999973
0.04100000113 0.04100000113 0.1330000013
0.04100000113 0.04300000146 0.1330000013
0.04100000113 0.04100000113 0.1350000054
0.04300000146 0.04100000113 0.1350000054
0.04100000113 0.04300000146 0.1350000054
0.03500000015 0.03500000015 0.1410000026
0.03700000048 0.03500000015 0.1410000026
0.0390000008 0.03700000048 0.1410000026
0.03700000048 0.0390000008 0.1410000026
0.0390000008 0.0390000008 0.1410000026
0.0390000008 0.03700000048 0.1430000067
0.03700000048 0.0390000008 0.1430000067
0.0390000008 0.0390000008 0.1430000067
0.04699999839 0.03500000015 0.1369999945
0.04699999839 0.03299999982 0.1389999986
0.04500000179 0.03500000015 0.1389999986
0.04699999839 0.03500000015 0.1389999986
0.04300000146 0.0390000008 0.1369999945
0.04300000146 0.03700000048 0.1389999986
0.04100000113 0.0390000008 0.1389999986
0.04300000146 0.0390000008 0.1389999986
0.04500000179 0.03700000048 0.1369999945
0.04500000179 0.0390000008 0.1369999945
0.04500000179 0.03700000048 0.1389999986
0.04500000179 0.0390000008 0.1389999986
0.04300000146 0.03299999982 0.1410000026
0.04100000113 0.03500000015 0.1410000026
0.04300000146 0.03500000015 0.1410000026
0.04300000146 0.03299999982 0.1430000067
0.04100000113 0.03500000015 0.1430000067
0.04500000179 0.03500000015 0.1410000026
0.04100000113 0.03700000048 0.1410000026
0.04100000113 0.03700000048 0.1430000067
0.0390000008 0.04300000146 0.1369999945
0.0390000008 0.04100000113 0.1389999986
0.0390000008 0.04300000146 0.1389999986
0.03500000015 0.04699999839 0.1369999945
0.03299999982 0.04500000179 0.1389999986
0.03500000015 0.04500000179 0.1389999986
0.03299999982 0.04699999839 0.1389999986
0.03700000048 0.04500000179 0.1369999945
0.0390000008 0.04500000179 0.1369999945
0.03700000048 0.04500000179 0.1389999986
0.03500000015 0.04300000146 0.1410000026
0.03500000015 0.04100000113 0.1430000067
0.03299999982 0.04300000146 0.1430000067
0.03500000015 0.04300000146 0.1430000067
0.03700000048 0.04100000113 0.1410000026
0.03700000048 0.04100000113 0.1430000067
0.03299999982 0.04500000179 0.1410000026
0.04300000146 0.04100000113 0.1369999945
0.04100000113 0.04100000113 0.1389999986
0.04899999872 0.03299999982 0.1289999932
0.04899999872 0.03299999982 0.1309999973
0.04899999872 0.03299999982 0.1330000013
0.04899999872 0.03299999982 0.1350000054
0.04899999872 0.03500000015 0.1350000054
0.04899999872 0.03299999982 0.1369999945
0.04899999872 0.03299999982 0.1389999986
0.03299999982 0.04899999872 0.1289999932
0.03299999982 0.04899999872 0.1309999973
0.03299999982 0.04899999872 0.1350000054
0.03500000015 0.04899999872 0.1369999945
0.03299999982 0.04899999872 0.1389999986
0.03700000048 0.0390000008 0.1449999958
0.0390000008 0.0390000008 0.1449999958
0.0390000008 0.03700000048 0.1469999999
0.0390000008 0.0390000008 0.1469999999
0.0390000008 0.03700000048 0.1490000039
0.03700000048 0.0390000008 0.1490000039
0.0390000008 0.0390000008 0.1490000039
0.0390000008 0.03700000048 0.1509999931
0.03700000048 0.0390000008 0.1509999931
0.0390000008 0.0390000008 0.1509999931
0.04300000146 0.03299999982 0.1449999958
0.04100000113 0.03500000015 0.1449999958
0.04300000146 0.03500000015 0.1449999958
0.04300000146 0.03299999982 0.1469999999
0.04300000146 0.03500000015 0.1469999999
0.04500000179 0.03299999982 0.1469999999
0.04100000113 0.03700000048 0.1449999958
0.04100000113 0.03700000048 0.1469999999
0.04100000113 0.03500000015 0.1490000039
0.04300000146 0.03500000015 0.1490000039
0.04300000146 0.03299999982 0.1509999931
0.04100000113 0.03500000015 0.1509999931
0.04300000146 0.03500000015 0.1509999931
0.04500000179 0.03299999982 0.1490000039
0.04500000179 0.03299999982 0.1509999931
0.04100000113 0.03700000048 0.1490000039
0.04100000113 0.03700000048 0.1509999931
0.03500000015 0.04100000113 0.1469999999
0.03700000048 0.04100000113 0.1449999958
0.03700000048 0.04100000113 0.1469999999
0.03299999982 0.04500000179 0.1449999958
0.03500000015 0.04100000113 0.1490000039
0.03299999982 0.04300000146 0.1490000039
0.03500000015 0.04100000113 0.1509999931
0.03500000015 0.04300000146 0.1509999931
0.03700000048 0.04100000113 0.1490000039
0.0390000008 0.03700000048 0.1529999971
0.03700000048 0.0390000008 0.1529999971
0.0390000008 0.0390000008 0.1529999971
0.0390000008 0.03700000048 0.1550000012
0.0390000008 0.0390000008 0.1550000012
0.0390000008 0.0390000008 0.1570000052
0.0390000008 0.0390000008 0.1589999944
0.04300000146 0.03299999982 0.1529999971
0.04100000113 0.03500000015 0.1529999971
0.04300000146 0.03299999982 0.1550000012
0.04100000113 0.03500000015 0.1550000012
0.04300000146 0.03500000015 0.1550000012
0.04100000113 0.03700000048 0.1529999971
0.04100000113 0.03700000048 0.1550000012
0.04300000146 0.03299999982 0.1570000052
0.04300000146 0.03500000015 0.1570000052
0.04300000146 0.03299999982 0.1589999944
0.04300000146 0.03500000015 0.1589999944
0.04500000179 0.03299999982 0.1589999944
0.04100000113 0.03700000048 0.1570000052
0.04100000113 0.03700000048 0.1589999944
0.03500000015 0.04100000113 0.1529999971
0.03299999982 0.04300000146 0.1529999971
0.03299999982 0.04300000146 0.1550000012
0.03700000048 0.04100000113 0.1529999971
0.03700000048 0.04100000113 0.1550000012
0.03299999982 0.04500000179 0.1550000012
0.03500000015 0.04100000113 0.1589999944
0.03500000015 0.04300000146 0.1589999944
0.03700000048 0.04100000113 0.1570000052
0.03700000048 0.04100000113 0.1589999944
0.0549999997 0.001000000047 0.1609999985
0.0549999997 0.003000000026 0.1609999985
0.0549999997 0.001000000047 0.1630000025
0.0549999997 0.003000000026 0.1630000025
0.0549999997 0.004999999888 0.1609999985
0.0549999997 0.007000000216 0.1609999985
0.0549999997 0.004999999888 0.1630000025
0.0549999997 0.007000000216 0.1630000025
0.0549999997 0.001000000047 0.1650000066
0.0549999997 0.003000000026 0.1650000066
0.0549999997 0.001000000047 0.1669999957
0.0549999997 0.003000000026 0.1669999957
0.0549999997 0.004999999888 0.1650000066
0.0549999997 0.007000000216 0.1650000066
0.0549999997 0.004999999888 0.1669999957
0.0549999997 0.007000000216 0.1669999957
0.0549999997 0.008999999613 0.1609999985
0.05299999937 0.01099999994 0.1609999985
0.0549999997 0.008999999613 0.1630000025
0.05299999937 0.01099999994 0.1630000025
0.05299999937 0.01300000027 0.1609999985
0.05299999937 0.01499999966 0.1609999985
0.05299999937 0.01300000027 0.1630000025
0.05299999937 0.01499999966 0.1630000025
0.0549999997 0.008999999613 0.1650000066
0.05299999937 0.01099999994 0.1650000066
0.0549999997 0.008999999613 0.1669999957
0.05299999937 0.01099999994 0.1669999957
0.05299999937 0.01300000027 0.1650000066
0.05299999937 0.01499999966 0.1650000066
0.05299999937 0.01300000027 0.1669999957
0.05299999937 0.01499999966 0.1669999957
0.0549999997 0.001000000047 0.1689999998
0.0549999997 0.003000000026 0.1689999998
0.0549999997 0.001000000047 0.1710000038
0.0549999997 0.003000000026 0.1710000038
0.0549999997 0.004999999888 0.1689999998
0.0549999997 0.007000000216 0.1689999998
0.0549999997 0.004999999888 0.1710000038
0.0549999997 0.007000000216 0.1710000038
0.0549999997 0.001000000047 0.172999993
0.0549999997 0.003000000026 0.172999993
0.0549999997 0.001000000047 0.174999997
0.0549999997 0.003000000026 0.174999997
0.0549999997 0.004999999888 0.172999993
0.0549999997 0.007000000216 0.172999993
0.0549999997 0.004999999888 0.174999997
0.0549999997 0.007000000216 0.174999997
0.0549999997 0.008999999613 0.1689999998
0.05299999937 0.01099999994 0.1689999998
0.0549999997 0.008999999613 0.1710000038
0.05299999937 0.01099999994 0.1710000038
0.05299999937 0.01300000027 0.1689999998
0.05299999937 0.01499999966 0.1689999998
0.05299999937 0.01300000027 0.1710000038
0.05299999937 0.01499999966 0.1710000038
0.0549999997 0.008999999613 0.172999993
0.05299999937 0.01099999994 0.172999993
0.0549999997 0.008999999613 0.174999997
0.05299999937 0.01099999994 0.174999997
0.05299999937 0.01300000027 0.172999993
0.05299999937 0.01499999966 0.172999993
0.05299999937 0.01300000027 0.174999997
0.05299999937 0.01499999966 0.174999997
0.04699999839 0.0270000007 0.1609999985
0.04699999839 0.0270000007 0.1630000025
0.04699999839 0.02899999917 0.1609999985
0.04500000179 0.03099999949 0.1609999985
0.04699999839 0.02899999917 0.1630000025
0.04500000179 0.03099999949 0.1630000025
0.04699999839 0.0270000007 0.1650000066
0.04699999839 0.0270000007 0.1669999957
0.04699999839 0.02899999917 0.1650000066
0.04500000179 0.03099999949 0.1650000066
0.04699999839 0.02899999917 0.1669999957
0.04500000179 0.03099999949 0.1669999957
0.04699999839 0.0270000007 0.1689999998
0.04699999839 0.0270000007 0.1710000038
0.04699999839 0.02899999917 0.1689999998
0.04500000179 0.03099999949 0.1689999998
0.04699999839 0.02899999917 0.1710000038
0.04500000179 0.03099999949 0.1710000038
0.04699999839 0.0270000007 0.174999997
0.04699999839 0.02899999917 0.172999993
0.04500000179 0.03099999949 0.172999993
0.04699999839 0.03099999949 0.172999993
0.04699999839 0.02899999917 0.174999997
0.04500000179 0.03099999949 0.174999997
0.05099999905 0.01899999939 0.1609999985
0.05099999905 0.01899999939 0.1630000025
0.05299999937 0.01700000092 0.1609999985
0.05299999937 0.01700000092 0.1630000025
0.05099999905 0.02099999972 0.1609999985
0.04899999872 0.02300000004 0.1609999985
0.05099999905 0.02099999972 0.1630000025
0.04899999872 0.02300000004 0.1630000025
0.05099999905 0.02300000004 0.1630000025
0.05099999905 0.01899999939 0.1650000066
0.05099999905 0.01700000092 0.1669999957
0.05099999905 0.01899999939 0.1669999957
0.05299999937 0.01700000092 0.1650000066
0.05299999937 0.01700000092 0.1669999957
0.05099999905 0.02099999972 0.1650000066
0.04899999872 0.02300000004 0.1650000066
0.05099999905 0.02099999972 0.1669999957
0.04899999872 0.02300000004 0.1669999957
0.04899999872 0.02500000037 0.1609999985
0.04899999872 0.02500000037 0.1630000025
0.04899999872 0.02500000037 0.1650000066
0.04899999872 0.02500000037 0.1669999957
0.05099999905 0.01899999939 0.1689999998
0.05099999905 0.01899999939 0.1710000038
0.05299999937 0.01700000092 0.1689999998
0.05299999937 0.01700000092 0.1710000038
0.05099999905 0.02099999972 0.1689999998
0.04899999872 0.02300000004 0.1689999998
0.05099999905 0.02300000004 0.1689999998
0.05099999905 0.02099999972 0.1710000038
0.05099999905 0.02300000004 0.1710000038
0.05099999905 0.01899999939 0.172999993
0.05099999905 0.01700000092 0.174999997
0.05099999905 0.01899999939 0.174999997
0.05299999937 0.01700000092 0.172999993
0.05299999937 0.01700000092 0.174999997
0.05099999905 0.02099999972 0.172999993
0.04899999872 0.02300000004 0.172999993
0.05099999905 0.02300000004 0.172999993
0.05099999905 0.02099999972 0.174999997
0.04899999872 0.02300000004 0.174999997
0.04899999872 0.02500000037 0.1689999998
0.04899999872 0.02500000037 0.1710000038
0.04899999872 0.02500000037 0.172999993
0.04899999872 0.0270000007 0.172999993
0.04899999872 0.02500000037 0.174999997
0.0549999997 0.001000000047 0.1770000011
0.0549999997 0.003000000026 0.1770000011
0.0549999997 0.001000000047 0.1790000051
0.0549999997 0.003000000026 0.1790000051
0.0549999997 0.004999999888 0.1770000011
0.0549999997 0.007000000216 0.1770000011
0.0549999997 0.004999999888 0.1790000051
0.0549999997 0.007000000216 0.1790000051
0.0549999997 0.001000000047 0.1809999943
0.0549999997 0.003000000026 0.1809999943
0.0549999997 0.001000000047 0.1829999983
0.0549999997 0.003000000026 0.1829999983
0.0549999997 0.004999999888 0.1809999943
0.0549999997 0.007000000216 0.1809999943
0.0549999997 0.004999999888 0.1829999983
0.0549999997 0.007000000216 0.1829999983
0.0549999997 0.008999999613 0.1770000011
0.05299999937 0.01099999994 0.1770000011
0.0549999997 0.008999999613 0.1790000051
0.05299999937 0.01099999994 0.1790000051
0.05299999937 0.01300000027 0.1770000011
0.05299999937 0.01499999966 0.1770000011
0.05299999937 0.01300000027 0.1790000051
0.05299999937 0.01499999966 0.1790000051
0.0549999997 0.008999999613 0.1809999943
0.05299999937 0.01099999994 0.1809999943
0.0549999997 0.008999999613 0.1829999983
0.05299999937 0.01099999994 0.1829999983
0.0549999997 0.01099999994 0.1829999983
0.05299999937 0.01300000027 0.1809999943
0.05299999937 0.01499999966 0.1809999943
0.05299999937 0.01300000027 0.1829999983
0.05299999937 0.01499999966 0.1829999983
0.0549999997 0.001000000047 0.1850000024
0.0549999997 0.003000000026 0.1850000024
0.0549999997 0.001000000047 0.1870000064
0.0549999997 0.003000000026 0.1870000064
0.0549999997 0.004999999888 0.1850000024
0.0549999997 0.007000000216 0.1850000024
0.0549999997 0.004999999888 0.1870000064
0.0549999997 0.007000000216 0.1870000064
0.0549999997 0.001000000047 0.1889999956
0.0549999997 0.003000000026 0.1889999956
0.0549999997 0.001000000047 0.1909999996
0.0549999997 0.003000000026 0.1909999996
0.0549999997 0.004999999888 0.1889999956
0.0549999997 0.007000000216 0.1889999956
0.0549999997 0.004999999888 0.1909999996
0.0549999997 0.007000000216 0.1909999996
0.0549999997 0.008999999613 0.1850000024
0.05299999937 0.01099999994 0.1850000024
0.0549999997 0.008999999613 0.1870000064
0.05299999937 0.01099999994 0.1870000064
0.05299999937 0.01300000027 0.1850000024
0.05299999937 0.01499999966 0.1850000024
0.05299999937 0.01300000027 0.1870000064
0.05299999937 0.01499999966 0.1870000064
0.0549999997 0.008999999613 0.1889999956
0.05299999937 0.01099999994 0.1889999956
0.0549999997 0.008999999613 0.1909999996
0.05299999937 0.01099999994 0.1909999996
0.05299999937 0.01300000027 0.1889999956
0.05299999937 0.01499999966 0.1889999956
0.05299999937 0.01300000027 0.1909999996
0.05299999937 0.01499999966 0.1909999996
0.04699999839 0.0270000007 0.1770000011
0.04699999839 0.0270000007 0.1790000051
0.04699999839 0.02899999917 0.1770000011
0.04500000179 0.03099999949 0.1770000011
0.04699999839 0.02899999917 0.1790000051
0.04500000179 0.03099999949 0.1790000051
0.04699999839 0.0270000007 0.1809999943
0.04699999839 0.0270000007 0.1829999983
0.04699999839 0.02899999917 0.1809999943
0.04500000179 0.03099999949 0.1809999943
0.04699999839 0.02899999917 0.1829999983
0.04500000179 0.03099999949 0.1829999983
0.04699999839 0.0270000007 0.1850000024
0.04699999839 0.0270000007 0.1870000064
0.04699999839 0.02899999917 0.1850000024
0.04500000179 0.03099999949 0.1850000024
0.04699999839 0.02899999917 0.1870000064
0.04500000179 0.03099999949 0.1870000064
0.04699999839 0.0270000007 0.1889999956
0.04699999839 0.0270000007 0.1909999996
0.04500000179 0.02899999917 0.1889999956
0.04699999839 0.02899999917 0.1889999956
0.04500000179 0.03099999949 0.1889999956
0.04699999839 0.02899999917 0.1909999996
0.04500000179 0.03099999949 0.1909999996
0.05099999905 0.01899999939 0.1770000011
0.05099999905 0.01899999939 0.1790000051
0.05299999937 0.01700000092 0.1770000011
0.05299999937 0.01700000092 0.1790000051
0.05099999905 0.02099999972 0.1770000011
0.04899999872 0.02300000004 0.1770000011
0.05099999905 0.02099999972 0.1790000051
0.04899999872 0.02300000004 0.1790000051
0.05099999905 0.02300000004 0.1790000051
0.05099999905 0.01899999939 0.1809999943
0.05099999905 0.01899999939 0.1829999983
0.05299999937 0.01700000092 0.1809999943
0.05299999937 0.01700000092 0.1829999983
0.05099999905 0.02099999972 0.1809999943
0.05099999905 0.02300000004 0.1809999943
0.05099999905 0.02099999972 0.1829999983
0.04899999872 0.02300000004 0.1829999983
0.05099999905 0.02300000004 0.1829999983
0.04899999872 0.02500000037 0.1770000011
0.04899999872 0.02500000037 0.1790000051
0.04899999872 0.02500000037 0.1809999943
0.04899999872 0.02500000037 0.1829999983
0.04899999872 0.0270000007 0.1829999983
0.05099999905 0.01700000092 0.1850000024
0.05099999905 0.01899999939 0.1850000024
0.05099999905 0.01899999939 0.1870000064
0.05299999937 0.01700000092 0.1850000024
0.05299999937 0.01700000092 0.1870000064
0.05099999905 0.02099999972 0.1850000024
0.04899999872 0.02300000004 0.1850000024
0.05099999905 0.02099999972 0.1870000064
0.04899999872 0.02300000004 0.1870000064
0.05099999905 0.01700000092 0.1889999956
0.05099999905 0.01899999939 0.1889999956
0.05099999905 0.01700000092 0.1909999996
0.05099999905 0.01899999939 0.1909999996
0.05299999937 0.01700000092 0.1889999956
0.05299999937 0.01700000092 0.1909999996
0.05099999905 0.02099999972 0.1889999956
0.04899999872 0.02300000004 0.1889999956
0.05099999905 0.02300000004 0.1889999956
0.05099999905 0.02099999972 0.1909999996
0.04899999872 0.02300000004 0.1909999996
0.05099999905 0.02300000004 0.1909999996
0.04899999872 0.02500000037 0.1850000024
0.04899999872 0.0270000007 0.1850000024
0.04899999872 0.02500000037 0.1870000064
0.04899999872 0.02500000037 0.1889999956
0.04899999872 0.02500000037 0.1909999996
0.0270000007 0.04699999839 0.1630000025
0.02899999917 0.04699999839 0.1609999985
0.03099999949 0.04500000179 0.1630000025
0.02899999917 0.04699999839 0.1630000025
0.02899999917 0.04699999839 0.1650000066
0.02899999917 0.04699999839 0.1669999957
0.0270000007 0.04699999839 0.1689999998
0.03099999949 0.04500000179 0.1710000038
0.03099999949 0.04500000179 0.172999993
0.03099999949 0.04500000179 0.174999997
0.02899999917 0.04699999839 0.174999997
0.01899999939 0.05099999905 0.1609999985
0.02099999972 0.05099999905 0.1609999985
0.02300000004 0.04899999872 0.1630000025
0.02099999972 0.05099999905 0.1650000066
0.02300000004 0.05099999905 0.1650000066
0.02300000004 0.05099999905 0.1669999957
0.02099999972 0.05099999905 0.1689999998
0.02099999972 0.05099999905 0.1710000038
0.01899999939 0.05099999905 0.174999997
0.02099999972 0.05099999905 0.172999993
0.02500000037 0.04899999872 0.1689999998
0.02500000037 0.04899999872 0.1710000038
0.0270000007 0.04699999839 0.1790000051
0.02899999917 0.04699999839 0.1770000011
0.03099999949 0.04699999839 0.1770000011
0.02899999917 0.04699999839 0.1790000051
0.0270000007 0.04699999839 0.1809999943
0.03099999949 0.04500000179 0.1829999983
0.0270000007 0.04699999839 0.1850000024
0.03099999949 0.04500000179 0.1850000024
0.03099999949 0.04500000179 0.1870000064
0.03099999949 0.04500000179 0.1889999956
0.02899999917 0.04699999839 0.1889999956
0.02899999917 0.04699999839 0.1909999996
0.01899999939 0.05099999905 0.1770000011
0.01899999939 0.05099999905 0.1790000051
0.01700000092 0.05299999937 0.1809999943
0.02500000037 0.04899999872 0.1829999983
0.0270000007 0.04899999872 0.1829999983
0.02099999972 0.05099999905 0.1850000024
0.0270000007 0.04899999872 0.1870000064
0.0270000007 0.04899999872 0.1889999956
0.02500000037 0.04899999872 0.1909999996
0.03700000048 0.0390000008 0.1609999985
0.0390000008 0.0390000008 0.1609999985
0.0390000008 0.03700000048 0.1630000025
0.0390000008 0.0390000008 0.1630000025
0.03700000048 0.0390000008 0.1650000066
0.0390000008 0.03700000048 0.1669999957
0.03700000048 0.0390000008 0.1669999957
0.04300000146 0.03299999982 0.1609999985
0.04300000146 0.03500000015 0.1609999985
0.04300000146 0.03299999982 0.1630000025
0.04100000113 0.03500000015 0.1630000025
0.04300000146 0.03500000015 0.1630000025
0.04500000179 0.03299999982 0.1609999985
0.04500000179 0.03299999982 0.1630000025
0.04100000113 0.03700000048 0.1609999985
0.04100000113 0.03700000048 0.1630000025
0.04300000146 0.03299999982 0.1650000066
0.04300000146 0.03500000015 0.1650000066
0.04300000146 0.03299999982 0.1669999957
0.04100000113 0.03500000015 0.1669999957
0.04300000146 0.03500000015 0.1669999957
0.04500000179 0.03299999982 0.1650000066
0.04100000113 0.03700000048 0.1650000066
0.03500000015 0.04100000113 0.1609999985
0.03299999982 0.04300000146 0.1609999985
0.03500000015 0.04300000146 0.1609999985
0.03299999982 0.04300000146 0.1630000025
0.03500000015 0.04300000146 0.1630000025
0.03299999982 0.04300000146 0.1650000066
0.03500000015 0.04300000146 0.1650000066
0.03500000015 0.04100000113 0.1669999957
0.03299999982 0.04300000146 0.1669999957
0.03700000048 0.04100000113 0.1650000066
0.03700000048 0.04100000113 0.1669999957
0.0390000008 0.0390000008 0.1689999998
0.0390000008 0.0390000008 0.1710000038
0.0390000008 0.03700000048 0.172999993
0.0390000008 0.0390000008 0.172999993
0.0390000008 0.0390000008 0.174999997
0.04300000146 0.03299999982 0.1689999998
0.04100000113 0.03500000015 0.1689999998
0.04300000146 0.03299999982 0.1710000038
0.04300000146 0.03500000015 0.1710000038
0.04100000113 0.03700000048 0.1710000038
0.04100000113 0.03500000015 0.172999993
0.04300000146 0.03500000015 0.172999993
0.04300000146 0.03299999982 0.174999997
0.04300000146 0.03500000015 0.174999997
0.04500000179 0.03299999982 0.172999993
0.04500000179 0.03299999982 0.174999997
0.04100000113 0.03700000048 0.172999993
0.04100000113 0.03700000048 0.174999997
0.03299999982 0.04300000146 0.1689999998
0.03500000015 0.04100000113 0.1710000038
0.03700000048 0.04100000113 0.1689999998
0.03700000048 0.04100000113 0.1710000038
0.03299999982 0.04500000179 0.1710000038
0.03500000015 0.04100000113 0.172999993
0.03500000015 0.04300000146 0.174999997
0.03700000048 0.0390000008 0.1770000011
0.0390000008 0.03700000048 0.1790000051
0.03700000048 0.0390000008 0.1809999943
0.0390000008 0.0390000008 0.1809999943
0.0390000008 0.03700000048 0.1829999983
0.03700000048 0.0390000008 0.1829999983
0.0390000008 0.0390000008 0.1829999983
0.04300000146 0.03299999982 0.1770000011
0.04300000146 0.03500000015 0.1770000011
0.04300000146 0.03299999982 0.1790000051
0.04100000113 0.03500000015 0.1790000051
0.04500000179 0.03299999982 0.1770000011
0.04100000113 0.03700000048 0.1770000011
0.04300000146 0.03299999982 0.1809999943
0.04100000113 0.03500000015 0.1809999943
0.04300000146 0.03299999982 0.1829999983
0.04300000146 0.03500000015 0.1829999983
0.04500000179 0.03299999982 0.1829999983
0.04100000113 0.03700000048 0.1829999983
0.03500000015 0.04100000113 0.1770000011
0.03500000015 0.04300000146 0.1770000011
0.03500000015 0.04100000113 0.1790000051
0.03299999982 0.04300000146 0.1790000051
0.03700000048 0.04100000113 0.1770000011
0.03700000048 0.04100000113 0.1790000051
0.03299999982 0.04300000146 0.1809999943
0.03500000015 0.04100000113 0.1829999983
0.03700000048 0.04100000113 0.1809999943
0.03700000048 0.04100000113 0.1829999983
0.03299999982 0.04500000179 0.1829999983
0.0390000008 0.03700000048 0.1850000024
0.03700000048 0.0390000008 0.1850000024
0.0390000008 0.0390000008 0.1850000024
0.0390000008 0.03700000048 0.1870000064
0.03700000048 0.0390000008 0.1870000064
0.0390000008 0.0390000008 0.1870000064
0.0390000008 0.03700000048 0.1889999956
0.0390000008 0.0390000008 0.1909999996
0.04300000146 0.03299999982 0.1850000024
0.04100000113 0.03500000015 0.1850000024
0.04300000146 0.03500000015 0.1850000024
0.04300000146 0.03299999982 0.1870000064
0.04100000113 0.03500000015 0.1870000064
0.04300000146 0.03500000015 0.1870000064
0.04500000179 0.03299999982 0.1850000024
0.04500000179 0.03299999982 0.1870000064
0.04100000113 0.03700000048 0.1850000024
0.04100000113 0.03700000048 0.1870000064
0.04300000146 0.03299999982 0.1889999956
0.04100000113 0.03500000015 0.1889999956
0.04300000146 0.03299999982 0.1909999996
0.04100000113 0.03500000015 0.1909999996
0.03500000015 0.04100000113 0.1850000024
0.03500000015 0.04300000146 0.1870000064
0.03299999982 0.04300000146 0.1889999956
0.03299999982 0.04300000146 0.1909999996
0.03700000048 0.04100000113 0.1889999956
0.03700000048 0.04100000113 0.1909999996
0.0549999997 0.001000000047 0.1930000037
0.0549999997 0.003000000026 0.1930000037
0.0549999997 0.001000000047 0.1949999928
0.0549999997 0.003000000026 0.1949999928
0.0549999997 0.004999999888 0.1930000037
0.0549999997 0.007000000216 0.1930000037
0.0549999997 0.004999999888 0.1949999928
0.0549999997 0.007000000216 0.1949999928
0.0549999997 0.001000000047 0.1969999969
0.0549999997 0.003000000026 0.1969999969
0.0549999997 0.001000000047 0.199000001
0.0549999997 0.003000000026 0.199000001
0.0549999997 0.004999999888 0.1969999969
0.0549999997 0.007000000216 0.1969999969
0.0549999997 0.004999999888 0.199000001
0.0549999997 0.007000000216 0.199000001
0.0549999997 0.008999999613 0.1930000037
0.05299999937 0.01099999994 0.1930000037
0.0549999997 0.01099999994 0.1930000037
0.0549999997 0.008999999613 0.1949999928
0.05299999937 0.01099999994 0.1949999928
0.05299999937 0.01300000027 0.1930000037
0.05299999937 0.01499999966 0.1930000037
0.05299999937 0.01300000027 0.1949999928
0.05299999937 0.01499999966 0.1949999928
0.0549999997 0.008999999613 0.1969999969
0.05299999937 0.01099999994 0.1969999969
0.0549999997 0.008999999613 0.199000001
0.05299999937 0.01099999994 0.199000001
0.05299999937 0.01300000027 0.1969999969
0.05299999937 0.01499999966 0.1969999969
0.05299999937 0.01300000027 0.199000001
0.05299999937 0.01499999966 0.199000001
0.0549999997 0.001000000047 0.201000005
0.0549999997 0.003000000026 0.201000005
0.0549999997 0.001000000047 0.2029999942
0.0549999997 0.003000000026 0.2029999942
0.0549999997 0.004999999888 0.201000005
0.0549999997 0.007000000216 0.201000005
0.0549999997 0.004999999888 0.2029999942
0.0549999997 0.007000000216 0.2029999942
0.0549999997 0.001000000047 0.2049999982
0.0549999997 0.003000000026 0.2049999982
0.0549999997 0.001000000047 0.2070000023
0.0549999997 0.003000000026 0.2070000023
0.0549999997 0.004999999888 0.2049999982
0.0549999997 0.007000000216 0.2049999982
0.0549999997 0.004999999888 0.2070000023
0.0549999997 0.007000000216 0.2070000023
0.0549999997 0.008999999613 0.201000005
0.05299999937 0.01099999994 0.201000005
0.0549999997 0.008999999613 0.2029999942
0.05299999937 0.01099999994 0.2029999942
0.05299999937 0.01300000027 0.201000005
0.05299999937 0.01499999966 0.201000005
0.05299999937 0.01300000027 0.2029999942
0.05299999937 0.01499999966 0.2029999942
0.0549999997 0.008999999613 0.2049999982
0.05299999937 0.01099999994 0.2049999982
0.05299999937 0.008999999613 0.2070000023
0.0549999997 0.008999999613 0.2070000023
0.05299999937 0.01099999994 0.2070000023
0.05299999937 0.01300000027 0.2049999982
0.05299999937 0.01499999966 0.2049999982
0.05299999937 0.01300000027 0.2070000023
0.05299999937 0.01499999966 0.2070000023
0.04699999839 0.02899999917 0.1930000037
0.04500000179 0.03099999949 0.1930000037
0.04699999839 0.02899999917 0.1949999928
0.04500000179 0.03099999949 0.1949999928
0.04699999839 0.0270000007 0.1969999969
0.04699999839 0.0270000007 0.199000001
0.04699999839 0.02899999917 0.1969999969
0.04500000179 0.03099999949 0.1969999969
0.04699999839 0.02899999917 0.199000001
0.04500000179 0.03099999949 0.199000001
0.04699999839 0.0270000007 0.201000005
0.04699999839 0.0270000007 0.2029999942
0.04699999839 0.02899999917 0.201000005
0.04500000179 0.03099999949 0.201000005
0.04500000179 0.02899999917 0.2029999942
0.04500000179 0.03099999949 0.2029999942
0.04699999839 0.0270000007 0.2070000023
0.04699999839 0.02899999917 0.2049999982
0.04500000179 0.03099999949 0.2049999982
0.04699999839 0.02899999917 0.2070000023
0.04500000179 0.03099999949 0.2070000023
0.05099999905 0.01700000092 0.1930000037
0.05099999905 0.01899999939 0.1930000037
0.05099999905 0.01700000092 0.1949999928
0.05099999905 0.01899999939 0.1949999928
0.05299999937 0.01700000092 0.1930000037
0.05299999937 0.01700000092 0.1949999928
0.05099999905 0.02099999972 0.1930000037
0.04899999872 0.02300000004 0.1930000037
0.05099999905 0.02099999972 0.1949999928
0.04899999872 0.02300000004 0.1949999928
0.05099999905 0.01899999939 0.1969999969
0.05099999905 0.01899999939 0.199000001
0.05299999937 0.01700000092 0.1969999969
0.05299999937 0.01700000092 0.199000001
0.05099999905 0.02099999972 0.1969999969
0.04899999872 0.02300000004 0.1969999969
0.05099999905 0.02099999972 0.199000001
0.04899999872 0.02300000004 0.199000001
0.05099999905 0.02300000004 0.199000001
0.04899999872 0.02500000037 0.1930000037
0.04899999872 0.0270000007 0.1930000037
0.04899999872 0.02500000037 0.1949999928
0.04899999872 0.0270000007 0.1949999928
0.04899999872 0.02500000037 0.1969999969
0.04899999872 0.02500000037 0.199000001
0.05099999905 0.01899999939 0.201000005
0.05099999905 0.01899999939 0.2029999942
0.05299999937 0.01700000092 0.201000005
0.05299999937 0.01700000092 0.2029999942
0.05099999905 0.02099999972 0.201000005
0.04899999872 0.02300000004 0.201000005
0.05099999905 0.02099999972 0.2029999942
0.04899999872 0.02300000004 0.2029999942
0.05099999905 0.01899999939 0.2049999982
0.05099999905 0.01700000092 0.2070000023
0.05099999905 0.01899999939 0.2070000023
0.05299999937 0.01700000092 0.2049999982
0.05299999937 0.01700000092 0.2070000023
0.05099999905 0.02099999972 0.2049999982
0.04899999872 0.02300000004 0.2049999982
0.05099999905 0.02300000004 0.2049999982
0.05099999905 0.02099999972 0.2070000023
0.04899999872 0.02300000004 0.2070000023
0.05099999905 0.02300000004 0.2070000023
0.04899999872 0.02500000037 0.201000005
0.04899999872 0.02500000037 0.2029999942
0.04899999872 0.0270000007 0.2029999942
0.04899999872 0.02500000037 0.2049999982
0.04899999872 0.02500000037 0.2070000023
0.0549999997 0.001000000047 0.2090000063
0.0549999997 0.003000000026 0.2090000063
0.05299999937 0.001000000047 0.2109999955
0.0549999997 0.001000000047 0.2109999955
0.05299999937 0.003000000026 0.2109999955
0.0549999997 0.004999999888 0.2090000063
0.05299999937 0.007000000216 0.2090000063
0.05299999937 0.004999999888 0.2109999955
0.05299999937 0.007000000216 0.2109999955
0.05299999937 0.001000000047 0.2129999995
0.05299999937 0.003000000026 0.2129999995
0.05299999937 0.001000000047 0.2150000036
0.05299999937 0.003000000026 0.2150000036
0.05299999937 0.004999999888 0.2129999995
0.05299999937 0.007000000216 0.2129999995
0.05299999937 0.004999999888 0.2150000036
0.05299999937 0.008999999613 0.2090000063
0.05299999937 0.01099999994 0.2090000063
0.05299999937 0.008999999613 0.2109999955
0.05299999937 0.01099999994 0.2109999955
0.05099999905 0.01300000027 0.2109999955
0.05099999905 0.01499999966 0.2109999955
0.05299999937 0.01300000027 0.2090000063
0.05299999937 0.01499999966 0.2090000063
0.05299999937 0.01300000027 0.2109999955
0.05299999937 0.008999999613 0.2129999995
0.05099999905 0.01700000092 0.2090000063
0.05099999905 0.01899999939 0.2090000063
0.05099999905 0.01700000092 0.2109999955
0.05099999905 0.02099999972 0.2090000063
0.04899999872 0.02300000004 0.2090000063
0.0270000007 0.04699999839 0.1930000037
0.03099999949 0.04500000179 0.1949999928
0.03099999949 0.04500000179 0.1969999969
0.03099999949 0.04500000179 0.199000001
0.03099999949 0.04699999839 0.199000001
0.02899999917 0.04699999839 0.201000005
0.02899999917 0.04699999839 0.2029999942
0.02300000004 0.05099999905 0.1969999969
0.02500000037 0.04899999872 0.1930000037
0.02500000037 0.04899999872 0.1949999928
0.02500000037 0.04899999872 0.199000001
0.02300000004 0.04899999872 0.2029999942
0.02500000037 0.04899999872 0.201000005
0.0390000008 0.0390000008 0.1930000037
0.0390000008 0.0390000008 0.1949999928
0.0390000008 0.0390000008 0.1969999969
0.0390000008 0.03700000048 0.199000001
0.03700000048 0.0390000008 0.199000001
0.04100000113 0.03500000015 0.1930000037
0.04300000146 0.03500000015 0.1930000037
0.04300000146 0.03500000015 0.1949999928
0.04500000179 0.03299999982 0.1930000037
0.04500000179 0.03299999982 0.1949999928
0.04100000113 0.03700000048 0.1930000037
0.04100000113 0.03700000048 0.1949999928
0.04300000146 0.03500000015 0.1969999969
0.04300000146 0.03299999982 0.199000001
0.04300000146 0.03500000015 0.199000001
0.04500000179 0.03299999982 0.1969999969
0.04100000113 0.03700000048 0.1969999969
0.03299999982 0.04300000146 0.1930000037
0.03700000048 0.04100000113 0.1930000037
0.03700000048 0.04100000113 0.1949999928
0.03299999982 0.04500000179 0.1930000037
0.03500000015 0.04100000113 0.1969999969
0.03299999982 0.04300000146 0.1969999969
0.03299999982 0.04300000146 0.199000001
0.03500000015 0.04300000146 0.199000001
0.0390000008 0.03700000048 0.201000005
0.0390000008 0.0390000008 0.201000005
0.0390000008 0.0390000008 0.2029999942
0.0390000008 0.0390000008 0.2049999982
0.04300000146 0.03299999982 0.201000005
0.04100000113 0.03500000015 0.201000005
0.04300000146 0.03299999982 0.2029999942
0.04100000113 0.03700000048 0.2029999942
0.04300000146 0.03500000015 0.2049999982
0.04300000146 0.03299999982 0.2070000023
0.04300000146 0.03500000015 0.2070000023
0.04500000179 0.03299999982 0.2049999982
0.04100000113 0.03700000048 0.2049999982
0.03299999982 0.04300000146 0.201000005
0.03299999982 0.04300000146 0.2029999942
0.03700000048 0.04100000113 0.201000005
0.03700000048 0.04100000113 0.2029999942
0.03700000048 0.04100000113 0.2049999982
