# .PCD v0.7 - Point Cloud Data file format
VERSION 0.7
FIELDS x y z
SIZE 4 4 4
TYPE F F F
COUNT 1 1 1
WIDTH 7583
HEIGHT 1
VIEWPOINT 0 0 0 1 0 0 0
POINTS 7583
DATA ascii
0.01899999939 -0.07299999893 0.01099999994
0.01899999939 -0.07299999893 0.01300000027
0.02099999972 -0.07299999893 0.01499999966
0.02300000004 -0.07100000232 0.01099999994
0.02300000004 -0.07100000232 0.01499999966
0.02500000037 -0.06899999827 0.01099999994
0.0270000007 -0.06700000167 0.01099999994
0.02899999917 -0.06499999762 0.01099999994
0.03099999949 -0.06499999762 0.01099999994
0.02500000037 -0.06899999827 0.01499999966
0.02500000037 -0.06700000167 0.01300000027
0.0270000007 -0.06700000167 0.01300000027
0.0270000007 -0.06700000167 0.01499999966
0.02899999917 -0.06499999762 0.01300000027
0.02899999917 -0.06499999762 0.01499999966
0.01899999939 -0.07500000298 0.01700000092
0.01899999939 -0.07299999893 0.01700000092
0.01899999939 -0.07299999893 0.01899999939
0.01700000092 -0.07500000298 0.02099999972
0.01899999939 -0.07299999893 0.02099999972
0.01700000092 -0.07299999893 0.02300000004
0.01899999939 -0.07299999893 0.02300000004
0.02300000004 -0.06899999827 0.01700000092
0.02099999972 -0.07100000232 0.01899999939
0.02300000004 -0.06899999827 0.01899999939
0.02300000004 -0.06899999827 0.02300000004
0.02500000037 -0.06899999827 0.01899999939
0.02500000037 -0.06700000167 0.01700000092
0.0270000007 -0.06700000167 0.01700000092
0.0270000007 -0.06499999762 0.01700000092
0.0270000007 -0.06700000167 0.01899999939
0.0270000007 -0.06499999762 0.01899999939
0.02899999917 -0.06499999762 0.01700000092
0.02899999917 -0.06499999762 0.01899999939
0.0270000007 -0.06499999762 0.02099999972
0.02500000037 -0.06700000167 0.02300000004
0.0270000007 -0.06499999762 0.02300000004
0.02899999917 -0.06499999762 0.02099999972
0.01700000092 -0.07299999893 0.02500000037
0.01700000092 -0.07299999893 0.0270000007
0.01700000092 -0.07500000298 0.02899999917
0.01700000092 -0.07299999893 0.02899999917
0.01899999939 -0.07299999893 0.02899999917
0.01700000092 -0.07299999893 0.03099999949
0.02099999972 -0.07100000232 0.02500000037
0.02300000004 -0.06899999827 0.02500000037
0.02099999972 -0.07100000232 0.0270000007
0.02300000004 -0.06899999827 0.0270000007
0.02099999972 -0.06899999827 0.02899999917
0.02099999972 -0.06899999827 0.03099999949
0.02300000004 -0.06700000167 0.03099999949
0.02500000037 -0.06700000167 0.02500000037
0.0270000007 -0.06499999762 0.02500000037
0.02500000037 -0.06700000167 0.0270000007
0.02899999917 -0.06499999762 0.02500000037
0.02500000037 -0.06499999762 0.03099999949
0.01499999966 -0.07500000298 0.03500000015
0.01499999966 -0.07299999893 0.03700000048
0.01499999966 -0.07500000298 0.0390000008
0.01499999966 -0.07299999893 0.04100000113
0.01499999966 -0.07299999893 0.04500000179
0.01499999966 -0.07299999893 0.04699999839
0.01700000092 -0.07299999893 0.03299999982
0.01700000092 -0.07299999893 0.03500000015
0.01700000092 -0.07299999893 0.03700000048
0.01700000092 -0.07299999893 0.0390000008
0.01899999939 -0.07100000232 0.03299999982
0.02099999972 -0.07100000232 0.03299999982
0.02099999972 -0.06899999827 0.03299999982
0.02300000004 -0.06899999827 0.03299999982
0.02099999972 -0.06899999827 0.03500000015
0.02300000004 -0.06700000167 0.03500000015
0.01700000092 -0.07100000232 0.03700000048
0.01899999939 -0.07100000232 0.03700000048
0.01899999939 -0.07100000232 0.0390000008
0.02099999972 -0.06899999827 0.0390000008
0.02300000004 -0.06700000167 0.03700000048
0.02500000037 -0.06700000167 0.03299999982
0.0270000007 -0.06499999762 0.03299999982
0.02500000037 -0.06499999762 0.03500000015
0.02500000037 -0.06499999762 0.03700000048
0.01700000092 -0.07299999893 0.04100000113
0.01700000092 -0.07299999893 0.04300000146
0.01899999939 -0.07100000232 0.04100000113
0.01899999939 -0.07100000232 0.04300000146
0.01899999939 -0.06899999827 0.04300000146
0.02099999972 -0.06899999827 0.04100000113
0.02300000004 -0.06700000167 0.04100000113
0.02300000004 -0.06700000167 0.04300000146
0.01899999939 -0.07100000232 0.04699999839
0.01899999939 -0.06899999827 0.04699999839
0.02099999972 -0.06899999827 0.04500000179
0.02099999972 -0.06700000167 0.04500000179
0.02300000004 -0.06700000167 0.04500000179
0.02099999972 -0.06700000167 0.04699999839
0.02300000004 -0.06700000167 0.04699999839
0.02300000004 -0.06499999762 0.04699999839
0.02500000037 -0.06499999762 0.04100000113
0.02500000037 -0.06499999762 0.04300000146
0.02500000037 -0.06499999762 0.04500000179
0.01499999966 -0.07299999893 0.04899999872
0.01499999966 -0.07299999893 0.05099999905
0.01300000027 -0.07299999893 0.05299999937
0.01499999966 -0.07299999893 0.05299999937
0.01300000027 -0.07299999893 0.0549999997
0.01499999966 -0.07100000232 0.05299999937
0.01300000027 -0.07299999893 0.05700000003
0.01499999966 -0.07299999893 0.05700000003
0.01300000027 -0.07299999893 0.05900000036
0.01300000027 -0.07299999893 0.06100000069
0.01300000027 -0.07299999893 0.06300000101
0.01499999966 -0.07100000232 0.05700000003
0.01499999966 -0.07100000232 0.05900000036
0.01499999966 -0.07100000232 0.06300000101
0.01700000092 -0.07100000232 0.04899999872
0.01899999939 -0.06899999827 0.04899999872
0.01700000092 -0.07100000232 0.05099999905
0.01899999939 -0.06899999827 0.05099999905
0.02099999972 -0.06899999827 0.04899999872
0.02099999972 -0.06700000167 0.04899999872
0.02300000004 -0.06499999762 0.04899999872
0.02099999972 -0.06700000167 0.05099999905
0.02300000004 -0.06700000167 0.05099999905
0.01700000092 -0.07100000232 0.05299999937
0.01899999939 -0.06899999827 0.05299999937
0.01700000092 -0.06899999827 0.0549999997
0.01899999939 -0.06899999827 0.0549999997
0.02099999972 -0.06700000167 0.05299999937
0.02300000004 -0.06499999762 0.05299999937
0.02099999972 -0.06700000167 0.0549999997
0.02300000004 -0.06499999762 0.0549999997
0.01700000092 -0.06899999827 0.05700000003
0.01700000092 -0.06899999827 0.05900000036
0.01899999939 -0.06899999827 0.05900000036
0.01899999939 -0.06700000167 0.05700000003
0.02099999972 -0.06700000167 0.05700000003
0.02099999972 -0.06700000167 0.05900000036
0.02099999972 -0.06499999762 0.05900000036
0.02300000004 -0.06499999762 0.05900000036
0.01700000092 -0.06899999827 0.06100000069
0.01899999939 -0.06899999827 0.06100000069
0.01700000092 -0.06899999827 0.06300000101
0.01899999939 -0.06700000167 0.06100000069
0.01899999939 -0.06700000167 0.06300000101
0.02099999972 -0.06499999762 0.06300000101
0.03099999949 -0.06300000101 0.01099999994
0.03099999949 -0.06300000101 0.01300000027
0.03099999949 -0.06300000101 0.01499999966
0.03099999949 -0.06300000101 0.01700000092
0.02899999917 -0.06300000101 0.01899999939
0.03099999949 -0.06300000101 0.01899999939
0.03099999949 -0.06100000069 0.01899999939
0.02899999917 -0.06300000101 0.02099999972
0.03099999949 -0.06300000101 0.02099999972
0.02899999917 -0.06300000101 0.02300000004
0.03099999949 -0.06300000101 0.02300000004
0.03099999949 -0.06100000069 0.02300000004
0.02899999917 -0.06300000101 0.02500000037
0.03099999949 -0.06100000069 0.02500000037
0.02899999917 -0.06300000101 0.0270000007
0.02899999917 -0.06100000069 0.0270000007
0.03099999949 -0.06100000069 0.0270000007
0.0270000007 -0.06300000101 0.02899999917
0.0270000007 -0.06300000101 0.03099999949
0.02899999917 -0.06300000101 0.02899999917
0.02899999917 -0.06100000069 0.02899999917
0.03099999949 -0.06100000069 0.02899999917
0.02899999917 -0.06300000101 0.03099999949
0.02899999917 -0.06100000069 0.03099999949
0.03099999949 -0.06100000069 0.03099999949
0.03099999949 -0.05900000036 0.02899999917
0.03099999949 -0.05900000036 0.03099999949
0.03299999982 -0.06300000101 0.01099999994
0.03500000015 -0.06100000069 0.01099999994
0.03500000015 -0.05900000036 0.01099999994
0.03700000048 -0.05900000036 0.01099999994
0.0390000008 -0.05700000003 0.01099999994
0.03299999982 -0.06100000069 0.01300000027
0.03500000015 -0.06100000069 0.01300000027
0.03299999982 -0.06300000101 0.01499999966
0.03299999982 -0.06100000069 0.01499999966
0.03500000015 -0.05900000036 0.01300000027
0.03500000015 -0.05900000036 0.01499999966
0.03700000048 -0.05900000036 0.01300000027
0.0390000008 -0.05700000003 0.01300000027
0.03700000048 -0.05900000036 0.01499999966
0.03700000048 -0.05700000003 0.01499999966
0.0390000008 -0.05700000003 0.01499999966
0.0390000008 -0.0549999997 0.01499999966
0.04100000113 -0.0549999997 0.01099999994
0.04300000146 -0.0549999997 0.01099999994
0.04300000146 -0.05299999937 0.01099999994
0.04500000179 -0.05299999937 0.01099999994
0.04500000179 -0.05099999905 0.01099999994
0.04699999839 -0.05099999905 0.01099999994
0.04699999839 -0.04899999872 0.01099999994
0.04100000113 -0.0549999997 0.01300000027
0.04300000146 -0.0549999997 0.01300000027
0.04300000146 -0.05299999937 0.01300000027
0.04100000113 -0.0549999997 0.01499999966
0.04300000146 -0.05299999937 0.01499999966
0.04500000179 -0.05299999937 0.01300000027
0.04500000179 -0.05099999905 0.01300000027
0.04699999839 -0.04899999872 0.01300000027
0.04500000179 -0.05099999905 0.01499999966
0.04500000179 -0.04899999872 0.01499999966
0.04699999839 -0.04899999872 0.01499999966
0.04899999872 -0.04899999872 0.01099999994
0.04899999872 -0.04699999839 0.01099999994
0.05099999905 -0.04699999839 0.01099999994
0.05099999905 -0.04500000179 0.01099999994
0.05299999937 -0.04500000179 0.01099999994
0.05299999937 -0.04300000146 0.01099999994
0.0549999997 -0.04100000113 0.01099999994
0.04899999872 -0.04699999839 0.01300000027
0.05099999905 -0.04500000179 0.01300000027
0.04899999872 -0.04699999839 0.01499999966
0.04899999872 -0.04500000179 0.01499999966
0.05099999905 -0.04500000179 0.01499999966
0.05099999905 -0.04300000146 0.01499999966
0.05299999937 -0.04300000146 0.01300000027
0.05299999937 -0.04100000113 0.01300000027
0.0549999997 -0.04100000113 0.01300000027
0.05299999937 -0.04300000146 0.01499999966
0.05299999937 -0.04100000113 0.01499999966
0.0549999997 -0.0390000008 0.01099999994
0.0549999997 -0.0390000008 0.01300000027
0.0549999997 -0.0390000008 0.01499999966
0.05700000003 -0.0390000008 0.01099999994
0.05700000003 -0.03700000048 0.01099999994
0.05900000036 -0.03700000048 0.01099999994
0.05900000036 -0.03500000015 0.01099999994
0.05900000036 -0.03299999982 0.01099999994
0.06100000069 -0.03299999982 0.01099999994
0.05700000003 -0.03700000048 0.01300000027
0.05700000003 -0.03700000048 0.01499999966
0.05700000003 -0.03500000015 0.01300000027
0.05900000036 -0.03500000015 0.01300000027
0.05900000036 -0.03299999982 0.01300000027
0.05700000003 -0.03500000015 0.01499999966
0.05900000036 -0.03299999982 0.01499999966
0.03299999982 -0.06100000069 0.01700000092
0.03500000015 -0.06100000069 0.01700000092
0.03299999982 -0.06100000069 0.01899999939
0.03500000015 -0.05900000036 0.01700000092
0.03500000015 -0.05900000036 0.01899999939
0.03700000048 -0.05900000036 0.01700000092
0.03700000048 -0.05700000003 0.01700000092
0.0390000008 -0.05700000003 0.01700000092
0.03700000048 -0.05700000003 0.01899999939
0.03299999982 -0.06100000069 0.02099999972
0.03299999982 -0.06100000069 0.02300000004
0.03299999982 -0.05900000036 0.02099999972
0.03500000015 -0.05900000036 0.02099999972
0.03500000015 -0.05700000003 0.02099999972
0.03299999982 -0.05900000036 0.02300000004
0.03500000015 -0.05900000036 0.02300000004
0.03500000015 -0.05700000003 0.02300000004
0.03700000048 -0.05700000003 0.02099999972
0.03700000048 -0.05700000003 0.02300000004
0.0390000008 -0.0549999997 0.01700000092
0.0390000008 -0.0549999997 0.01899999939
0.03700000048 -0.0549999997 0.02099999972
0.0390000008 -0.0549999997 0.02099999972
0.03700000048 -0.0549999997 0.02300000004
0.0390000008 -0.0549999997 0.02300000004
0.0390000008 -0.05299999937 0.02300000004
0.04100000113 -0.05299999937 0.01700000092
0.04300000146 -0.05299999937 0.01700000092
0.04100000113 -0.0549999997 0.01899999939
0.04100000113 -0.05299999937 0.01899999939
0.04300000146 -0.05299999937 0.01899999939
0.04300000146 -0.05099999905 0.01700000092
0.04300000146 -0.05099999905 0.01899999939
0.04500000179 -0.05099999905 0.01700000092
0.04500000179 -0.04899999872 0.01700000092
0.04699999839 -0.04899999872 0.01700000092
0.04500000179 -0.05099999905 0.01899999939
0.04500000179 -0.04899999872 0.01899999939
0.04100000113 -0.0549999997 0.02099999972
0.04100000113 -0.05299999937 0.02099999972
0.04100000113 -0.05299999937 0.02300000004
0.04300000146 -0.05099999905 0.02099999972
0.04100000113 -0.05099999905 0.02300000004
0.04300000146 -0.05099999905 0.02300000004
0.04300000146 -0.04899999872 0.02300000004
0.04500000179 -0.04899999872 0.02099999972
0.04500000179 -0.04899999872 0.02300000004
0.03299999982 -0.05900000036 0.02500000037
0.03500000015 -0.05700000003 0.02500000037
0.03299999982 -0.05900000036 0.0270000007
0.03500000015 -0.05900000036 0.0270000007
0.03500000015 -0.05700000003 0.0270000007
0.03700000048 -0.05700000003 0.02500000037
0.03700000048 -0.05700000003 0.0270000007
0.03299999982 -0.05900000036 0.02899999917
0.03500000015 -0.05700000003 0.02899999917
0.03299999982 -0.05900000036 0.03099999949
0.03299999982 -0.05700000003 0.03099999949
0.03500000015 -0.05700000003 0.03099999949
0.03700000048 -0.0549999997 0.02500000037
0.0390000008 -0.0549999997 0.02500000037
0.0390000008 -0.05299999937 0.02500000037
0.03700000048 -0.0549999997 0.0270000007
0.0390000008 -0.05299999937 0.0270000007
0.03500000015 -0.0549999997 0.03099999949
0.03700000048 -0.0549999997 0.02899999917
0.0390000008 -0.05299999937 0.02899999917
0.03700000048 -0.0549999997 0.03099999949
0.03700000048 -0.05299999937 0.03099999949
0.0390000008 -0.05299999937 0.03099999949
0.0390000008 -0.05099999905 0.03099999949
0.04100000113 -0.05299999937 0.02500000037
0.04100000113 -0.05299999937 0.0270000007
0.04100000113 -0.05099999905 0.02500000037
0.04300000146 -0.05099999905 0.02500000037
0.04300000146 -0.04899999872 0.02500000037
0.04100000113 -0.05099999905 0.0270000007
0.04300000146 -0.04899999872 0.0270000007
0.04500000179 -0.04899999872 0.02500000037
0.04100000113 -0.05099999905 0.02899999917
0.04100000113 -0.04899999872 0.02899999917
0.04300000146 -0.04899999872 0.02899999917
0.04100000113 -0.05099999905 0.03099999949
0.04100000113 -0.04899999872 0.03099999949
0.04300000146 -0.04899999872 0.03099999949
0.04699999839 -0.04699999839 0.01700000092
0.04699999839 -0.04699999839 0.01899999939
0.04699999839 -0.04699999839 0.02099999972
0.04699999839 -0.04500000179 0.02099999972
0.04500000179 -0.04699999839 0.02300000004
0.04699999839 -0.04699999839 0.02300000004
0.04699999839 -0.04500000179 0.02300000004
0.04500000179 -0.04699999839 0.02500000037
0.04699999839 -0.04699999839 0.02500000037
0.04699999839 -0.04500000179 0.02500000037
0.04500000179 -0.04699999839 0.0270000007
0.04500000179 -0.04500000179 0.0270000007
0.04699999839 -0.04500000179 0.0270000007
0.04699999839 -0.04300000146 0.0270000007
0.04300000146 -0.04699999839 0.02899999917
0.04300000146 -0.04699999839 0.03099999949
0.04500000179 -0.04699999839 0.02899999917
0.04500000179 -0.04500000179 0.02899999917
0.04699999839 -0.04500000179 0.02899999917
0.04500000179 -0.04699999839 0.03099999949
0.04500000179 -0.04500000179 0.03099999949
0.04699999839 -0.04500000179 0.03099999949
0.04699999839 -0.04300000146 0.02899999917
0.04699999839 -0.04300000146 0.03099999949
0.04899999872 -0.04699999839 0.01700000092
0.04899999872 -0.04500000179 0.01700000092
0.05099999905 -0.04500000179 0.01700000092
0.04899999872 -0.04699999839 0.01899999939
0.04899999872 -0.04500000179 0.01899999939
0.05099999905 -0.04300000146 0.01700000092
0.05099999905 -0.04100000113 0.01700000092
0.05099999905 -0.04300000146 0.01899999939
0.05099999905 -0.04100000113 0.01899999939
0.05299999937 -0.04100000113 0.01700000092
0.05299999937 -0.04100000113 0.01899999939
0.04899999872 -0.04500000179 0.02099999972
0.04899999872 -0.04500000179 0.02300000004
0.04899999872 -0.04300000146 0.02099999972
0.05099999905 -0.04300000146 0.02099999972
0.05099999905 -0.04100000113 0.02099999972
0.04899999872 -0.04300000146 0.02300000004
0.05099999905 -0.04100000113 0.02300000004
0.05299999937 -0.0390000008 0.01700000092
0.0549999997 -0.0390000008 0.01700000092
0.0549999997 -0.03700000048 0.01700000092
0.05299999937 -0.0390000008 0.01899999939
0.0549999997 -0.0390000008 0.01899999939
0.0549999997 -0.03700000048 0.01899999939
0.0549999997 -0.03500000015 0.01899999939
0.05299999937 -0.0390000008 0.02099999972
0.0549999997 -0.03700000048 0.02099999972
0.05299999937 -0.0390000008 0.02300000004
0.05299999937 -0.03700000048 0.02300000004
0.0549999997 -0.03500000015 0.02099999972
0.0549999997 -0.03500000015 0.02300000004
0.05700000003 -0.03700000048 0.01700000092
0.05700000003 -0.03500000015 0.01700000092
0.05700000003 -0.03299999982 0.01700000092
0.05900000036 -0.03299999982 0.01700000092
0.05700000003 -0.03500000015 0.01899999939
0.05700000003 -0.03299999982 0.01899999939
0.05700000003 -0.03500000015 0.02099999972
0.05700000003 -0.03299999982 0.02099999972
0.05700000003 -0.03299999982 0.02300000004
0.04899999872 -0.04500000179 0.02500000037
0.04899999872 -0.04300000146 0.02500000037
0.04899999872 -0.04100000113 0.02500000037
0.05099999905 -0.04100000113 0.02500000037
0.04899999872 -0.04300000146 0.0270000007
0.04899999872 -0.04100000113 0.0270000007
0.05099999905 -0.04100000113 0.0270000007
0.04899999872 -0.04300000146 0.02899999917
0.04899999872 -0.04100000113 0.02899999917
0.04899999872 -0.04100000113 0.03099999949
0.05099999905 -0.0390000008 0.02500000037
0.05099999905 -0.0390000008 0.0270000007
0.05299999937 -0.0390000008 0.02500000037
0.05299999937 -0.03700000048 0.02500000037
0.05299999937 -0.0390000008 0.0270000007
0.05299999937 -0.03700000048 0.0270000007
0.0549999997 -0.03500000015 0.02500000037
0.0549999997 -0.03299999982 0.02500000037
0.05299999937 -0.03500000015 0.0270000007
0.0549999997 -0.03500000015 0.0270000007
0.0549999997 -0.03299999982 0.0270000007
0.05099999905 -0.0390000008 0.02899999917
0.05099999905 -0.03700000048 0.02899999917
0.04899999872 -0.0390000008 0.03099999949
0.05099999905 -0.0390000008 0.03099999949
0.05099999905 -0.03700000048 0.03099999949
0.05299999937 -0.03700000048 0.02899999917
0.05299999937 -0.03700000048 0.03099999949
0.05299999937 -0.03500000015 0.02899999917
0.0549999997 -0.03500000015 0.02899999917
0.0549999997 -0.03299999982 0.02899999917
0.05299999937 -0.03500000015 0.03099999949
0.05299999937 -0.03299999982 0.03099999949
0.0549999997 -0.03299999982 0.03099999949
0.06100000069 -0.03099999949 0.01099999994
0.06100000069 -0.02899999917 0.01099999994
0.06300000101 -0.02899999917 0.01099999994
0.06300000101 -0.0270000007 0.01099999994
0.06300000101 -0.02500000037 0.01099999994
0.05900000036 -0.03099999949 0.01300000027
0.05900000036 -0.03099999949 0.01499999966
0.06100000069 -0.03099999949 0.01300000027
0.06100000069 -0.02899999917 0.01300000027
0.06100000069 -0.03099999949 0.01499999966
0.06100000069 -0.02899999917 0.01499999966
0.06100000069 -0.0270000007 0.01300000027
0.06300000101 -0.0270000007 0.01300000027
0.06300000101 -0.02500000037 0.01300000027
0.06100000069 -0.0270000007 0.01499999966
0.06300000101 -0.0270000007 0.01499999966
0.06300000101 -0.02500000037 0.01499999966
0.06300000101 -0.02300000004 0.01300000027
0.06300000101 -0.02300000004 0.01499999966
0.06300000101 -0.02099999972 0.01499999966
0.05900000036 -0.03099999949 0.01700000092
0.05900000036 -0.02899999917 0.01700000092
0.05900000036 -0.03099999949 0.01899999939
0.05900000036 -0.02899999917 0.01899999939
0.06100000069 -0.02899999917 0.01700000092
0.06100000069 -0.02899999917 0.01899999939
0.06100000069 -0.0270000007 0.01700000092
0.06100000069 -0.02500000037 0.01700000092
0.06300000101 -0.02500000037 0.01700000092
0.06100000069 -0.0270000007 0.01899999939
0.06100000069 -0.02500000037 0.01899999939
0.05900000036 -0.03099999949 0.02099999972
0.05900000036 -0.02899999917 0.02099999972
0.05700000003 -0.03099999949 0.02300000004
0.05900000036 -0.03099999949 0.02300000004
0.05900000036 -0.02899999917 0.02300000004
0.05900000036 -0.0270000007 0.02099999972
0.05900000036 -0.0270000007 0.02300000004
0.06100000069 -0.0270000007 0.02099999972
0.06100000069 -0.02500000037 0.02099999972
0.06100000069 -0.02500000037 0.02300000004
0.06300000101 -0.02300000004 0.01700000092
0.06300000101 -0.02099999972 0.01700000092
0.06100000069 -0.02300000004 0.01899999939
0.06300000101 -0.02300000004 0.01899999939
0.06300000101 -0.02099999972 0.01899999939
0.06300000101 -0.01899999939 0.01700000092
0.06300000101 -0.01899999939 0.01899999939
0.06300000101 -0.01700000092 0.01899999939
0.06100000069 -0.02300000004 0.02099999972
0.06300000101 -0.02099999972 0.02099999972
0.06100000069 -0.02300000004 0.02300000004
0.06100000069 -0.02099999972 0.02300000004
0.06300000101 -0.01899999939 0.02099999972
0.06300000101 -0.01700000092 0.02099999972
0.06300000101 -0.01899999939 0.02300000004
0.06300000101 -0.01700000092 0.02300000004
0.0549999997 -0.03099999949 0.02899999917
0.0549999997 -0.03099999949 0.03099999949
0.05700000003 -0.03099999949 0.02500000037
0.05700000003 -0.02899999917 0.02500000037
0.05900000036 -0.02899999917 0.02500000037
0.05700000003 -0.03099999949 0.0270000007
0.05700000003 -0.02899999917 0.0270000007
0.05900000036 -0.02899999917 0.0270000007
0.05900000036 -0.0270000007 0.02500000037
0.05900000036 -0.02500000037 0.02500000037
0.05900000036 -0.0270000007 0.0270000007
0.05900000036 -0.02500000037 0.0270000007
0.05700000003 -0.03099999949 0.02899999917
0.05700000003 -0.02899999917 0.02899999917
0.05700000003 -0.03099999949 0.03099999949
0.05700000003 -0.02899999917 0.03099999949
0.05700000003 -0.0270000007 0.02899999917
0.05900000036 -0.0270000007 0.02899999917
0.05900000036 -0.02500000037 0.02899999917
0.05700000003 -0.0270000007 0.03099999949
0.05900000036 -0.02500000037 0.03099999949
0.06100000069 -0.02300000004 0.02500000037
0.06100000069 -0.02099999972 0.02500000037
0.06100000069 -0.02300000004 0.0270000007
0.06100000069 -0.02099999972 0.0270000007
0.06100000069 -0.01899999939 0.02500000037
0.06300000101 -0.01899999939 0.02500000037
0.06300000101 -0.01700000092 0.02500000037
0.06100000069 -0.01899999939 0.0270000007
0.06300000101 -0.01700000092 0.0270000007
0.05900000036 -0.02300000004 0.02899999917
0.05900000036 -0.02300000004 0.03099999949
0.05900000036 -0.02099999972 0.03099999949
0.06100000069 -0.02099999972 0.02899999917
0.06100000069 -0.02099999972 0.03099999949
0.06100000069 -0.01899999939 0.02899999917
0.06100000069 -0.01700000092 0.02899999917
0.06100000069 -0.01899999939 0.03099999949
0.06100000069 -0.01700000092 0.03099999949
0.06300000101 -0.01499999966 0.02099999972
0.06300000101 -0.01499999966 0.02300000004
0.06300000101 -0.01300000027 0.02300000004
0.06300000101 -0.01499999966 0.02500000037
0.06300000101 -0.01300000027 0.02500000037
0.06300000101 -0.01499999966 0.0270000007
0.06300000101 -0.01300000027 0.0270000007
0.06300000101 -0.01099999994 0.02500000037
0.06300000101 -0.01099999994 0.0270000007
0.06300000101 -0.008999999613 0.0270000007
0.06300000101 -0.01499999966 0.02899999917
0.06300000101 -0.01300000027 0.02899999917
0.06100000069 -0.01499999966 0.03099999949
0.06300000101 -0.01499999966 0.03099999949
0.06300000101 -0.01300000027 0.03099999949
0.06300000101 -0.01099999994 0.02899999917
0.06300000101 -0.008999999613 0.02899999917
0.06300000101 -0.01099999994 0.03099999949
0.06300000101 -0.008999999613 0.03099999949
0.06300000101 -0.007000000216 0.0270000007
0.06300000101 -0.007000000216 0.02899999917
0.06300000101 -0.004999999888 0.02899999917
0.06300000101 -0.007000000216 0.03099999949
0.06300000101 -0.004999999888 0.03099999949
0.06300000101 -0.003000000026 0.02899999917
0.06300000101 -0.001000000047 0.02899999917
0.06300000101 -0.003000000026 0.03099999949
0.06300000101 -0.001000000047 0.03099999949
0.0270000007 -0.06300000101 0.03500000015
0.02899999917 -0.06300000101 0.03299999982
0.02899999917 -0.06100000069 0.03299999982
0.03099999949 -0.06100000069 0.03299999982
0.03099999949 -0.06100000069 0.03500000015
0.03099999949 -0.05900000036 0.03299999982
0.03099999949 -0.05900000036 0.03500000015
0.0270000007 -0.06300000101 0.03700000048
0.02899999917 -0.06100000069 0.03700000048
0.02899999917 -0.06100000069 0.0390000008
0.03099999949 -0.05900000036 0.03700000048
0.03099999949 -0.05900000036 0.0390000008
0.02500000037 -0.06300000101 0.04100000113
0.0270000007 -0.06300000101 0.04100000113
0.0270000007 -0.06100000069 0.04300000146
0.02899999917 -0.06100000069 0.04100000113
0.02899999917 -0.05900000036 0.04100000113
0.03099999949 -0.05900000036 0.04100000113
0.03099999949 -0.05700000003 0.04100000113
0.02899999917 -0.05900000036 0.04300000146
0.03099999949 -0.05700000003 0.04300000146
0.02500000037 -0.06300000101 0.04500000179
0.0270000007 -0.06300000101 0.04500000179
0.02500000037 -0.06300000101 0.04699999839
0.0270000007 -0.06100000069 0.04699999839
0.02899999917 -0.06100000069 0.04699999839
0.02899999917 -0.05900000036 0.04500000179
0.03099999949 -0.05700000003 0.04500000179
0.02899999917 -0.05900000036 0.04699999839
0.03099999949 -0.05700000003 0.04699999839
0.02300000004 -0.06300000101 0.0549999997
0.02500000037 -0.06300000101 0.04899999872
0.0270000007 -0.06100000069 0.04899999872
0.02500000037 -0.06300000101 0.05099999905
0.0270000007 -0.06100000069 0.05099999905
0.02899999917 -0.05900000036 0.04899999872
0.03099999949 -0.05700000003 0.04899999872
0.02899999917 -0.05900000036 0.05099999905
0.03099999949 -0.05700000003 0.05099999905
0.02500000037 -0.06100000069 0.05299999937
0.0270000007 -0.06100000069 0.05299999937
0.02500000037 -0.06300000101 0.0549999997
0.0270000007 -0.06100000069 0.0549999997
0.0270000007 -0.05900000036 0.0549999997
0.02899999917 -0.05900000036 0.05299999937
0.02899999917 -0.05700000003 0.05299999937
0.03099999949 -0.05700000003 0.0549999997
0.03099999949 -0.0549999997 0.05299999937
0.02300000004 -0.06300000101 0.05900000036
0.02300000004 -0.06300000101 0.06100000069
0.02500000037 -0.06300000101 0.05700000003
0.02500000037 -0.06100000069 0.05700000003
0.02500000037 -0.06300000101 0.05900000036
0.0270000007 -0.05900000036 0.05700000003
0.02899999917 -0.05700000003 0.05700000003
0.02899999917 -0.05900000036 0.05900000036
0.02899999917 -0.05700000003 0.05900000036
0.02500000037 -0.06100000069 0.06100000069
0.0270000007 -0.05900000036 0.06100000069
0.0270000007 -0.05900000036 0.06300000101
0.02899999917 -0.05700000003 0.06300000101
0.03099999949 -0.0549999997 0.05900000036
0.03099999949 -0.0549999997 0.06300000101
0.03299999982 -0.05900000036 0.03299999982
0.03299999982 -0.05700000003 0.03299999982
0.03500000015 -0.05700000003 0.03299999982
0.03299999982 -0.05900000036 0.03500000015
0.03299999982 -0.05700000003 0.03500000015
0.03500000015 -0.05700000003 0.03500000015
0.03299999982 -0.05900000036 0.03700000048
0.03299999982 -0.05700000003 0.03700000048
0.03299999982 -0.05700000003 0.0390000008
0.03500000015 -0.0549999997 0.03299999982
0.03500000015 -0.0549999997 0.03500000015
0.03700000048 -0.0549999997 0.03299999982
0.03700000048 -0.05299999937 0.03299999982
0.0390000008 -0.05299999937 0.03299999982
0.03700000048 -0.0549999997 0.03500000015
0.03700000048 -0.05299999937 0.03500000015
0.0390000008 -0.05299999937 0.03500000015
0.0390000008 -0.05099999905 0.03299999982
0.0390000008 -0.05099999905 0.03500000015
0.03500000015 -0.0549999997 0.03700000048
0.03500000015 -0.05299999937 0.03700000048
0.03299999982 -0.0549999997 0.0390000008
0.03500000015 -0.0549999997 0.0390000008
0.03500000015 -0.05299999937 0.0390000008
0.03700000048 -0.0549999997 0.03700000048
0.03700000048 -0.05299999937 0.03700000048
0.03700000048 -0.05299999937 0.0390000008
0.0390000008 -0.05099999905 0.03700000048
0.0390000008 -0.04899999872 0.03700000048
0.03700000048 -0.05099999905 0.0390000008
0.0390000008 -0.05099999905 0.0390000008
0.0390000008 -0.04899999872 0.0390000008
0.04100000113 -0.04899999872 0.03299999982
0.04100000113 -0.04899999872 0.03500000015
0.04100000113 -0.04899999872 0.03700000048
0.04100000113 -0.04899999872 0.0390000008
0.03299999982 -0.05700000003 0.04100000113
0.03299999982 -0.05700000003 0.04300000146
0.03299999982 -0.05700000003 0.04500000179
0.03299999982 -0.0549999997 0.04100000113
0.03500000015 -0.0549999997 0.04100000113
0.03500000015 -0.05299999937 0.04100000113
0.03299999982 -0.0549999997 0.04300000146
0.03500000015 -0.0549999997 0.04300000146
0.03500000015 -0.05299999937 0.04300000146
0.03700000048 -0.05299999937 0.04100000113
0.03700000048 -0.05299999937 0.04300000146
0.03700000048 -0.05099999905 0.04100000113
0.0390000008 -0.05099999905 0.04100000113
0.0390000008 -0.04899999872 0.04100000113
0.03700000048 -0.05099999905 0.04300000146
0.0390000008 -0.04899999872 0.04300000146
0.03299999982 -0.0549999997 0.04500000179
0.03500000015 -0.0549999997 0.04500000179
0.03500000015 -0.05299999937 0.04500000179
0.03299999982 -0.0549999997 0.04699999839
0.03500000015 -0.05299999937 0.04699999839
0.03700000048 -0.05299999937 0.04500000179
0.03700000048 -0.05099999905 0.04500000179
0.0390000008 -0.05099999905 0.04500000179
0.0390000008 -0.04899999872 0.04500000179
0.03700000048 -0.05099999905 0.04699999839
0.0390000008 -0.04899999872 0.04699999839
0.04100000113 -0.04899999872 0.04100000113
0.04300000146 -0.04699999839 0.03299999982
0.04100000113 -0.04699999839 0.03500000015
0.04300000146 -0.04699999839 0.03500000015
0.04300000146 -0.04500000179 0.03500000015
0.04500000179 -0.04500000179 0.03299999982
0.04500000179 -0.04500000179 0.03500000015
0.04699999839 -0.04300000146 0.03299999982
0.04699999839 -0.04300000146 0.03500000015
0.04699999839 -0.04100000113 0.03500000015
0.04100000113 -0.04699999839 0.03700000048
0.04300000146 -0.04699999839 0.03700000048
0.04300000146 -0.04500000179 0.03700000048
0.04100000113 -0.04699999839 0.0390000008
0.04300000146 -0.04699999839 0.0390000008
0.04300000146 -0.04500000179 0.0390000008
0.04500000179 -0.04500000179 0.03700000048
0.04500000179 -0.04300000146 0.03700000048
0.04699999839 -0.04300000146 0.03700000048
0.04699999839 -0.04100000113 0.03700000048
0.04500000179 -0.04300000146 0.0390000008
0.04699999839 -0.04100000113 0.0390000008
0.04699999839 -0.0390000008 0.0390000008
0.0390000008 -0.04699999839 0.04500000179
0.04100000113 -0.04699999839 0.04100000113
0.04300000146 -0.04699999839 0.04100000113
0.04300000146 -0.04500000179 0.04100000113
0.04100000113 -0.04699999839 0.04300000146
0.04300000146 -0.04500000179 0.04300000146
0.04500000179 -0.04300000146 0.04100000113
0.04500000179 -0.04100000113 0.04100000113
0.04699999839 -0.04100000113 0.04100000113
0.04500000179 -0.04300000146 0.04300000146
0.04500000179 -0.04100000113 0.04300000146
0.04699999839 -0.04100000113 0.04300000146
0.04100000113 -0.04699999839 0.04500000179
0.04100000113 -0.04500000179 0.04500000179
0.04300000146 -0.04500000179 0.04500000179
0.04100000113 -0.04699999839 0.04699999839
0.04100000113 -0.04500000179 0.04699999839
0.04300000146 -0.04500000179 0.04699999839
0.04300000146 -0.04300000146 0.04500000179
0.04300000146 -0.04300000146 0.04699999839
0.04500000179 -0.04300000146 0.04500000179
0.04500000179 -0.04100000113 0.04500000179
0.04500000179 -0.04300000146 0.04699999839
0.04500000179 -0.04100000113 0.04699999839
0.04699999839 -0.0390000008 0.04100000113
0.04699999839 -0.0390000008 0.04300000146
0.04699999839 -0.0390000008 0.04500000179
0.04699999839 -0.03700000048 0.04500000179
0.04500000179 -0.0390000008 0.04699999839
0.04699999839 -0.0390000008 0.04699999839
0.04699999839 -0.03700000048 0.04699999839
0.04899999872 -0.04100000113 0.03299999982
0.04899999872 -0.04100000113 0.03500000015
0.04899999872 -0.04100000113 0.03700000048
0.04899999872 -0.0390000008 0.03299999982
0.05099999905 -0.0390000008 0.03299999982
0.05099999905 -0.03700000048 0.03299999982
0.04899999872 -0.0390000008 0.03500000015
0.05099999905 -0.03700000048 0.03500000015
0.05299999937 -0.03700000048 0.03299999982
0.05099999905 -0.03500000015 0.03299999982
0.05099999905 -0.03500000015 0.03500000015
0.05299999937 -0.03500000015 0.03299999982
0.05299999937 -0.03299999982 0.03299999982
0.0549999997 -0.03299999982 0.03299999982
0.05299999937 -0.03500000015 0.03500000015
0.05299999937 -0.03299999982 0.03500000015
0.04899999872 -0.0390000008 0.03700000048
0.04899999872 -0.03700000048 0.03700000048
0.05099999905 -0.03700000048 0.03700000048
0.04899999872 -0.0390000008 0.0390000008
0.04899999872 -0.03700000048 0.0390000008
0.05099999905 -0.03700000048 0.0390000008
0.05099999905 -0.03500000015 0.03700000048
0.05099999905 -0.03500000015 0.0390000008
0.05299999937 -0.03299999982 0.03700000048
0.05299999937 -0.03299999982 0.0390000008
0.04899999872 -0.0390000008 0.04100000113
0.04899999872 -0.03700000048 0.04100000113
0.05099999905 -0.03700000048 0.04100000113
0.04899999872 -0.0390000008 0.04300000146
0.04899999872 -0.03700000048 0.04300000146
0.05099999905 -0.03500000015 0.04100000113
0.05099999905 -0.03299999982 0.04100000113
0.04899999872 -0.03500000015 0.04300000146
0.05099999905 -0.03500000015 0.04300000146
0.05099999905 -0.03299999982 0.04300000146
0.05299999937 -0.03299999982 0.04100000113
0.05299999937 -0.03299999982 0.04300000146
0.04899999872 -0.03700000048 0.04500000179
0.04899999872 -0.03700000048 0.04699999839
0.04899999872 -0.03500000015 0.04500000179
0.05099999905 -0.03500000015 0.04500000179
0.05099999905 -0.03299999982 0.04500000179
0.04899999872 -0.03500000015 0.04699999839
0.05099999905 -0.03299999982 0.04699999839
0.03299999982 -0.0549999997 0.04899999872
0.03500000015 -0.05299999937 0.04899999872
0.03299999982 -0.0549999997 0.05099999905
0.03299999982 -0.05299999937 0.05099999905
0.03500000015 -0.05299999937 0.05099999905
0.03500000015 -0.05099999905 0.04899999872
0.03500000015 -0.05099999905 0.05099999905
0.03700000048 -0.05099999905 0.04899999872
0.03700000048 -0.04899999872 0.04899999872
0.0390000008 -0.04899999872 0.04899999872
0.03700000048 -0.05099999905 0.05099999905
0.03700000048 -0.04899999872 0.05099999905
0.0390000008 -0.04899999872 0.05099999905
0.03299999982 -0.0549999997 0.05299999937
0.03299999982 -0.05299999937 0.05299999937
0.03500000015 -0.05299999937 0.05299999937
0.03299999982 -0.05299999937 0.0549999997
0.03500000015 -0.05299999937 0.0549999997
0.03500000015 -0.05099999905 0.05299999937
0.03500000015 -0.05099999905 0.0549999997
0.03700000048 -0.05099999905 0.05299999937
0.03700000048 -0.04899999872 0.05299999937
0.0390000008 -0.04899999872 0.05299999937
0.03700000048 -0.04899999872 0.0549999997
0.0390000008 -0.04899999872 0.0549999997
0.03299999982 -0.05299999937 0.05700000003
0.03500000015 -0.05299999937 0.05700000003
0.03299999982 -0.05299999937 0.05900000036
0.03500000015 -0.05099999905 0.05700000003
0.03500000015 -0.05099999905 0.05900000036
0.03700000048 -0.04899999872 0.05700000003
0.03700000048 -0.04899999872 0.05900000036
0.03299999982 -0.05299999937 0.06100000069
0.03299999982 -0.05099999905 0.06100000069
0.03500000015 -0.05099999905 0.06100000069
0.03500000015 -0.04899999872 0.06100000069
0.03299999982 -0.05099999905 0.06300000101
0.03500000015 -0.04899999872 0.06300000101
0.03700000048 -0.04899999872 0.06100000069
0.0390000008 -0.04699999839 0.04899999872
0.0390000008 -0.04699999839 0.05099999905
0.0390000008 -0.04699999839 0.05299999937
0.0390000008 -0.04699999839 0.0549999997
0.0390000008 -0.04500000179 0.0549999997
0.04100000113 -0.04699999839 0.04899999872
0.04100000113 -0.04500000179 0.04899999872
0.04300000146 -0.04500000179 0.04899999872
0.04100000113 -0.04699999839 0.05099999905
0.04100000113 -0.04500000179 0.05099999905
0.04300000146 -0.04500000179 0.05099999905
0.04300000146 -0.04300000146 0.04899999872
0.04300000146 -0.04300000146 0.05099999905
0.04300000146 -0.04100000113 0.05099999905
0.04500000179 -0.04100000113 0.04899999872
0.04500000179 -0.04100000113 0.05099999905
0.04100000113 -0.04500000179 0.05299999937
0.04100000113 -0.04500000179 0.0549999997
0.04300000146 -0.04300000146 0.05299999937
0.04300000146 -0.04100000113 0.05299999937
0.04100000113 -0.04300000146 0.0549999997
0.04300000146 -0.04300000146 0.0549999997
0.04300000146 -0.04100000113 0.0549999997
0.04500000179 -0.04100000113 0.05299999937
0.04500000179 -0.04100000113 0.0549999997
0.04500000179 -0.0390000008 0.04899999872
0.04699999839 -0.0390000008 0.04899999872
0.04699999839 -0.03700000048 0.04899999872
0.04500000179 -0.0390000008 0.05099999905
0.04699999839 -0.0390000008 0.05099999905
0.04699999839 -0.03700000048 0.05099999905
0.04500000179 -0.0390000008 0.05299999937
0.04699999839 -0.0390000008 0.05299999937
0.04699999839 -0.03700000048 0.05299999937
0.04500000179 -0.0390000008 0.0549999997
0.04699999839 -0.03700000048 0.0549999997
0.04699999839 -0.03500000015 0.0549999997
0.03700000048 -0.04699999839 0.05700000003
0.0390000008 -0.04699999839 0.05700000003
0.03700000048 -0.04699999839 0.05900000036
0.0390000008 -0.04699999839 0.05900000036
0.0390000008 -0.04500000179 0.05900000036
0.03700000048 -0.04699999839 0.06100000069
0.0390000008 -0.04699999839 0.06100000069
0.0390000008 -0.04500000179 0.06100000069
0.0390000008 -0.04500000179 0.06300000101
0.04100000113 -0.04500000179 0.05700000003
0.04100000113 -0.04500000179 0.05900000036
0.04100000113 -0.04300000146 0.05700000003
0.04300000146 -0.04300000146 0.05700000003
0.04300000146 -0.04100000113 0.05700000003
0.04100000113 -0.04300000146 0.05900000036
0.04300000146 -0.04300000146 0.05900000036
0.04300000146 -0.04100000113 0.05900000036
0.04500000179 -0.04100000113 0.05700000003
0.04100000113 -0.04500000179 0.06300000101
0.04100000113 -0.04300000146 0.06100000069
0.04300000146 -0.04100000113 0.06100000069
0.04100000113 -0.04300000146 0.06300000101
0.04300000146 -0.04100000113 0.06300000101
0.04500000179 -0.0390000008 0.05700000003
0.04500000179 -0.03700000048 0.05700000003
0.04699999839 -0.03700000048 0.05700000003
0.04500000179 -0.0390000008 0.05900000036
0.04500000179 -0.03700000048 0.05900000036
0.04699999839 -0.03700000048 0.05900000036
0.04699999839 -0.03500000015 0.05700000003
0.04699999839 -0.03500000015 0.05900000036
0.04300000146 -0.0390000008 0.06100000069
0.04300000146 -0.0390000008 0.06300000101
0.04500000179 -0.0390000008 0.06100000069
0.04500000179 -0.03700000048 0.06100000069
0.04699999839 -0.03700000048 0.06100000069
0.04500000179 -0.0390000008 0.06300000101
0.04500000179 -0.03700000048 0.06300000101
0.04699999839 -0.03700000048 0.06300000101
0.04699999839 -0.03500000015 0.06100000069
0.04699999839 -0.03500000015 0.06300000101
0.04899999872 -0.03700000048 0.04899999872
0.04899999872 -0.03500000015 0.04899999872
0.05099999905 -0.03299999982 0.04899999872
0.04899999872 -0.03500000015 0.05099999905
0.04899999872 -0.03299999982 0.05099999905
0.05099999905 -0.03299999982 0.05099999905
0.04899999872 -0.03500000015 0.05299999937
0.04899999872 -0.03299999982 0.05299999937
0.05099999905 -0.03299999982 0.05299999937
0.04899999872 -0.03500000015 0.0549999997
0.04899999872 -0.03299999982 0.0549999997
0.05099999905 -0.03299999982 0.0549999997
0.04899999872 -0.03500000015 0.05700000003
0.04899999872 -0.03299999982 0.05700000003
0.04899999872 -0.03500000015 0.05900000036
0.04899999872 -0.03299999982 0.05900000036
0.04899999872 -0.03299999982 0.06100000069
0.04899999872 -0.03299999982 0.06300000101
0.0549999997 -0.03099999949 0.03299999982
0.0549999997 -0.02899999917 0.03299999982
0.0549999997 -0.03099999949 0.03500000015
0.0549999997 -0.02899999917 0.03500000015
0.05299999937 -0.03099999949 0.03700000048
0.0549999997 -0.03099999949 0.03700000048
0.0549999997 -0.02899999917 0.03700000048
0.05299999937 -0.03099999949 0.0390000008
0.0549999997 -0.03099999949 0.0390000008
0.0549999997 -0.02899999917 0.0390000008
0.0549999997 -0.0270000007 0.0390000008
0.05700000003 -0.02899999917 0.03299999982
0.05700000003 -0.0270000007 0.03299999982
0.05700000003 -0.02500000037 0.03299999982
0.05900000036 -0.02500000037 0.03299999982
0.05700000003 -0.0270000007 0.03500000015
0.05700000003 -0.02500000037 0.03500000015
0.05700000003 -0.0270000007 0.03700000048
0.05700000003 -0.02500000037 0.03700000048
0.05700000003 -0.0270000007 0.0390000008
0.05700000003 -0.02500000037 0.0390000008
0.05900000036 -0.02300000004 0.03299999982
0.05900000036 -0.02099999972 0.03299999982
0.05900000036 -0.02300000004 0.03500000015
0.05900000036 -0.02099999972 0.03500000015
0.05900000036 -0.01899999939 0.03299999982
0.05900000036 -0.01899999939 0.03500000015
0.06100000069 -0.01899999939 0.03299999982
0.06100000069 -0.01700000092 0.03299999982
0.06100000069 -0.01899999939 0.03500000015
0.06100000069 -0.01700000092 0.03500000015
0.05700000003 -0.02300000004 0.03700000048
0.05900000036 -0.02300000004 0.03700000048
0.05900000036 -0.02099999972 0.03700000048
0.05700000003 -0.02300000004 0.0390000008
0.05900000036 -0.02300000004 0.0390000008
0.05900000036 -0.02099999972 0.0390000008
0.05900000036 -0.01899999939 0.03700000048
0.05900000036 -0.01700000092 0.03700000048
0.05900000036 -0.01899999939 0.0390000008
0.05900000036 -0.01700000092 0.0390000008
0.06100000069 -0.01700000092 0.03700000048
0.06100000069 -0.01700000092 0.0390000008
0.05299999937 -0.03099999949 0.04100000113
0.0549999997 -0.02899999917 0.04100000113
0.05299999937 -0.03099999949 0.04300000146
0.05299999937 -0.02899999917 0.04300000146
0.0549999997 -0.02899999917 0.04300000146
0.0549999997 -0.0270000007 0.04100000113
0.0549999997 -0.0270000007 0.04300000146
0.0549999997 -0.02500000037 0.04300000146
0.05099999905 -0.03099999949 0.04699999839
0.05299999937 -0.03099999949 0.04500000179
0.05299999937 -0.02899999917 0.04500000179
0.0549999997 -0.02899999917 0.04500000179
0.05299999937 -0.03099999949 0.04699999839
0.05299999937 -0.02899999917 0.04699999839
0.0549999997 -0.0270000007 0.04500000179
0.0549999997 -0.02500000037 0.04500000179
0.0549999997 -0.0270000007 0.04699999839
0.0549999997 -0.02500000037 0.04699999839
0.05700000003 -0.02500000037 0.04100000113
0.05700000003 -0.02500000037 0.04300000146
0.0549999997 -0.02300000004 0.04699999839
0.05700000003 -0.02300000004 0.04100000113
0.05700000003 -0.02099999972 0.04100000113
0.05900000036 -0.02099999972 0.04100000113
0.05700000003 -0.02300000004 0.04300000146
0.05700000003 -0.02099999972 0.04300000146
0.05900000036 -0.01899999939 0.04100000113
0.05900000036 -0.01700000092 0.04100000113
0.05900000036 -0.01899999939 0.04300000146
0.05900000036 -0.01700000092 0.04300000146
0.05700000003 -0.02300000004 0.04500000179
0.05700000003 -0.02099999972 0.04500000179
0.05700000003 -0.02300000004 0.04699999839
0.05700000003 -0.02099999972 0.04699999839
0.05700000003 -0.01899999939 0.04500000179
0.05900000036 -0.01899999939 0.04500000179
0.05900000036 -0.01700000092 0.04500000179
0.05700000003 -0.01899999939 0.04699999839
0.05900000036 -0.01700000092 0.04699999839
0.06100000069 -0.01499999966 0.03299999982
0.06100000069 -0.01300000027 0.03299999982
0.06300000101 -0.01300000027 0.03299999982
0.06100000069 -0.01499999966 0.03500000015
0.06100000069 -0.01300000027 0.03500000015
0.06100000069 -0.01099999994 0.03299999982
0.06300000101 -0.01099999994 0.03299999982
0.06300000101 -0.008999999613 0.03299999982
0.06100000069 -0.01099999994 0.03500000015
0.06100000069 -0.008999999613 0.03500000015
0.06300000101 -0.008999999613 0.03500000015
0.06100000069 -0.01499999966 0.03700000048
0.06100000069 -0.01300000027 0.03700000048
0.06100000069 -0.01499999966 0.0390000008
0.06100000069 -0.01300000027 0.0390000008
0.06100000069 -0.01099999994 0.03700000048
0.06100000069 -0.008999999613 0.03700000048
0.06300000101 -0.008999999613 0.03700000048
0.06100000069 -0.01099999994 0.0390000008
0.06100000069 -0.008999999613 0.0390000008
0.06300000101 -0.007000000216 0.03299999982
0.06300000101 -0.004999999888 0.03299999982
0.06300000101 -0.007000000216 0.03500000015
0.06300000101 -0.004999999888 0.03500000015
0.06300000101 -0.003000000026 0.03299999982
0.06300000101 -0.001000000047 0.03299999982
0.06300000101 -0.003000000026 0.03500000015
0.06300000101 -0.001000000047 0.03500000015
0.06100000069 -0.007000000216 0.03700000048
0.06300000101 -0.007000000216 0.03700000048
0.06300000101 -0.004999999888 0.03700000048
0.06100000069 -0.007000000216 0.0390000008
0.06100000069 -0.004999999888 0.0390000008
0.06300000101 -0.004999999888 0.0390000008
0.06300000101 -0.003000000026 0.03700000048
0.06300000101 -0.001000000047 0.03700000048
0.06100000069 -0.003000000026 0.0390000008
0.06300000101 -0.003000000026 0.0390000008
0.06300000101 -0.001000000047 0.0390000008
0.05900000036 -0.01499999966 0.04100000113
0.05900000036 -0.01499999966 0.04300000146
0.05900000036 -0.01300000027 0.04300000146
0.06100000069 -0.01499999966 0.04100000113
0.06100000069 -0.01300000027 0.04100000113
0.06100000069 -0.01499999966 0.04300000146
0.06100000069 -0.01300000027 0.04300000146
0.06100000069 -0.01099999994 0.04100000113
0.06100000069 -0.008999999613 0.04100000113
0.06100000069 -0.01099999994 0.04300000146
0.06100000069 -0.008999999613 0.04300000146
0.05900000036 -0.01499999966 0.04500000179
0.05900000036 -0.01300000027 0.04500000179
0.05900000036 -0.01499999966 0.04699999839
0.05900000036 -0.01300000027 0.04699999839
0.05900000036 -0.01099999994 0.04500000179
0.05900000036 -0.01099999994 0.04699999839
0.05900000036 -0.008999999613 0.04699999839
0.06100000069 -0.01099999994 0.04500000179
0.06100000069 -0.008999999613 0.04500000179
0.06100000069 -0.008999999613 0.04699999839
0.06100000069 -0.007000000216 0.04100000113
0.06100000069 -0.004999999888 0.04100000113
0.06100000069 -0.007000000216 0.04300000146
0.06100000069 -0.004999999888 0.04300000146
0.06100000069 -0.003000000026 0.04100000113
0.06100000069 -0.001000000047 0.04100000113
0.06100000069 -0.003000000026 0.04300000146
0.06100000069 -0.001000000047 0.04300000146
0.06100000069 -0.007000000216 0.04500000179
0.06100000069 -0.004999999888 0.04500000179
0.06100000069 -0.007000000216 0.04699999839
0.06100000069 -0.004999999888 0.04699999839
0.06100000069 -0.003000000026 0.04500000179
0.06100000069 -0.001000000047 0.04500000179
0.06100000069 -0.003000000026 0.04699999839
0.06100000069 -0.001000000047 0.04699999839
0.05099999905 -0.03099999949 0.04899999872
0.05099999905 -0.03099999949 0.05099999905
0.05299999937 -0.03099999949 0.04899999872
0.05299999937 -0.02899999917 0.04899999872
0.05299999937 -0.02899999917 0.05099999905
0.05299999937 -0.0270000007 0.04899999872
0.0549999997 -0.0270000007 0.04899999872
0.0549999997 -0.02500000037 0.04899999872
0.05299999937 -0.0270000007 0.05099999905
0.0549999997 -0.0270000007 0.05099999905
0.0549999997 -0.02500000037 0.05099999905
0.05099999905 -0.03099999949 0.05299999937
0.05099999905 -0.02899999917 0.05299999937
0.05099999905 -0.03099999949 0.0549999997
0.05299999937 -0.02899999917 0.05299999937
0.05299999937 -0.02899999917 0.0549999997
0.05299999937 -0.0270000007 0.05299999937
0.0549999997 -0.02500000037 0.05299999937
0.05299999937 -0.0270000007 0.0549999997
0.05299999937 -0.02500000037 0.0549999997
0.0549999997 -0.02500000037 0.0549999997
0.0549999997 -0.02300000004 0.04899999872
0.0549999997 -0.02300000004 0.05099999905
0.0549999997 -0.02300000004 0.05299999937
0.0549999997 -0.02300000004 0.0549999997
0.0549999997 -0.02099999972 0.0549999997
0.05700000003 -0.02300000004 0.04899999872
0.05700000003 -0.02099999972 0.04899999872
0.05700000003 -0.02300000004 0.05099999905
0.05700000003 -0.02099999972 0.05099999905
0.05700000003 -0.01899999939 0.04899999872
0.05700000003 -0.01700000092 0.04899999872
0.05900000036 -0.01700000092 0.04899999872
0.05700000003 -0.01899999939 0.05099999905
0.05700000003 -0.01700000092 0.05099999905
0.05900000036 -0.01700000092 0.05099999905
0.05700000003 -0.02099999972 0.05299999937
0.05700000003 -0.02099999972 0.0549999997
0.05700000003 -0.01899999939 0.05299999937
0.05700000003 -0.01700000092 0.05299999937
0.05700000003 -0.01899999939 0.0549999997
0.05700000003 -0.01700000092 0.0549999997
0.05099999905 -0.03099999949 0.05700000003
0.05099999905 -0.02899999917 0.05700000003
0.05099999905 -0.03099999949 0.05900000036
0.05099999905 -0.02899999917 0.05900000036
0.05299999937 -0.02899999917 0.05700000003
0.05299999937 -0.02899999917 0.05900000036
0.05299999937 -0.0270000007 0.05700000003
0.05299999937 -0.02500000037 0.05700000003
0.0549999997 -0.02500000037 0.05700000003
0.05299999937 -0.0270000007 0.05900000036
0.05299999937 -0.02500000037 0.05900000036
0.04899999872 -0.03099999949 0.06100000069
0.05099999905 -0.03099999949 0.06100000069
0.05099999905 -0.02899999917 0.06100000069
0.04899999872 -0.03099999949 0.06300000101
0.05099999905 -0.03099999949 0.06300000101
0.05099999905 -0.02899999917 0.06300000101
0.05099999905 -0.0270000007 0.06100000069
0.05099999905 -0.0270000007 0.06300000101
0.05299999937 -0.0270000007 0.06100000069
0.05299999937 -0.02500000037 0.06100000069
0.05299999937 -0.0270000007 0.06300000101
0.05299999937 -0.02500000037 0.06300000101
0.0549999997 -0.02300000004 0.05700000003
0.0549999997 -0.02099999972 0.05700000003
0.0549999997 -0.02300000004 0.05900000036
0.0549999997 -0.02099999972 0.05900000036
0.0549999997 -0.01899999939 0.05700000003
0.0549999997 -0.01899999939 0.05900000036
0.05299999937 -0.02300000004 0.06100000069
0.0549999997 -0.02300000004 0.06100000069
0.0549999997 -0.02099999972 0.06100000069
0.05299999937 -0.02300000004 0.06300000101
0.0549999997 -0.02300000004 0.06300000101
0.0549999997 -0.02099999972 0.06300000101
0.0549999997 -0.01899999939 0.06100000069
0.0549999997 -0.01899999939 0.06300000101
0.0549999997 -0.01700000092 0.06300000101
0.05700000003 -0.02099999972 0.05700000003
0.05700000003 -0.01899999939 0.05700000003
0.05700000003 -0.01700000092 0.05700000003
0.05700000003 -0.01899999939 0.05900000036
0.05700000003 -0.01700000092 0.05900000036
0.05700000003 -0.01899999939 0.06100000069
0.05700000003 -0.01700000092 0.06100000069
0.05700000003 -0.01700000092 0.06300000101
0.05900000036 -0.01499999966 0.04899999872
0.05900000036 -0.01300000027 0.04899999872
0.05900000036 -0.01499999966 0.05099999905
0.05900000036 -0.01300000027 0.05099999905
0.05900000036 -0.01099999994 0.04899999872
0.05900000036 -0.008999999613 0.04899999872
0.05900000036 -0.01099999994 0.05099999905
0.05900000036 -0.008999999613 0.05099999905
0.05700000003 -0.01499999966 0.05299999937
0.05900000036 -0.01499999966 0.05299999937
0.05900000036 -0.01300000027 0.05299999937
0.05700000003 -0.01499999966 0.0549999997
0.05900000036 -0.01499999966 0.0549999997
0.05900000036 -0.01300000027 0.0549999997
0.05900000036 -0.01099999994 0.05299999937
0.05900000036 -0.008999999613 0.05299999937
0.05900000036 -0.01099999994 0.0549999997
0.05900000036 -0.008999999613 0.0549999997
0.05900000036 -0.007000000216 0.05099999905
0.05900000036 -0.004999999888 0.05099999905
0.06100000069 -0.007000000216 0.04899999872
0.06100000069 -0.004999999888 0.04899999872
0.06100000069 -0.004999999888 0.05099999905
0.06100000069 -0.003000000026 0.04899999872
0.06100000069 -0.001000000047 0.04899999872
0.06100000069 -0.003000000026 0.05099999905
0.06100000069 -0.001000000047 0.05099999905
0.05900000036 -0.007000000216 0.05299999937
0.05900000036 -0.004999999888 0.05299999937
0.05900000036 -0.007000000216 0.0549999997
0.05900000036 -0.004999999888 0.0549999997
0.05900000036 -0.003000000026 0.05299999937
0.05900000036 -0.001000000047 0.05299999937
0.05900000036 -0.003000000026 0.0549999997
0.05900000036 -0.001000000047 0.0549999997
0.06100000069 -0.001000000047 0.05299999937
0.05700000003 -0.01499999966 0.05700000003
0.05700000003 -0.01300000027 0.05700000003
0.05900000036 -0.01300000027 0.05700000003
0.05700000003 -0.01499999966 0.05900000036
0.05700000003 -0.01300000027 0.05900000036
0.05900000036 -0.01099999994 0.05700000003
0.05900000036 -0.008999999613 0.05700000003
0.05900000036 -0.01099999994 0.05900000036
0.05900000036 -0.008999999613 0.05900000036
0.05700000003 -0.01499999966 0.06100000069
0.05700000003 -0.01300000027 0.06100000069
0.05700000003 -0.01499999966 0.06300000101
0.05700000003 -0.01300000027 0.06300000101
0.05700000003 -0.01099999994 0.06100000069
0.05900000036 -0.01099999994 0.06100000069
0.05900000036 -0.008999999613 0.06100000069
0.05700000003 -0.01099999994 0.06300000101
0.05700000003 -0.008999999613 0.06300000101
0.05900000036 -0.008999999613 0.06300000101
0.05900000036 -0.007000000216 0.05700000003
0.05900000036 -0.004999999888 0.05700000003
0.05900000036 -0.007000000216 0.05900000036
0.05900000036 -0.004999999888 0.05900000036
0.05900000036 -0.003000000026 0.05700000003
0.05900000036 -0.001000000047 0.05700000003
0.05900000036 -0.003000000026 0.05900000036
0.05900000036 -0.001000000047 0.05900000036
0.05900000036 -0.007000000216 0.06100000069
0.05900000036 -0.004999999888 0.06100000069
0.05900000036 -0.007000000216 0.06300000101
0.05900000036 -0.004999999888 0.06300000101
0.05900000036 -0.003000000026 0.06100000069
0.05900000036 -0.001000000047 0.06100000069
0.05900000036 -0.003000000026 0.06300000101
0.05900000036 -0.001000000047 0.06300000101
0.06499999762 -0.02300000004 0.01099999994
0.06499999762 -0.02099999972 0.01099999994
0.06499999762 -0.01899999939 0.01099999994
0.06700000167 -0.01700000092 0.01099999994
0.06499999762 -0.02300000004 0.01300000027
0.06499999762 -0.02099999972 0.01300000027
0.06499999762 -0.01899999939 0.01300000027
0.06499999762 -0.01700000092 0.01300000027
0.06499999762 -0.01899999939 0.01499999966
0.06499999762 -0.01700000092 0.01499999966
0.06700000167 -0.01499999966 0.01099999994
0.06700000167 -0.01300000027 0.01099999994
0.06700000167 -0.01099999994 0.01099999994
0.06700000167 -0.008999999613 0.01099999994
0.06700000167 -0.01499999966 0.01300000027
0.06700000167 -0.01300000027 0.01300000027
0.06499999762 -0.01499999966 0.01499999966
0.06499999762 -0.01300000027 0.01499999966
0.06700000167 -0.01300000027 0.01499999966
0.06700000167 -0.01099999994 0.01300000027
0.06700000167 -0.008999999613 0.01300000027
0.06700000167 -0.01099999994 0.01499999966
0.06700000167 -0.008999999613 0.01499999966
0.06700000167 -0.007000000216 0.01099999994
0.06899999827 -0.007000000216 0.01099999994
0.06899999827 -0.004999999888 0.01099999994
0.06899999827 -0.003000000026 0.01099999994
0.06899999827 -0.001000000047 0.01099999994
0.06700000167 -0.007000000216 0.01300000027
0.06700000167 -0.004999999888 0.01300000027
0.06700000167 -0.007000000216 0.01499999966
0.06700000167 -0.004999999888 0.01499999966
0.06700000167 -0.003000000026 0.01300000027
0.06700000167 -0.003000000026 0.01499999966
0.06700000167 -0.001000000047 0.01499999966
0.06899999827 -0.001000000047 0.01300000027
0.06499999762 -0.01899999939 0.01700000092
0.06499999762 -0.01700000092 0.01700000092
0.06499999762 -0.01499999966 0.01700000092
0.06499999762 -0.01300000027 0.01700000092
0.06499999762 -0.01499999966 0.01899999939
0.06499999762 -0.01300000027 0.01899999939
0.06499999762 -0.01099999994 0.01700000092
0.06700000167 -0.01099999994 0.01700000092
0.06499999762 -0.008999999613 0.01700000092
0.06700000167 -0.008999999613 0.01700000092
0.06499999762 -0.01099999994 0.01899999939
0.06499999762 -0.008999999613 0.01899999939
0.06499999762 -0.01499999966 0.02099999972
0.06499999762 -0.01300000027 0.02099999972
0.06499999762 -0.01300000027 0.02300000004
0.06499999762 -0.01099999994 0.02099999972
0.06499999762 -0.008999999613 0.02099999972
0.06499999762 -0.01099999994 0.02300000004
0.06499999762 -0.008999999613 0.02300000004
0.06700000167 -0.007000000216 0.01700000092
0.06700000167 -0.004999999888 0.01700000092
0.06499999762 -0.007000000216 0.01899999939
0.06700000167 -0.007000000216 0.01899999939
0.06499999762 -0.004999999888 0.01899999939
0.06700000167 -0.004999999888 0.01899999939
0.06700000167 -0.003000000026 0.01700000092
0.06700000167 -0.001000000047 0.01700000092
0.06700000167 -0.003000000026 0.01899999939
0.06700000167 -0.001000000047 0.01899999939
0.06499999762 -0.007000000216 0.02099999972
0.06499999762 -0.004999999888 0.02099999972
0.06499999762 -0.007000000216 0.02300000004
0.06499999762 -0.004999999888 0.02300000004
0.06499999762 -0.003000000026 0.02099999972
0.06499999762 -0.001000000047 0.02099999972
0.06499999762 -0.003000000026 0.02300000004
0.06499999762 -0.001000000047 0.02300000004
0.06499999762 -0.01099999994 0.02500000037
0.06499999762 -0.008999999613 0.02500000037
0.06499999762 -0.007000000216 0.02500000037
0.06499999762 -0.004999999888 0.02500000037
0.06499999762 -0.007000000216 0.0270000007
0.06499999762 -0.004999999888 0.0270000007
0.06499999762 -0.003000000026 0.02500000037
0.06499999762 -0.001000000047 0.02500000037
0.06499999762 -0.003000000026 0.0270000007
0.06499999762 -0.001000000047 0.0270000007
0.06499999762 -0.003000000026 0.02899999917
0.06499999762 -0.001000000047 0.02899999917
0.01300000027 -0.07299999893 0.06499999762
0.01300000027 -0.07299999893 0.06700000167
0.01099999994 -0.07299999893 0.07100000232
0.01499999966 -0.07100000232 0.06499999762
0.01300000027 -0.07100000232 0.06700000167
0.01300000027 -0.07100000232 0.07100000232
0.01099999994 -0.07299999893 0.07500000298
0.01300000027 -0.07100000232 0.07500000298
0.01499999966 -0.06899999827 0.07500000298
0.01499999966 -0.06899999827 0.07699999958
0.01700000092 -0.06899999827 0.06700000167
0.01899999939 -0.06700000167 0.06700000167
0.02099999972 -0.06499999762 0.06499999762
0.01700000092 -0.06899999827 0.07100000232
0.01899999939 -0.06499999762 0.06899999827
0.01700000092 -0.06700000167 0.07100000232
0.01700000092 -0.06700000167 0.07299999893
0.01899999939 -0.06499999762 0.07299999893
0.01899999939 -0.06499999762 0.07500000298
0.02099999972 -0.06499999762 0.07299999893
0.01700000092 -0.06700000167 0.07699999958
0.01700000092 -0.06700000167 0.07900000364
0.01899999939 -0.06499999762 0.07900000364
0.01499999966 -0.06700000167 0.08100000024
0.01899999939 -0.06499999762 0.08100000024
0.02300000004 -0.06300000101 0.06499999762
0.02099999972 -0.06300000101 0.06899999827
0.02300000004 -0.06300000101 0.06899999827
0.02300000004 -0.06300000101 0.07100000232
0.02300000004 -0.06100000069 0.07100000232
0.02500000037 -0.06100000069 0.06499999762
0.02500000037 -0.06100000069 0.06700000167
0.0270000007 -0.05900000036 0.06700000167
0.02899999917 -0.05700000003 0.06700000167
0.0270000007 -0.05700000003 0.06899999827
0.02500000037 -0.05900000036 0.07100000232
0.02899999917 -0.05700000003 0.06899999827
0.02899999917 -0.0549999997 0.06499999762
0.03099999949 -0.0549999997 0.06499999762
0.03099999949 -0.05299999937 0.06700000167
0.03099999949 -0.0549999997 0.06899999827
0.02899999917 -0.0549999997 0.07100000232
0.03099999949 -0.05299999937 0.07100000232
0.02099999972 -0.06300000101 0.07500000298
0.02300000004 -0.06100000069 0.07500000298
0.01899999939 -0.06300000101 0.07900000364
0.02099999972 -0.06100000069 0.07699999958
0.02300000004 -0.06100000069 0.07699999958
0.02300000004 -0.05900000036 0.07900000364
0.02500000037 -0.05900000036 0.07299999893
0.0270000007 -0.05900000036 0.07299999893
0.0270000007 -0.05700000003 0.07299999893
0.0270000007 -0.05700000003 0.07500000298
0.02500000037 -0.05900000036 0.07699999958
0.02500000037 -0.05700000003 0.07900000364
0.03099999949 -0.05299999937 0.07299999893
0.02899999917 -0.0549999997 0.07500000298
0.02899999917 -0.05299999937 0.07500000298
0.0270000007 -0.0549999997 0.07900000364
0.02899999917 -0.0549999997 0.07699999958
0.03099999949 -0.05299999937 0.07699999958
0.03099999949 -0.05099999905 0.07699999958
0.03099999949 -0.05099999905 0.07900000364
0.01700000092 -0.06300000101 0.08299999684
0.01899999939 -0.06100000069 0.08299999684
0.02099999972 -0.06300000101 0.08100000024
0.02300000004 -0.06100000069 0.08100000024
0.02300000004 -0.05900000036 0.08100000024
0.02300000004 -0.05900000036 0.08299999684
0.01899999939 -0.06100000069 0.08500000089
0.02099999972 -0.05900000036 0.08500000089
0.02099999972 -0.05900000036 0.0869999975
0.02500000037 -0.05700000003 0.08100000024
0.02500000037 -0.05700000003 0.08500000089
0.02500000037 -0.05700000003 0.0869999975
0.0270000007 -0.0549999997 0.08100000024
0.0270000007 -0.0549999997 0.08299999684
0.0270000007 -0.05299999937 0.08299999684
0.02899999917 -0.05299999937 0.08100000024
0.02899999917 -0.05299999937 0.08299999684
0.03099999949 -0.05099999905 0.08299999684
0.0270000007 -0.0549999997 0.0869999975
0.02899999917 -0.05299999937 0.08500000089
0.02899999917 -0.05099999905 0.08500000089
0.03099999949 -0.04899999872 0.08500000089
0.02899999917 -0.05099999905 0.0869999975
0.03099999949 -0.05099999905 0.0869999975
0.02099999972 -0.05700000003 0.08900000155
0.02300000004 -0.0549999997 0.08900000155
0.02300000004 -0.0549999997 0.09099999815
0.0270000007 -0.05299999937 0.08900000155
0.0270000007 -0.05299999937 0.09099999815
0.03099999949 -0.04899999872 0.08900000155
0.02899999917 -0.05099999905 0.09099999815
0.0270000007 -0.05299999937 0.09300000221
0.02899999917 -0.04899999872 0.09300000221
0.03099999949 -0.04899999872 0.09300000221
0.02899999917 -0.04899999872 0.09499999881
0.03099999949 -0.04699999839 0.09499999881
0.03299999982 -0.05299999937 0.06499999762
0.03500000015 -0.04899999872 0.06499999762
0.03299999982 -0.05099999905 0.06700000167
0.03500000015 -0.05099999905 0.06700000167
0.03299999982 -0.05099999905 0.06899999827
0.03500000015 -0.04899999872 0.06899999827
0.03299999982 -0.05099999905 0.07100000232
0.03299999982 -0.05099999905 0.07299999893
0.03500000015 -0.04899999872 0.07299999893
0.03299999982 -0.04899999872 0.07500000298
0.03500000015 -0.04899999872 0.07500000298
0.03299999982 -0.05099999905 0.07900000364
0.03299999982 -0.04899999872 0.07900000364
0.03700000048 -0.04699999839 0.06499999762
0.0390000008 -0.04500000179 0.06499999762
0.03700000048 -0.04500000179 0.06700000167
0.0390000008 -0.04500000179 0.06700000167
0.03500000015 -0.04699999839 0.07100000232
0.03700000048 -0.04699999839 0.06899999827
0.03700000048 -0.04699999839 0.07100000232
0.0390000008 -0.04500000179 0.07100000232
0.0390000008 -0.04300000146 0.06899999827
0.04100000113 -0.04100000113 0.06499999762
0.04300000146 -0.04100000113 0.06499999762
0.04100000113 -0.04300000146 0.06700000167
0.04100000113 -0.04100000113 0.06700000167
0.04100000113 -0.04300000146 0.06899999827
0.04100000113 -0.04100000113 0.07100000232
0.04300000146 -0.0390000008 0.06700000167
0.04500000179 -0.0390000008 0.06700000167
0.04699999839 -0.03500000015 0.06499999762
0.04699999839 -0.03299999982 0.06499999762
0.04699999839 -0.03500000015 0.06700000167
0.04699999839 -0.03299999982 0.06700000167
0.04300000146 -0.0390000008 0.06899999827
0.04300000146 -0.0390000008 0.07100000232
0.04500000179 -0.03700000048 0.06899999827
0.04500000179 -0.03700000048 0.07100000232
0.04500000179 -0.03500000015 0.06899999827
0.04699999839 -0.03299999982 0.06899999827
0.04699999839 -0.03500000015 0.07100000232
0.03700000048 -0.04500000179 0.07299999893
0.03700000048 -0.04699999839 0.07500000298
0.0390000008 -0.04300000146 0.07299999893
0.0390000008 -0.04300000146 0.07500000298
0.03500000015 -0.04699999839 0.07699999958
0.03700000048 -0.04500000179 0.07699999958
0.03700000048 -0.04500000179 0.07900000364
0.0390000008 -0.04300000146 0.07900000364
0.0390000008 -0.04100000113 0.07900000364
0.04100000113 -0.04300000146 0.07299999893
0.04100000113 -0.04100000113 0.07500000298
0.04100000113 -0.04100000113 0.07699999958
0.04300000146 -0.0390000008 0.07299999893
0.04300000146 -0.03700000048 0.07500000298
0.04500000179 -0.03700000048 0.07299999893
0.04500000179 -0.03700000048 0.07500000298
0.04699999839 -0.03299999982 0.07299999893
0.04500000179 -0.03500000015 0.07500000298
0.04699999839 -0.03299999982 0.07500000298
0.04300000146 -0.0390000008 0.07699999958
0.04100000113 -0.0390000008 0.07900000364
0.04300000146 -0.03700000048 0.07900000364
0.04500000179 -0.03700000048 0.07900000364
0.04500000179 -0.03500000015 0.07699999958
0.04699999839 -0.03500000015 0.07699999958
0.04699999839 -0.03299999982 0.07900000364
0.04899999872 -0.03299999982 0.06499999762
0.04899999872 -0.03299999982 0.06700000167
0.04899999872 -0.03299999982 0.06899999827
0.03299999982 -0.04899999872 0.08100000024
0.03299999982 -0.04899999872 0.0869999975
0.03500000015 -0.04699999839 0.08100000024
0.03500000015 -0.04500000179 0.08100000024
0.03500000015 -0.04699999839 0.08299999684
0.03700000048 -0.04500000179 0.08299999684
0.0390000008 -0.04300000146 0.08100000024
0.03700000048 -0.04300000146 0.08299999684
0.0390000008 -0.04100000113 0.08299999684
0.03299999982 -0.04699999839 0.08500000089
0.03500000015 -0.04500000179 0.08500000089
0.03299999982 -0.04699999839 0.0869999975
0.03700000048 -0.04300000146 0.08500000089
0.0390000008 -0.04300000146 0.08500000089
0.03700000048 -0.04300000146 0.0869999975
0.0390000008 -0.04100000113 0.0869999975
0.04100000113 -0.04100000113 0.08100000024
0.04300000146 -0.03700000048 0.08100000024
0.04100000113 -0.0390000008 0.08299999684
0.04300000146 -0.0390000008 0.08299999684
0.04500000179 -0.03500000015 0.08100000024
0.04699999839 -0.03299999982 0.08100000024
0.04500000179 -0.03500000015 0.08299999684
0.04699999839 -0.03299999982 0.08299999684
0.04100000113 -0.0390000008 0.08500000089
0.04300000146 -0.03700000048 0.08500000089
0.04100000113 -0.0390000008 0.0869999975
0.04300000146 -0.03700000048 0.0869999975
0.04500000179 -0.03500000015 0.08500000089
0.04500000179 -0.03299999982 0.08500000089
0.04699999839 -0.03299999982 0.08500000089
0.04500000179 -0.03500000015 0.0869999975
0.03299999982 -0.04699999839 0.08900000155
0.03500000015 -0.04500000179 0.08900000155
0.03299999982 -0.04699999839 0.09099999815
0.03500000015 -0.04500000179 0.09099999815
0.0390000008 -0.04100000113 0.08900000155
0.03700000048 -0.04300000146 0.09099999815
0.0390000008 -0.04100000113 0.09099999815
0.03500000015 -0.04500000179 0.09499999881
0.03500000015 -0.04300000146 0.09300000221
0.03700000048 -0.04100000113 0.09300000221
0.0390000008 -0.04100000113 0.09300000221
0.04100000113 -0.0390000008 0.08900000155
0.04300000146 -0.03700000048 0.08900000155
0.04100000113 -0.03700000048 0.09099999815
0.04300000146 -0.03700000048 0.09099999815
0.04500000179 -0.03299999982 0.08900000155
0.04699999839 -0.03299999982 0.08900000155
0.04500000179 -0.03500000015 0.09099999815
0.04500000179 -0.03299999982 0.09099999815
0.04100000113 -0.0390000008 0.09300000221
0.04100000113 -0.0390000008 0.09499999881
0.04100000113 -0.03700000048 0.09499999881
0.04300000146 -0.03700000048 0.09499999881
0.04300000146 -0.03500000015 0.09300000221
0.04500000179 -0.03299999982 0.09300000221
0.04500000179 -0.03500000015 0.09499999881
0.04500000179 -0.03299999982 0.09499999881
0.04899999872 -0.03099999949 0.06499999762
0.05099999905 -0.02899999917 0.06499999762
0.05099999905 -0.02899999917 0.06700000167
0.05099999905 -0.0270000007 0.06499999762
0.05099999905 -0.0270000007 0.06700000167
0.05299999937 -0.0270000007 0.06499999762
0.05299999937 -0.02500000037 0.06499999762
0.05299999937 -0.02500000037 0.06700000167
0.04899999872 -0.03099999949 0.06899999827
0.05099999905 -0.02899999917 0.06899999827
0.04899999872 -0.03099999949 0.07100000232
0.05099999905 -0.0270000007 0.06899999827
0.05099999905 -0.0270000007 0.07100000232
0.05299999937 -0.02500000037 0.06899999827
0.05299999937 -0.02500000037 0.07100000232
0.05299999937 -0.02300000004 0.06499999762
0.0549999997 -0.02300000004 0.06499999762
0.0549999997 -0.02099999972 0.06499999762
0.05299999937 -0.02300000004 0.06700000167
0.0549999997 -0.02099999972 0.06700000167
0.0549999997 -0.01899999939 0.06499999762
0.0549999997 -0.01700000092 0.06499999762
0.0549999997 -0.01899999939 0.06700000167
0.0549999997 -0.01700000092 0.06700000167
0.05299999937 -0.02300000004 0.06899999827
0.05299999937 -0.02099999972 0.06899999827
0.0549999997 -0.02099999972 0.06899999827
0.05299999937 -0.02300000004 0.07100000232
0.05299999937 -0.02099999972 0.07100000232
0.0549999997 -0.02099999972 0.07100000232
0.0549999997 -0.01899999939 0.06899999827
0.0549999997 -0.01700000092 0.06899999827
0.0549999997 -0.01899999939 0.07100000232
0.0549999997 -0.01700000092 0.07100000232
0.05700000003 -0.01700000092 0.06499999762
0.04899999872 -0.02899999917 0.07299999893
0.05099999905 -0.02899999917 0.07299999893
0.04899999872 -0.03099999949 0.07500000298
0.04899999872 -0.02899999917 0.07500000298
0.05099999905 -0.02500000037 0.07299999893
0.05099999905 -0.0270000007 0.07500000298
0.05099999905 -0.02500000037 0.07500000298
0.04899999872 -0.03099999949 0.07699999958
0.04899999872 -0.02899999917 0.07699999958
0.04899999872 -0.02899999917 0.07900000364
0.05099999905 -0.0270000007 0.07699999958
0.05099999905 -0.0270000007 0.07900000364
0.05099999905 -0.02500000037 0.07900000364
0.05299999937 -0.02300000004 0.07299999893
0.05299999937 -0.02099999972 0.07299999893
0.05299999937 -0.02099999972 0.07500000298
0.0549999997 -0.01899999939 0.07299999893
0.0549999997 -0.01700000092 0.07500000298
0.05299999937 -0.02300000004 0.07699999958
0.05299999937 -0.02300000004 0.07900000364
0.05299999937 -0.02099999972 0.07900000364
0.0549999997 -0.01899999939 0.07699999958
0.05299999937 -0.01899999939 0.07900000364
0.0549999997 -0.01700000092 0.07900000364
0.0549999997 -0.01499999966 0.07100000232
0.05700000003 -0.01499999966 0.06499999762
0.05700000003 -0.01300000027 0.06499999762
0.05700000003 -0.01499999966 0.06700000167
0.05700000003 -0.01300000027 0.06700000167
0.05700000003 -0.008999999613 0.06499999762
0.05700000003 -0.01099999994 0.06700000167
0.05700000003 -0.008999999613 0.06700000167
0.05700000003 -0.01499999966 0.06899999827
0.05700000003 -0.01300000027 0.06899999827
0.05700000003 -0.01300000027 0.07100000232
0.05700000003 -0.01099999994 0.06899999827
0.05700000003 -0.008999999613 0.06899999827
0.05700000003 -0.01099999994 0.07100000232
0.05700000003 -0.008999999613 0.07100000232
0.05700000003 -0.007000000216 0.06499999762
0.05900000036 -0.007000000216 0.06499999762
0.05900000036 -0.004999999888 0.06499999762
0.05700000003 -0.007000000216 0.06700000167
0.05900000036 -0.007000000216 0.06700000167
0.05900000036 -0.004999999888 0.06700000167
0.05900000036 -0.003000000026 0.06499999762
0.05900000036 -0.001000000047 0.06499999762
0.05900000036 -0.003000000026 0.06700000167
0.05900000036 -0.001000000047 0.06700000167
0.05700000003 -0.007000000216 0.06899999827
0.05700000003 -0.004999999888 0.06899999827
0.05700000003 -0.007000000216 0.07100000232
0.05700000003 -0.004999999888 0.07100000232
0.05700000003 -0.003000000026 0.06899999827
0.05700000003 -0.001000000047 0.06899999827
0.05900000036 -0.001000000047 0.06899999827
0.05700000003 -0.003000000026 0.07100000232
0.05700000003 -0.001000000047 0.07100000232
0.05900000036 -0.001000000047 0.07100000232
0.0549999997 -0.01499999966 0.07299999893
0.0549999997 -0.01499999966 0.07699999958
0.0549999997 -0.01300000027 0.07900000364
0.05700000003 -0.01300000027 0.07299999893
0.05700000003 -0.01300000027 0.07500000298
0.05700000003 -0.01099999994 0.07299999893
0.05700000003 -0.008999999613 0.07299999893
0.05700000003 -0.01099999994 0.07500000298
0.05700000003 -0.008999999613 0.07500000298
0.05700000003 -0.01099999994 0.07699999958
0.05700000003 -0.008999999613 0.07699999958
0.05700000003 -0.008999999613 0.07900000364
0.05700000003 -0.007000000216 0.07299999893
0.05700000003 -0.004999999888 0.07299999893
0.05700000003 -0.007000000216 0.07500000298
0.05700000003 -0.004999999888 0.07500000298
0.05700000003 -0.003000000026 0.07299999893
0.05700000003 -0.001000000047 0.07299999893
0.05700000003 -0.003000000026 0.07500000298
0.05700000003 -0.001000000047 0.07500000298
0.05700000003 -0.007000000216 0.07900000364
0.05700000003 -0.004999999888 0.07900000364
0.05700000003 -0.003000000026 0.07699999958
0.05700000003 -0.001000000047 0.07699999958
0.05700000003 -0.003000000026 0.07900000364
0.05700000003 -0.001000000047 0.07900000364
0.04699999839 -0.03099999949 0.08100000024
0.04699999839 -0.03099999949 0.08500000089
0.04699999839 -0.03099999949 0.0869999975
0.04699999839 -0.03099999949 0.08900000155
0.04699999839 -0.03099999949 0.09099999815
0.04699999839 -0.03099999949 0.09300000221
0.04699999839 -0.02899999917 0.09300000221
0.04699999839 -0.02899999917 0.09499999881
0.04899999872 -0.02899999917 0.08100000024
0.04899999872 -0.03099999949 0.08299999684
0.04899999872 -0.02899999917 0.08299999684
0.05099999905 -0.0270000007 0.08100000024
0.05099999905 -0.02500000037 0.08100000024
0.04899999872 -0.0270000007 0.08299999684
0.05099999905 -0.0270000007 0.08299999684
0.05099999905 -0.02500000037 0.08299999684
0.04899999872 -0.02899999917 0.08500000089
0.04899999872 -0.02899999917 0.0869999975
0.05099999905 -0.0270000007 0.08500000089
0.05099999905 -0.02500000037 0.08500000089
0.04899999872 -0.0270000007 0.0869999975
0.05099999905 -0.02500000037 0.0869999975
0.05099999905 -0.02300000004 0.08299999684
0.05299999937 -0.02300000004 0.08100000024
0.05299999937 -0.02099999972 0.08100000024
0.05299999937 -0.02099999972 0.08299999684
0.05299999937 -0.01899999939 0.08100000024
0.0549999997 -0.01700000092 0.08100000024
0.05299999937 -0.01899999939 0.08299999684
0.05099999905 -0.02300000004 0.0869999975
0.05299999937 -0.02300000004 0.08500000089
0.05299999937 -0.02099999972 0.08500000089
0.0549999997 -0.02099999972 0.0869999975
0.05299999937 -0.01899999939 0.08500000089
0.0549999997 -0.01899999939 0.08500000089
0.0549999997 -0.01700000092 0.08500000089
0.05700000003 -0.01700000092 0.0869999975
0.04899999872 -0.02899999917 0.08900000155
0.04899999872 -0.02899999917 0.09099999815
0.04899999872 -0.0270000007 0.08900000155
0.05099999905 -0.02500000037 0.08900000155
0.04899999872 -0.0270000007 0.09099999815
0.05099999905 -0.02500000037 0.09099999815
0.04899999872 -0.02899999917 0.09499999881
0.04899999872 -0.0270000007 0.09300000221
0.05099999905 -0.02300000004 0.08900000155
0.05299999937 -0.02300000004 0.08900000155
0.0549999997 -0.02099999972 0.08900000155
0.0549999997 -0.01899999939 0.09099999815
0.0549999997 -0.02099999972 0.09300000221
0.0549999997 -0.02300000004 0.09499999881
0.0549999997 -0.02099999972 0.09499999881
0.0549999997 -0.01899999939 0.09499999881
0.05700000003 -0.01899999939 0.08900000155
0.05700000003 -0.01899999939 0.09099999815
0.05700000003 -0.01700000092 0.09099999815
0.05700000003 -0.01899999939 0.09300000221
0.05700000003 -0.01700000092 0.09300000221
0.05700000003 -0.01899999939 0.09499999881
0.05700000003 -0.01700000092 0.09499999881
0.0549999997 -0.01499999966 0.08100000024
0.0549999997 -0.01499999966 0.08299999684
0.0549999997 -0.01300000027 0.08299999684
0.0549999997 -0.01099999994 0.08100000024
0.0549999997 -0.01099999994 0.08299999684
0.05700000003 -0.01099999994 0.08100000024
0.05700000003 -0.008999999613 0.08299999684
0.05700000003 -0.01499999966 0.0869999975
0.05700000003 -0.01300000027 0.0869999975
0.05900000036 -0.008999999613 0.0869999975
0.05700000003 -0.007000000216 0.08100000024
0.05700000003 -0.004999999888 0.08100000024
0.05700000003 -0.004999999888 0.08299999684
0.05700000003 -0.003000000026 0.08100000024
0.05700000003 -0.001000000047 0.08100000024
0.05700000003 -0.003000000026 0.08299999684
0.05700000003 -0.001000000047 0.08299999684
0.05700000003 -0.007000000216 0.08500000089
0.05900000036 -0.007000000216 0.0869999975
0.05900000036 -0.003000000026 0.08500000089
0.05700000003 -0.001000000047 0.08500000089
0.05900000036 -0.003000000026 0.0869999975
0.05900000036 -0.001000000047 0.0869999975
0.05700000003 -0.01499999966 0.08900000155
0.05700000003 -0.01300000027 0.08900000155
0.05700000003 -0.01499999966 0.09099999815
0.05700000003 -0.01300000027 0.09099999815
0.05700000003 -0.01099999994 0.08900000155
0.05900000036 -0.01099999994 0.08900000155
0.05900000036 -0.01099999994 0.09099999815
0.05900000036 -0.008999999613 0.09099999815
0.05700000003 -0.01499999966 0.09300000221
0.05700000003 -0.01300000027 0.09300000221
0.05700000003 -0.01499999966 0.09499999881
0.05700000003 -0.01300000027 0.09499999881
0.05900000036 -0.01300000027 0.09499999881
0.05900000036 -0.01099999994 0.09300000221
0.05900000036 -0.008999999613 0.09300000221
0.05900000036 -0.01099999994 0.09499999881
0.05900000036 -0.008999999613 0.09499999881
0.05900000036 -0.004999999888 0.08900000155
0.05900000036 -0.007000000216 0.09099999815
0.05900000036 -0.003000000026 0.08900000155
0.05900000036 -0.001000000047 0.08900000155
0.05900000036 -0.003000000026 0.09099999815
0.05900000036 -0.007000000216 0.09300000221
0.05900000036 -0.007000000216 0.09499999881
0.06100000069 -0.004999999888 0.09300000221
0.06100000069 -0.007000000216 0.09499999881
0.06100000069 -0.004999999888 0.09499999881
0.06100000069 -0.003000000026 0.09300000221
0.06100000069 -0.003000000026 0.09499999881
0.06100000069 -0.001000000047 0.09499999881
0.03299999982 -0.04500000179 0.09700000286
0.03500000015 -0.04300000146 0.09700000286
0.03700000048 -0.04300000146 0.09700000286
0.0390000008 -0.04100000113 0.09700000286
0.03700000048 -0.04300000146 0.09899999946
0.0390000008 -0.04100000113 0.09899999946
0.03700000048 -0.04100000113 0.1030000001
0.0390000008 -0.0390000008 0.09899999946
0.0390000008 -0.0390000008 0.1010000035
0.04300000146 -0.03700000048 0.09700000286
0.04100000113 -0.03700000048 0.09899999946
0.04300000146 -0.03500000015 0.09700000286
0.04300000146 -0.03500000015 0.09899999946
0.04699999839 -0.03299999982 0.09700000286
0.04500000179 -0.03500000015 0.09899999946
0.04500000179 -0.03299999982 0.09899999946
0.04100000113 -0.0390000008 0.1010000035
0.04100000113 -0.03700000048 0.1010000035
0.04300000146 -0.03500000015 0.1030000001
0.04500000179 -0.03299999982 0.1010000035
0.04899999872 -0.03299999982 0.1070000008
0.04899999872 -0.03500000015 0.1089999974
0.05099999905 -0.03299999982 0.1089999974
0.04699999839 -0.03099999949 0.09700000286
0.04699999839 -0.03099999949 0.09899999946
0.0549999997 -0.02500000037 0.09700000286
0.05299999937 -0.0270000007 0.09899999946
0.05299999937 -0.02500000037 0.09899999946
0.0549999997 -0.02500000037 0.1010000035
0.05299999937 -0.0270000007 0.1030000001
0.05299999937 -0.02500000037 0.1030000001
0.0549999997 -0.02300000004 0.09700000286
0.0549999997 -0.02099999972 0.09700000286
0.0549999997 -0.02300000004 0.09899999946
0.0549999997 -0.02099999972 0.09899999946
0.0549999997 -0.02300000004 0.1010000035
0.0549999997 -0.02099999972 0.1010000035
0.0549999997 -0.02300000004 0.1030000001
0.0549999997 -0.02099999972 0.1030000001
0.05700000003 -0.01899999939 0.09700000286
0.05700000003 -0.01700000092 0.09700000286
0.05700000003 -0.01899999939 0.09899999946
0.05700000003 -0.01899999939 0.1010000035
0.05700000003 -0.01700000092 0.1010000035
0.05700000003 -0.01899999939 0.1030000001
0.05900000036 -0.01700000092 0.1030000001
0.05099999905 -0.03099999949 0.1070000008
0.05099999905 -0.02899999917 0.1070000008
0.05299999937 -0.02899999917 0.1049999967
0.05299999937 -0.0270000007 0.1049999967
0.05299999937 -0.02500000037 0.1049999967
0.0549999997 -0.02500000037 0.1049999967
0.05299999937 -0.0270000007 0.1070000008
0.0549999997 -0.02500000037 0.1070000008
0.05099999905 -0.03099999949 0.1089999974
0.05099999905 -0.02899999917 0.1089999974
0.05099999905 -0.03099999949 0.1110000014
0.05299999937 -0.02899999917 0.1089999974
0.05299999937 -0.02899999917 0.1110000014
0.05299999937 -0.0270000007 0.1089999974
0.05299999937 -0.02500000037 0.1089999974
0.05299999937 -0.0270000007 0.1110000014
0.05299999937 -0.02500000037 0.1110000014
0.0549999997 -0.02500000037 0.1110000014
0.0549999997 -0.02300000004 0.1049999967
0.0549999997 -0.02099999972 0.1049999967
0.0549999997 -0.02300000004 0.1070000008
0.0549999997 -0.02099999972 0.1070000008
0.0549999997 -0.02300000004 0.1089999974
0.0549999997 -0.02099999972 0.1089999974
0.0549999997 -0.02300000004 0.1110000014
0.0549999997 -0.02099999972 0.1110000014
0.05700000003 -0.01899999939 0.1049999967
0.05900000036 -0.01700000092 0.1049999967
0.05700000003 -0.01899999939 0.1070000008
0.05900000036 -0.01700000092 0.1070000008
0.05700000003 -0.01899999939 0.1089999974
0.05900000036 -0.01700000092 0.1089999974
0.05700000003 -0.01899999939 0.1110000014
0.05900000036 -0.01700000092 0.1110000014
0.05700000003 -0.01499999966 0.09700000286
0.05700000003 -0.01499999966 0.09899999946
0.05900000036 -0.01300000027 0.09899999946
0.05900000036 -0.01099999994 0.09700000286
0.05900000036 -0.008999999613 0.09700000286
0.05900000036 -0.01099999994 0.09899999946
0.05900000036 -0.008999999613 0.09899999946
0.05900000036 -0.01499999966 0.1010000035
0.05900000036 -0.01300000027 0.1010000035
0.05900000036 -0.01499999966 0.1030000001
0.05900000036 -0.01300000027 0.1030000001
0.05900000036 -0.01099999994 0.1010000035
0.05900000036 -0.008999999613 0.1010000035
0.05900000036 -0.01099999994 0.1030000001
0.05900000036 -0.008999999613 0.1030000001
0.06100000069 -0.008999999613 0.1010000035
0.06100000069 -0.008999999613 0.1030000001
0.05900000036 -0.007000000216 0.09700000286
0.06100000069 -0.007000000216 0.09700000286
0.06100000069 -0.004999999888 0.09700000286
0.06100000069 -0.007000000216 0.09899999946
0.06100000069 -0.004999999888 0.09899999946
0.06100000069 -0.003000000026 0.09700000286
0.06100000069 -0.001000000047 0.09700000286
0.06100000069 -0.003000000026 0.09899999946
0.06100000069 -0.001000000047 0.09899999946
0.05900000036 -0.004999999888 0.1030000001
0.06100000069 -0.007000000216 0.1010000035
0.06100000069 -0.004999999888 0.1010000035
0.06100000069 -0.007000000216 0.1030000001
0.06100000069 -0.004999999888 0.1030000001
0.05900000036 -0.003000000026 0.1030000001
0.05900000036 -0.001000000047 0.1030000001
0.06100000069 -0.003000000026 0.1010000035
0.06100000069 -0.001000000047 0.1010000035
0.06100000069 -0.003000000026 0.1030000001
0.06100000069 -0.001000000047 0.1030000001
0.05900000036 -0.01499999966 0.1049999967
0.05900000036 -0.01300000027 0.1049999967
0.05900000036 -0.01499999966 0.1070000008
0.05900000036 -0.01300000027 0.1070000008
0.05900000036 -0.01099999994 0.1049999967
0.05900000036 -0.01099999994 0.1070000008
0.06100000069 -0.008999999613 0.1049999967
0.06100000069 -0.008999999613 0.1070000008
0.05900000036 -0.01499999966 0.1089999974
0.05900000036 -0.01300000027 0.1089999974
0.05900000036 -0.01499999966 0.1110000014
0.05900000036 -0.01300000027 0.1110000014
0.05900000036 -0.01099999994 0.1089999974
0.05900000036 -0.008999999613 0.1089999974
0.05900000036 -0.01099999994 0.1110000014
0.05900000036 -0.008999999613 0.1110000014
0.06100000069 -0.008999999613 0.1089999974
0.06100000069 -0.008999999613 0.1110000014
0.05900000036 -0.007000000216 0.1049999967
0.05900000036 -0.004999999888 0.1049999967
0.06100000069 -0.007000000216 0.1049999967
0.06100000069 -0.007000000216 0.1070000008
0.06100000069 -0.004999999888 0.1070000008
0.05900000036 -0.003000000026 0.1049999967
0.05900000036 -0.001000000047 0.1049999967
0.05900000036 -0.003000000026 0.1070000008
0.05900000036 -0.001000000047 0.1070000008
0.06100000069 -0.007000000216 0.1089999974
0.06100000069 -0.004999999888 0.1089999974
0.06100000069 -0.007000000216 0.1110000014
0.06100000069 -0.004999999888 0.1110000014
0.05900000036 -0.001000000047 0.1089999974
0.05900000036 -0.001000000047 0.1110000014
0.06100000069 -0.003000000026 0.1089999974
0.06100000069 -0.001000000047 0.1089999974
0.06100000069 -0.003000000026 0.1110000014
0.06100000069 -0.001000000047 0.1110000014
0.05299999937 -0.0270000007 0.112999998
0.0549999997 -0.02500000037 0.112999998
0.0549999997 -0.02500000037 0.1150000021
0.0549999997 -0.02300000004 0.112999998
0.0549999997 -0.02099999972 0.112999998
0.0549999997 -0.02300000004 0.1150000021
0.0549999997 -0.02099999972 0.1150000021
0.0549999997 -0.02300000004 0.1169999987
0.0549999997 -0.02099999972 0.1169999987
0.05700000003 -0.01899999939 0.112999998
0.05900000036 -0.01700000092 0.112999998
0.05700000003 -0.01899999939 0.1150000021
0.05900000036 -0.01700000092 0.1150000021
0.05700000003 -0.02099999972 0.1169999987
0.05700000003 -0.01899999939 0.1169999987
0.05700000003 -0.01700000092 0.1169999987
0.05900000036 -0.01700000092 0.1169999987
0.05700000003 -0.01899999939 0.1190000027
0.05700000003 -0.01700000092 0.1190000027
0.05700000003 -0.01700000092 0.1209999993
0.05900000036 -0.01499999966 0.112999998
0.05900000036 -0.01300000027 0.112999998
0.05900000036 -0.01499999966 0.1150000021
0.05900000036 -0.01300000027 0.1150000021
0.05900000036 -0.01099999994 0.112999998
0.05900000036 -0.008999999613 0.112999998
0.05900000036 -0.01099999994 0.1150000021
0.05900000036 -0.008999999613 0.1150000021
0.06100000069 -0.008999999613 0.112999998
0.05900000036 -0.01499999966 0.1169999987
0.05900000036 -0.01300000027 0.1169999987
0.05900000036 -0.01499999966 0.1190000027
0.05900000036 -0.01300000027 0.1190000027
0.05900000036 -0.01099999994 0.1169999987
0.05900000036 -0.008999999613 0.1169999987
0.05900000036 -0.01099999994 0.1190000027
0.05900000036 -0.008999999613 0.1190000027
0.06100000069 -0.008999999613 0.1169999987
0.06100000069 -0.007000000216 0.112999998
0.06100000069 -0.004999999888 0.112999998
0.06100000069 -0.007000000216 0.1150000021
0.06100000069 -0.004999999888 0.1150000021
0.05900000036 -0.001000000047 0.112999998
0.06100000069 -0.003000000026 0.112999998
0.06100000069 -0.001000000047 0.112999998
0.06100000069 -0.003000000026 0.1150000021
0.06100000069 -0.001000000047 0.1150000021
0.06100000069 -0.007000000216 0.1169999987
0.06100000069 -0.004999999888 0.1169999987
0.06100000069 -0.007000000216 0.1190000027
0.06100000069 -0.004999999888 0.1190000027
0.06100000069 -0.003000000026 0.1169999987
0.06100000069 -0.001000000047 0.1169999987
0.06100000069 -0.003000000026 0.1190000027
0.06100000069 -0.001000000047 0.1190000027
0.05700000003 -0.01499999966 0.1209999993
0.05900000036 -0.01300000027 0.1209999993
0.05700000003 -0.01499999966 0.1230000034
0.05900000036 -0.01300000027 0.1230000034
0.05900000036 -0.01099999994 0.1209999993
0.05900000036 -0.008999999613 0.1209999993
0.05900000036 -0.01099999994 0.1230000034
0.05900000036 -0.008999999613 0.1230000034
0.06100000069 -0.008999999613 0.1209999993
0.05900000036 -0.01099999994 0.125
0.05900000036 -0.008999999613 0.125
0.05900000036 -0.01099999994 0.1270000041
0.05900000036 -0.008999999613 0.1270000041
0.05900000036 -0.004999999888 0.1209999993
0.06100000069 -0.007000000216 0.1209999993
0.06100000069 -0.007000000216 0.1230000034
0.06100000069 -0.004999999888 0.1230000034
0.05900000036 -0.003000000026 0.1209999993
0.05900000036 -0.001000000047 0.1209999993
0.05900000036 -0.001000000047 0.1230000034
0.06100000069 -0.001000000047 0.1209999993
0.06100000069 -0.003000000026 0.1230000034
0.06100000069 -0.001000000047 0.1230000034
0.05900000036 -0.007000000216 0.1270000041
0.05900000036 -0.004999999888 0.1270000041
0.06100000069 -0.007000000216 0.125
0.06100000069 -0.004999999888 0.125
0.06100000069 -0.007000000216 0.1270000041
0.06100000069 -0.004999999888 0.1270000041
0.06100000069 -0.003000000026 0.125
0.06100000069 -0.001000000047 0.125
0.06100000069 -0.003000000026 0.1270000041
0.06100000069 -0.001000000047 0.1270000041
0.05900000036 -0.007000000216 0.1289999932
0.05900000036 -0.004999999888 0.1289999932
0.05900000036 -0.004999999888 0.1309999973
0.05900000036 -0.003000000026 0.1289999932
0.05900000036 -0.001000000047 0.1289999932
0.05900000036 -0.003000000026 0.1309999973
0.05900000036 -0.001000000047 0.1309999973
0.05900000036 -0.001000000047 0.1330000013
0.05700000003 -0.001000000047 0.1350000054
0.2829999924 -0.02500000037 0.01499999966
0.2849999964 -0.02500000037 0.01300000027
0.2870000005 -0.02500000037 0.01300000027
0.2870000005 -0.0270000007 0.01499999966
0.2849999964 -0.02500000037 0.01499999966
0.2870000005 -0.02500000037 0.01499999966
0.2790000141 -0.01700000092 0.01099999994
0.2790000141 -0.01899999939 0.01300000027
0.2790000141 -0.01899999939 0.01499999966
0.27700001 -0.01700000092 0.01499999966
0.2809999883 -0.02099999972 0.01099999994
0.2829999924 -0.02099999972 0.01099999994
0.2809999883 -0.01899999939 0.01099999994
0.2829999924 -0.02300000004 0.01300000027
0.2809999883 -0.02099999972 0.01300000027
0.2829999924 -0.02099999972 0.01300000027
0.2829999924 -0.02300000004 0.01499999966
0.2809999883 -0.02099999972 0.01499999966
0.2849999964 -0.02300000004 0.01300000027
0.27700001 -0.01499999966 0.01099999994
0.275000006 -0.01300000027 0.01499999966
0.27700001 -0.01499999966 0.01300000027
0.2730000019 -0.007000000216 0.01499999966
0.2829999924 -0.02500000037 0.01700000092
0.2870000005 -0.0270000007 0.01700000092
0.2849999964 -0.02500000037 0.01700000092
0.2849999964 -0.02500000037 0.01899999939
0.2849999964 -0.02500000037 0.02099999972
0.2790000141 -0.01899999939 0.01700000092
0.27700001 -0.01700000092 0.01899999939
0.27700001 -0.01700000092 0.02099999972
0.27700001 -0.01700000092 0.02300000004
0.2809999883 -0.02300000004 0.01700000092
0.2829999924 -0.02300000004 0.01700000092
0.2809999883 -0.02099999972 0.01700000092
0.2809999883 -0.02300000004 0.01899999939
0.2829999924 -0.02300000004 0.01899999939
0.2829999924 -0.02300000004 0.02099999972
0.2870000005 -0.0270000007 0.0270000007
0.2870000005 -0.0270000007 0.02899999917
0.2870000005 -0.02500000037 0.02899999917
0.2849999964 -0.02500000037 0.03099999949
0.27700001 -0.01700000092 0.0270000007
0.2790000141 -0.01899999939 0.02899999917
0.2829999924 -0.02300000004 0.02500000037
0.2809999883 -0.02099999972 0.0270000007
0.2849999964 -0.02300000004 0.03099999949
0.2709999979 -0.007000000216 0.01899999939
0.2709999979 -0.004999999888 0.01899999939
0.2709999979 -0.003000000026 0.01899999939
0.2709999979 -0.001000000047 0.01899999939
0.2709999979 -0.007000000216 0.02099999972
0.2709999979 -0.004999999888 0.02099999972
0.2709999979 -0.007000000216 0.02300000004
0.2709999979 -0.004999999888 0.02300000004
0.2709999979 -0.001000000047 0.02099999972
0.2709999979 -0.003000000026 0.02300000004
0.2709999979 -0.001000000047 0.02300000004
0.2709999979 -0.007000000216 0.02500000037
0.2709999979 -0.004999999888 0.02500000037
0.2709999979 -0.003000000026 0.02500000037
0.2709999979 -0.001000000047 0.02500000037
0.275000006 -0.01300000027 0.01700000092
0.2730000019 -0.01099999994 0.01899999939
0.2730000019 -0.01300000027 0.02300000004
0.2730000019 -0.01099999994 0.02500000037
0.2730000019 -0.01099999994 0.0270000007
0.2730000019 -0.008999999613 0.0270000007
0.275000006 -0.01300000027 0.03099999949
0.27700001 -0.01499999966 0.03099999949
0.2730000019 -0.01099999994 0.02899999917
0.2730000019 -0.008999999613 0.02899999917
0.2730000019 -0.007000000216 0.03099999949
0.2890000045 -0.02500000037 0.01099999994
0.2910000086 -0.02500000037 0.01099999994
0.2930000126 -0.0270000007 0.01099999994
0.2949999869 -0.0270000007 0.01099999994
0.2910000086 -0.0270000007 0.01300000027
0.2890000045 -0.02500000037 0.01300000027
0.2890000045 -0.0270000007 0.01499999966
0.2910000086 -0.0270000007 0.01499999966
0.2930000126 -0.0270000007 0.01300000027
0.2949999869 -0.0270000007 0.01300000027
0.2930000126 -0.0270000007 0.01499999966
0.2969999909 -0.0270000007 0.01099999994
0.298999995 -0.0270000007 0.01099999994
0.300999999 -0.0270000007 0.01099999994
0.3030000031 -0.0270000007 0.01099999994
0.298999995 -0.0270000007 0.01300000027
0.3050000072 -0.0270000007 0.01099999994
0.3070000112 -0.0270000007 0.01499999966
0.2890000045 -0.0270000007 0.01700000092
0.2910000086 -0.0270000007 0.01700000092
0.2890000045 -0.0270000007 0.01899999939
0.2890000045 -0.0270000007 0.02099999972
0.2890000045 -0.0270000007 0.02300000004
0.298999995 -0.02899999917 0.02099999972
0.298999995 -0.02899999917 0.02300000004
0.300999999 -0.02899999917 0.02300000004
0.2930000126 -0.02899999917 0.02500000037
0.2930000126 -0.02899999917 0.0270000007
0.2890000045 -0.0270000007 0.02500000037
0.2910000086 -0.0270000007 0.0270000007
0.2910000086 -0.02899999917 0.02899999917
0.2949999869 -0.02899999917 0.02899999917
0.2949999869 -0.02899999917 0.03099999949
0.2890000045 -0.0270000007 0.02899999917
0.2910000086 -0.0270000007 0.02899999917
0.2930000126 -0.0270000007 0.03099999949
0.2969999909 -0.02899999917 0.0270000007
0.298999995 -0.02899999917 0.0270000007
0.300999999 -0.02899999917 0.02500000037
0.3030000031 -0.02899999917 0.02500000037
0.300999999 -0.02899999917 0.0270000007
0.3030000031 -0.02899999917 0.0270000007
0.2969999909 -0.02899999917 0.02899999917
0.298999995 -0.02899999917 0.02899999917
0.2969999909 -0.02899999917 0.03099999949
0.298999995 -0.02899999917 0.03099999949
0.300999999 -0.02899999917 0.02899999917
0.3030000031 -0.02899999917 0.02899999917
0.300999999 -0.02899999917 0.03099999949
0.3030000031 -0.02899999917 0.03099999949
0.3109999895 -0.02899999917 0.01899999939
0.3089999855 -0.0270000007 0.01700000092
0.3089999855 -0.0270000007 0.01899999939
0.3050000072 -0.02899999917 0.02099999972
0.3050000072 -0.02899999917 0.02300000004
0.3070000112 -0.02899999917 0.02300000004
0.3089999855 -0.02899999917 0.02300000004
0.3109999895 -0.0270000007 0.02300000004
0.3170000017 -0.02500000037 0.01899999939
0.3149999976 -0.0270000007 0.02099999972
0.3149999976 -0.02500000037 0.02099999972
0.3129999936 -0.0270000007 0.02300000004
0.3149999976 -0.02500000037 0.02300000004
0.3170000017 -0.02500000037 0.02099999972
0.3170000017 -0.02500000037 0.02300000004
0.3190000057 -0.02300000004 0.01899999939
0.3190000057 -0.02099999972 0.01899999939
0.3170000017 -0.02300000004 0.02099999972
0.3190000057 -0.02300000004 0.02099999972
0.3170000017 -0.02300000004 0.02300000004
0.3190000057 -0.02300000004 0.02300000004
0.3070000112 -0.02899999917 0.02500000037
0.3050000072 -0.02899999917 0.0270000007
0.3070000112 -0.02899999917 0.0270000007
0.3089999855 -0.02899999917 0.02500000037
0.3089999855 -0.02899999917 0.0270000007
0.3109999895 -0.0270000007 0.02500000037
0.3089999855 -0.0270000007 0.0270000007
0.3109999895 -0.0270000007 0.0270000007
0.3050000072 -0.02899999917 0.02899999917
0.3070000112 -0.02899999917 0.02899999917
0.3050000072 -0.02899999917 0.03099999949
0.3070000112 -0.02899999917 0.03099999949
0.3089999855 -0.02899999917 0.02899999917
0.3070000112 -0.0270000007 0.03099999949
0.3089999855 -0.0270000007 0.02899999917
0.3109999895 -0.0270000007 0.02899999917
0.3089999855 -0.0270000007 0.03099999949
0.3109999895 -0.0270000007 0.03099999949
0.3129999936 -0.0270000007 0.02500000037
0.3149999976 -0.0270000007 0.02500000037
0.3149999976 -0.02500000037 0.02500000037
0.3129999936 -0.0270000007 0.0270000007
0.3149999976 -0.0270000007 0.0270000007
0.3149999976 -0.02500000037 0.0270000007
0.3170000017 -0.02500000037 0.02500000037
0.3170000017 -0.02500000037 0.0270000007
0.3129999936 -0.0270000007 0.02899999917
0.3129999936 -0.02500000037 0.02899999917
0.3149999976 -0.02500000037 0.02899999917
0.3129999936 -0.0270000007 0.03099999949
0.3129999936 -0.02500000037 0.03099999949
0.3149999976 -0.02500000037 0.03099999949
0.3170000017 -0.02500000037 0.02899999917
0.3170000017 -0.02500000037 0.03099999949
0.3170000017 -0.02300000004 0.02500000037
0.3190000057 -0.02300000004 0.02500000037
0.3190000057 -0.02300000004 0.0270000007
0.3190000057 -0.02099999972 0.0270000007
0.3149999976 -0.02300000004 0.03099999949
0.3170000017 -0.02300000004 0.02899999917
0.3190000057 -0.02300000004 0.02899999917
0.3190000057 -0.02099999972 0.02899999917
0.3170000017 -0.02300000004 0.03099999949
0.3190000057 -0.02300000004 0.03099999949
0.3190000057 -0.02099999972 0.03099999949
0.2849999964 -0.02500000037 0.03299999982
0.2870000005 -0.02500000037 0.03299999982
0.2870000005 -0.02500000037 0.03500000015
0.27700001 -0.01700000092 0.03299999982
0.2790000141 -0.01700000092 0.03299999982
0.2790000141 -0.01899999939 0.03500000015
0.2790000141 -0.01700000092 0.03700000048
0.2829999924 -0.02300000004 0.03299999982
0.2809999883 -0.02099999972 0.03299999982
0.2829999924 -0.02099999972 0.03500000015
0.2849999964 -0.02300000004 0.03500000015
0.2809999883 -0.01899999939 0.03500000015
0.2829999924 -0.02099999972 0.03700000048
0.2829999924 -0.02099999972 0.0390000008
0.2849999964 -0.02300000004 0.03700000048
0.2870000005 -0.02300000004 0.03700000048
0.2870000005 -0.02300000004 0.0390000008
0.2849999964 -0.02099999972 0.0390000008
0.2809999883 -0.01899999939 0.03700000048
0.2809999883 -0.01700000092 0.03700000048
0.2809999883 -0.01899999939 0.0390000008
0.2829999924 -0.01899999939 0.0390000008
0.2809999883 -0.01700000092 0.0390000008
0.2829999924 -0.01700000092 0.0390000008
0.2849999964 -0.01899999939 0.0390000008
0.2870000005 -0.02099999972 0.04100000113
0.2809999883 -0.01700000092 0.04100000113
0.2829999924 -0.01700000092 0.04100000113
0.2829999924 -0.01700000092 0.04300000146
0.2849999964 -0.01899999939 0.04100000113
0.2870000005 -0.01899999939 0.04100000113
0.2849999964 -0.01700000092 0.04100000113
0.2849999964 -0.01899999939 0.04300000146
0.2870000005 -0.01899999939 0.04300000146
0.2849999964 -0.01700000092 0.04300000146
0.2870000005 -0.01700000092 0.04300000146
0.2870000005 -0.01700000092 0.04500000179
0.27700001 -0.01300000027 0.03500000015
0.27700001 -0.01300000027 0.03700000048
0.2790000141 -0.01499999966 0.0390000008
0.275000006 -0.008999999613 0.03700000048
0.275000006 -0.008999999613 0.0390000008
0.27700001 -0.01099999994 0.03700000048
0.27700001 -0.01099999994 0.0390000008
0.2809999883 -0.01499999966 0.0390000008
0.2730000019 -0.004999999888 0.03299999982
0.2730000019 -0.003000000026 0.03299999982
0.275000006 -0.004999999888 0.03700000048
0.275000006 -0.003000000026 0.0390000008
0.2790000141 -0.01300000027 0.04100000113
0.2790000141 -0.01099999994 0.04100000113
0.27700001 -0.008999999613 0.04100000113
0.2790000141 -0.01099999994 0.04300000146
0.2790000141 -0.008999999613 0.04300000146
0.2809999883 -0.01499999966 0.04100000113
0.2809999883 -0.01499999966 0.04300000146
0.2829999924 -0.01499999966 0.04300000146
0.2809999883 -0.01300000027 0.04300000146
0.2849999964 -0.01499999966 0.04300000146
0.2829999924 -0.01499999966 0.04500000179
0.2829999924 -0.01300000027 0.04500000179
0.2849999964 -0.01499999966 0.04500000179
0.2870000005 -0.01499999966 0.04500000179
0.2870000005 -0.01499999966 0.04699999839
0.2849999964 -0.01300000027 0.04699999839
0.2870000005 -0.01300000027 0.04699999839
0.2809999883 -0.01099999994 0.04500000179
0.2829999924 -0.01099999994 0.04500000179
0.2809999883 -0.008999999613 0.04500000179
0.2829999924 -0.01099999994 0.04699999839
0.2809999883 -0.008999999613 0.04699999839
0.2829999924 -0.008999999613 0.04699999839
0.2849999964 -0.01099999994 0.04699999839
0.2849999964 -0.008999999613 0.04699999839
0.275000006 -0.004999999888 0.04100000113
0.27700001 -0.007000000216 0.04100000113
0.27700001 -0.004999999888 0.04100000113
0.2790000141 -0.007000000216 0.04300000146
0.27700001 -0.004999999888 0.04300000146
0.275000006 -0.001000000047 0.04100000113
0.27700001 -0.003000000026 0.04300000146
0.2790000141 -0.003000000026 0.04300000146
0.27700001 -0.001000000047 0.04300000146
0.2790000141 -0.007000000216 0.04500000179
0.2790000141 -0.004999999888 0.04500000179
0.2790000141 -0.003000000026 0.04500000179
0.2790000141 -0.001000000047 0.04500000179
0.2790000141 -0.001000000047 0.04699999839
0.2809999883 -0.007000000216 0.04500000179
0.2809999883 -0.004999999888 0.04500000179
0.2809999883 -0.007000000216 0.04699999839
0.2829999924 -0.007000000216 0.04699999839
0.2809999883 -0.004999999888 0.04699999839
0.2809999883 -0.003000000026 0.04699999839
0.2809999883 -0.001000000047 0.04699999839
0.2870000005 -0.01300000027 0.04899999872
0.2829999924 -0.008999999613 0.04899999872
0.2849999964 -0.01099999994 0.04899999872
0.2870000005 -0.01099999994 0.04899999872
0.2849999964 -0.008999999613 0.04899999872
0.2870000005 -0.008999999613 0.04899999872
0.2870000005 -0.01099999994 0.05099999905
0.2849999964 -0.008999999613 0.05099999905
0.2870000005 -0.008999999613 0.05099999905
0.2829999924 -0.007000000216 0.04899999872
0.2829999924 -0.004999999888 0.04899999872
0.2849999964 -0.007000000216 0.04899999872
0.2849999964 -0.004999999888 0.04899999872
0.2849999964 -0.007000000216 0.05099999905
0.2870000005 -0.007000000216 0.05099999905
0.2849999964 -0.004999999888 0.05099999905
0.2870000005 -0.004999999888 0.05099999905
0.2829999924 -0.003000000026 0.04899999872
0.2809999883 -0.001000000047 0.04899999872
0.2829999924 -0.001000000047 0.04899999872
0.2829999924 -0.001000000047 0.05099999905
0.2849999964 -0.003000000026 0.05099999905
0.2849999964 -0.001000000047 0.05099999905
0.2870000005 -0.007000000216 0.05299999937
0.2870000005 -0.004999999888 0.05299999937
0.2870000005 -0.004999999888 0.0549999997
0.2849999964 -0.003000000026 0.05299999937
0.2870000005 -0.003000000026 0.05299999937
0.2870000005 -0.001000000047 0.05299999937
0.2870000005 -0.001000000047 0.0549999997
0.2890000045 -0.0270000007 0.03299999982
0.2910000086 -0.0270000007 0.03299999982
0.2890000045 -0.02500000037 0.03299999982
0.2910000086 -0.02500000037 0.03500000015
0.2930000126 -0.0270000007 0.03299999982
0.2930000126 -0.0270000007 0.03500000015
0.2949999869 -0.0270000007 0.03500000015
0.2890000045 -0.02500000037 0.03700000048
0.2910000086 -0.02500000037 0.03700000048
0.2890000045 -0.02500000037 0.0390000008
0.2910000086 -0.02500000037 0.0390000008
0.2949999869 -0.0270000007 0.03700000048
0.2930000126 -0.02500000037 0.03700000048
0.2949999869 -0.02500000037 0.03700000048
0.2930000126 -0.02500000037 0.0390000008
0.2949999869 -0.02500000037 0.0390000008
0.2969999909 -0.02899999917 0.03299999982
0.298999995 -0.02899999917 0.03299999982
0.300999999 -0.02899999917 0.03299999982
0.3030000031 -0.02899999917 0.03299999982
0.300999999 -0.02899999917 0.03500000015
0.2969999909 -0.0270000007 0.03299999982
0.2969999909 -0.0270000007 0.03500000015
0.298999995 -0.0270000007 0.03500000015
0.3030000031 -0.0270000007 0.03299999982
0.300999999 -0.0270000007 0.03500000015
0.3030000031 -0.0270000007 0.03500000015
0.2969999909 -0.0270000007 0.03700000048
0.298999995 -0.0270000007 0.03700000048
0.298999995 -0.0270000007 0.0390000008
0.2969999909 -0.02500000037 0.0390000008
0.298999995 -0.02500000037 0.0390000008
0.300999999 -0.0270000007 0.03700000048
0.3030000031 -0.0270000007 0.03700000048
0.300999999 -0.0270000007 0.0390000008
0.3030000031 -0.0270000007 0.0390000008
0.300999999 -0.02500000037 0.0390000008
0.3030000031 -0.02500000037 0.0390000008
0.2890000045 -0.02300000004 0.0390000008
0.2910000086 -0.02300000004 0.0390000008
0.2949999869 -0.02500000037 0.04100000113
0.2969999909 -0.02500000037 0.04100000113
0.298999995 -0.02500000037 0.04100000113
0.300999999 -0.02500000037 0.04100000113
0.3030000031 -0.02500000037 0.04100000113
0.2890000045 -0.02300000004 0.04100000113
0.2910000086 -0.02300000004 0.04100000113
0.2890000045 -0.02099999972 0.04100000113
0.2890000045 -0.02099999972 0.04300000146
0.2910000086 -0.02099999972 0.04300000146
0.2930000126 -0.02300000004 0.04100000113
0.2949999869 -0.02300000004 0.04100000113
0.2930000126 -0.02300000004 0.04300000146
0.2949999869 -0.02300000004 0.04300000146
0.2930000126 -0.02099999972 0.04300000146
0.2949999869 -0.02099999972 0.04300000146
0.2890000045 -0.01899999939 0.04300000146
0.2910000086 -0.02099999972 0.04500000179
0.2930000126 -0.02099999972 0.04500000179
0.2949999869 -0.02099999972 0.04500000179
0.2890000045 -0.01899999939 0.04500000179
0.2910000086 -0.01899999939 0.04500000179
0.2890000045 -0.01700000092 0.04500000179
0.2910000086 -0.01700000092 0.04500000179
0.2910000086 -0.01899999939 0.04699999839
0.2890000045 -0.01700000092 0.04699999839
0.2910000086 -0.01700000092 0.04699999839
0.2930000126 -0.01899999939 0.04500000179
0.2949999869 -0.01899999939 0.04500000179
0.2930000126 -0.01899999939 0.04699999839
0.2949999869 -0.01899999939 0.04699999839
0.2930000126 -0.01700000092 0.04699999839
0.2949999869 -0.01700000092 0.04699999839
0.2969999909 -0.02300000004 0.04100000113
0.298999995 -0.02300000004 0.04100000113
0.2969999909 -0.02300000004 0.04300000146
0.298999995 -0.02300000004 0.04300000146
0.2969999909 -0.02099999972 0.04300000146
0.300999999 -0.02300000004 0.04100000113
0.3030000031 -0.02300000004 0.04100000113
0.300999999 -0.02300000004 0.04300000146
0.3030000031 -0.02300000004 0.04300000146
0.3030000031 -0.02099999972 0.04300000146
0.2969999909 -0.02099999972 0.04500000179
0.298999995 -0.02099999972 0.04500000179
0.2969999909 -0.02099999972 0.04699999839
0.298999995 -0.02099999972 0.04699999839
0.300999999 -0.02099999972 0.04500000179
0.3030000031 -0.02099999972 0.04500000179
0.300999999 -0.02099999972 0.04699999839
0.3030000031 -0.02099999972 0.04699999839
0.2969999909 -0.01899999939 0.04699999839
0.298999995 -0.01899999939 0.04699999839
0.300999999 -0.01899999939 0.04699999839
0.3030000031 -0.01899999939 0.04699999839
0.3050000072 -0.02899999917 0.03299999982
0.3050000072 -0.0270000007 0.03299999982
0.3070000112 -0.0270000007 0.03299999982
0.3050000072 -0.0270000007 0.03500000015
0.3070000112 -0.0270000007 0.03500000015
0.3089999855 -0.0270000007 0.03299999982
0.3109999895 -0.0270000007 0.03299999982
0.3109999895 -0.02500000037 0.03299999982
0.3089999855 -0.0270000007 0.03500000015
0.3089999855 -0.02500000037 0.03500000015
0.3109999895 -0.02500000037 0.03500000015
0.3050000072 -0.0270000007 0.03700000048
0.3070000112 -0.0270000007 0.03700000048
0.3050000072 -0.02500000037 0.03700000048
0.3070000112 -0.02500000037 0.03700000048
0.3050000072 -0.02500000037 0.0390000008
0.3070000112 -0.02500000037 0.0390000008
0.3089999855 -0.02500000037 0.03700000048
0.3109999895 -0.02500000037 0.03700000048
0.3089999855 -0.02500000037 0.0390000008
0.3129999936 -0.02500000037 0.03299999982
0.3149999976 -0.02500000037 0.03299999982
0.3129999936 -0.02500000037 0.03500000015
0.3089999855 -0.02300000004 0.0390000008
0.3109999895 -0.02300000004 0.0390000008
0.3149999976 -0.02300000004 0.03299999982
0.3129999936 -0.02300000004 0.03500000015
0.3149999976 -0.02300000004 0.03500000015
0.3170000017 -0.02300000004 0.03299999982
0.3170000017 -0.02099999972 0.03299999982
0.3190000057 -0.02099999972 0.03299999982
0.3170000017 -0.02300000004 0.03500000015
0.3170000017 -0.02099999972 0.03500000015
0.3190000057 -0.02099999972 0.03500000015
0.3190000057 -0.01899999939 0.03299999982
0.3190000057 -0.01899999939 0.03500000015
0.3129999936 -0.02300000004 0.03700000048
0.3149999976 -0.02300000004 0.03700000048
0.3149999976 -0.02099999972 0.03700000048
0.3129999936 -0.02300000004 0.0390000008
0.3149999976 -0.02300000004 0.0390000008
0.3129999936 -0.02099999972 0.0390000008
0.3149999976 -0.02099999972 0.0390000008
0.3170000017 -0.02099999972 0.03700000048
0.3170000017 -0.02099999972 0.0390000008
0.3149999976 -0.01899999939 0.0390000008
0.3170000017 -0.01899999939 0.03700000048
0.3190000057 -0.01899999939 0.03700000048
0.3190000057 -0.01700000092 0.03700000048
0.3170000017 -0.01899999939 0.0390000008
0.3190000057 -0.01899999939 0.0390000008
0.3170000017 -0.01700000092 0.0390000008
0.3190000057 -0.01700000092 0.0390000008
0.3050000072 -0.02500000037 0.04100000113
0.3070000112 -0.02500000037 0.04100000113
0.3050000072 -0.02300000004 0.04100000113
0.3070000112 -0.02300000004 0.04100000113
0.3050000072 -0.02300000004 0.04300000146
0.3070000112 -0.02300000004 0.04300000146
0.3050000072 -0.02099999972 0.04300000146
0.3070000112 -0.02099999972 0.04300000146
0.3089999855 -0.02300000004 0.04100000113
0.3109999895 -0.02300000004 0.04100000113
0.3089999855 -0.02099999972 0.04100000113
0.3109999895 -0.02099999972 0.04100000113
0.3089999855 -0.02300000004 0.04300000146
0.3089999855 -0.02099999972 0.04300000146
0.3109999895 -0.02099999972 0.04300000146
0.3109999895 -0.01899999939 0.04300000146
0.3050000072 -0.02099999972 0.04500000179
0.3070000112 -0.02099999972 0.04500000179
0.3089999855 -0.02099999972 0.04500000179
0.3050000072 -0.01899999939 0.04500000179
0.3070000112 -0.01899999939 0.04500000179
0.3050000072 -0.01899999939 0.04699999839
0.3070000112 -0.01899999939 0.04699999839
0.3050000072 -0.01700000092 0.04699999839
0.3070000112 -0.01700000092 0.04699999839
0.3089999855 -0.01899999939 0.04500000179
0.3109999895 -0.01899999939 0.04500000179
0.3089999855 -0.01700000092 0.04500000179
0.3109999895 -0.01700000092 0.04500000179
0.3089999855 -0.01899999939 0.04699999839
0.3089999855 -0.01700000092 0.04699999839
0.3109999895 -0.01700000092 0.04699999839
0.3129999936 -0.02099999972 0.04100000113
0.3149999976 -0.02099999972 0.04100000113
0.3129999936 -0.01899999939 0.04100000113
0.3149999976 -0.01899999939 0.04100000113
0.3149999976 -0.01700000092 0.04100000113
0.3129999936 -0.01899999939 0.04300000146
0.3149999976 -0.01899999939 0.04300000146
0.3129999936 -0.01700000092 0.04300000146
0.3149999976 -0.01700000092 0.04300000146
0.3170000017 -0.01899999939 0.04100000113
0.3170000017 -0.01700000092 0.04100000113
0.3190000057 -0.01700000092 0.04100000113
0.3170000017 -0.01700000092 0.04300000146
0.3129999936 -0.01899999939 0.04500000179
0.3129999936 -0.01700000092 0.04500000179
0.3149999976 -0.01700000092 0.04500000179
0.3129999936 -0.01700000092 0.04699999839
0.2890000045 -0.01499999966 0.04699999839
0.2910000086 -0.01499999966 0.04699999839
0.3190000057 -0.01499999966 0.0390000008
0.3089999855 -0.01499999966 0.04699999839
0.3109999895 -0.01499999966 0.04699999839
0.3149999976 -0.01499999966 0.04300000146
0.3190000057 -0.01499999966 0.04100000113
0.3170000017 -0.01499999966 0.04300000146
0.3190000057 -0.01499999966 0.04300000146
0.3170000017 -0.01300000027 0.04300000146
0.3190000057 -0.01300000027 0.04300000146
0.3190000057 -0.01099999994 0.04300000146
0.3129999936 -0.01499999966 0.04500000179
0.3149999976 -0.01499999966 0.04500000179
0.3149999976 -0.01300000027 0.04500000179
0.3129999936 -0.01499999966 0.04699999839
0.3129999936 -0.01300000027 0.04699999839
0.3149999976 -0.01300000027 0.04699999839
0.3170000017 -0.01499999966 0.04500000179
0.3170000017 -0.01300000027 0.04500000179
0.3190000057 -0.01300000027 0.04500000179
0.3149999976 -0.01099999994 0.04699999839
0.3149999976 -0.008999999613 0.04699999839
0.3170000017 -0.01099999994 0.04500000179
0.3190000057 -0.01099999994 0.04500000179
0.3190000057 -0.008999999613 0.04500000179
0.3170000017 -0.01099999994 0.04699999839
0.3170000017 -0.008999999613 0.04699999839
0.3190000057 -0.008999999613 0.04699999839
0.3190000057 -0.007000000216 0.04500000179
0.3190000057 -0.004999999888 0.04500000179
0.3170000017 -0.007000000216 0.04699999839
0.3190000057 -0.007000000216 0.04699999839
0.3170000017 -0.004999999888 0.04699999839
0.3190000057 -0.004999999888 0.04699999839
0.3190000057 -0.003000000026 0.04699999839
0.3190000057 -0.001000000047 0.04699999839
0.2930000126 -0.01700000092 0.04899999872
0.2949999869 -0.01700000092 0.04899999872
0.2969999909 -0.01899999939 0.04899999872
0.298999995 -0.01899999939 0.04899999872
0.2969999909 -0.01700000092 0.04899999872
0.298999995 -0.01700000092 0.04899999872
0.2969999909 -0.01700000092 0.05099999905
0.298999995 -0.01700000092 0.05099999905
0.300999999 -0.01899999939 0.04899999872
0.3030000031 -0.01899999939 0.04899999872
0.300999999 -0.01700000092 0.04899999872
0.3030000031 -0.01700000092 0.04899999872
0.300999999 -0.01700000092 0.05099999905
0.3030000031 -0.01700000092 0.05099999905
0.3050000072 -0.01700000092 0.04899999872
0.3070000112 -0.01700000092 0.04899999872
0.3089999855 -0.01700000092 0.04899999872
0.2890000045 -0.01499999966 0.04899999872
0.2910000086 -0.01499999966 0.04899999872
0.2890000045 -0.01300000027 0.04899999872
0.2910000086 -0.01300000027 0.04899999872
0.2910000086 -0.01499999966 0.05099999905
0.2890000045 -0.01300000027 0.05099999905
0.2910000086 -0.01300000027 0.05099999905
0.2930000126 -0.01499999966 0.04899999872
0.2949999869 -0.01499999966 0.04899999872
0.2930000126 -0.01499999966 0.05099999905
0.2949999869 -0.01499999966 0.05099999905
0.2930000126 -0.01300000027 0.05099999905
0.2949999869 -0.01300000027 0.05099999905
0.2890000045 -0.01099999994 0.04899999872
0.2890000045 -0.01099999994 0.05099999905
0.2910000086 -0.01099999994 0.05099999905
0.2890000045 -0.008999999613 0.05099999905
0.2949999869 -0.01499999966 0.05299999937
0.2930000126 -0.01300000027 0.05299999937
0.2949999869 -0.01300000027 0.05299999937
0.2910000086 -0.01099999994 0.05299999937
0.2890000045 -0.008999999613 0.05299999937
0.2910000086 -0.008999999613 0.05299999937
0.2910000086 -0.008999999613 0.0549999997
0.2930000126 -0.01099999994 0.05299999937
0.2949999869 -0.01099999994 0.05299999937
0.2930000126 -0.01099999994 0.0549999997
0.2949999869 -0.01099999994 0.0549999997
0.2930000126 -0.008999999613 0.0549999997
0.2949999869 -0.008999999613 0.0549999997
0.2969999909 -0.01499999966 0.05099999905
0.298999995 -0.01499999966 0.05099999905
0.300999999 -0.01499999966 0.05099999905
0.3030000031 -0.01499999966 0.05099999905
0.2969999909 -0.01499999966 0.05299999937
0.298999995 -0.01499999966 0.05299999937
0.2969999909 -0.01300000027 0.05299999937
0.298999995 -0.01300000027 0.05299999937
0.2969999909 -0.01300000027 0.0549999997
0.298999995 -0.01300000027 0.0549999997
0.300999999 -0.01499999966 0.05299999937
0.3030000031 -0.01499999966 0.05299999937
0.300999999 -0.01300000027 0.05299999937
0.3030000031 -0.01300000027 0.05299999937
0.300999999 -0.01300000027 0.0549999997
0.3030000031 -0.01300000027 0.0549999997
0.2969999909 -0.01099999994 0.0549999997
0.298999995 -0.01099999994 0.0549999997
0.300999999 -0.01099999994 0.0549999997
0.3030000031 -0.01099999994 0.0549999997
0.2890000045 -0.007000000216 0.05299999937
0.2890000045 -0.007000000216 0.0549999997
0.2910000086 -0.007000000216 0.0549999997
0.2890000045 -0.004999999888 0.0549999997
0.2910000086 -0.004999999888 0.0549999997
0.2890000045 -0.003000000026 0.0549999997
0.2890000045 -0.001000000047 0.0549999997
0.2949999869 -0.01099999994 0.05700000003
0.2930000126 -0.008999999613 0.05700000003
0.2949999869 -0.008999999613 0.05700000003
0.2969999909 -0.01099999994 0.05700000003
0.298999995 -0.01099999994 0.05700000003
0.2969999909 -0.008999999613 0.05700000003
0.298999995 -0.008999999613 0.05700000003
0.2969999909 -0.008999999613 0.05900000036
0.298999995 -0.008999999613 0.05900000036
0.300999999 -0.01099999994 0.05700000003
0.3030000031 -0.01099999994 0.05700000003
0.300999999 -0.008999999613 0.05700000003
0.3030000031 -0.008999999613 0.05700000003
0.300999999 -0.008999999613 0.05900000036
0.3030000031 -0.008999999613 0.05900000036
0.2910000086 -0.007000000216 0.05700000003
0.2910000086 -0.004999999888 0.05700000003
0.2930000126 -0.007000000216 0.05700000003
0.2949999869 -0.007000000216 0.05700000003
0.2930000126 -0.004999999888 0.05700000003
0.2930000126 -0.007000000216 0.05900000036
0.2949999869 -0.007000000216 0.05900000036
0.2930000126 -0.004999999888 0.05900000036
0.2949999869 -0.004999999888 0.05900000036
0.2890000045 -0.003000000026 0.05700000003
0.2910000086 -0.001000000047 0.05700000003
0.2930000126 -0.003000000026 0.05900000036
0.2930000126 -0.001000000047 0.05900000036
0.2930000126 -0.003000000026 0.06100000069
0.2930000126 -0.001000000047 0.06100000069
0.2930000126 -0.003000000026 0.06300000101
0.2930000126 -0.001000000047 0.06300000101
0.2969999909 -0.007000000216 0.05900000036
0.298999995 -0.007000000216 0.05900000036
0.300999999 -0.007000000216 0.05900000036
0.3030000031 -0.007000000216 0.05900000036
0.298999995 -0.007000000216 0.06100000069
0.298999995 -0.007000000216 0.06300000101
0.300999999 -0.007000000216 0.06100000069
0.3030000031 -0.007000000216 0.06100000069
0.300999999 -0.007000000216 0.06300000101
0.3030000031 -0.007000000216 0.06300000101
0.3050000072 -0.01499999966 0.04899999872
0.3070000112 -0.01499999966 0.04899999872
0.3050000072 -0.01499999966 0.05099999905
0.3070000112 -0.01499999966 0.05099999905
0.3050000072 -0.01300000027 0.05099999905
0.3070000112 -0.01300000027 0.05099999905
0.3089999855 -0.01499999966 0.04899999872
0.3109999895 -0.01499999966 0.04899999872
0.3089999855 -0.01300000027 0.04899999872
0.3109999895 -0.01300000027 0.04899999872
0.3089999855 -0.01499999966 0.05099999905
0.3089999855 -0.01300000027 0.05099999905
0.3109999895 -0.01300000027 0.05099999905
0.3109999895 -0.01099999994 0.04899999872
0.3089999855 -0.01099999994 0.05099999905
0.3109999895 -0.01099999994 0.05099999905
0.3109999895 -0.008999999613 0.05099999905
0.3050000072 -0.01300000027 0.05299999937
0.3070000112 -0.01300000027 0.05299999937
0.3089999855 -0.01300000027 0.05299999937
0.3050000072 -0.01099999994 0.05299999937
0.3070000112 -0.01099999994 0.05299999937
0.3050000072 -0.01099999994 0.0549999997
0.3070000112 -0.01099999994 0.0549999997
0.3050000072 -0.008999999613 0.0549999997
0.3070000112 -0.008999999613 0.0549999997
0.3089999855 -0.01099999994 0.05299999937
0.3109999895 -0.01099999994 0.05299999937
0.3089999855 -0.008999999613 0.05299999937
0.3109999895 -0.008999999613 0.05299999937
0.3089999855 -0.01099999994 0.0549999997
0.3089999855 -0.008999999613 0.0549999997
0.3129999936 -0.01300000027 0.04899999872
0.3129999936 -0.01099999994 0.04899999872
0.3149999976 -0.01099999994 0.04899999872
0.3129999936 -0.008999999613 0.04899999872
0.3149999976 -0.008999999613 0.04899999872
0.3129999936 -0.01099999994 0.05099999905
0.3129999936 -0.008999999613 0.05099999905
0.3149999976 -0.008999999613 0.05099999905
0.3170000017 -0.008999999613 0.04899999872
0.3129999936 -0.008999999613 0.05299999937
0.3109999895 -0.007000000216 0.05299999937
0.3109999895 -0.004999999888 0.05299999937
0.3089999855 -0.007000000216 0.0549999997
0.3109999895 -0.007000000216 0.0549999997
0.3089999855 -0.004999999888 0.0549999997
0.3109999895 -0.004999999888 0.0549999997
0.3109999895 -0.003000000026 0.0549999997
0.3109999895 -0.001000000047 0.0549999997
0.3149999976 -0.007000000216 0.04899999872
0.3149999976 -0.004999999888 0.04899999872
0.3129999936 -0.007000000216 0.05099999905
0.3149999976 -0.007000000216 0.05099999905
0.3129999936 -0.004999999888 0.05099999905
0.3149999976 -0.004999999888 0.05099999905
0.3170000017 -0.007000000216 0.04899999872
0.3170000017 -0.004999999888 0.04899999872
0.3149999976 -0.003000000026 0.05099999905
0.3149999976 -0.001000000047 0.05099999905
0.3170000017 -0.003000000026 0.04899999872
0.3190000057 -0.003000000026 0.04899999872
0.3170000017 -0.001000000047 0.04899999872
0.3190000057 -0.001000000047 0.04899999872
0.3170000017 -0.003000000026 0.05099999905
0.3170000017 -0.001000000047 0.05099999905
0.3129999936 -0.007000000216 0.05299999937
0.3129999936 -0.004999999888 0.05299999937
0.3129999936 -0.004999999888 0.0549999997
0.3129999936 -0.003000000026 0.05299999937
0.3149999976 -0.003000000026 0.05299999937
0.3129999936 -0.001000000047 0.05299999937
0.3149999976 -0.001000000047 0.05299999937
0.3129999936 -0.003000000026 0.0549999997
0.3129999936 -0.001000000047 0.0549999997
0.3050000072 -0.01099999994 0.05700000003
0.3050000072 -0.008999999613 0.05700000003
0.3070000112 -0.008999999613 0.05700000003
0.3050000072 -0.008999999613 0.05900000036
0.3050000072 -0.007000000216 0.05700000003
0.3070000112 -0.007000000216 0.05700000003
0.3070000112 -0.004999999888 0.05700000003
0.3050000072 -0.007000000216 0.05900000036
0.3070000112 -0.007000000216 0.05900000036
0.3050000072 -0.004999999888 0.05900000036
0.3070000112 -0.004999999888 0.05900000036
0.3089999855 -0.007000000216 0.05700000003
0.3089999855 -0.004999999888 0.05700000003
0.3070000112 -0.003000000026 0.05900000036
0.3070000112 -0.001000000047 0.05900000036
0.3089999855 -0.003000000026 0.05700000003
0.3109999895 -0.003000000026 0.05700000003
0.3089999855 -0.001000000047 0.05700000003
0.3109999895 -0.001000000047 0.05700000003
0.3089999855 -0.003000000026 0.05900000036
0.3089999855 -0.001000000047 0.05900000036
0.3050000072 -0.007000000216 0.06100000069
0.3050000072 -0.004999999888 0.06100000069
0.3070000112 -0.004999999888 0.06100000069
0.3050000072 -0.007000000216 0.06300000101
0.3050000072 -0.004999999888 0.06300000101
0.3070000112 -0.004999999888 0.06300000101
0.3070000112 -0.003000000026 0.06100000069
0.3070000112 -0.001000000047 0.06100000069
0.3070000112 -0.003000000026 0.06300000101
0.3070000112 -0.001000000047 0.06300000101
0.3249999881 -0.01300000027 0.01499999966
0.3269999921 -0.004999999888 0.01300000027
0.3210000098 -0.02099999972 0.01899999939
0.3230000138 -0.01899999939 0.01899999939
0.3210000098 -0.02099999972 0.02099999972
0.3210000098 -0.02300000004 0.02300000004
0.3210000098 -0.02099999972 0.02300000004
0.3230000138 -0.01899999939 0.02099999972
0.3230000138 -0.01700000092 0.02099999972
0.3230000138 -0.01899999939 0.02300000004
0.3230000138 -0.01700000092 0.02300000004
0.3249999881 -0.01700000092 0.02099999972
0.3210000098 -0.02300000004 0.02500000037
0.3210000098 -0.02099999972 0.02500000037
0.3210000098 -0.02099999972 0.0270000007
0.3230000138 -0.01899999939 0.02500000037
0.3230000138 -0.01700000092 0.02500000037
0.3210000098 -0.01899999939 0.0270000007
0.3230000138 -0.01899999939 0.0270000007
0.3230000138 -0.01700000092 0.0270000007
0.3249999881 -0.01700000092 0.02500000037
0.3249999881 -0.01700000092 0.0270000007
0.3210000098 -0.02099999972 0.02899999917
0.3210000098 -0.02099999972 0.03099999949
0.3210000098 -0.01899999939 0.02899999917
0.3230000138 -0.01899999939 0.02899999917
0.3230000138 -0.01700000092 0.02899999917
0.3210000098 -0.01899999939 0.03099999949
0.3230000138 -0.01899999939 0.03099999949
0.3230000138 -0.01700000092 0.03099999949
0.3249999881 -0.01700000092 0.02899999917
0.3249999881 -0.01499999966 0.01700000092
0.3269999921 -0.01300000027 0.01700000092
0.3269999921 -0.01300000027 0.02099999972
0.3249999881 -0.01499999966 0.02300000004
0.3269999921 -0.01499999966 0.02300000004
0.3269999921 -0.01300000027 0.02300000004
0.3269999921 -0.01099999994 0.02099999972
0.3269999921 -0.01099999994 0.02300000004
0.3289999962 -0.008999999613 0.01700000092
0.3289999962 -0.008999999613 0.01899999939
0.3289999962 -0.01099999994 0.02099999972
0.3289999962 -0.008999999613 0.02099999972
0.3289999962 -0.01099999994 0.02300000004
0.3289999962 -0.008999999613 0.02300000004
0.3289999962 -0.007000000216 0.01899999939
0.3289999962 -0.001000000047 0.01700000092
0.3289999962 -0.007000000216 0.02099999972
0.3289999962 -0.004999999888 0.02099999972
0.3289999962 -0.007000000216 0.02300000004
0.3289999962 -0.004999999888 0.02300000004
0.3289999962 -0.003000000026 0.02099999972
0.3289999962 -0.001000000047 0.02099999972
0.3289999962 -0.003000000026 0.02300000004
0.3289999962 -0.001000000047 0.02300000004
0.3249999881 -0.01499999966 0.02500000037
0.3269999921 -0.01499999966 0.02500000037
0.3269999921 -0.01300000027 0.02500000037
0.3249999881 -0.01499999966 0.0270000007
0.3269999921 -0.01300000027 0.0270000007
0.3269999921 -0.01099999994 0.02500000037
0.3269999921 -0.01099999994 0.0270000007
0.3249999881 -0.01499999966 0.02899999917
0.3249999881 -0.01300000027 0.02899999917
0.3269999921 -0.01300000027 0.02899999917
0.3249999881 -0.01499999966 0.03099999949
0.3249999881 -0.01300000027 0.03099999949
0.3269999921 -0.01300000027 0.03099999949
0.3269999921 -0.01099999994 0.02899999917
0.3269999921 -0.008999999613 0.02899999917
0.3269999921 -0.01099999994 0.03099999949
0.3269999921 -0.008999999613 0.03099999949
0.3289999962 -0.008999999613 0.02500000037
0.3289999962 -0.008999999613 0.0270000007
0.3289999962 -0.008999999613 0.02899999917
0.3269999921 -0.007000000216 0.03099999949
0.3289999962 -0.007000000216 0.02500000037
0.3289999962 -0.004999999888 0.02500000037
0.3289999962 -0.007000000216 0.0270000007
0.3289999962 -0.004999999888 0.0270000007
0.3289999962 -0.003000000026 0.02500000037
0.3289999962 -0.001000000047 0.02500000037
0.3289999962 -0.003000000026 0.0270000007
0.3289999962 -0.001000000047 0.0270000007
0.3289999962 -0.007000000216 0.02899999917
0.3289999962 -0.004999999888 0.02899999917
0.3289999962 -0.007000000216 0.03099999949
0.3289999962 -0.004999999888 0.03099999949
0.3289999962 -0.003000000026 0.02899999917
0.3289999962 -0.001000000047 0.02899999917
0.3289999962 -0.003000000026 0.03099999949
0.3289999962 -0.001000000047 0.03099999949
0.3210000098 -0.02099999972 0.03299999982
0.3210000098 -0.01899999939 0.03299999982
0.3230000138 -0.01700000092 0.03299999982
0.3210000098 -0.01899999939 0.03500000015
0.3210000098 -0.01700000092 0.03500000015
0.3230000138 -0.01700000092 0.03500000015
0.3210000098 -0.01700000092 0.03700000048
0.3210000098 -0.01700000092 0.0390000008
0.3230000138 -0.01499999966 0.03299999982
0.3230000138 -0.01499999966 0.03500000015
0.3230000138 -0.01300000027 0.03500000015
0.3249999881 -0.01499999966 0.03299999982
0.3249999881 -0.01300000027 0.03299999982
0.3249999881 -0.01300000027 0.03500000015
0.3249999881 -0.01099999994 0.03299999982
0.3269999921 -0.01099999994 0.03299999982
0.3269999921 -0.008999999613 0.03299999982
0.3249999881 -0.01099999994 0.03500000015
0.3249999881 -0.008999999613 0.03500000015
0.3269999921 -0.008999999613 0.03500000015
0.3210000098 -0.01499999966 0.03700000048
0.3230000138 -0.01499999966 0.03700000048
0.3230000138 -0.01300000027 0.03700000048
0.3210000098 -0.01499999966 0.0390000008
0.3210000098 -0.01300000027 0.0390000008
0.3230000138 -0.01300000027 0.0390000008
0.3230000138 -0.01099999994 0.03700000048
0.3230000138 -0.01099999994 0.0390000008
0.3230000138 -0.008999999613 0.0390000008
0.3249999881 -0.01099999994 0.03700000048
0.3249999881 -0.008999999613 0.03700000048
0.3249999881 -0.008999999613 0.0390000008
0.3269999921 -0.007000000216 0.03299999982
0.3269999921 -0.004999999888 0.03299999982
0.3269999921 -0.007000000216 0.03500000015
0.3269999921 -0.004999999888 0.03500000015
0.3269999921 -0.003000000026 0.03500000015
0.3269999921 -0.001000000047 0.03500000015
0.3249999881 -0.007000000216 0.03700000048
0.3269999921 -0.007000000216 0.03700000048
0.3249999881 -0.004999999888 0.03700000048
0.3269999921 -0.004999999888 0.03700000048
0.3249999881 -0.007000000216 0.0390000008
0.3249999881 -0.004999999888 0.0390000008
0.3269999921 -0.003000000026 0.03700000048
0.3269999921 -0.001000000047 0.03700000048
0.3249999881 -0.003000000026 0.0390000008
0.3249999881 -0.001000000047 0.0390000008
0.3269999921 -0.001000000047 0.0390000008
0.3289999962 -0.004999999888 0.03299999982
0.3289999962 -0.003000000026 0.03299999982
0.3289999962 -0.001000000047 0.03299999982
0.3210000098 -0.01499999966 0.04100000113
0.3210000098 -0.01300000027 0.04100000113
0.3210000098 -0.01300000027 0.04300000146
0.3210000098 -0.01099999994 0.04100000113
0.3230000138 -0.01099999994 0.04100000113
0.3230000138 -0.008999999613 0.04100000113
0.3210000098 -0.01099999994 0.04300000146
0.3210000098 -0.008999999613 0.04300000146
0.3230000138 -0.008999999613 0.04300000146
0.3210000098 -0.008999999613 0.04500000179
0.3230000138 -0.007000000216 0.04100000113
0.3230000138 -0.004999999888 0.04100000113
0.3210000098 -0.007000000216 0.04300000146
0.3230000138 -0.007000000216 0.04300000146
0.3210000098 -0.004999999888 0.04300000146
0.3230000138 -0.004999999888 0.04300000146
0.3249999881 -0.007000000216 0.04100000113
0.3249999881 -0.004999999888 0.04100000113
0.3230000138 -0.003000000026 0.04100000113
0.3230000138 -0.001000000047 0.04100000113
0.3230000138 -0.003000000026 0.04300000146
0.3230000138 -0.001000000047 0.04300000146
0.3249999881 -0.003000000026 0.04100000113
0.3249999881 -0.001000000047 0.04100000113
0.3210000098 -0.007000000216 0.04500000179
0.3210000098 -0.004999999888 0.04500000179
0.3210000098 -0.003000000026 0.04500000179
0.3210000098 -0.001000000047 0.04500000179
0.3230000138 -0.001000000047 0.04500000179
0.3210000098 -0.003000000026 0.04699999839
0.3210000098 -0.001000000047 0.04699999839
0.2930000126 -0.003000000026 0.06499999762
0.2930000126 -0.001000000047 0.06499999762
0.2930000126 -0.003000000026 0.06700000167
0.2930000126 -0.001000000047 0.06700000167
0.2930000126 -0.003000000026 0.06899999827
0.2930000126 -0.001000000047 0.06899999827
0.2930000126 -0.003000000026 0.07100000232
0.2930000126 -0.001000000047 0.07100000232
0.298999995 -0.007000000216 0.06499999762
0.298999995 -0.007000000216 0.06700000167
0.300999999 -0.007000000216 0.06499999762
0.3030000031 -0.007000000216 0.06499999762
0.300999999 -0.007000000216 0.06700000167
0.3030000031 -0.007000000216 0.06700000167
0.298999995 -0.007000000216 0.06899999827
0.298999995 -0.007000000216 0.07100000232
0.300999999 -0.007000000216 0.06899999827
0.3030000031 -0.007000000216 0.06899999827
0.300999999 -0.007000000216 0.07100000232
0.3030000031 -0.007000000216 0.07100000232
0.2930000126 -0.003000000026 0.07299999893
0.2930000126 -0.001000000047 0.07299999893
0.2930000126 -0.003000000026 0.07500000298
0.2930000126 -0.001000000047 0.07500000298
0.2930000126 -0.003000000026 0.07699999958
0.2930000126 -0.001000000047 0.07699999958
0.2930000126 -0.003000000026 0.07900000364
0.2930000126 -0.001000000047 0.07900000364
0.298999995 -0.007000000216 0.07299999893
0.298999995 -0.007000000216 0.07500000298
0.300999999 -0.007000000216 0.07299999893
0.3030000031 -0.007000000216 0.07299999893
0.300999999 -0.007000000216 0.07500000298
0.3030000031 -0.007000000216 0.07500000298
0.298999995 -0.007000000216 0.07699999958
0.298999995 -0.007000000216 0.07900000364
0.300999999 -0.007000000216 0.07699999958
0.3030000031 -0.007000000216 0.07699999958
0.300999999 -0.007000000216 0.07900000364
0.3030000031 -0.007000000216 0.07900000364
0.3050000072 -0.007000000216 0.06499999762
0.3050000072 -0.004999999888 0.06499999762
0.3070000112 -0.004999999888 0.06499999762
0.3050000072 -0.007000000216 0.06700000167
0.3050000072 -0.004999999888 0.06700000167
0.3070000112 -0.003000000026 0.06499999762
0.3070000112 -0.001000000047 0.06499999762
0.3070000112 -0.003000000026 0.06700000167
0.3070000112 -0.001000000047 0.06700000167
0.3050000072 -0.007000000216 0.06899999827
0.3050000072 -0.004999999888 0.06899999827
0.3050000072 -0.007000000216 0.07100000232
0.3050000072 -0.004999999888 0.07100000232
0.3070000112 -0.003000000026 0.06899999827
0.3070000112 -0.001000000047 0.06899999827
0.3070000112 -0.003000000026 0.07100000232
0.3070000112 -0.001000000047 0.07100000232
0.3050000072 -0.007000000216 0.07299999893
0.3050000072 -0.004999999888 0.07299999893
0.3070000112 -0.004999999888 0.07299999893
0.3050000072 -0.007000000216 0.07500000298
0.3050000072 -0.004999999888 0.07500000298
0.3070000112 -0.004999999888 0.07500000298
0.3070000112 -0.003000000026 0.07299999893
0.3070000112 -0.001000000047 0.07299999893
0.3070000112 -0.003000000026 0.07500000298
0.3070000112 -0.001000000047 0.07500000298
0.3050000072 -0.007000000216 0.07699999958
0.3050000072 -0.004999999888 0.07699999958
0.3070000112 -0.004999999888 0.07699999958
0.3050000072 -0.007000000216 0.07900000364
0.3050000072 -0.004999999888 0.07900000364
0.3070000112 -0.004999999888 0.07900000364
0.3070000112 -0.003000000026 0.07699999958
0.3070000112 -0.001000000047 0.07699999958
0.3070000112 -0.003000000026 0.07900000364
0.3070000112 -0.001000000047 0.07900000364
0.2930000126 -0.003000000026 0.08100000024
0.2930000126 -0.001000000047 0.08100000024
0.2930000126 -0.003000000026 0.08299999684
0.2930000126 -0.001000000047 0.08299999684
0.2930000126 -0.003000000026 0.08500000089
0.2930000126 -0.001000000047 0.08500000089
0.2930000126 -0.003000000026 0.0869999975
0.2930000126 -0.001000000047 0.0869999975
0.298999995 -0.007000000216 0.08100000024
0.298999995 -0.007000000216 0.08299999684
0.300999999 -0.007000000216 0.08100000024
0.3030000031 -0.007000000216 0.08100000024
0.300999999 -0.007000000216 0.08299999684
0.3030000031 -0.007000000216 0.08299999684
0.298999995 -0.007000000216 0.08500000089
0.298999995 -0.007000000216 0.0869999975
0.300999999 -0.007000000216 0.08500000089
0.3030000031 -0.007000000216 0.08500000089
0.300999999 -0.007000000216 0.0869999975
0.3030000031 -0.007000000216 0.0869999975
0.2930000126 -0.003000000026 0.08900000155
0.2930000126 -0.001000000047 0.08900000155
0.2930000126 -0.003000000026 0.09099999815
0.2930000126 -0.001000000047 0.09099999815
0.2930000126 -0.003000000026 0.09300000221
0.2930000126 -0.001000000047 0.09300000221
0.2930000126 -0.003000000026 0.09499999881
0.2930000126 -0.001000000047 0.09499999881
0.298999995 -0.007000000216 0.08900000155
0.2969999909 -0.007000000216 0.09099999815
0.298999995 -0.007000000216 0.09099999815
0.300999999 -0.007000000216 0.08900000155
0.3030000031 -0.007000000216 0.08900000155
0.300999999 -0.007000000216 0.09099999815
0.3030000031 -0.007000000216 0.09099999815
0.2969999909 -0.007000000216 0.09300000221
0.298999995 -0.007000000216 0.09300000221
0.2969999909 -0.007000000216 0.09499999881
0.298999995 -0.007000000216 0.09499999881
0.300999999 -0.007000000216 0.09300000221
0.3030000031 -0.007000000216 0.09300000221
0.300999999 -0.007000000216 0.09499999881
0.3030000031 -0.007000000216 0.09499999881
0.3050000072 -0.007000000216 0.08100000024
0.3050000072 -0.004999999888 0.08100000024
0.3070000112 -0.004999999888 0.08100000024
0.3050000072 -0.007000000216 0.08299999684
0.3050000072 -0.004999999888 0.08299999684
0.3070000112 -0.004999999888 0.08299999684
0.3070000112 -0.003000000026 0.08100000024
0.3070000112 -0.001000000047 0.08100000024
0.3070000112 -0.003000000026 0.08299999684
0.3070000112 -0.001000000047 0.08299999684
0.3050000072 -0.007000000216 0.08500000089
0.3050000072 -0.004999999888 0.08500000089
0.3070000112 -0.004999999888 0.08500000089
0.3050000072 -0.007000000216 0.0869999975
0.3050000072 -0.004999999888 0.0869999975
0.3070000112 -0.004999999888 0.0869999975
0.3070000112 -0.003000000026 0.08500000089
0.3070000112 -0.001000000047 0.08500000089
0.3070000112 -0.003000000026 0.0869999975
0.3070000112 -0.001000000047 0.0869999975
0.3050000072 -0.007000000216 0.08900000155
0.3050000072 -0.004999999888 0.08900000155
0.3070000112 -0.004999999888 0.08900000155
0.3050000072 -0.007000000216 0.09099999815
0.3050000072 -0.004999999888 0.09099999815
0.3070000112 -0.004999999888 0.09099999815
0.3070000112 -0.003000000026 0.08900000155
0.3070000112 -0.001000000047 0.08900000155
0.3070000112 -0.003000000026 0.09099999815
0.3070000112 -0.001000000047 0.09099999815
0.3050000072 -0.007000000216 0.09300000221
0.3050000072 -0.004999999888 0.09300000221
0.3070000112 -0.004999999888 0.09300000221
0.3050000072 -0.007000000216 0.09499999881
0.3050000072 -0.004999999888 0.09499999881
0.3070000112 -0.004999999888 0.09499999881
0.3070000112 -0.003000000026 0.09300000221
0.3070000112 -0.001000000047 0.09300000221
0.3070000112 -0.003000000026 0.09499999881
0.3070000112 -0.001000000047 0.09499999881
0.2930000126 -0.003000000026 0.09700000286
0.2930000126 -0.001000000047 0.09700000286
0.2930000126 -0.003000000026 0.09899999946
0.2930000126 -0.001000000047 0.09899999946
0.2930000126 -0.003000000026 0.1010000035
0.2930000126 -0.001000000047 0.1010000035
0.2930000126 -0.003000000026 0.1030000001
0.2930000126 -0.001000000047 0.1030000001
0.2969999909 -0.007000000216 0.09700000286
0.298999995 -0.007000000216 0.09700000286
0.2969999909 -0.007000000216 0.09899999946
0.298999995 -0.007000000216 0.09899999946
0.300999999 -0.007000000216 0.09700000286
0.3030000031 -0.007000000216 0.09700000286
0.300999999 -0.007000000216 0.09899999946
0.3030000031 -0.007000000216 0.09899999946
0.298999995 -0.007000000216 0.1010000035
0.298999995 -0.007000000216 0.1030000001
0.300999999 -0.007000000216 0.1010000035
0.3030000031 -0.007000000216 0.1010000035
0.300999999 -0.007000000216 0.1030000001
0.3030000031 -0.007000000216 0.1030000001
0.2930000126 -0.003000000026 0.1049999967
0.2930000126 -0.001000000047 0.1049999967
0.2930000126 -0.003000000026 0.1070000008
0.2930000126 -0.001000000047 0.1070000008
0.2930000126 -0.003000000026 0.1089999974
0.2930000126 -0.001000000047 0.1089999974
0.2930000126 -0.003000000026 0.1110000014
0.2930000126 -0.001000000047 0.1110000014
0.298999995 -0.007000000216 0.1049999967
0.298999995 -0.007000000216 0.1070000008
0.300999999 -0.007000000216 0.1049999967
0.3030000031 -0.007000000216 0.1049999967
0.300999999 -0.007000000216 0.1070000008
0.3030000031 -0.007000000216 0.1070000008
0.298999995 -0.007000000216 0.1089999974
0.298999995 -0.007000000216 0.1110000014
0.300999999 -0.007000000216 0.1089999974
0.3030000031 -0.007000000216 0.1089999974
0.300999999 -0.007000000216 0.1110000014
0.3030000031 -0.007000000216 0.1110000014
0.3050000072 -0.007000000216 0.09700000286
0.3050000072 -0.004999999888 0.09700000286
0.3070000112 -0.004999999888 0.09700000286
0.3050000072 -0.007000000216 0.09899999946
0.3050000072 -0.004999999888 0.09899999946
0.3070000112 -0.004999999888 0.09899999946
0.3070000112 -0.003000000026 0.09700000286
0.3070000112 -0.001000000047 0.09700000286
0.3070000112 -0.003000000026 0.09899999946
0.3070000112 -0.001000000047 0.09899999946
0.3050000072 -0.007000000216 0.1010000035
0.3050000072 -0.004999999888 0.1010000035
0.3070000112 -0.004999999888 0.1010000035
0.3050000072 -0.007000000216 0.1030000001
0.3050000072 -0.004999999888 0.1030000001
0.3070000112 -0.004999999888 0.1030000001
0.3070000112 -0.003000000026 0.1010000035
0.3070000112 -0.001000000047 0.1010000035
0.3070000112 -0.003000000026 0.1030000001
0.3070000112 -0.001000000047 0.1030000001
0.3050000072 -0.007000000216 0.1049999967
0.3050000072 -0.004999999888 0.1049999967
0.3070000112 -0.004999999888 0.1049999967
0.3050000072 -0.007000000216 0.1070000008
0.3050000072 -0.004999999888 0.1070000008
0.3070000112 -0.004999999888 0.1070000008
0.3070000112 -0.003000000026 0.1049999967
0.3070000112 -0.001000000047 0.1049999967
0.3070000112 -0.003000000026 0.1070000008
0.3070000112 -0.001000000047 0.1070000008
0.3050000072 -0.007000000216 0.1089999974
0.3050000072 -0.004999999888 0.1089999974
0.3070000112 -0.004999999888 0.1089999974
0.3050000072 -0.007000000216 0.1110000014
0.3050000072 -0.004999999888 0.1110000014
0.3070000112 -0.004999999888 0.1110000014
0.3070000112 -0.003000000026 0.1089999974
0.3070000112 -0.001000000047 0.1089999974
0.3070000112 -0.003000000026 0.1110000014
0.3070000112 -0.001000000047 0.1110000014
0.2930000126 -0.003000000026 0.112999998
0.2930000126 -0.001000000047 0.112999998
0.2930000126 -0.003000000026 0.1150000021
0.2930000126 -0.001000000047 0.1150000021
0.2930000126 -0.003000000026 0.1169999987
0.2930000126 -0.001000000047 0.1169999987
0.2930000126 -0.003000000026 0.1190000027
0.2930000126 -0.001000000047 0.1190000027
0.298999995 -0.007000000216 0.112999998
0.298999995 -0.007000000216 0.1150000021
0.300999999 -0.007000000216 0.112999998
0.3030000031 -0.007000000216 0.112999998
0.300999999 -0.007000000216 0.1150000021
0.3030000031 -0.007000000216 0.1150000021
0.298999995 -0.007000000216 0.1169999987
0.298999995 -0.007000000216 0.1190000027
0.300999999 -0.007000000216 0.1169999987
0.3030000031 -0.007000000216 0.1169999987
0.300999999 -0.007000000216 0.1190000027
0.3030000031 -0.007000000216 0.1190000027
0.2930000126 -0.003000000026 0.1209999993
0.2949999869 -0.003000000026 0.1209999993
0.2930000126 -0.001000000047 0.1209999993
0.2930000126 -0.003000000026 0.1230000034
0.2930000126 -0.001000000047 0.1230000034
0.2930000126 -0.003000000026 0.125
0.2930000126 -0.001000000047 0.125
0.2930000126 -0.003000000026 0.1270000041
0.2949999869 -0.003000000026 0.1270000041
0.298999995 -0.007000000216 0.1209999993
0.298999995 -0.007000000216 0.1230000034
0.300999999 -0.007000000216 0.1209999993
0.3030000031 -0.007000000216 0.1209999993
0.300999999 -0.007000000216 0.1230000034
0.3030000031 -0.007000000216 0.1230000034
0.298999995 -0.007000000216 0.125
0.298999995 -0.007000000216 0.1270000041
0.300999999 -0.007000000216 0.125
0.3030000031 -0.007000000216 0.125
0.300999999 -0.007000000216 0.1270000041
0.3030000031 -0.007000000216 0.1270000041
0.3050000072 -0.007000000216 0.112999998
0.3050000072 -0.004999999888 0.112999998
0.3070000112 -0.004999999888 0.112999998
0.3050000072 -0.007000000216 0.1150000021
0.3050000072 -0.004999999888 0.1150000021
0.3070000112 -0.004999999888 0.1150000021
0.3070000112 -0.003000000026 0.112999998
0.3070000112 -0.001000000047 0.112999998
0.3070000112 -0.003000000026 0.1150000021
0.3070000112 -0.001000000047 0.1150000021
0.3050000072 -0.007000000216 0.1169999987
0.3050000072 -0.004999999888 0.1169999987
0.3070000112 -0.004999999888 0.1169999987
0.3050000072 -0.007000000216 0.1190000027
0.3050000072 -0.004999999888 0.1190000027
0.3070000112 -0.004999999888 0.1190000027
0.3070000112 -0.003000000026 0.1169999987
0.3070000112 -0.001000000047 0.1169999987
0.3070000112 -0.003000000026 0.1190000027
0.3070000112 -0.001000000047 0.1190000027
0.3050000072 -0.007000000216 0.1209999993
0.3050000072 -0.004999999888 0.1209999993
0.3070000112 -0.004999999888 0.1209999993
0.3050000072 -0.007000000216 0.1230000034
0.3050000072 -0.004999999888 0.1230000034
0.3070000112 -0.004999999888 0.1230000034
0.3070000112 -0.003000000026 0.1209999993
0.3070000112 -0.001000000047 0.1209999993
0.3070000112 -0.003000000026 0.1230000034
0.3070000112 -0.001000000047 0.1230000034
0.3050000072 -0.007000000216 0.125
0.3050000072 -0.004999999888 0.125
0.3070000112 -0.004999999888 0.125
0.3050000072 -0.007000000216 0.1270000041
0.3050000072 -0.004999999888 0.1270000041
0.3070000112 -0.004999999888 0.1270000041
0.3070000112 -0.003000000026 0.125
0.3070000112 -0.001000000047 0.125
0.3070000112 -0.003000000026 0.1270000041
0.3070000112 -0.001000000047 0.1270000041
0.2930000126 -0.003000000026 0.1289999932
0.2930000126 -0.003000000026 0.1309999973
0.2949999869 -0.003000000026 0.1309999973
0.2949999869 -0.003000000026 0.1330000013
0.2930000126 -0.003000000026 0.1350000054
0.2930000126 -0.001000000047 0.1350000054
0.298999995 -0.007000000216 0.1289999932
0.2969999909 -0.004999999888 0.1289999932
0.2969999909 -0.007000000216 0.1309999973
0.298999995 -0.007000000216 0.1309999973
0.300999999 -0.007000000216 0.1289999932
0.3030000031 -0.007000000216 0.1289999932
0.300999999 -0.007000000216 0.1309999973
0.3030000031 -0.007000000216 0.1309999973
0.2969999909 -0.007000000216 0.1330000013
0.298999995 -0.007000000216 0.1330000013
0.2969999909 -0.004999999888 0.1330000013
0.2969999909 -0.007000000216 0.1350000054
0.298999995 -0.007000000216 0.1350000054
0.300999999 -0.007000000216 0.1330000013
0.3030000031 -0.007000000216 0.1330000013
0.300999999 -0.007000000216 0.1350000054
0.3030000031 -0.007000000216 0.1350000054
0.2949999869 -0.003000000026 0.1369999945
0.2930000126 -0.001000000047 0.1369999945
0.2949999869 -0.003000000026 0.1389999986
0.2930000126 -0.003000000026 0.1410000026
0.2930000126 -0.001000000047 0.1410000026
0.2949999869 -0.003000000026 0.1430000067
0.2969999909 -0.007000000216 0.1369999945
0.298999995 -0.007000000216 0.1369999945
0.2969999909 -0.007000000216 0.1389999986
0.298999995 -0.007000000216 0.1389999986
0.2969999909 -0.004999999888 0.1389999986
0.300999999 -0.007000000216 0.1369999945
0.3030000031 -0.007000000216 0.1369999945
0.300999999 -0.007000000216 0.1389999986
0.3030000031 -0.007000000216 0.1389999986
0.298999995 -0.007000000216 0.1410000026
0.298999995 -0.007000000216 0.1430000067
0.2969999909 -0.004999999888 0.1430000067
0.300999999 -0.007000000216 0.1410000026
0.3030000031 -0.007000000216 0.1410000026
0.300999999 -0.007000000216 0.1430000067
0.3030000031 -0.007000000216 0.1430000067
0.3050000072 -0.007000000216 0.1289999932
0.3050000072 -0.004999999888 0.1289999932
0.3070000112 -0.004999999888 0.1289999932
0.3050000072 -0.007000000216 0.1309999973
0.3050000072 -0.004999999888 0.1309999973
0.3070000112 -0.004999999888 0.1309999973
0.3070000112 -0.003000000026 0.1289999932
0.3070000112 -0.001000000047 0.1289999932
0.3070000112 -0.003000000026 0.1309999973
0.3070000112 -0.001000000047 0.1309999973
0.3050000072 -0.007000000216 0.1330000013
0.3050000072 -0.004999999888 0.1330000013
0.3070000112 -0.004999999888 0.1330000013
0.3050000072 -0.007000000216 0.1350000054
0.3050000072 -0.004999999888 0.1350000054
0.3070000112 -0.004999999888 0.1350000054
0.3070000112 -0.003000000026 0.1330000013
0.3070000112 -0.001000000047 0.1330000013
0.3070000112 -0.003000000026 0.1350000054
0.3070000112 -0.001000000047 0.1350000054
0.3050000072 -0.007000000216 0.1369999945
0.3050000072 -0.004999999888 0.1369999945
0.3070000112 -0.004999999888 0.1369999945
0.3050000072 -0.007000000216 0.1389999986
0.3050000072 -0.004999999888 0.1389999986
0.3070000112 -0.004999999888 0.1389999986
0.3070000112 -0.003000000026 0.1369999945
0.3070000112 -0.001000000047 0.1369999945
0.3070000112 -0.003000000026 0.1389999986
0.3070000112 -0.001000000047 0.1389999986
0.3050000072 -0.007000000216 0.1410000026
0.3050000072 -0.004999999888 0.1410000026
0.3070000112 -0.004999999888 0.1410000026
0.3050000072 -0.007000000216 0.1430000067
0.3050000072 -0.004999999888 0.1430000067
0.3070000112 -0.004999999888 0.1430000067
0.3070000112 -0.003000000026 0.1410000026
0.3070000112 -0.001000000047 0.1410000026
0.3070000112 -0.003000000026 0.1430000067
0.3070000112 -0.001000000047 0.1430000067
0.2949999869 -0.003000000026 0.1449999958
0.2949999869 -0.003000000026 0.1469999999
0.2949999869 -0.003000000026 0.1490000039
0.2949999869 -0.003000000026 0.1509999931
0.298999995 -0.007000000216 0.1449999958
0.2969999909 -0.004999999888 0.1449999958
0.298999995 -0.007000000216 0.1469999999
0.2969999909 -0.004999999888 0.1469999999
0.300999999 -0.007000000216 0.1449999958
0.3030000031 -0.007000000216 0.1449999958
0.300999999 -0.007000000216 0.1469999999
0.3030000031 -0.007000000216 0.1469999999
0.298999995 -0.007000000216 0.1490000039
0.298999995 -0.007000000216 0.1509999931
0.2969999909 -0.004999999888 0.1509999931
0.300999999 -0.007000000216 0.1490000039
0.3030000031 -0.007000000216 0.1490000039
0.300999999 -0.007000000216 0.1509999931
0.3030000031 -0.007000000216 0.1509999931
0.2949999869 -0.003000000026 0.1550000012
0.2930000126 -0.001000000047 0.1550000012
0.2949999869 -0.003000000026 0.1570000052
0.2930000126 -0.001000000047 0.1570000052
0.2949999869 -0.003000000026 0.1589999944
0.2930000126 -0.001000000047 0.1589999944
0.298999995 -0.007000000216 0.1529999971
0.2969999909 -0.004999999888 0.1529999971
0.2969999909 -0.004999999888 0.1550000012
0.300999999 -0.007000000216 0.1529999971
0.2969999909 -0.004999999888 0.1570000052
0.2969999909 -0.004999999888 0.1589999944
0.300999999 -0.007000000216 0.1570000052
0.300999999 -0.007000000216 0.1589999944
0.3050000072 -0.007000000216 0.1449999958
0.3050000072 -0.004999999888 0.1449999958
0.3070000112 -0.004999999888 0.1449999958
0.3050000072 -0.007000000216 0.1469999999
0.3050000072 -0.004999999888 0.1469999999
0.3070000112 -0.004999999888 0.1469999999
0.3070000112 -0.003000000026 0.1449999958
0.3070000112 -0.001000000047 0.1449999958
0.3070000112 -0.003000000026 0.1469999999
0.3070000112 -0.001000000047 0.1469999999
0.3050000072 -0.007000000216 0.1490000039
0.3050000072 -0.004999999888 0.1490000039
0.3070000112 -0.004999999888 0.1490000039
0.3050000072 -0.007000000216 0.1509999931
0.3050000072 -0.004999999888 0.1509999931
0.3070000112 -0.003000000026 0.1490000039
0.3070000112 -0.001000000047 0.1490000039
0.3070000112 -0.003000000026 0.1509999931
0.3070000112 -0.001000000047 0.1509999931
0.3070000112 -0.001000000047 0.1529999971
0.3070000112 -0.001000000047 0.1550000012
0.3070000112 -0.001000000047 0.1570000052
0.3070000112 -0.001000000047 0.1589999944
0.2949999869 -0.003000000026 0.1609999985
0.2930000126 -0.001000000047 0.1609999985
0.2930000126 -0.003000000026 0.1630000025
0.2949999869 -0.003000000026 0.1630000025
0.2930000126 -0.001000000047 0.1630000025
0.2930000126 -0.003000000026 0.1650000066
0.2949999869 -0.003000000026 0.1650000066
0.2930000126 -0.001000000047 0.1650000066
0.2930000126 -0.003000000026 0.1669999957
0.2949999869 -0.003000000026 0.1669999957
0.2930000126 -0.001000000047 0.1669999957
0.2969999909 -0.004999999888 0.1609999985
0.2969999909 -0.004999999888 0.1630000025
0.300999999 -0.007000000216 0.1609999985
0.3030000031 -0.007000000216 0.1609999985
0.3030000031 -0.004999999888 0.1609999985
0.300999999 -0.007000000216 0.1630000025
0.3030000031 -0.007000000216 0.1630000025
0.3030000031 -0.004999999888 0.1630000025
0.2969999909 -0.004999999888 0.1650000066
0.2969999909 -0.004999999888 0.1669999957
0.300999999 -0.007000000216 0.1650000066
0.3030000031 -0.007000000216 0.1650000066
0.3030000031 -0.004999999888 0.1650000066
0.300999999 -0.007000000216 0.1669999957
0.3030000031 -0.007000000216 0.1669999957
0.3030000031 -0.004999999888 0.1669999957
0.2949999869 -0.003000000026 0.1689999998
0.2969999909 -0.004999999888 0.1689999998
0.300999999 -0.007000000216 0.1689999998
0.3030000031 -0.007000000216 0.1689999998
0.3030000031 -0.004999999888 0.1689999998
0.3070000112 -0.003000000026 0.1609999985
0.3070000112 -0.001000000047 0.1609999985
0.3070000112 -0.001000000047 0.1630000025
0.3050000072 -0.004999999888 0.1650000066
0.3050000072 -0.004999999888 0.1669999957
0.3070000112 -0.001000000047 0.1650000066
0.3070000112 -0.001000000047 0.1669999957
0.3070000112 -0.003000000026 0.1689999998
-0.1150000021 0.04899999872 0.01300000027
-0.1070000008 0.05099999905 0.01700000092
-0.09700000286 0.05299999937 0.01899999939
-0.09499999881 0.0549999997 0.01099999994
-0.06499999762 0.05900000036 0.01099999994
-0.08900000155 0.0549999997 0.02099999972
-0.08100000024 0.0549999997 0.02300000004
-0.1070000008 0.05099999905 0.04300000146
-0.09899999946 0.05299999937 0.04500000179
-0.09099999815 0.05299999937 0.04699999839
-0.08299999684 0.0549999997 0.04899999872
-0.09499999881 0.05299999937 0.06300000101
-0.07500000298 0.05700000003 0.05099999905
-0.06700000167 0.05700000003 0.05299999937
-0.05900000036 0.05900000036 0.01099999994
-0.05099999905 0.06100000069 0.02300000004
-0.05900000036 0.05900000036 0.05299999937
-0.05299999937 0.05900000036 0.0549999997
-0.04500000179 0.06100000069 0.05700000003
-0.0390000008 0.06300000101 0.05900000036
-0.03099999949 0.06300000101 0.05900000036
-0.02899999917 0.06499999762 0.01099999994
-0.01499999966 0.06899999827 0.01099999994
-0.01899999939 0.06899999827 0.03500000015
-0.01899999939 0.07100000232 0.03500000015
-0.01700000092 0.06899999827 0.03700000048
-0.01899999939 0.07100000232 0.03700000048
-0.01899999939 0.06899999827 0.0390000008
-0.01899999939 0.07100000232 0.0390000008
-0.03099999949 0.07299999893 0.03700000048
-0.02099999972 0.07299999893 0.03299999982
-0.02099999972 0.07500000298 0.03500000015
-0.01899999939 0.07299999893 0.03500000015
-0.01899999939 0.07500000298 0.03500000015
-0.02099999972 0.07500000298 0.03700000048
-0.02300000004 0.07500000298 0.0390000008
-0.01899999939 0.07299999893 0.03700000048
-0.01899999939 0.07500000298 0.03700000048
-0.01899999939 0.07299999893 0.0390000008
-0.02899999917 0.06499999762 0.04100000113
-0.02899999917 0.06499999762 0.04300000146
-0.02899999917 0.06899999827 0.04300000146
-0.02500000037 0.06899999827 0.04300000146
-0.02500000037 0.07100000232 0.04300000146
-0.02300000004 0.06700000167 0.04300000146
-0.02300000004 0.06899999827 0.04300000146
-0.02099999972 0.06899999827 0.04300000146
-0.02300000004 0.07100000232 0.04300000146
-0.01899999939 0.06899999827 0.04100000113
-0.01899999939 0.07100000232 0.04100000113
-0.02899999917 0.07299999893 0.04300000146
-0.0270000007 0.07500000298 0.04100000113
-0.02500000037 0.07299999893 0.04300000146
-0.02099999972 0.07500000298 0.04100000113
-0.02300000004 0.07299999893 0.04300000146
-0.02099999972 0.07299999893 0.04300000146
-0.02300000004 0.07500000298 0.04300000146
-0.01899999939 0.07500000298 0.04100000113
-0.02500000037 0.06499999762 0.05099999905
-0.08500000089 0.0549999997 0.06499999762
-0.08100000024 0.05299999937 0.06899999827
-0.07500000298 0.0549999997 0.06899999827
-0.06499999762 0.05700000003 0.07100000232
-0.07100000232 0.0549999997 0.07299999893
-0.06899999827 0.0549999997 0.07500000298
-0.05900000036 0.0549999997 0.07900000364
-0.06300000101 0.05700000003 0.07500000298
-0.05700000003 0.05900000036 0.07299999893
-0.04899999872 0.06100000069 0.07500000298
-0.05299999937 0.05900000036 0.07699999958
-0.04500000179 0.05900000036 0.07900000364
-0.04100000113 0.06100000069 0.07699999958
-0.03299999982 0.06300000101 0.07900000364
-0.05099999905 0.05700000003 0.08100000024
-0.04899999872 0.05700000003 0.08299999684
-0.04300000146 0.05900000036 0.08100000024
-0.04300000146 0.05700000003 0.08500000089
-0.04100000113 0.05700000003 0.0869999975
-0.03700000048 0.05900000036 0.08299999684
-0.0390000008 0.06100000069 0.08100000024
-0.03299999982 0.06100000069 0.08100000024
-0.03700000048 0.05900000036 0.08500000089
-0.03500000015 0.05700000003 0.0869999975
-0.03299999982 0.05700000003 0.09099999815
-0.03099999949 0.06100000069 0.08299999684
-0.02500000037 0.06300000101 0.08299999684
-0.03099999949 0.05900000036 0.08500000089
-0.02500000037 0.06100000069 0.08500000089
-0.02500000037 0.06100000069 0.0869999975
-0.01899999939 0.06300000101 0.08500000089
-0.01899999939 0.06100000069 0.0869999975
-0.02899999917 0.05900000036 0.08900000155
-0.0270000007 0.05700000003 0.09099999815
-0.02500000037 0.05700000003 0.09300000221
-0.02300000004 0.05900000036 0.08900000155
-0.02300000004 0.05900000036 0.09099999815
-0.01700000092 0.05900000036 0.09099999815
-0.01899999939 0.06100000069 0.08900000155
-0.02099999972 0.05700000003 0.09300000221
-0.01300000027 0.06300000101 0.0869999975
-0.01300000027 0.05900000036 0.09099999815
-0.01300000027 0.06100000069 0.08900000155
-0.01300000027 0.06300000101 0.08900000155
-0.01499999966 0.05900000036 0.09300000221
-0.01099999994 0.05900000036 0.09300000221
-0.007000000216 0.06300000101 0.08900000155
-0.007000000216 0.06100000069 0.09099999815
-0.003000000026 0.06300000101 0.09099999815
-0.007000000216 0.05900000036 0.09499999881
-0.007000000216 0.06100000069 0.09300000221
-0.003000000026 0.06100000069 0.09300000221
-0.001000000047 0.06100000069 0.09499999881
-0.01700000092 0.05700000003 0.09700000286
-0.01300000027 0.05700000003 0.09700000286
-0.008999999613 0.05900000036 0.09700000286
-0.004999999888 0.05900000036 0.09700000286
-0.007000000216 0.05700000003 0.09899999946
-0.001000000047 0.05900000036 0.09700000286
-0.003000000026 0.05700000003 0.09899999946
-0.01099999994 0.06700000167 0.07100000232
-0.02500000037 0.06499999762 0.08100000024
-0.01899999939 0.06499999762 0.08299999684
-0.01300000027 0.06499999762 0.08500000089
-0.01099999994 0.06700000167 0.08500000089
-0.004999999888 0.06700000167 0.08500000089
-0.007000000216 0.06499999762 0.0869999975
-0.004999999888 0.06700000167 0.0869999975
-0.001000000047 0.06700000167 0.0869999975
-0.001000000047 0.06899999827 0.0869999975
-0.001000000047 0.06499999762 0.08900000155
0.06300000101 0.02300000004 0.01300000027
0.06300000101 0.02099999972 0.01499999966
0.06300000101 0.02300000004 0.01499999966
0.06300000101 0.02500000037 0.01099999994
0.06300000101 0.0270000007 0.01099999994
0.06100000069 0.02899999917 0.01099999994
0.06100000069 0.03099999949 0.01099999994
0.06300000101 0.02500000037 0.01300000027
0.06100000069 0.0270000007 0.01300000027
0.06300000101 0.0270000007 0.01300000027
0.06300000101 0.02500000037 0.01499999966
0.06100000069 0.0270000007 0.01499999966
0.05900000036 0.03099999949 0.01499999966
0.06100000069 0.02899999917 0.01300000027
0.06100000069 0.03099999949 0.01300000027
0.06100000069 0.02899999917 0.01499999966
0.06100000069 0.03099999949 0.01499999966
0.06300000101 0.01499999966 0.02099999972
0.06300000101 0.01300000027 0.02300000004
0.06300000101 0.01499999966 0.02300000004
0.06300000101 0.007000000216 0.0270000007
0.06300000101 0.001000000047 0.02899999917
0.06300000101 0.003000000026 0.02899999917
0.06300000101 0.001000000047 0.03099999949
0.06300000101 0.003000000026 0.03099999949
0.06300000101 0.004999999888 0.02899999917
0.06300000101 0.007000000216 0.02899999917
0.06300000101 0.004999999888 0.03099999949
0.06300000101 0.007000000216 0.03099999949
0.06300000101 0.01099999994 0.02500000037
0.06300000101 0.008999999613 0.0270000007
0.06300000101 0.01099999994 0.0270000007
0.06300000101 0.01300000027 0.02500000037
0.06300000101 0.01499999966 0.02500000037
0.06300000101 0.01300000027 0.0270000007
0.06300000101 0.01499999966 0.0270000007
0.06300000101 0.008999999613 0.02899999917
0.06300000101 0.01099999994 0.02899999917
0.06300000101 0.008999999613 0.03099999949
0.06300000101 0.01099999994 0.03099999949
0.06300000101 0.01300000027 0.02899999917
0.06300000101 0.01499999966 0.02899999917
0.06300000101 0.01300000027 0.03099999949
0.06100000069 0.01499999966 0.03099999949
0.06300000101 0.01899999939 0.01700000092
0.06300000101 0.01700000092 0.01899999939
0.06300000101 0.01899999939 0.01899999939
0.06300000101 0.02099999972 0.01700000092
0.06300000101 0.02300000004 0.01700000092
0.06300000101 0.02099999972 0.01899999939
0.06100000069 0.02300000004 0.01899999939
0.06300000101 0.02300000004 0.01899999939
0.06300000101 0.01700000092 0.02099999972
0.06300000101 0.01899999939 0.02099999972
0.06300000101 0.01700000092 0.02300000004
0.06300000101 0.01899999939 0.02300000004
0.06300000101 0.02099999972 0.02099999972
0.06100000069 0.02300000004 0.02099999972
0.06100000069 0.02099999972 0.02300000004
0.06100000069 0.02300000004 0.02300000004
0.06100000069 0.02500000037 0.01700000092
0.06300000101 0.02500000037 0.01700000092
0.06100000069 0.0270000007 0.01700000092
0.06100000069 0.02500000037 0.01899999939
0.06100000069 0.0270000007 0.01899999939
0.05900000036 0.02899999917 0.01700000092
0.05900000036 0.03099999949 0.01700000092
0.05900000036 0.02899999917 0.01899999939
0.05900000036 0.03099999949 0.01899999939
0.06100000069 0.02899999917 0.01700000092
0.06100000069 0.02899999917 0.01899999939
0.05900000036 0.0270000007 0.02099999972
0.05900000036 0.0270000007 0.02300000004
0.06100000069 0.02500000037 0.02099999972
0.06100000069 0.0270000007 0.02099999972
0.06100000069 0.02500000037 0.02300000004
0.05900000036 0.02899999917 0.02099999972
0.05700000003 0.03099999949 0.02099999972
0.05900000036 0.03099999949 0.02099999972
0.05900000036 0.02899999917 0.02300000004
0.05700000003 0.03099999949 0.02300000004
0.06300000101 0.01700000092 0.02500000037
0.06100000069 0.01899999939 0.02500000037
0.06300000101 0.01899999939 0.02500000037
0.06100000069 0.01700000092 0.0270000007
0.06300000101 0.01700000092 0.0270000007
0.06100000069 0.01899999939 0.0270000007
0.06100000069 0.02099999972 0.02500000037
0.06100000069 0.02300000004 0.02500000037
0.06100000069 0.02099999972 0.0270000007
0.06100000069 0.02300000004 0.0270000007
0.06100000069 0.01700000092 0.02899999917
0.06100000069 0.01899999939 0.02899999917
0.06100000069 0.01700000092 0.03099999949
0.06100000069 0.01899999939 0.03099999949
0.05900000036 0.02099999972 0.02899999917
0.05900000036 0.02300000004 0.02899999917
0.05900000036 0.02099999972 0.03099999949
0.05900000036 0.02300000004 0.03099999949
0.06100000069 0.02099999972 0.02899999917
0.06100000069 0.02300000004 0.02899999917
0.06100000069 0.02099999972 0.03099999949
0.0549999997 0.03099999949 0.02899999917
0.0549999997 0.03099999949 0.03099999949
0.05900000036 0.02500000037 0.02500000037
0.05900000036 0.0270000007 0.02500000037
0.05900000036 0.02500000037 0.0270000007
0.05900000036 0.0270000007 0.0270000007
0.06100000069 0.02500000037 0.02500000037
0.05700000003 0.02899999917 0.02500000037
0.05900000036 0.02899999917 0.02500000037
0.05700000003 0.03099999949 0.02500000037
0.05700000003 0.02899999917 0.0270000007
0.05700000003 0.03099999949 0.0270000007
0.05900000036 0.02500000037 0.02899999917
0.05700000003 0.0270000007 0.02899999917
0.05900000036 0.0270000007 0.02899999917
0.05900000036 0.02500000037 0.03099999949
0.05700000003 0.0270000007 0.03099999949
0.05700000003 0.02899999917 0.02899999917
0.05700000003 0.02899999917 0.03099999949
0.05700000003 0.03099999949 0.03099999949
0.03099999949 0.06300000101 0.01499999966
0.02899999917 0.06300000101 0.01700000092
0.03099999949 0.06300000101 0.01700000092
0.02899999917 0.06300000101 0.01899999939
0.03099999949 0.06100000069 0.02099999972
0.02899999917 0.06300000101 0.02300000004
0.03099999949 0.06300000101 0.02300000004
0.03099999949 0.06100000069 0.02500000037
0.02899999917 0.06300000101 0.02500000037
0.03099999949 0.06100000069 0.0270000007
0.02899999917 0.06300000101 0.0270000007
0.03099999949 0.05900000036 0.03099999949
0.0270000007 0.06300000101 0.02899999917
0.0270000007 0.06300000101 0.03099999949
0.03099999949 0.06100000069 0.02899999917
0.02899999917 0.06100000069 0.03099999949
0.02899999917 0.06300000101 0.03099999949
0.04699999839 0.04699999839 0.01499999966
0.0549999997 0.0390000008 0.01099999994
0.0549999997 0.0390000008 0.01300000027
0.0549999997 0.03700000048 0.01499999966
0.0549999997 0.0390000008 0.01499999966
0.05900000036 0.03299999982 0.01099999994
0.05900000036 0.03500000015 0.01099999994
0.05700000003 0.03700000048 0.01099999994
0.05700000003 0.0390000008 0.01099999994
0.05900000036 0.03299999982 0.01300000027
0.05700000003 0.03500000015 0.01300000027
0.05900000036 0.03500000015 0.01300000027
0.05900000036 0.03299999982 0.01499999966
0.05700000003 0.03500000015 0.01499999966
0.05900000036 0.03500000015 0.01499999966
0.05700000003 0.03700000048 0.01300000027
0.05700000003 0.03700000048 0.01499999966
0.0549999997 0.04100000113 0.01099999994
0.05299999937 0.04300000146 0.01099999994
0.05099999905 0.04500000179 0.01099999994
0.04899999872 0.04699999839 0.01099999994
0.05099999905 0.04300000146 0.01499999966
0.05299999937 0.04100000113 0.01300000027
0.0549999997 0.04100000113 0.01300000027
0.05299999937 0.04300000146 0.01300000027
0.05299999937 0.04100000113 0.01499999966
0.0549999997 0.04100000113 0.01499999966
0.05299999937 0.04300000146 0.01499999966
0.05099999905 0.04500000179 0.01300000027
0.04899999872 0.04699999839 0.01300000027
0.04899999872 0.04500000179 0.01499999966
0.05099999905 0.04500000179 0.01499999966
0.04899999872 0.04699999839 0.01499999966
0.0390000008 0.0549999997 0.01499999966
0.04699999839 0.05099999905 0.01099999994
0.04300000146 0.05299999937 0.01099999994
0.04100000113 0.0549999997 0.01099999994
0.04500000179 0.05299999937 0.01099999994
0.04300000146 0.05099999905 0.01499999966
0.04699999839 0.04899999872 0.01300000027
0.04500000179 0.05099999905 0.01300000027
0.04699999839 0.05099999905 0.01300000027
0.04699999839 0.04899999872 0.01499999966
0.04500000179 0.05099999905 0.01499999966
0.04300000146 0.05299999937 0.01300000027
0.04100000113 0.05299999937 0.01499999966
0.04100000113 0.0549999997 0.01499999966
0.03500000015 0.05900000036 0.01099999994
0.0390000008 0.05700000003 0.01099999994
0.03700000048 0.05900000036 0.01099999994
0.03299999982 0.06100000069 0.01099999994
0.03500000015 0.06100000069 0.01099999994
0.03500000015 0.05900000036 0.01499999966
0.03700000048 0.05900000036 0.01300000027
0.03700000048 0.05700000003 0.01499999966
0.0390000008 0.05700000003 0.01499999966
0.03299999982 0.06100000069 0.01300000027
0.03299999982 0.06300000101 0.01300000027
0.04100000113 0.05700000003 0.01300000027
0.04899999872 0.04899999872 0.01300000027
0.04699999839 0.04699999839 0.01700000092
0.04699999839 0.04699999839 0.01899999939
0.04699999839 0.04500000179 0.02099999972
0.04699999839 0.04699999839 0.02099999972
0.04699999839 0.04500000179 0.02300000004
0.04500000179 0.04699999839 0.02300000004
0.04699999839 0.04300000146 0.0270000007
0.04699999839 0.04500000179 0.02500000037
0.04500000179 0.04699999839 0.02500000037
0.04500000179 0.04500000179 0.0270000007
0.04699999839 0.04500000179 0.0270000007
0.04500000179 0.04699999839 0.0270000007
0.04699999839 0.04300000146 0.02899999917
0.04699999839 0.04300000146 0.03099999949
0.04300000146 0.04699999839 0.02899999917
0.04300000146 0.04699999839 0.03099999949
0.04500000179 0.04500000179 0.02899999917
0.04699999839 0.04500000179 0.02899999917
0.04500000179 0.04699999839 0.02899999917
0.04500000179 0.04500000179 0.03099999949
0.0549999997 0.03500000015 0.01899999939
0.0549999997 0.03700000048 0.01700000092
0.05299999937 0.0390000008 0.01700000092
0.0549999997 0.0390000008 0.01700000092
0.0549999997 0.03700000048 0.01899999939
0.05299999937 0.0390000008 0.01899999939
0.0549999997 0.03500000015 0.02099999972
0.0549999997 0.03299999982 0.02300000004
0.0549999997 0.03500000015 0.02300000004
0.05299999937 0.03700000048 0.02099999972
0.0549999997 0.03700000048 0.02099999972
0.05299999937 0.0390000008 0.02099999972
0.05299999937 0.03700000048 0.02300000004
0.0549999997 0.03700000048 0.02300000004
0.05299999937 0.0390000008 0.02300000004
0.05700000003 0.03299999982 0.01700000092
0.05900000036 0.03299999982 0.01700000092
0.05700000003 0.03500000015 0.01700000092
0.05700000003 0.03299999982 0.01899999939
0.05700000003 0.03500000015 0.01899999939
0.05700000003 0.03700000048 0.01700000092
0.05700000003 0.03299999982 0.02099999972
0.05700000003 0.03500000015 0.02099999972
0.05700000003 0.03299999982 0.02300000004
0.05099999905 0.04300000146 0.01700000092
0.05099999905 0.04100000113 0.01899999939
0.04899999872 0.04300000146 0.01899999939
0.05099999905 0.04300000146 0.01899999939
0.05299999937 0.04100000113 0.01700000092
0.05299999937 0.04100000113 0.01899999939
0.04899999872 0.04500000179 0.01700000092
0.05099999905 0.04500000179 0.01700000092
0.04899999872 0.04500000179 0.01899999939
0.05099999905 0.04100000113 0.02099999972
0.04899999872 0.04300000146 0.02099999972
0.05099999905 0.04300000146 0.02099999972
0.05099999905 0.04100000113 0.02300000004
0.04899999872 0.04300000146 0.02300000004
0.04899999872 0.04500000179 0.02099999972
0.0549999997 0.03299999982 0.02500000037
0.0549999997 0.03500000015 0.02500000037
0.0549999997 0.03299999982 0.0270000007
0.0549999997 0.03500000015 0.0270000007
0.05099999905 0.0390000008 0.02500000037
0.05099999905 0.0390000008 0.0270000007
0.05299999937 0.03700000048 0.02500000037
0.05299999937 0.03700000048 0.0270000007
0.05299999937 0.0390000008 0.0270000007
0.0549999997 0.03299999982 0.02899999917
0.05299999937 0.03500000015 0.02899999917
0.05299999937 0.03299999982 0.03099999949
0.0549999997 0.03299999982 0.03099999949
0.05299999937 0.03500000015 0.03099999949
0.05099999905 0.03700000048 0.02899999917
0.05099999905 0.0390000008 0.02899999917
0.05099999905 0.03700000048 0.03099999949
0.04899999872 0.0390000008 0.03099999949
0.05099999905 0.0390000008 0.03099999949
0.05299999937 0.03700000048 0.02899999917
0.05700000003 0.03299999982 0.02500000037
0.04899999872 0.04100000113 0.02500000037
0.04899999872 0.04300000146 0.02500000037
0.04899999872 0.04100000113 0.0270000007
0.05099999905 0.04100000113 0.0270000007
0.04899999872 0.04300000146 0.0270000007
0.04899999872 0.04100000113 0.02899999917
0.04899999872 0.04300000146 0.02899999917
0.04899999872 0.04100000113 0.03099999949
0.0390000008 0.0549999997 0.01700000092
0.0390000008 0.0549999997 0.01899999939
0.0390000008 0.05299999937 0.02099999972
0.0390000008 0.0549999997 0.02099999972
0.03700000048 0.0549999997 0.02300000004
0.0390000008 0.0549999997 0.02300000004
0.04300000146 0.05099999905 0.01899999939
0.04500000179 0.04899999872 0.01700000092
0.04500000179 0.04899999872 0.01899999939
0.04699999839 0.04899999872 0.01899999939
0.04500000179 0.05099999905 0.01899999939
0.04100000113 0.05299999937 0.01700000092
0.04300000146 0.05299999937 0.01700000092
0.04100000113 0.0549999997 0.01700000092
0.04100000113 0.05299999937 0.01899999939
0.04100000113 0.05099999905 0.02099999972
0.04300000146 0.05099999905 0.02099999972
0.04300000146 0.04899999872 0.02300000004
0.04500000179 0.04899999872 0.02099999972
0.04100000113 0.05299999937 0.02099999972
0.04100000113 0.05299999937 0.02300000004
0.03500000015 0.05900000036 0.01899999939
0.03700000048 0.05700000003 0.01700000092
0.03299999982 0.06100000069 0.01700000092
0.03500000015 0.06100000069 0.01700000092
0.03299999982 0.06100000069 0.01899999939
0.03299999982 0.05900000036 0.02099999972
0.03500000015 0.05900000036 0.02099999972
0.03500000015 0.05700000003 0.02300000004
0.03299999982 0.05900000036 0.02300000004
0.03700000048 0.05700000003 0.02099999972
0.03700000048 0.05700000003 0.02300000004
0.03299999982 0.06100000069 0.02300000004
0.0390000008 0.05299999937 0.02500000037
0.03700000048 0.0549999997 0.02500000037
0.0390000008 0.0549999997 0.02500000037
0.0390000008 0.05299999937 0.0270000007
0.03700000048 0.0549999997 0.0270000007
0.0390000008 0.05099999905 0.02899999917
0.03500000015 0.0549999997 0.03099999949
0.03700000048 0.0549999997 0.02899999917
0.03700000048 0.05299999937 0.03099999949
0.0390000008 0.05299999937 0.03099999949
0.03700000048 0.0549999997 0.03099999949
0.04100000113 0.05099999905 0.02500000037
0.04300000146 0.05099999905 0.02500000037
0.04300000146 0.04899999872 0.0270000007
0.04100000113 0.05099999905 0.0270000007
0.04500000179 0.04899999872 0.02500000037
0.04100000113 0.05299999937 0.02500000037
0.04100000113 0.04899999872 0.02899999917
0.04300000146 0.04899999872 0.02899999917
0.04100000113 0.05099999905 0.02899999917
0.04100000113 0.04899999872 0.03099999949
0.04100000113 0.05099999905 0.03099999949
0.03500000015 0.05700000003 0.02500000037
0.03299999982 0.05900000036 0.0270000007
0.03500000015 0.05900000036 0.0270000007
0.03299999982 0.06100000069 0.02500000037
0.03500000015 0.05700000003 0.02899999917
0.03299999982 0.05900000036 0.02899999917
0.03299999982 0.05700000003 0.03099999949
0.03500000015 0.05700000003 0.03099999949
0.03299999982 0.05900000036 0.03099999949
0.03700000048 0.05700000003 0.02899999917
0.06300000101 0.001000000047 0.03299999982
0.06300000101 0.003000000026 0.03299999982
0.06300000101 0.001000000047 0.03500000015
0.06300000101 0.003000000026 0.03500000015
0.06300000101 0.004999999888 0.03299999982
0.06300000101 0.007000000216 0.03299999982
0.06300000101 0.004999999888 0.03500000015
0.06300000101 0.007000000216 0.03500000015
0.06300000101 0.001000000047 0.03700000048
0.06300000101 0.003000000026 0.03700000048
0.06300000101 0.001000000047 0.0390000008
0.06100000069 0.003000000026 0.0390000008
0.06300000101 0.003000000026 0.0390000008
0.06300000101 0.004999999888 0.03700000048
0.06300000101 0.007000000216 0.03700000048
0.06100000069 0.004999999888 0.0390000008
0.06300000101 0.004999999888 0.0390000008
0.06100000069 0.007000000216 0.0390000008
0.06300000101 0.008999999613 0.03299999982
0.06300000101 0.01099999994 0.03299999982
0.06100000069 0.008999999613 0.03500000015
0.06300000101 0.008999999613 0.03500000015
0.06100000069 0.01099999994 0.03500000015
0.06100000069 0.01300000027 0.03299999982
0.06100000069 0.01499999966 0.03299999982
0.06100000069 0.01300000027 0.03500000015
0.06100000069 0.01499999966 0.03500000015
0.06100000069 0.008999999613 0.03700000048
0.06100000069 0.01099999994 0.03700000048
0.06100000069 0.008999999613 0.0390000008
0.06100000069 0.01099999994 0.0390000008
0.06100000069 0.01300000027 0.03700000048
0.06100000069 0.01499999966 0.03700000048
0.06100000069 0.01300000027 0.0390000008
0.06100000069 0.01499999966 0.0390000008
0.06100000069 0.001000000047 0.04100000113
0.06100000069 0.003000000026 0.04100000113
0.06100000069 0.001000000047 0.04300000146
0.06100000069 0.003000000026 0.04300000146
0.06100000069 0.004999999888 0.04100000113
0.06100000069 0.007000000216 0.04100000113
0.06100000069 0.004999999888 0.04300000146
0.06100000069 0.007000000216 0.04300000146
0.06100000069 0.001000000047 0.04500000179
0.06100000069 0.003000000026 0.04500000179
0.06100000069 0.001000000047 0.04699999839
0.06100000069 0.003000000026 0.04699999839
0.06100000069 0.004999999888 0.04500000179
0.06100000069 0.007000000216 0.04500000179
0.06100000069 0.004999999888 0.04699999839
0.06100000069 0.007000000216 0.04699999839
0.06100000069 0.008999999613 0.04100000113
0.06100000069 0.01099999994 0.04100000113
0.06100000069 0.008999999613 0.04300000146
0.06100000069 0.01099999994 0.04300000146
0.05900000036 0.01499999966 0.04100000113
0.05900000036 0.01499999966 0.04300000146
0.06100000069 0.01300000027 0.04100000113
0.06100000069 0.01300000027 0.04300000146
0.05900000036 0.01099999994 0.04500000179
0.05900000036 0.008999999613 0.04699999839
0.05900000036 0.01099999994 0.04699999839
0.06100000069 0.008999999613 0.04500000179
0.06100000069 0.01099999994 0.04500000179
0.06100000069 0.008999999613 0.04699999839
0.05900000036 0.01300000027 0.04500000179
0.05900000036 0.01499999966 0.04500000179
0.05900000036 0.01300000027 0.04699999839
0.05900000036 0.01499999966 0.04699999839
0.06100000069 0.01300000027 0.04500000179
0.05900000036 0.01899999939 0.03299999982
0.05900000036 0.01899999939 0.03500000015
0.06100000069 0.01700000092 0.03299999982
0.06100000069 0.01899999939 0.03299999982
0.06100000069 0.01700000092 0.03500000015
0.06100000069 0.01899999939 0.03500000015
0.05900000036 0.02099999972 0.03299999982
0.05900000036 0.02300000004 0.03299999982
0.05900000036 0.02099999972 0.03500000015
0.05700000003 0.02300000004 0.03500000015
0.05900000036 0.02300000004 0.03500000015
0.05900000036 0.01700000092 0.03700000048
0.05900000036 0.01899999939 0.03700000048
0.05900000036 0.01700000092 0.0390000008
0.05900000036 0.01899999939 0.0390000008
0.05900000036 0.02099999972 0.03700000048
0.05700000003 0.02300000004 0.03700000048
0.05900000036 0.02300000004 0.03700000048
0.05900000036 0.02099999972 0.0390000008
0.05700000003 0.02300000004 0.0390000008
0.05900000036 0.02300000004 0.0390000008
0.0549999997 0.02899999917 0.03299999982
0.0549999997 0.03099999949 0.03299999982
0.0549999997 0.02899999917 0.03500000015
0.0549999997 0.03099999949 0.03500000015
0.0549999997 0.0270000007 0.03700000048
0.0549999997 0.0270000007 0.0390000008
0.0549999997 0.02899999917 0.03700000048
0.05299999937 0.03099999949 0.03700000048
0.0549999997 0.03099999949 0.03700000048
0.0549999997 0.02899999917 0.0390000008
0.05299999937 0.03099999949 0.0390000008
0.0549999997 0.03099999949 0.0390000008
0.05700000003 0.02500000037 0.03299999982
0.05900000036 0.02500000037 0.03299999982
0.05700000003 0.0270000007 0.03299999982
0.05700000003 0.02500000037 0.03500000015
0.05700000003 0.0270000007 0.03500000015
0.05700000003 0.02899999917 0.03299999982
0.05700000003 0.02899999917 0.03500000015
0.05700000003 0.02500000037 0.03700000048
0.05700000003 0.0270000007 0.03700000048
0.05700000003 0.02500000037 0.0390000008
0.0549999997 0.02300000004 0.04699999839
0.05900000036 0.01700000092 0.04100000113
0.05900000036 0.01899999939 0.04100000113
0.05900000036 0.01700000092 0.04300000146
0.05900000036 0.01899999939 0.04300000146
0.05700000003 0.02099999972 0.04100000113
0.05900000036 0.02099999972 0.04100000113
0.05700000003 0.02300000004 0.04100000113
0.05700000003 0.02099999972 0.04300000146
0.05900000036 0.02099999972 0.04300000146
0.05700000003 0.02300000004 0.04300000146
0.05900000036 0.01700000092 0.04500000179
0.05900000036 0.01899999939 0.04500000179
0.05900000036 0.01700000092 0.04699999839
0.05700000003 0.01899999939 0.04699999839
0.05900000036 0.01899999939 0.04699999839
0.05700000003 0.02099999972 0.04500000179
0.05700000003 0.02300000004 0.04500000179
0.05700000003 0.02099999972 0.04699999839
0.05700000003 0.02300000004 0.04699999839
0.0549999997 0.0270000007 0.04100000113
0.0549999997 0.02500000037 0.04300000146
0.0549999997 0.0270000007 0.04300000146
0.0549999997 0.02899999917 0.04100000113
0.05299999937 0.03099999949 0.04100000113
0.05299999937 0.02899999917 0.04300000146
0.0549999997 0.02899999917 0.04300000146
0.05299999937 0.03099999949 0.04300000146
0.0549999997 0.02500000037 0.04500000179
0.0549999997 0.0270000007 0.04500000179
0.0549999997 0.02500000037 0.04699999839
0.0549999997 0.0270000007 0.04699999839
0.05099999905 0.03099999949 0.04699999839
0.05299999937 0.02899999917 0.04500000179
0.0549999997 0.02899999917 0.04500000179
0.05299999937 0.03099999949 0.04500000179
0.05299999937 0.02899999917 0.04699999839
0.05299999937 0.03099999949 0.04699999839
0.05700000003 0.02500000037 0.04100000113
0.05700000003 0.0270000007 0.04100000113
0.05700000003 0.02500000037 0.04300000146
0.06100000069 0.001000000047 0.04899999872
0.06100000069 0.003000000026 0.04899999872
0.06100000069 0.001000000047 0.05099999905
0.06100000069 0.003000000026 0.05099999905
0.05900000036 0.007000000216 0.04899999872
0.05900000036 0.004999999888 0.05099999905
0.05900000036 0.007000000216 0.05099999905
0.06100000069 0.004999999888 0.04899999872
0.06100000069 0.007000000216 0.04899999872
0.06100000069 0.004999999888 0.05099999905
0.05900000036 0.001000000047 0.05299999937
0.05900000036 0.003000000026 0.05299999937
0.05900000036 0.001000000047 0.0549999997
0.05900000036 0.003000000026 0.0549999997
0.06100000069 0.001000000047 0.05299999937
0.05900000036 0.004999999888 0.05299999937
0.05900000036 0.007000000216 0.05299999937
0.05900000036 0.004999999888 0.0549999997
0.05900000036 0.007000000216 0.0549999997
0.05900000036 0.008999999613 0.04899999872
0.05900000036 0.01099999994 0.04899999872
0.05900000036 0.008999999613 0.05099999905
0.05900000036 0.01099999994 0.05099999905
0.05900000036 0.01300000027 0.04899999872
0.05900000036 0.01499999966 0.04899999872
0.05900000036 0.01300000027 0.05099999905
0.05900000036 0.01499999966 0.05099999905
0.05900000036 0.008999999613 0.05299999937
0.05900000036 0.01099999994 0.05299999937
0.05900000036 0.008999999613 0.0549999997
0.05900000036 0.01099999994 0.0549999997
0.05900000036 0.01300000027 0.05299999937
0.05700000003 0.01499999966 0.05299999937
0.05900000036 0.01499999966 0.05299999937
0.05900000036 0.01300000027 0.0549999997
0.05700000003 0.01499999966 0.0549999997
0.05900000036 0.01499999966 0.0549999997
0.05900000036 0.001000000047 0.05700000003
0.05900000036 0.003000000026 0.05700000003
0.05900000036 0.001000000047 0.05900000036
0.05900000036 0.003000000026 0.05900000036
0.05900000036 0.004999999888 0.05700000003
0.05900000036 0.007000000216 0.05700000003
0.05900000036 0.004999999888 0.05900000036
0.05900000036 0.007000000216 0.05900000036
0.05900000036 0.001000000047 0.06100000069
0.05900000036 0.003000000026 0.06100000069
0.05900000036 0.001000000047 0.06300000101
0.05900000036 0.003000000026 0.06300000101
0.05900000036 0.004999999888 0.06100000069
0.05900000036 0.007000000216 0.06100000069
0.05900000036 0.004999999888 0.06300000101
0.05900000036 0.007000000216 0.06300000101
0.05900000036 0.008999999613 0.05700000003
0.05900000036 0.01099999994 0.05700000003
0.05900000036 0.008999999613 0.05900000036
0.05900000036 0.01099999994 0.05900000036
0.05900000036 0.01300000027 0.05700000003
0.05700000003 0.01499999966 0.05700000003
0.05700000003 0.01300000027 0.05900000036
0.05700000003 0.01499999966 0.05900000036
0.05900000036 0.008999999613 0.06100000069
0.05700000003 0.01099999994 0.06100000069
0.05900000036 0.01099999994 0.06100000069
0.05700000003 0.008999999613 0.06300000101
0.05900000036 0.008999999613 0.06300000101
0.05700000003 0.01099999994 0.06300000101
0.05700000003 0.01300000027 0.06100000069
0.05700000003 0.01499999966 0.06100000069
0.05700000003 0.01300000027 0.06300000101
0.05700000003 0.01499999966 0.06300000101
0.0549999997 0.02300000004 0.04899999872
0.0549999997 0.02099999972 0.05099999905
0.0549999997 0.02300000004 0.05099999905
0.0549999997 0.02099999972 0.05299999937
0.0549999997 0.02300000004 0.05299999937
0.0549999997 0.02300000004 0.0549999997
0.05700000003 0.01700000092 0.04899999872
0.05900000036 0.01700000092 0.04899999872
0.05700000003 0.01899999939 0.04899999872
0.05700000003 0.01700000092 0.05099999905
0.05700000003 0.01899999939 0.05099999905
0.05700000003 0.02099999972 0.04899999872
0.05700000003 0.02300000004 0.04899999872
0.05700000003 0.02099999972 0.05099999905
0.05700000003 0.01700000092 0.05299999937
0.05700000003 0.01899999939 0.05299999937
0.05700000003 0.01700000092 0.0549999997
0.05700000003 0.01899999939 0.0549999997
0.05700000003 0.02099999972 0.05299999937
0.05700000003 0.02099999972 0.0549999997
0.0549999997 0.02500000037 0.04899999872
0.05299999937 0.0270000007 0.04899999872
0.0549999997 0.0270000007 0.04899999872
0.0549999997 0.02500000037 0.05099999905
0.05299999937 0.0270000007 0.05099999905
0.05099999905 0.03099999949 0.04899999872
0.05099999905 0.03099999949 0.05099999905
0.05299999937 0.02899999917 0.04899999872
0.05299999937 0.03099999949 0.04899999872
0.05299999937 0.02899999917 0.05099999905
0.05299999937 0.03099999949 0.05099999905
0.0549999997 0.02500000037 0.05299999937
0.05299999937 0.0270000007 0.05299999937
0.0549999997 0.02500000037 0.0549999997
0.05299999937 0.0270000007 0.0549999997
0.05099999905 0.03099999949 0.05299999937
0.05099999905 0.02899999917 0.0549999997
0.05099999905 0.03099999949 0.0549999997
0.05299999937 0.02899999917 0.05299999937
0.05299999937 0.02899999917 0.0549999997
0.0549999997 0.01899999939 0.05700000003
0.0549999997 0.02099999972 0.05700000003
0.0549999997 0.02300000004 0.05700000003
0.0549999997 0.02099999972 0.05900000036
0.0549999997 0.02300000004 0.05900000036
0.0549999997 0.01899999939 0.06100000069
0.0549999997 0.01700000092 0.06300000101
0.0549999997 0.01899999939 0.06300000101
0.0549999997 0.02099999972 0.06100000069
0.0549999997 0.02099999972 0.06300000101
0.05299999937 0.02300000004 0.06300000101
0.0549999997 0.02300000004 0.06300000101
0.05700000003 0.01700000092 0.05700000003
0.05700000003 0.01899999939 0.05700000003
0.05700000003 0.01700000092 0.05900000036
0.05700000003 0.01899999939 0.05900000036
0.05700000003 0.01700000092 0.06100000069
0.05299999937 0.02500000037 0.05700000003
0.0549999997 0.02500000037 0.05700000003
0.05299999937 0.0270000007 0.05700000003
0.05299999937 0.02500000037 0.05900000036
0.05299999937 0.0270000007 0.05900000036
0.05099999905 0.02899999917 0.05700000003
0.05099999905 0.03099999949 0.05700000003
0.05099999905 0.02899999917 0.05900000036
0.05099999905 0.03099999949 0.05900000036
0.05299999937 0.02899999917 0.05700000003
0.05099999905 0.0270000007 0.06300000101
0.05299999937 0.02500000037 0.06100000069
0.05299999937 0.0270000007 0.06100000069
0.05299999937 0.02500000037 0.06300000101
0.05299999937 0.0270000007 0.06300000101
0.05099999905 0.02899999917 0.06100000069
0.05099999905 0.03099999949 0.06100000069
0.05099999905 0.02899999917 0.06300000101
0.04899999872 0.03099999949 0.06300000101
0.05099999905 0.03099999949 0.06300000101
0.03099999949 0.05900000036 0.03500000015
0.0270000007 0.06300000101 0.03299999982
0.0270000007 0.06300000101 0.03500000015
0.02899999917 0.06100000069 0.03299999982
0.03099999949 0.06100000069 0.03299999982
0.02899999917 0.06300000101 0.03299999982
0.02899999917 0.06100000069 0.03500000015
0.03099999949 0.06100000069 0.03500000015
0.03099999949 0.05900000036 0.03700000048
0.02899999917 0.05900000036 0.0390000008
0.03099999949 0.05900000036 0.0390000008
0.0270000007 0.06300000101 0.03700000048
0.0270000007 0.06300000101 0.0390000008
0.02899999917 0.06100000069 0.03700000048
0.03099999949 0.05700000003 0.04100000113
0.03099999949 0.05700000003 0.04300000146
0.02899999917 0.05900000036 0.04300000146
0.03099999949 0.05900000036 0.04300000146
0.0270000007 0.06300000101 0.04100000113
0.0270000007 0.06100000069 0.04300000146
0.02500000037 0.06300000101 0.04300000146
0.0270000007 0.06300000101 0.04300000146
0.02899999917 0.06100000069 0.04100000113
0.03099999949 0.05700000003 0.04500000179
0.02899999917 0.05900000036 0.04500000179
0.03099999949 0.05700000003 0.04699999839
0.02899999917 0.05900000036 0.04699999839
0.0270000007 0.06100000069 0.04500000179
0.02500000037 0.06300000101 0.04500000179
0.0270000007 0.06100000069 0.04699999839
0.02500000037 0.06300000101 0.04699999839
0.02899999917 0.06100000069 0.04500000179
0.02899999917 0.06100000069 0.04699999839
0.03099999949 0.0549999997 0.05299999937
0.03099999949 0.0549999997 0.0549999997
0.03099999949 0.05700000003 0.04899999872
0.02899999917 0.05900000036 0.04899999872
0.03099999949 0.05700000003 0.05099999905
0.02899999917 0.05900000036 0.05099999905
0.0270000007 0.06100000069 0.04899999872
0.02500000037 0.06300000101 0.04899999872
0.0270000007 0.06100000069 0.05099999905
0.02500000037 0.06300000101 0.05099999905
0.02899999917 0.06100000069 0.04899999872
0.0270000007 0.05900000036 0.05299999937
0.0270000007 0.05900000036 0.0549999997
0.02899999917 0.05700000003 0.05299999937
0.03099999949 0.05700000003 0.05299999937
0.02899999917 0.05900000036 0.05299999937
0.02899999917 0.05700000003 0.0549999997
0.03099999949 0.05700000003 0.0549999997
0.02899999917 0.05900000036 0.0549999997
0.02500000037 0.06100000069 0.05299999937
0.0270000007 0.06100000069 0.05299999937
0.02500000037 0.06300000101 0.05299999937
0.02500000037 0.06100000069 0.0549999997
0.0270000007 0.06100000069 0.0549999997
0.02500000037 0.06300000101 0.0549999997
0.03099999949 0.0549999997 0.05700000003
0.03099999949 0.0549999997 0.05900000036
0.03099999949 0.0549999997 0.06100000069
0.03099999949 0.05299999937 0.06300000101
0.03099999949 0.0549999997 0.06300000101
0.02300000004 0.06300000101 0.05700000003
0.02300000004 0.06300000101 0.05900000036
0.02300000004 0.06300000101 0.06100000069
0.02300000004 0.06300000101 0.06300000101
0.0270000007 0.05900000036 0.05900000036
0.02899999917 0.05700000003 0.05700000003
0.02899999917 0.05900000036 0.05700000003
0.02899999917 0.05700000003 0.05900000036
0.02500000037 0.06100000069 0.05700000003
0.0270000007 0.06100000069 0.05700000003
0.02500000037 0.06100000069 0.05900000036
0.0270000007 0.06100000069 0.05900000036
0.0270000007 0.05900000036 0.06100000069
0.0270000007 0.05900000036 0.06300000101
0.02899999917 0.05700000003 0.06100000069
0.02899999917 0.05700000003 0.06300000101
0.02500000037 0.06100000069 0.06100000069
0.0270000007 0.06100000069 0.06100000069
0.02500000037 0.06100000069 0.06300000101
0.04699999839 0.0390000008 0.0390000008
0.04699999839 0.04100000113 0.03299999982
0.04500000179 0.04300000146 0.03299999982
0.04699999839 0.04300000146 0.03299999982
0.04699999839 0.04100000113 0.03500000015
0.04500000179 0.04300000146 0.03500000015
0.04699999839 0.04300000146 0.03500000015
0.04300000146 0.04699999839 0.03299999982
0.04300000146 0.04500000179 0.03500000015
0.04100000113 0.04699999839 0.03500000015
0.04300000146 0.04699999839 0.03500000015
0.04500000179 0.04500000179 0.03299999982
0.04500000179 0.04699999839 0.03299999982
0.04500000179 0.04500000179 0.03500000015
0.04699999839 0.04100000113 0.03700000048
0.04500000179 0.04300000146 0.03700000048
0.04699999839 0.04100000113 0.0390000008
0.04500000179 0.04300000146 0.0390000008
0.04300000146 0.04500000179 0.03700000048
0.04100000113 0.04699999839 0.03700000048
0.04300000146 0.04699999839 0.03700000048
0.04300000146 0.04500000179 0.0390000008
0.04300000146 0.04699999839 0.0390000008
0.04500000179 0.04500000179 0.0390000008
0.04699999839 0.0390000008 0.04100000113
0.04699999839 0.0390000008 0.04300000146
0.04699999839 0.03700000048 0.04500000179
0.04699999839 0.0390000008 0.04500000179
0.04699999839 0.03700000048 0.04699999839
0.04699999839 0.0390000008 0.04699999839
0.0390000008 0.04699999839 0.04699999839
0.04300000146 0.04300000146 0.04300000146
0.04699999839 0.04100000113 0.04100000113
0.04500000179 0.04300000146 0.04100000113
0.04500000179 0.04100000113 0.04300000146
0.04699999839 0.04100000113 0.04300000146
0.04500000179 0.04300000146 0.04300000146
0.04300000146 0.04500000179 0.04100000113
0.04100000113 0.04699999839 0.04100000113
0.04300000146 0.04500000179 0.04300000146
0.04100000113 0.04699999839 0.04300000146
0.04300000146 0.04300000146 0.04500000179
0.04500000179 0.04100000113 0.04500000179
0.04500000179 0.04300000146 0.04500000179
0.04500000179 0.04100000113 0.04699999839
0.04500000179 0.04300000146 0.04699999839
0.04100000113 0.04500000179 0.04500000179
0.04300000146 0.04500000179 0.04500000179
0.04100000113 0.04699999839 0.04500000179
0.04100000113 0.04500000179 0.04699999839
0.04300000146 0.04500000179 0.04699999839
0.04100000113 0.04699999839 0.04699999839
0.05099999905 0.03500000015 0.03500000015
0.05299999937 0.03299999982 0.03299999982
0.0549999997 0.03299999982 0.03299999982
0.05299999937 0.03500000015 0.03299999982
0.05299999937 0.03299999982 0.03500000015
0.05299999937 0.03500000015 0.03500000015
0.05099999905 0.03700000048 0.03299999982
0.05099999905 0.0390000008 0.03299999982
0.05099999905 0.03700000048 0.03500000015
0.04899999872 0.0390000008 0.03500000015
0.05099999905 0.03500000015 0.03700000048
0.05099999905 0.03500000015 0.0390000008
0.05299999937 0.03299999982 0.03700000048
0.05299999937 0.03299999982 0.0390000008
0.04899999872 0.03700000048 0.03700000048
0.05099999905 0.03700000048 0.03700000048
0.04899999872 0.0390000008 0.03700000048
0.04899999872 0.03700000048 0.0390000008
0.05099999905 0.03700000048 0.0390000008
0.04899999872 0.0390000008 0.0390000008
0.04899999872 0.04100000113 0.03299999982
0.04899999872 0.04100000113 0.03500000015
0.05099999905 0.03299999982 0.04100000113
0.05099999905 0.03500000015 0.04100000113
0.05099999905 0.03299999982 0.04300000146
0.04899999872 0.03500000015 0.04300000146
0.05099999905 0.03500000015 0.04300000146
0.05299999937 0.03299999982 0.04100000113
0.05299999937 0.03299999982 0.04300000146
0.04899999872 0.03700000048 0.04100000113
0.05099999905 0.03700000048 0.04100000113
0.04899999872 0.0390000008 0.04100000113
0.04899999872 0.03700000048 0.04300000146
0.05099999905 0.03299999982 0.04500000179
0.04899999872 0.03500000015 0.04500000179
0.05099999905 0.03500000015 0.04500000179
0.05099999905 0.03299999982 0.04699999839
0.04899999872 0.03500000015 0.04699999839
0.05099999905 0.03500000015 0.04699999839
0.04899999872 0.03700000048 0.04500000179
0.04899999872 0.03700000048 0.04699999839
0.0390000008 0.05099999905 0.03299999982
0.0390000008 0.05099999905 0.03500000015
0.03500000015 0.0549999997 0.03299999982
0.03500000015 0.0549999997 0.03500000015
0.03700000048 0.05299999937 0.03299999982
0.03700000048 0.05299999937 0.03500000015
0.0390000008 0.04899999872 0.03700000048
0.0390000008 0.05099999905 0.03700000048
0.0390000008 0.04899999872 0.0390000008
0.03700000048 0.05099999905 0.0390000008
0.0390000008 0.05099999905 0.0390000008
0.03500000015 0.0549999997 0.03700000048
0.03500000015 0.05299999937 0.0390000008
0.03500000015 0.0549999997 0.0390000008
0.03700000048 0.05299999937 0.03700000048
0.03700000048 0.0549999997 0.03700000048
0.03700000048 0.05299999937 0.0390000008
0.04100000113 0.04899999872 0.03299999982
0.04300000146 0.04899999872 0.03299999982
0.04100000113 0.05099999905 0.03299999982
0.04100000113 0.04899999872 0.03500000015
0.04100000113 0.04899999872 0.03700000048
0.04100000113 0.04899999872 0.0390000008
0.03299999982 0.05700000003 0.03299999982
0.03500000015 0.05700000003 0.03500000015
0.03299999982 0.05900000036 0.03500000015
0.03299999982 0.05700000003 0.03700000048
0.03299999982 0.05700000003 0.0390000008
0.0390000008 0.04899999872 0.04100000113
0.03700000048 0.05099999905 0.04100000113
0.0390000008 0.04899999872 0.04300000146
0.03700000048 0.05099999905 0.04300000146
0.03500000015 0.05299999937 0.04100000113
0.03299999982 0.0549999997 0.04100000113
0.03500000015 0.0549999997 0.04100000113
0.03500000015 0.05299999937 0.04300000146
0.03500000015 0.0549999997 0.04300000146
0.03700000048 0.05299999937 0.04100000113
0.0390000008 0.04899999872 0.04500000179
0.03700000048 0.05099999905 0.04500000179
0.03700000048 0.04899999872 0.04699999839
0.0390000008 0.04899999872 0.04699999839
0.03700000048 0.05099999905 0.04699999839
0.03500000015 0.05299999937 0.04500000179
0.03500000015 0.0549999997 0.04500000179
0.03500000015 0.05299999937 0.04699999839
0.03299999982 0.0549999997 0.04699999839
0.03700000048 0.05299999937 0.04500000179
0.03299999982 0.05700000003 0.04100000113
0.03299999982 0.05700000003 0.04300000146
0.03299999982 0.05700000003 0.04500000179
0.04699999839 0.03700000048 0.04899999872
0.04500000179 0.0390000008 0.04899999872
0.04699999839 0.0390000008 0.04899999872
0.04699999839 0.03700000048 0.05099999905
0.04500000179 0.0390000008 0.05099999905
0.04699999839 0.0390000008 0.05099999905
0.04699999839 0.03500000015 0.05299999937
0.04699999839 0.03700000048 0.05299999937
0.04699999839 0.0390000008 0.05299999937
0.04699999839 0.03700000048 0.0549999997
0.04500000179 0.0390000008 0.0549999997
0.0390000008 0.04699999839 0.04899999872
0.0390000008 0.04699999839 0.05099999905
0.0390000008 0.04699999839 0.05299999937
0.0390000008 0.04500000179 0.0549999997
0.0390000008 0.04699999839 0.0549999997
0.04300000146 0.04300000146 0.04899999872
0.04300000146 0.04100000113 0.05099999905
0.04300000146 0.04300000146 0.05099999905
0.04500000179 0.04100000113 0.04899999872
0.04500000179 0.04100000113 0.05099999905
0.04100000113 0.04500000179 0.04899999872
0.04100000113 0.04699999839 0.04899999872
0.04100000113 0.04500000179 0.05099999905
0.04100000113 0.04300000146 0.05299999937
0.04300000146 0.04300000146 0.05299999937
0.04300000146 0.04100000113 0.0549999997
0.04100000113 0.04300000146 0.0549999997
0.04300000146 0.04300000146 0.0549999997
0.04500000179 0.04100000113 0.05299999937
0.04100000113 0.04500000179 0.05299999937
0.04100000113 0.04500000179 0.0549999997
0.04699999839 0.03500000015 0.05700000003
0.04699999839 0.03500000015 0.05900000036
0.04300000146 0.0390000008 0.05900000036
0.04699999839 0.03700000048 0.05700000003
0.04500000179 0.0390000008 0.05700000003
0.04699999839 0.03700000048 0.05900000036
0.04500000179 0.0390000008 0.05900000036
0.04699999839 0.03500000015 0.06100000069
0.04699999839 0.03500000015 0.06300000101
0.04300000146 0.0390000008 0.06100000069
0.04300000146 0.0390000008 0.06300000101
0.04500000179 0.03700000048 0.06100000069
0.04500000179 0.0390000008 0.06100000069
0.04500000179 0.03700000048 0.06300000101
0.04500000179 0.0390000008 0.06300000101
0.0390000008 0.04500000179 0.05700000003
0.03700000048 0.04699999839 0.05700000003
0.0390000008 0.04699999839 0.05700000003
0.0390000008 0.04500000179 0.05900000036
0.03700000048 0.04699999839 0.05900000036
0.0390000008 0.04699999839 0.05900000036
0.0390000008 0.04500000179 0.06100000069
0.03700000048 0.04699999839 0.06100000069
0.0390000008 0.04699999839 0.06100000069
0.0390000008 0.04500000179 0.06300000101
0.03700000048 0.04699999839 0.06300000101
0.04300000146 0.04100000113 0.05700000003
0.04100000113 0.04300000146 0.05700000003
0.04300000146 0.04300000146 0.05700000003
0.04300000146 0.04100000113 0.05900000036
0.04100000113 0.04300000146 0.05900000036
0.04100000113 0.04500000179 0.05700000003
0.04100000113 0.04500000179 0.05900000036
0.04300000146 0.04100000113 0.06100000069
0.04100000113 0.04300000146 0.06100000069
0.04100000113 0.04100000113 0.06300000101
0.04300000146 0.04100000113 0.06300000101
0.04100000113 0.04300000146 0.06300000101
0.04100000113 0.04500000179 0.06100000069
0.05099999905 0.03299999982 0.04899999872
0.04899999872 0.03500000015 0.04899999872
0.04899999872 0.03299999982 0.05099999905
0.05099999905 0.03299999982 0.05099999905
0.04899999872 0.03500000015 0.05099999905
0.04899999872 0.03700000048 0.04899999872
0.04899999872 0.03700000048 0.05099999905
0.04899999872 0.03299999982 0.05299999937
0.05099999905 0.03299999982 0.05299999937
0.04899999872 0.03500000015 0.05299999937
0.04899999872 0.03299999982 0.0549999997
0.04899999872 0.03500000015 0.0549999997
0.04899999872 0.03299999982 0.05700000003
0.05099999905 0.03299999982 0.05700000003
0.04899999872 0.03500000015 0.05700000003
0.04899999872 0.03299999982 0.05900000036
0.04899999872 0.03500000015 0.05900000036
0.04899999872 0.03299999982 0.06100000069
0.04899999872 0.03299999982 0.06300000101
0.03500000015 0.05099999905 0.04899999872
0.03500000015 0.05099999905 0.05099999905
0.03700000048 0.04899999872 0.04899999872
0.0390000008 0.04899999872 0.04899999872
0.03700000048 0.05099999905 0.04899999872
0.03700000048 0.04899999872 0.05099999905
0.03500000015 0.05299999937 0.04899999872
0.03299999982 0.0549999997 0.04899999872
0.03500000015 0.05299999937 0.05099999905
0.03299999982 0.0549999997 0.05099999905
0.03500000015 0.05099999905 0.05299999937
0.03500000015 0.05099999905 0.0549999997
0.03700000048 0.04899999872 0.05299999937
0.0390000008 0.04899999872 0.05299999937
0.03700000048 0.04899999872 0.0549999997
0.03299999982 0.05299999937 0.05299999937
0.03500000015 0.05299999937 0.05299999937
0.03299999982 0.0549999997 0.05299999937
0.03299999982 0.05299999937 0.0549999997
0.03500000015 0.05299999937 0.0549999997
0.03299999982 0.0549999997 0.0549999997
0.03500000015 0.05099999905 0.05700000003
0.03500000015 0.04899999872 0.05900000036
0.03500000015 0.05099999905 0.05900000036
0.03700000048 0.04899999872 0.05700000003
0.03700000048 0.04899999872 0.05900000036
0.03299999982 0.05299999937 0.05700000003
0.03299999982 0.0549999997 0.05700000003
0.03299999982 0.05299999937 0.05900000036
0.03500000015 0.04899999872 0.06100000069
0.03299999982 0.05099999905 0.06100000069
0.03500000015 0.05099999905 0.06100000069
0.03500000015 0.04899999872 0.06300000101
0.03299999982 0.05099999905 0.06300000101
0.03500000015 0.05099999905 0.06300000101
0.03700000048 0.04899999872 0.06100000069
0.03700000048 0.04899999872 0.06300000101
0.03299999982 0.05299999937 0.06100000069
0.03299999982 0.05299999937 0.06300000101
0.06899999827 0.001000000047 0.01099999994
0.06899999827 0.003000000026 0.01099999994
0.06700000167 0.007000000216 0.01099999994
0.06899999827 0.004999999888 0.01099999994
0.06899999827 0.007000000216 0.01099999994
0.06700000167 0.001000000047 0.01300000027
0.06700000167 0.003000000026 0.01300000027
0.06700000167 0.001000000047 0.01499999966
0.06700000167 0.003000000026 0.01499999966
0.06899999827 0.001000000047 0.01300000027
0.06700000167 0.004999999888 0.01300000027
0.06700000167 0.007000000216 0.01300000027
0.06700000167 0.004999999888 0.01499999966
0.06700000167 0.007000000216 0.01499999966
0.06700000167 0.008999999613 0.01099999994
0.06700000167 0.01099999994 0.01099999994
0.06700000167 0.01300000027 0.01099999994
0.06700000167 0.01499999966 0.01099999994
0.06700000167 0.008999999613 0.01300000027
0.06700000167 0.01099999994 0.01300000027
0.06700000167 0.008999999613 0.01499999966
0.06700000167 0.01099999994 0.01499999966
0.06700000167 0.01300000027 0.01300000027
0.06499999762 0.01499999966 0.01300000027
0.06700000167 0.01499999966 0.01300000027
0.06499999762 0.01300000027 0.01499999966
0.06700000167 0.01300000027 0.01499999966
0.06499999762 0.01499999966 0.01499999966
0.06499999762 0.01700000092 0.01099999994
0.06700000167 0.01700000092 0.01099999994
0.06499999762 0.01899999939 0.01099999994
0.06499999762 0.02099999972 0.01099999994
0.06499999762 0.02300000004 0.01099999994
0.06499999762 0.01700000092 0.01300000027
0.06700000167 0.01700000092 0.01300000027
0.06499999762 0.01899999939 0.01300000027
0.06499999762 0.01700000092 0.01499999966
0.06499999762 0.01899999939 0.01499999966
0.06499999762 0.02099999972 0.01300000027
0.06499999762 0.02300000004 0.01300000027
0.06499999762 0.02099999972 0.01499999966
0.06499999762 0.02500000037 0.01099999994
0.06700000167 0.001000000047 0.01700000092
0.06700000167 0.003000000026 0.01700000092
0.06700000167 0.001000000047 0.01899999939
0.06499999762 0.003000000026 0.01899999939
0.06700000167 0.003000000026 0.01899999939
0.06700000167 0.004999999888 0.01700000092
0.06700000167 0.007000000216 0.01700000092
0.06499999762 0.004999999888 0.01899999939
0.06700000167 0.004999999888 0.01899999939
0.06499999762 0.007000000216 0.01899999939
0.06700000167 0.007000000216 0.01899999939
0.06499999762 0.001000000047 0.02099999972
0.06499999762 0.003000000026 0.02099999972
0.06499999762 0.001000000047 0.02300000004
0.06499999762 0.003000000026 0.02300000004
0.06499999762 0.004999999888 0.02099999972
0.06499999762 0.007000000216 0.02099999972
0.06499999762 0.004999999888 0.02300000004
0.06499999762 0.007000000216 0.02300000004
0.06700000167 0.008999999613 0.01700000092
0.06499999762 0.01099999994 0.01700000092
0.06700000167 0.01099999994 0.01700000092
0.06499999762 0.008999999613 0.01899999939
0.06499999762 0.01099999994 0.01899999939
0.06499999762 0.01300000027 0.01700000092
0.06499999762 0.01499999966 0.01700000092
0.06499999762 0.01300000027 0.01899999939
0.06499999762 0.01499999966 0.01899999939
0.06499999762 0.008999999613 0.02099999972
0.06499999762 0.01099999994 0.02099999972
0.06499999762 0.008999999613 0.02300000004
0.06499999762 0.01099999994 0.02300000004
0.06499999762 0.01300000027 0.02099999972
0.06499999762 0.01499999966 0.02099999972
0.06499999762 0.01300000027 0.02300000004
0.06499999762 0.001000000047 0.02500000037
0.06499999762 0.003000000026 0.02500000037
0.06499999762 0.001000000047 0.0270000007
0.06499999762 0.003000000026 0.0270000007
0.06499999762 0.004999999888 0.02500000037
0.06499999762 0.007000000216 0.02500000037
0.06499999762 0.004999999888 0.0270000007
0.06499999762 0.007000000216 0.0270000007
0.06499999762 0.001000000047 0.02899999917
0.06499999762 0.003000000026 0.02899999917
0.06499999762 0.004999999888 0.02899999917
0.06499999762 0.007000000216 0.02899999917
0.06499999762 0.008999999613 0.02500000037
0.06499999762 0.01700000092 0.01700000092
0.06499999762 0.01899999939 0.01700000092
0.06499999762 0.01700000092 0.01899999939
0.02099999972 0.07100000232 0.01099999994
0.02300000004 0.07100000232 0.01099999994
0.02300000004 0.06899999827 0.01300000027
0.02099999972 0.07100000232 0.01300000027
0.02300000004 0.07100000232 0.01300000027
0.02300000004 0.06899999827 0.01499999966
0.02099999972 0.07100000232 0.01499999966
0.02300000004 0.07100000232 0.01499999966
0.0270000007 0.06700000167 0.01099999994
0.02899999917 0.06499999762 0.01099999994
0.03099999949 0.06499999762 0.01099999994
0.0270000007 0.06700000167 0.01300000027
0.02500000037 0.06700000167 0.01499999966
0.02899999917 0.06499999762 0.01300000027
0.02899999917 0.06499999762 0.01499999966
0.02500000037 0.06899999827 0.01300000027
0.02500000037 0.06899999827 0.01499999966
0.01899999939 0.07299999893 0.01099999994
0.01899999939 0.07299999893 0.01300000027
0.01899999939 0.07500000298 0.01300000027
0.01700000092 0.07500000298 0.01499999966
0.01899999939 0.07500000298 0.01499999966
0.01499999966 0.07500000298 0.03099999949
0.02300000004 0.06899999827 0.01700000092
0.02300000004 0.06899999827 0.01899999939
0.01899999939 0.07100000232 0.02300000004
0.02300000004 0.06899999827 0.02099999972
0.02300000004 0.07100000232 0.02099999972
0.02099999972 0.07100000232 0.02300000004
0.02500000037 0.06700000167 0.01700000092
0.0270000007 0.06700000167 0.01700000092
0.0270000007 0.06499999762 0.01899999939
0.0270000007 0.06700000167 0.01899999939
0.02899999917 0.06499999762 0.01899999939
0.02500000037 0.06899999827 0.01700000092
0.0270000007 0.06499999762 0.02099999972
0.02500000037 0.06700000167 0.02099999972
0.0270000007 0.06499999762 0.02300000004
0.02899999917 0.06499999762 0.02099999972
0.02500000037 0.06899999827 0.02300000004
0.01899999939 0.07299999893 0.01700000092
0.01700000092 0.07500000298 0.01700000092
0.01899999939 0.07299999893 0.01899999939
0.01899999939 0.07299999893 0.02099999972
0.01700000092 0.07299999893 0.02300000004
0.01899999939 0.07299999893 0.02300000004
0.01899999939 0.07100000232 0.02500000037
0.02300000004 0.06899999827 0.02500000037
0.02099999972 0.07100000232 0.02500000037
0.02099999972 0.06899999827 0.0270000007
0.02300000004 0.06899999827 0.0270000007
0.02300000004 0.06700000167 0.02899999917
0.02300000004 0.06700000167 0.03099999949
0.01899999939 0.07100000232 0.03099999949
0.02099999972 0.06899999827 0.02899999917
0.02300000004 0.06899999827 0.02899999917
0.02099999972 0.07100000232 0.03099999949
0.0270000007 0.06499999762 0.02500000037
0.02500000037 0.06700000167 0.02500000037
0.02500000037 0.06700000167 0.0270000007
0.02500000037 0.06499999762 0.02899999917
0.0270000007 0.06499999762 0.02899999917
0.02500000037 0.06700000167 0.02899999917
0.02500000037 0.06499999762 0.03099999949
0.0270000007 0.06499999762 0.03099999949
0.01700000092 0.07500000298 0.02500000037
0.01700000092 0.07299999893 0.0270000007
0.01899999939 0.07299999893 0.0270000007
0.01700000092 0.07500000298 0.0270000007
0.01700000092 0.07299999893 0.02899999917
0.01700000092 0.07299999893 0.03099999949
0.01499999966 0.07500000298 0.03299999982
0.01499999966 0.07500000298 0.03500000015
0.01499999966 0.07500000298 0.03700000048
0.01499999966 0.07299999893 0.0390000008
0.01499999966 0.07500000298 0.0390000008
0.01499999966 0.07299999893 0.04100000113
0.01499999966 0.07500000298 0.04100000113
0.01499999966 0.07299999893 0.04300000146
0.01499999966 0.07500000298 0.04300000146
0.01499999966 0.07299999893 0.04500000179
0.01499999966 0.07500000298 0.04500000179
0.01499999966 0.07299999893 0.04699999839
0.01499999966 0.07500000298 0.04699999839
0.02300000004 0.06700000167 0.03299999982
0.01899999939 0.07100000232 0.03299999982
0.01700000092 0.07100000232 0.03500000015
0.01899999939 0.07100000232 0.03500000015
0.02099999972 0.06899999827 0.03299999982
0.02300000004 0.06899999827 0.03299999982
0.02099999972 0.07100000232 0.03299999982
0.02099999972 0.06899999827 0.03500000015
0.02300000004 0.06700000167 0.03700000048
0.02300000004 0.06700000167 0.0390000008
0.01700000092 0.07100000232 0.03700000048
0.01899999939 0.07100000232 0.03700000048
0.01700000092 0.07100000232 0.0390000008
0.01899999939 0.07100000232 0.0390000008
0.02099999972 0.06899999827 0.03700000048
0.02500000037 0.06499999762 0.03299999982
0.02500000037 0.06700000167 0.03500000015
0.02500000037 0.06499999762 0.03700000048
0.02500000037 0.06499999762 0.0390000008
0.01700000092 0.07299999893 0.03299999982
0.01700000092 0.07299999893 0.03500000015
0.01700000092 0.07299999893 0.03700000048
0.01700000092 0.07299999893 0.0390000008
0.02300000004 0.06499999762 0.04100000113
0.02099999972 0.06700000167 0.04100000113
0.02300000004 0.06700000167 0.04100000113
0.02300000004 0.06499999762 0.04300000146
0.02099999972 0.06700000167 0.04300000146
0.02300000004 0.06700000167 0.04300000146
0.01899999939 0.06899999827 0.04100000113
0.01700000092 0.07100000232 0.04100000113
0.01899999939 0.07100000232 0.04100000113
0.01899999939 0.06899999827 0.04300000146
0.01899999939 0.07100000232 0.04300000146
0.02099999972 0.06899999827 0.04100000113
0.02099999972 0.06899999827 0.04300000146
0.02300000004 0.06499999762 0.04500000179
0.02099999972 0.06700000167 0.04500000179
0.02300000004 0.06700000167 0.04500000179
0.02300000004 0.06499999762 0.04699999839
0.02099999972 0.06700000167 0.04699999839
0.02300000004 0.06700000167 0.04699999839
0.01899999939 0.06899999827 0.04500000179
0.01700000092 0.07100000232 0.04500000179
0.01899999939 0.06899999827 0.04699999839
0.01700000092 0.07100000232 0.04699999839
0.02500000037 0.06499999762 0.04100000113
0.02500000037 0.06499999762 0.04300000146
0.02500000037 0.06499999762 0.04500000179
0.02500000037 0.06499999762 0.04699999839
0.01700000092 0.07299999893 0.04100000113
0.01499999966 0.07100000232 0.04899999872
0.01499999966 0.07100000232 0.05299999937
0.01499999966 0.07100000232 0.0549999997
0.01499999966 0.07299999893 0.04899999872
0.01300000027 0.07500000298 0.04899999872
0.01300000027 0.07299999893 0.05099999905
0.01499999966 0.07299999893 0.05099999905
0.01300000027 0.07500000298 0.05099999905
0.01499999966 0.07299999893 0.05299999937
0.01300000027 0.07500000298 0.05299999937
0.01300000027 0.07299999893 0.0549999997
0.01499999966 0.07299999893 0.0549999997
0.01300000027 0.07500000298 0.0549999997
0.01499999966 0.07100000232 0.05700000003
0.01499999966 0.07100000232 0.05900000036
0.01499999966 0.07100000232 0.06100000069
0.01499999966 0.07100000232 0.06300000101
0.01300000027 0.07299999893 0.05700000003
0.01499999966 0.07299999893 0.05700000003
0.01300000027 0.07299999893 0.05900000036
0.01300000027 0.07299999893 0.06100000069
0.02300000004 0.06499999762 0.04899999872
0.02099999972 0.06700000167 0.04899999872
0.02300000004 0.06700000167 0.04899999872
0.02300000004 0.06499999762 0.05099999905
0.02099999972 0.06700000167 0.05099999905
0.01899999939 0.06899999827 0.04899999872
0.01700000092 0.07100000232 0.04899999872
0.01899999939 0.06899999827 0.05099999905
0.01700000092 0.07100000232 0.05099999905
0.01899999939 0.06700000167 0.0549999997
0.02300000004 0.06499999762 0.05299999937
0.02099999972 0.06700000167 0.05299999937
0.02300000004 0.06499999762 0.0549999997
0.02099999972 0.06700000167 0.0549999997
0.01700000092 0.06899999827 0.05299999937
0.01899999939 0.06899999827 0.05299999937
0.01700000092 0.07100000232 0.05299999937
0.01700000092 0.06899999827 0.0549999997
0.01899999939 0.06899999827 0.0549999997
0.01700000092 0.07100000232 0.0549999997
0.01899999939 0.06700000167 0.05700000003
0.01899999939 0.06700000167 0.05900000036
0.02099999972 0.06499999762 0.05700000003
0.02300000004 0.06499999762 0.05700000003
0.02099999972 0.06700000167 0.05700000003
0.02099999972 0.06499999762 0.05900000036
0.02300000004 0.06499999762 0.05900000036
0.02099999972 0.06700000167 0.05900000036
0.01700000092 0.06899999827 0.05700000003
0.01700000092 0.07100000232 0.05700000003
0.01700000092 0.06899999827 0.05900000036
0.01899999939 0.06700000167 0.06100000069
0.01899999939 0.06700000167 0.06300000101
0.02099999972 0.06499999762 0.06100000069
0.02099999972 0.06700000167 0.06100000069
0.02099999972 0.06499999762 0.06300000101
0.02099999972 0.06700000167 0.06300000101
0.01700000092 0.06899999827 0.06100000069
0.01700000092 0.06899999827 0.06300000101
0.01899999939 0.06899999827 0.06300000101
0.05900000036 0.001000000047 0.06700000167
0.05900000036 0.003000000026 0.06700000167
0.05900000036 0.004999999888 0.06499999762
0.05700000003 0.007000000216 0.06499999762
0.05900000036 0.007000000216 0.06499999762
0.05900000036 0.004999999888 0.06700000167
0.05700000003 0.007000000216 0.06700000167
0.05700000003 0.001000000047 0.06899999827
0.05900000036 0.001000000047 0.06899999827
0.05700000003 0.003000000026 0.06899999827
0.05900000036 0.003000000026 0.06899999827
0.05700000003 0.001000000047 0.07100000232
0.05700000003 0.003000000026 0.07100000232
0.05700000003 0.004999999888 0.06899999827
0.05700000003 0.007000000216 0.06899999827
0.05700000003 0.004999999888 0.07100000232
0.05700000003 0.007000000216 0.07100000232
0.0549999997 0.01499999966 0.06899999827
0.0549999997 0.01499999966 0.07100000232
0.05700000003 0.008999999613 0.06499999762
0.05700000003 0.01099999994 0.06499999762
0.05700000003 0.008999999613 0.06700000167
0.05700000003 0.01099999994 0.06700000167
0.05700000003 0.01300000027 0.06499999762
0.05700000003 0.01499999966 0.06499999762
0.05700000003 0.01300000027 0.06700000167
0.05700000003 0.01499999966 0.06700000167
0.05700000003 0.008999999613 0.06899999827
0.05700000003 0.01099999994 0.06899999827
0.05700000003 0.008999999613 0.07100000232
0.05700000003 0.01099999994 0.07100000232
0.05700000003 0.01300000027 0.06899999827
0.05700000003 0.01499999966 0.06899999827
0.05700000003 0.01300000027 0.07100000232
0.05700000003 0.01499999966 0.07100000232
0.05700000003 0.001000000047 0.07299999893
0.05700000003 0.003000000026 0.07299999893
0.05700000003 0.001000000047 0.07500000298
0.05700000003 0.003000000026 0.07500000298
0.05700000003 0.004999999888 0.07299999893
0.05700000003 0.007000000216 0.07299999893
0.05700000003 0.004999999888 0.07500000298
0.05700000003 0.007000000216 0.07500000298
0.05700000003 0.001000000047 0.07699999958
0.05700000003 0.003000000026 0.07699999958
0.05700000003 0.001000000047 0.07900000364
0.05700000003 0.003000000026 0.07900000364
0.05700000003 0.004999999888 0.07699999958
0.05700000003 0.007000000216 0.07699999958
0.05700000003 0.004999999888 0.07900000364
0.05700000003 0.007000000216 0.07900000364
0.0549999997 0.01499999966 0.07299999893
0.0549999997 0.01300000027 0.07500000298
0.0549999997 0.01499999966 0.07500000298
0.0549999997 0.01099999994 0.07900000364
0.0549999997 0.01300000027 0.07699999958
0.0549999997 0.01499999966 0.07699999958
0.0549999997 0.01300000027 0.07900000364
0.0549999997 0.01499999966 0.07900000364
0.05700000003 0.008999999613 0.07299999893
0.05700000003 0.01099999994 0.07299999893
0.05700000003 0.008999999613 0.07500000298
0.05700000003 0.01099999994 0.07500000298
0.05700000003 0.01300000027 0.07299999893
0.05700000003 0.01300000027 0.07500000298
0.05700000003 0.008999999613 0.07699999958
0.05700000003 0.01099999994 0.07699999958
0.05700000003 0.008999999613 0.07900000364
0.05700000003 0.01099999994 0.07900000364
0.04699999839 0.03099999949 0.07500000298
0.04699999839 0.03099999949 0.07900000364
0.0549999997 0.01700000092 0.06499999762
0.0549999997 0.01899999939 0.06499999762
0.0549999997 0.01700000092 0.06700000167
0.0549999997 0.01899999939 0.06700000167
0.0549999997 0.02099999972 0.06499999762
0.05299999937 0.02300000004 0.06499999762
0.0549999997 0.02099999972 0.06700000167
0.05299999937 0.02300000004 0.06700000167
0.0549999997 0.01700000092 0.06899999827
0.0549999997 0.01899999939 0.06899999827
0.0549999997 0.01700000092 0.07100000232
0.0549999997 0.01899999939 0.07100000232
0.05299999937 0.02099999972 0.06899999827
0.0549999997 0.02099999972 0.06899999827
0.05299999937 0.02300000004 0.06899999827
0.05299999937 0.02099999972 0.07100000232
0.05299999937 0.02300000004 0.07100000232
0.05700000003 0.01700000092 0.06499999762
0.05099999905 0.0270000007 0.06499999762
0.05099999905 0.0270000007 0.06700000167
0.05299999937 0.02500000037 0.06499999762
0.05299999937 0.0270000007 0.06499999762
0.05299999937 0.02500000037 0.06700000167
0.05099999905 0.02899999917 0.06499999762
0.04899999872 0.03099999949 0.06499999762
0.05099999905 0.03099999949 0.06499999762
0.05099999905 0.02899999917 0.06700000167
0.04899999872 0.03099999949 0.06700000167
0.05099999905 0.0270000007 0.06899999827
0.05099999905 0.0270000007 0.07100000232
0.05299999937 0.02500000037 0.06899999827
0.05299999937 0.02500000037 0.07100000232
0.04899999872 0.02899999917 0.06899999827
0.05099999905 0.02899999917 0.06899999827
0.04899999872 0.03099999949 0.06899999827
0.04899999872 0.02899999917 0.07100000232
0.05099999905 0.02899999917 0.07100000232
0.04899999872 0.03099999949 0.07100000232
0.0549999997 0.01700000092 0.07299999893
0.0549999997 0.01899999939 0.07299999893
0.0549999997 0.01700000092 0.07500000298
0.0549999997 0.01899999939 0.07500000298
0.05299999937 0.02099999972 0.07299999893
0.05299999937 0.02300000004 0.07299999893
0.05299999937 0.02099999972 0.07500000298
0.05299999937 0.02300000004 0.07500000298
0.0549999997 0.01700000092 0.07699999958
0.0549999997 0.01899999939 0.07699999958
0.0549999997 0.01700000092 0.07900000364
0.05299999937 0.01899999939 0.07900000364
0.0549999997 0.01899999939 0.07900000364
0.05299999937 0.02099999972 0.07699999958
0.05299999937 0.02300000004 0.07699999958
0.05299999937 0.02099999972 0.07900000364
0.05299999937 0.02300000004 0.07900000364
0.05099999905 0.02500000037 0.07299999893
0.05099999905 0.0270000007 0.07299999893
0.05099999905 0.02500000037 0.07500000298
0.05099999905 0.0270000007 0.07500000298
0.05299999937 0.02500000037 0.07299999893
0.05299999937 0.02500000037 0.07500000298
0.04899999872 0.02899999917 0.07299999893
0.05099999905 0.02899999917 0.07299999893
0.04899999872 0.03099999949 0.07299999893
0.04899999872 0.02899999917 0.07500000298
0.05099999905 0.02899999917 0.07500000298
0.04899999872 0.03099999949 0.07500000298
0.05099999905 0.02500000037 0.07699999958
0.05099999905 0.0270000007 0.07699999958
0.05099999905 0.02500000037 0.07900000364
0.05099999905 0.0270000007 0.07900000364
0.05299999937 0.02500000037 0.07699999958
0.04899999872 0.02899999917 0.07699999958
0.04899999872 0.03099999949 0.07699999958
0.04899999872 0.02899999917 0.07900000364
0.04899999872 0.03099999949 0.07900000364
0.05700000003 0.001000000047 0.08100000024
0.05700000003 0.003000000026 0.08100000024
0.05700000003 0.003000000026 0.08299999684
0.05700000003 0.004999999888 0.08100000024
0.05700000003 0.007000000216 0.08100000024
0.05700000003 0.004999999888 0.08299999684
0.05700000003 0.007000000216 0.08299999684
0.05900000036 0.003000000026 0.0869999975
0.05900000036 0.004999999888 0.0869999975
0.05900000036 0.007000000216 0.0869999975
0.0549999997 0.01099999994 0.08100000024
0.0549999997 0.01099999994 0.08299999684
0.0549999997 0.01300000027 0.08100000024
0.0549999997 0.01499999966 0.08100000024
0.0549999997 0.01300000027 0.08299999684
0.0549999997 0.01499999966 0.08299999684
0.0549999997 0.01099999994 0.08500000089
0.0549999997 0.01300000027 0.08500000089
0.05700000003 0.008999999613 0.08100000024
0.05700000003 0.01099999994 0.08100000024
0.05700000003 0.008999999613 0.08299999684
0.05700000003 0.008999999613 0.08500000089
0.05900000036 0.008999999613 0.0869999975
0.05700000003 0.01099999994 0.0869999975
0.05700000003 0.01300000027 0.08500000089
0.05700000003 0.01300000027 0.0869999975
0.05900000036 0.001000000047 0.08900000155
0.05900000036 0.003000000026 0.08900000155
0.05900000036 0.004999999888 0.08900000155
0.05900000036 0.007000000216 0.08900000155
0.05900000036 0.007000000216 0.09099999815
0.05900000036 0.003000000026 0.09499999881
0.06100000069 0.001000000047 0.09300000221
0.06100000069 0.003000000026 0.09300000221
0.06100000069 0.003000000026 0.09499999881
0.06100000069 0.004999999888 0.09300000221
0.06100000069 0.007000000216 0.09300000221
0.06100000069 0.004999999888 0.09499999881
0.05900000036 0.008999999613 0.08900000155
0.05700000003 0.01099999994 0.08900000155
0.05900000036 0.01099999994 0.08900000155
0.05900000036 0.008999999613 0.09099999815
0.05700000003 0.01300000027 0.08900000155
0.05700000003 0.01499999966 0.08900000155
0.05700000003 0.01300000027 0.09099999815
0.05700000003 0.01499999966 0.09099999815
0.05900000036 0.008999999613 0.09300000221
0.05900000036 0.01099999994 0.09300000221
0.05900000036 0.008999999613 0.09499999881
0.05900000036 0.01099999994 0.09499999881
0.05700000003 0.01300000027 0.09300000221
0.05700000003 0.01499999966 0.09300000221
0.05700000003 0.01300000027 0.09499999881
0.05700000003 0.01499999966 0.09499999881
0.04699999839 0.03099999949 0.08100000024
0.04699999839 0.03099999949 0.08299999684
0.04699999839 0.03099999949 0.08500000089
0.04699999839 0.03099999949 0.0869999975
0.04699999839 0.03099999949 0.08900000155
0.04699999839 0.03099999949 0.09099999815
0.04699999839 0.02899999917 0.09300000221
0.04699999839 0.03099999949 0.09300000221
0.04699999839 0.02899999917 0.09499999881
0.04699999839 0.03099999949 0.09499999881
0.0549999997 0.01700000092 0.08100000024
0.05299999937 0.01899999939 0.08100000024
0.0549999997 0.01700000092 0.08299999684
0.05299999937 0.01899999939 0.08299999684
0.05099999905 0.02300000004 0.08299999684
0.05299999937 0.02099999972 0.08100000024
0.05299999937 0.02300000004 0.08100000024
0.05299999937 0.02099999972 0.08299999684
0.05299999937 0.02300000004 0.08299999684
0.05299999937 0.01899999939 0.08500000089
0.0549999997 0.01899999939 0.0869999975
0.05099999905 0.02300000004 0.08500000089
0.05099999905 0.02300000004 0.0869999975
0.05299999937 0.02099999972 0.08500000089
0.05700000003 0.01700000092 0.0869999975
0.05700000003 0.01899999939 0.0869999975
0.05099999905 0.02500000037 0.08100000024
0.04899999872 0.0270000007 0.08100000024
0.05099999905 0.0270000007 0.08100000024
0.05099999905 0.02500000037 0.08299999684
0.04899999872 0.0270000007 0.08299999684
0.05099999905 0.0270000007 0.08299999684
0.04899999872 0.02899999917 0.08100000024
0.04899999872 0.03099999949 0.08100000024
0.04899999872 0.02899999917 0.08299999684
0.05099999905 0.02500000037 0.08500000089
0.04899999872 0.0270000007 0.08500000089
0.05099999905 0.02500000037 0.0869999975
0.04899999872 0.0270000007 0.0869999975
0.05099999905 0.0270000007 0.0869999975
0.04899999872 0.02899999917 0.08500000089
0.04899999872 0.02899999917 0.0869999975
0.0549999997 0.01899999939 0.09099999815
0.05099999905 0.02300000004 0.08900000155
0.05099999905 0.02300000004 0.09099999815
0.0549999997 0.02099999972 0.08900000155
0.05299999937 0.02300000004 0.08900000155
0.0549999997 0.02099999972 0.09099999815
0.05299999937 0.02300000004 0.09099999815
0.0549999997 0.01899999939 0.09300000221
0.0549999997 0.02099999972 0.09300000221
0.05299999937 0.02300000004 0.09300000221
0.0549999997 0.02300000004 0.09300000221
0.0549999997 0.02099999972 0.09499999881
0.0549999997 0.02300000004 0.09499999881
0.05700000003 0.01700000092 0.08900000155
0.05700000003 0.01899999939 0.08900000155
0.05700000003 0.01700000092 0.09099999815
0.05700000003 0.01899999939 0.09099999815
0.05700000003 0.01700000092 0.09300000221
0.05700000003 0.01700000092 0.09499999881
0.05700000003 0.01899999939 0.09499999881
0.05099999905 0.02500000037 0.08900000155
0.04899999872 0.0270000007 0.08900000155
0.05099999905 0.0270000007 0.08900000155
0.05099999905 0.02500000037 0.09099999815
0.04899999872 0.0270000007 0.09099999815
0.04899999872 0.02899999917 0.08900000155
0.04899999872 0.02899999917 0.09099999815
0.04899999872 0.0270000007 0.09300000221
0.04899999872 0.02500000037 0.09499999881
0.05099999905 0.02500000037 0.09499999881
0.04899999872 0.0270000007 0.09499999881
0.04899999872 0.02899999917 0.09300000221
0.03099999949 0.05299999937 0.06499999762
0.02899999917 0.0549999997 0.06499999762
0.03099999949 0.0549999997 0.06499999762
0.03099999949 0.05299999937 0.06700000167
0.02899999917 0.0549999997 0.06700000167
0.03099999949 0.0549999997 0.06700000167
0.03099999949 0.05299999937 0.06899999827
0.02899999917 0.0549999997 0.06899999827
0.03099999949 0.0549999997 0.06899999827
0.03099999949 0.05299999937 0.07100000232
0.02899999917 0.0549999997 0.07100000232
0.02300000004 0.06300000101 0.06499999762
0.02300000004 0.06100000069 0.06700000167
0.02099999972 0.06300000101 0.06700000167
0.02300000004 0.06300000101 0.06700000167
0.02300000004 0.06100000069 0.06899999827
0.02099999972 0.06300000101 0.06899999827
0.02300000004 0.06100000069 0.07100000232
0.02099999972 0.06300000101 0.07100000232
0.02300000004 0.06300000101 0.07100000232
0.0270000007 0.05700000003 0.06499999762
0.02500000037 0.05900000036 0.06499999762
0.0270000007 0.05900000036 0.06499999762
0.0270000007 0.05700000003 0.06700000167
0.02500000037 0.05900000036 0.06700000167
0.0270000007 0.05900000036 0.06700000167
0.02899999917 0.05700000003 0.06499999762
0.02500000037 0.06100000069 0.06499999762
0.02500000037 0.06100000069 0.06700000167
0.0270000007 0.05700000003 0.06899999827
0.02500000037 0.05900000036 0.06899999827
0.0270000007 0.05900000036 0.06899999827
0.0270000007 0.05700000003 0.07100000232
0.02500000037 0.05900000036 0.07100000232
0.02500000037 0.06100000069 0.06899999827
0.02500000037 0.06100000069 0.07100000232
0.03099999949 0.05099999905 0.07299999893
0.03099999949 0.05099999905 0.07500000298
0.0270000007 0.0549999997 0.07500000298
0.03099999949 0.05299999937 0.07299999893
0.02899999917 0.0549999997 0.07299999893
0.02899999917 0.05299999937 0.07500000298
0.02899999917 0.0549999997 0.07500000298
0.03099999949 0.05099999905 0.07699999958
0.03099999949 0.05099999905 0.07900000364
0.0270000007 0.0549999997 0.07699999958
0.0270000007 0.0549999997 0.07900000364
0.02899999917 0.05299999937 0.07699999958
0.03099999949 0.05299999937 0.07699999958
0.02899999917 0.0549999997 0.07699999958
0.02899999917 0.05299999937 0.07900000364
0.03099999949 0.05299999937 0.07900000364
0.02300000004 0.06100000069 0.07299999893
0.02099999972 0.06300000101 0.07299999893
0.02300000004 0.06100000069 0.07500000298
0.02099999972 0.06300000101 0.07500000298
0.02300000004 0.05900000036 0.07699999958
0.02300000004 0.05900000036 0.07900000364
0.01899999939 0.06300000101 0.07699999958
0.02099999972 0.06100000069 0.07699999958
0.02300000004 0.06100000069 0.07699999958
0.02099999972 0.06300000101 0.07699999958
0.02099999972 0.06100000069 0.07900000364
0.02300000004 0.06100000069 0.07900000364
0.02099999972 0.06300000101 0.07900000364
0.0270000007 0.05700000003 0.07299999893
0.02500000037 0.05900000036 0.07299999893
0.02500000037 0.05700000003 0.07500000298
0.02500000037 0.05900000036 0.07500000298
0.02500000037 0.06100000069 0.07299999893
0.02500000037 0.05700000003 0.07699999958
0.0270000007 0.05700000003 0.07699999958
0.02500000037 0.05900000036 0.07699999958
0.02500000037 0.05700000003 0.07900000364
0.0270000007 0.05700000003 0.07900000364
0.02500000037 0.05900000036 0.07900000364
0.03099999949 0.04699999839 0.09099999815
0.03099999949 0.04699999839 0.09300000221
0.03099999949 0.04699999839 0.09499999881
0.01499999966 0.06300000101 0.08500000089
0.01300000027 0.06300000101 0.0869999975
0.01499999966 0.06300000101 0.0869999975
0.001000000047 0.06300000101 0.09099999815
0.004999999888 0.06300000101 0.09099999815
0.001000000047 0.06100000069 0.09300000221
0.001000000047 0.06300000101 0.09300000221
0.003000000026 0.06100000069 0.09499999881
0.004999999888 0.06100000069 0.09300000221
0.004999999888 0.06100000069 0.09499999881
0.01099999994 0.06300000101 0.08900000155
0.008999999613 0.06300000101 0.09099999815
0.01099999994 0.06300000101 0.09099999815
0.01499999966 0.06100000069 0.08900000155
0.01300000027 0.06300000101 0.08900000155
0.01300000027 0.06100000069 0.09099999815
0.01099999994 0.05900000036 0.09300000221
0.008999999613 0.05900000036 0.09499999881
0.01099999994 0.05900000036 0.09499999881
0.01499999966 0.05900000036 0.09300000221
0.01300000027 0.05700000003 0.09499999881
0.01499999966 0.05700000003 0.09499999881
0.01300000027 0.05900000036 0.09499999881
0.01499999966 0.05900000036 0.09499999881
0.008999999613 0.06100000069 0.09300000221
0.01099999994 0.06100000069 0.09300000221
0.01300000027 0.06100000069 0.09300000221
0.02899999917 0.05099999905 0.08100000024
0.03099999949 0.05099999905 0.08100000024
0.02899999917 0.05099999905 0.08299999684
0.03099999949 0.05099999905 0.08299999684
0.0270000007 0.0549999997 0.08100000024
0.0270000007 0.0549999997 0.08299999684
0.02899999917 0.05299999937 0.08100000024
0.02899999917 0.0549999997 0.08100000024
0.02899999917 0.05299999937 0.08299999684
0.03099999949 0.04899999872 0.08500000089
0.02899999917 0.05099999905 0.08500000089
0.03099999949 0.05099999905 0.08500000089
0.03099999949 0.04899999872 0.0869999975
0.02899999917 0.05099999905 0.0869999975
0.03099999949 0.05099999905 0.0869999975
0.0270000007 0.05299999937 0.08500000089
0.02500000037 0.0549999997 0.08500000089
0.0270000007 0.05299999937 0.0869999975
0.02500000037 0.0549999997 0.0869999975
0.02899999917 0.05299999937 0.08500000089
0.02300000004 0.05900000036 0.08100000024
0.02300000004 0.05700000003 0.08299999684
0.02300000004 0.05900000036 0.08299999684
0.01899999939 0.06300000101 0.08100000024
0.01899999939 0.06100000069 0.08299999684
0.01700000092 0.06300000101 0.08299999684
0.01899999939 0.06300000101 0.08299999684
0.02099999972 0.06100000069 0.08100000024
0.02099999972 0.06300000101 0.08100000024
0.02099999972 0.06100000069 0.08299999684
0.02300000004 0.05700000003 0.08500000089
0.02099999972 0.05900000036 0.08500000089
0.02300000004 0.05900000036 0.08500000089
0.02099999972 0.05700000003 0.0869999975
0.02300000004 0.05700000003 0.0869999975
0.02099999972 0.05900000036 0.0869999975
0.01899999939 0.06100000069 0.08500000089
0.01700000092 0.06300000101 0.08500000089
0.01700000092 0.06100000069 0.0869999975
0.01899999939 0.06100000069 0.0869999975
0.02099999972 0.06100000069 0.08500000089
0.02500000037 0.05700000003 0.08100000024
0.0270000007 0.05700000003 0.08100000024
0.02500000037 0.05700000003 0.08299999684
0.02500000037 0.05700000003 0.08500000089
0.02300000004 0.0549999997 0.08900000155
0.02300000004 0.0549999997 0.09099999815
0.01899999939 0.0549999997 0.09499999881
0.02099999972 0.0549999997 0.09300000221
0.02300000004 0.0549999997 0.09300000221
0.02300000004 0.05299999937 0.09499999881
0.02099999972 0.0549999997 0.09499999881
0.0270000007 0.05099999905 0.08900000155
0.0270000007 0.05099999905 0.09099999815
0.03099999949 0.04899999872 0.08900000155
0.02899999917 0.05099999905 0.08900000155
0.02899999917 0.04899999872 0.09099999815
0.03099999949 0.04899999872 0.09099999815
0.02899999917 0.05099999905 0.09099999815
0.0270000007 0.05299999937 0.08900000155
0.02500000037 0.0549999997 0.08900000155
0.02500000037 0.05299999937 0.09099999815
0.0270000007 0.05299999937 0.09099999815
0.02500000037 0.0549999997 0.09099999815
0.0270000007 0.05099999905 0.09300000221
0.02500000037 0.05099999905 0.09499999881
0.0270000007 0.05099999905 0.09499999881
0.02899999917 0.04899999872 0.09300000221
0.03099999949 0.04899999872 0.09300000221
0.02899999917 0.04899999872 0.09499999881
0.02500000037 0.05299999937 0.09300000221
0.02500000037 0.05299999937 0.09499999881
0.01899999939 0.05900000036 0.08900000155
0.01899999939 0.05700000003 0.09099999815
0.01700000092 0.05900000036 0.09099999815
0.02099999972 0.05700000003 0.08900000155
0.02300000004 0.05700000003 0.08900000155
0.02099999972 0.05700000003 0.09099999815
0.01700000092 0.06100000069 0.08900000155
0.01899999939 0.05700000003 0.09300000221
0.01700000092 0.05700000003 0.09499999881
0.01899999939 0.05700000003 0.09499999881
0.04699999839 0.03299999982 0.06499999762
0.04699999839 0.03500000015 0.06499999762
0.04699999839 0.03299999982 0.06700000167
0.04699999839 0.03500000015 0.06700000167
0.04300000146 0.0390000008 0.06499999762
0.04300000146 0.0390000008 0.06700000167
0.04500000179 0.03700000048 0.06499999762
0.04500000179 0.0390000008 0.06499999762
0.04500000179 0.03700000048 0.06700000167
0.04699999839 0.03700000048 0.06700000167
0.04699999839 0.03299999982 0.06899999827
0.04500000179 0.03500000015 0.06899999827
0.04699999839 0.03500000015 0.06899999827
0.04699999839 0.03299999982 0.07100000232
0.04500000179 0.03500000015 0.07100000232
0.04699999839 0.03500000015 0.07100000232
0.04300000146 0.0390000008 0.06899999827
0.04300000146 0.0390000008 0.07100000232
0.04500000179 0.03700000048 0.06899999827
0.04500000179 0.03700000048 0.07100000232
0.0390000008 0.04300000146 0.06700000167
0.0390000008 0.04500000179 0.06499999762
0.03700000048 0.04699999839 0.06499999762
0.0390000008 0.04500000179 0.06700000167
0.03700000048 0.04699999839 0.06700000167
0.0390000008 0.04300000146 0.06899999827
0.0390000008 0.04300000146 0.07100000232
0.03500000015 0.04699999839 0.07100000232
0.03700000048 0.04500000179 0.06899999827
0.0390000008 0.04500000179 0.06899999827
0.03700000048 0.04699999839 0.06899999827
0.03700000048 0.04500000179 0.07100000232
0.0390000008 0.04500000179 0.07100000232
0.03700000048 0.04699999839 0.07100000232
0.04100000113 0.04100000113 0.06499999762
0.04300000146 0.04100000113 0.06499999762
0.04100000113 0.04300000146 0.06499999762
0.04100000113 0.04100000113 0.06700000167
0.04300000146 0.04100000113 0.06700000167
0.04100000113 0.04300000146 0.06700000167
0.04100000113 0.04100000113 0.06899999827
0.04300000146 0.04100000113 0.06899999827
0.04100000113 0.04100000113 0.07100000232
0.04300000146 0.04100000113 0.07100000232
0.04699999839 0.03299999982 0.07299999893
0.04500000179 0.03500000015 0.07299999893
0.04699999839 0.03500000015 0.07299999893
0.04699999839 0.03299999982 0.07500000298
0.04500000179 0.03500000015 0.07500000298
0.04300000146 0.03700000048 0.07299999893
0.04300000146 0.0390000008 0.07299999893
0.04300000146 0.03700000048 0.07500000298
0.04100000113 0.0390000008 0.07500000298
0.04300000146 0.0390000008 0.07500000298
0.04500000179 0.03700000048 0.07299999893
0.04500000179 0.03700000048 0.07500000298
0.04699999839 0.03299999982 0.07699999958
0.04500000179 0.03500000015 0.07699999958
0.04699999839 0.03299999982 0.07900000364
0.04500000179 0.03500000015 0.07900000364
0.04300000146 0.03700000048 0.07699999958
0.04100000113 0.0390000008 0.07699999958
0.04300000146 0.03700000048 0.07900000364
0.04100000113 0.0390000008 0.07900000364
0.04300000146 0.0390000008 0.07900000364
0.04500000179 0.03700000048 0.07699999958
0.0390000008 0.04300000146 0.07299999893
0.0390000008 0.04300000146 0.07500000298
0.03500000015 0.04699999839 0.07299999893
0.03500000015 0.04699999839 0.07500000298
0.03700000048 0.04500000179 0.07299999893
0.0390000008 0.04500000179 0.07299999893
0.03700000048 0.04699999839 0.07299999893
0.03700000048 0.04500000179 0.07500000298
0.03700000048 0.04699999839 0.07500000298
0.0390000008 0.04300000146 0.07699999958
0.0390000008 0.04100000113 0.07900000364
0.0390000008 0.04300000146 0.07900000364
0.03500000015 0.04699999839 0.07699999958
0.03500000015 0.04500000179 0.07900000364
0.03500000015 0.04699999839 0.07900000364
0.03700000048 0.04500000179 0.07699999958
0.03700000048 0.04500000179 0.07900000364
0.04100000113 0.04100000113 0.07299999893
0.04100000113 0.04100000113 0.07500000298
0.04100000113 0.04100000113 0.07699999958
0.04100000113 0.04100000113 0.07900000364
0.04899999872 0.03299999982 0.06499999762
0.04899999872 0.03299999982 0.06899999827
0.04899999872 0.03299999982 0.07100000232
0.03500000015 0.04899999872 0.06499999762
0.03299999982 0.05099999905 0.06499999762
0.03500000015 0.05099999905 0.06499999762
0.03500000015 0.04899999872 0.06700000167
0.03299999982 0.05099999905 0.06700000167
0.03500000015 0.05099999905 0.06700000167
0.03299999982 0.05299999937 0.06499999762
0.03500000015 0.04899999872 0.06899999827
0.03299999982 0.05099999905 0.06899999827
0.03500000015 0.05099999905 0.06899999827
0.03299999982 0.04899999872 0.07100000232
0.03500000015 0.04899999872 0.07100000232
0.03299999982 0.05099999905 0.07100000232
0.03500000015 0.04899999872 0.07299999893
0.03299999982 0.05099999905 0.07299999893
0.03299999982 0.04899999872 0.07500000298
0.03299999982 0.05099999905 0.07500000298
0.03299999982 0.04899999872 0.07699999958
0.03299999982 0.04899999872 0.07900000364
0.03299999982 0.05099999905 0.07900000364
0.04699999839 0.03299999982 0.08100000024
0.04500000179 0.03500000015 0.08100000024
0.04500000179 0.03299999982 0.08299999684
0.04500000179 0.03500000015 0.08299999684
0.04300000146 0.03700000048 0.08100000024
0.04100000113 0.0390000008 0.08100000024
0.04300000146 0.0390000008 0.08100000024
0.04300000146 0.03700000048 0.08299999684
0.04100000113 0.0390000008 0.08299999684
0.04300000146 0.03500000015 0.0869999975
0.04500000179 0.03299999982 0.08500000089
0.04699999839 0.03299999982 0.08500000089
0.04500000179 0.03500000015 0.08500000089
0.04500000179 0.03299999982 0.0869999975
0.04500000179 0.03500000015 0.0869999975
0.04300000146 0.03700000048 0.08500000089
0.04100000113 0.0390000008 0.08500000089
0.04300000146 0.03700000048 0.0869999975
0.04100000113 0.0390000008 0.0869999975
0.0390000008 0.04100000113 0.08100000024
0.03700000048 0.04300000146 0.08100000024
0.0390000008 0.04300000146 0.08100000024
0.0390000008 0.04100000113 0.08299999684
0.03700000048 0.04300000146 0.08299999684
0.0390000008 0.04300000146 0.08299999684
0.03500000015 0.04500000179 0.08100000024
0.03299999982 0.04699999839 0.08100000024
0.03500000015 0.04699999839 0.08100000024
0.03500000015 0.04500000179 0.08299999684
0.03299999982 0.04699999839 0.08299999684
0.03500000015 0.04699999839 0.08299999684
0.03700000048 0.04500000179 0.08100000024
0.0390000008 0.04100000113 0.08500000089
0.03700000048 0.04300000146 0.08500000089
0.0390000008 0.04100000113 0.0869999975
0.03700000048 0.04300000146 0.0869999975
0.0390000008 0.04300000146 0.0869999975
0.03500000015 0.04500000179 0.08500000089
0.03299999982 0.04699999839 0.08500000089
0.03500000015 0.04699999839 0.08500000089
0.03500000015 0.04500000179 0.0869999975
0.03299999982 0.04699999839 0.0869999975
0.03700000048 0.04500000179 0.0869999975
0.04100000113 0.04100000113 0.08100000024
0.04100000113 0.04100000113 0.08500000089
0.0390000008 0.0390000008 0.08900000155
0.0390000008 0.0390000008 0.09300000221
0.04300000146 0.03500000015 0.08900000155
0.04300000146 0.03500000015 0.09099999815
0.04500000179 0.03299999982 0.08900000155
0.04699999839 0.03299999982 0.08900000155
0.04500000179 0.03500000015 0.08900000155
0.04500000179 0.03299999982 0.09099999815
0.04699999839 0.03299999982 0.09099999815
0.04500000179 0.03500000015 0.09099999815
0.04100000113 0.03700000048 0.08900000155
0.04300000146 0.03700000048 0.08900000155
0.04100000113 0.0390000008 0.08900000155
0.04100000113 0.03700000048 0.09099999815
0.04300000146 0.03700000048 0.09099999815
0.04100000113 0.0390000008 0.09099999815
0.04300000146 0.03500000015 0.09300000221
0.04300000146 0.03500000015 0.09499999881
0.04500000179 0.03299999982 0.09300000221
0.04500000179 0.03500000015 0.09300000221
0.04500000179 0.03299999982 0.09499999881
0.04500000179 0.03500000015 0.09499999881
0.04300000146 0.03700000048 0.09300000221
0.04100000113 0.0390000008 0.09300000221
0.04100000113 0.03700000048 0.09499999881
0.04300000146 0.03700000048 0.09499999881
0.04100000113 0.0390000008 0.09499999881
0.0390000008 0.04100000113 0.08900000155
0.03700000048 0.04300000146 0.08900000155
0.0390000008 0.04100000113 0.09099999815
0.03700000048 0.04300000146 0.09099999815
0.03500000015 0.04500000179 0.08900000155
0.03299999982 0.04699999839 0.08900000155
0.03299999982 0.04500000179 0.09099999815
0.03500000015 0.04500000179 0.09099999815
0.03299999982 0.04699999839 0.09099999815
0.03500000015 0.04300000146 0.09300000221
0.03500000015 0.04300000146 0.09499999881
0.0390000008 0.04100000113 0.09300000221
0.03700000048 0.04300000146 0.09300000221
0.03700000048 0.04100000113 0.09499999881
0.0390000008 0.04100000113 0.09499999881
0.03700000048 0.04300000146 0.09499999881
0.03299999982 0.04500000179 0.09300000221
0.03500000015 0.04500000179 0.09300000221
0.03299999982 0.04699999839 0.09300000221
0.03299999982 0.04500000179 0.09499999881
0.03299999982 0.04699999839 0.09499999881
0.03299999982 0.04899999872 0.08100000024
0.03299999982 0.04899999872 0.08299999684
0.03299999982 0.04899999872 0.0869999975
0.05900000036 0.003000000026 0.09700000286
0.05900000036 0.001000000047 0.09899999946
0.06100000069 0.001000000047 0.09700000286
0.06100000069 0.001000000047 0.09899999946
0.06100000069 0.003000000026 0.09899999946
0.06100000069 0.004999999888 0.09700000286
0.06100000069 0.007000000216 0.09700000286
0.06100000069 0.007000000216 0.09899999946
0.05900000036 0.001000000047 0.1030000001
0.06100000069 0.001000000047 0.1010000035
0.06100000069 0.003000000026 0.1010000035
0.06100000069 0.003000000026 0.1030000001
0.06100000069 0.004999999888 0.1010000035
0.06100000069 0.007000000216 0.1010000035
0.06100000069 0.004999999888 0.1030000001
0.06100000069 0.007000000216 0.1030000001
0.05900000036 0.008999999613 0.09700000286
0.05900000036 0.008999999613 0.09899999946
0.05900000036 0.01099999994 0.09899999946
0.05900000036 0.01300000027 0.09700000286
0.05700000003 0.01499999966 0.09700000286
0.05900000036 0.01300000027 0.09899999946
0.05700000003 0.01499999966 0.09899999946
0.05900000036 0.008999999613 0.1010000035
0.05900000036 0.008999999613 0.1030000001
0.05900000036 0.01099999994 0.1030000001
0.06100000069 0.008999999613 0.1030000001
0.05900000036 0.01499999966 0.1010000035
0.05900000036 0.01300000027 0.1030000001
0.05900000036 0.01499999966 0.1030000001
0.06100000069 0.001000000047 0.1049999967
0.06100000069 0.003000000026 0.1049999967
0.06100000069 0.001000000047 0.1070000008
0.06100000069 0.003000000026 0.1070000008
0.06100000069 0.004999999888 0.1049999967
0.06100000069 0.007000000216 0.1049999967
0.06100000069 0.004999999888 0.1070000008
0.06100000069 0.007000000216 0.1070000008
0.05900000036 0.001000000047 0.1110000014
0.05900000036 0.003000000026 0.1110000014
0.06100000069 0.001000000047 0.1089999974
0.06100000069 0.003000000026 0.1089999974
0.06100000069 0.003000000026 0.1110000014
0.06100000069 0.004999999888 0.1089999974
0.06100000069 0.007000000216 0.1089999974
0.06100000069 0.004999999888 0.1110000014
0.06100000069 0.007000000216 0.1110000014
0.05900000036 0.008999999613 0.1049999967
0.05900000036 0.01099999994 0.1049999967
0.05900000036 0.008999999613 0.1070000008
0.05900000036 0.01099999994 0.1070000008
0.06100000069 0.008999999613 0.1070000008
0.05900000036 0.01300000027 0.1049999967
0.05900000036 0.01499999966 0.1049999967
0.05900000036 0.01300000027 0.1070000008
0.05900000036 0.01499999966 0.1070000008
0.05900000036 0.008999999613 0.1089999974
0.05900000036 0.01099999994 0.1089999974
0.05900000036 0.008999999613 0.1110000014
0.05900000036 0.01099999994 0.1110000014
0.06100000069 0.008999999613 0.1089999974
0.06100000069 0.008999999613 0.1110000014
0.05900000036 0.01300000027 0.1089999974
0.05900000036 0.01499999966 0.1089999974
0.05900000036 0.01300000027 0.1110000014
0.05900000036 0.01499999966 0.1110000014
0.04699999839 0.02899999917 0.09700000286
0.04699999839 0.03099999949 0.09700000286
0.04699999839 0.02899999917 0.09899999946
0.04699999839 0.03099999949 0.09899999946
0.04699999839 0.02899999917 0.1010000035
0.04500000179 0.03099999949 0.1010000035
0.04699999839 0.03099999949 0.1010000035
0.04699999839 0.03099999949 0.1030000001
0.0549999997 0.02099999972 0.09700000286
0.0549999997 0.02300000004 0.09700000286
0.0549999997 0.02099999972 0.09899999946
0.0549999997 0.02300000004 0.09899999946
0.0549999997 0.02099999972 0.1010000035
0.0549999997 0.02300000004 0.1010000035
0.0549999997 0.02099999972 0.1030000001
0.0549999997 0.02300000004 0.1030000001
0.05700000003 0.01700000092 0.09700000286
0.05700000003 0.01899999939 0.09700000286
0.05700000003 0.01700000092 0.09899999946
0.05700000003 0.01899999939 0.09899999946
0.05700000003 0.01700000092 0.1010000035
0.05700000003 0.01899999939 0.1010000035
0.05700000003 0.01700000092 0.1030000001
0.05700000003 0.01899999939 0.1030000001
0.04899999872 0.0270000007 0.09700000286
0.05099999905 0.0270000007 0.09700000286
0.05099999905 0.0270000007 0.09899999946
0.05299999937 0.02500000037 0.09700000286
0.0549999997 0.02500000037 0.09700000286
0.0549999997 0.02500000037 0.09899999946
0.05299999937 0.0270000007 0.09899999946
0.04899999872 0.02899999917 0.09700000286
0.05299999937 0.02500000037 0.1010000035
0.05299999937 0.0270000007 0.1010000035
0.05299999937 0.02500000037 0.1030000001
0.0549999997 0.02500000037 0.1030000001
0.05299999937 0.0270000007 0.1030000001
0.05099999905 0.02899999917 0.1030000001
0.04899999872 0.03099999949 0.1030000001
0.05299999937 0.02899999917 0.1030000001
0.0549999997 0.02099999972 0.1049999967
0.0549999997 0.02099999972 0.1070000008
0.0549999997 0.02300000004 0.1070000008
0.0549999997 0.02099999972 0.1089999974
0.0549999997 0.02300000004 0.1089999974
0.0549999997 0.02099999972 0.1110000014
0.0549999997 0.02300000004 0.1110000014
0.05700000003 0.01700000092 0.1049999967
0.05900000036 0.01700000092 0.1049999967
0.05700000003 0.01899999939 0.1049999967
0.05900000036 0.01700000092 0.1070000008
0.05700000003 0.01899999939 0.1070000008
0.05900000036 0.01700000092 0.1089999974
0.05700000003 0.01899999939 0.1089999974
0.05900000036 0.01700000092 0.1110000014
0.05700000003 0.01899999939 0.1110000014
0.05700000003 0.02099999972 0.1089999974
0.05299999937 0.02500000037 0.1049999967
0.0549999997 0.02500000037 0.1049999967
0.05299999937 0.0270000007 0.1049999967
0.05299999937 0.0270000007 0.1070000008
0.04899999872 0.03099999949 0.1049999967
0.05099999905 0.02899999917 0.1070000008
0.05099999905 0.03099999949 0.1070000008
0.05299999937 0.02899999917 0.1049999967
0.05299999937 0.02500000037 0.1089999974
0.0549999997 0.02500000037 0.1089999974
0.05299999937 0.0270000007 0.1089999974
0.0549999997 0.02500000037 0.1110000014
0.05299999937 0.0270000007 0.1110000014
0.05099999905 0.02899999917 0.1089999974
0.05099999905 0.03099999949 0.1089999974
0.05099999905 0.02899999917 0.1110000014
0.05099999905 0.03099999949 0.1110000014
0.05299999937 0.02899999917 0.1089999974
0.05299999937 0.02899999917 0.1110000014
0.05900000036 0.001000000047 0.112999998
0.05900000036 0.003000000026 0.112999998
0.05900000036 0.001000000047 0.1150000021
0.06100000069 0.001000000047 0.1150000021
0.06100000069 0.003000000026 0.1150000021
0.05900000036 0.004999999888 0.112999998
0.06100000069 0.007000000216 0.112999998
0.06100000069 0.004999999888 0.1150000021
0.06100000069 0.007000000216 0.1150000021
0.05900000036 0.003000000026 0.1169999987
0.05900000036 0.001000000047 0.1190000027
0.05900000036 0.003000000026 0.1190000027
0.06100000069 0.001000000047 0.1169999987
0.06100000069 0.003000000026 0.1169999987
0.06100000069 0.001000000047 0.1190000027
0.05900000036 0.004999999888 0.1190000027
0.06100000069 0.004999999888 0.1169999987
0.06100000069 0.007000000216 0.1169999987
0.06100000069 0.007000000216 0.1190000027
0.05900000036 0.008999999613 0.112999998
0.05900000036 0.01099999994 0.112999998
0.05900000036 0.008999999613 0.1150000021
0.05900000036 0.01099999994 0.1150000021
0.06100000069 0.008999999613 0.112999998
0.06100000069 0.008999999613 0.1150000021
0.05900000036 0.01300000027 0.112999998
0.05900000036 0.01499999966 0.112999998
0.05900000036 0.01300000027 0.1150000021
0.05900000036 0.01499999966 0.1150000021
0.05900000036 0.008999999613 0.1169999987
0.05900000036 0.01099999994 0.1169999987
0.05900000036 0.008999999613 0.1190000027
0.05900000036 0.01099999994 0.1190000027
0.06100000069 0.008999999613 0.1169999987
0.06100000069 0.008999999613 0.1190000027
0.05900000036 0.01300000027 0.1169999987
0.05900000036 0.01499999966 0.1169999987
0.05900000036 0.01300000027 0.1190000027
0.05700000003 0.01499999966 0.1190000027
0.05900000036 0.01499999966 0.1190000027
0.05900000036 0.003000000026 0.1209999993
0.06100000069 0.001000000047 0.1209999993
0.06100000069 0.001000000047 0.1230000034
0.06100000069 0.003000000026 0.1230000034
0.05900000036 0.004999999888 0.1209999993
0.06100000069 0.004999999888 0.1209999993
0.06100000069 0.007000000216 0.1209999993
0.06100000069 0.004999999888 0.1230000034
0.06100000069 0.007000000216 0.1230000034
0.06100000069 0.001000000047 0.125
0.06100000069 0.003000000026 0.125
0.06100000069 0.001000000047 0.1270000041
0.06100000069 0.003000000026 0.1270000041
0.05900000036 0.007000000216 0.125
0.05900000036 0.004999999888 0.1270000041
0.05900000036 0.007000000216 0.1270000041
0.06100000069 0.004999999888 0.125
0.06100000069 0.007000000216 0.125
0.06100000069 0.004999999888 0.1270000041
0.06100000069 0.007000000216 0.1270000041
0.05900000036 0.008999999613 0.1209999993
0.05900000036 0.01099999994 0.1209999993
0.05900000036 0.008999999613 0.1230000034
0.05900000036 0.01099999994 0.1230000034
0.06100000069 0.008999999613 0.1230000034
0.05900000036 0.01300000027 0.1209999993
0.05700000003 0.01499999966 0.1209999993
0.05900000036 0.01499999966 0.1209999993
0.05700000003 0.01300000027 0.1230000034
0.05900000036 0.01300000027 0.1230000034
0.05700000003 0.01499999966 0.1230000034
0.05900000036 0.008999999613 0.125
0.05900000036 0.01099999994 0.125
0.05900000036 0.008999999613 0.1270000041
0.05900000036 0.01099999994 0.1270000041
0.05900000036 0.01300000027 0.125
0.05700000003 0.01499999966 0.125
0.05700000003 0.01300000027 0.1270000041
0.05700000003 0.01499999966 0.1270000041
0.0549999997 0.02099999972 0.112999998
0.0549999997 0.02300000004 0.112999998
0.0549999997 0.02099999972 0.1150000021
0.0549999997 0.02300000004 0.1150000021
0.0549999997 0.02099999972 0.1169999987
0.0549999997 0.02300000004 0.1169999987
0.0549999997 0.02099999972 0.1190000027
0.0549999997 0.02300000004 0.1190000027
0.05700000003 0.01700000092 0.112999998
0.05900000036 0.01700000092 0.112999998
0.05700000003 0.01899999939 0.112999998
0.05900000036 0.01700000092 0.1150000021
0.05700000003 0.01899999939 0.1150000021
0.05700000003 0.02099999972 0.112999998
0.05700000003 0.01700000092 0.1169999987
0.05900000036 0.01700000092 0.1169999987
0.05700000003 0.01899999939 0.1169999987
0.05700000003 0.01700000092 0.1190000027
0.05700000003 0.01899999939 0.1190000027
0.05700000003 0.02099999972 0.1169999987
0.05299999937 0.02500000037 0.112999998
0.0549999997 0.02500000037 0.112999998
0.05299999937 0.0270000007 0.112999998
0.05299999937 0.02500000037 0.1150000021
0.0549999997 0.02500000037 0.1150000021
0.05299999937 0.0270000007 0.1150000021
0.05099999905 0.02899999917 0.112999998
0.05099999905 0.03099999949 0.112999998
0.05099999905 0.03099999949 0.1150000021
0.05299999937 0.02899999917 0.112999998
0.05299999937 0.02899999917 0.1150000021
0.05299999937 0.02500000037 0.1169999987
0.0549999997 0.02500000037 0.1169999987
0.05299999937 0.0270000007 0.1169999987
0.05299999937 0.02500000037 0.1190000027
0.0549999997 0.02500000037 0.1190000027
0.05299999937 0.0270000007 0.1190000027
0.05099999905 0.02899999917 0.1169999987
0.05099999905 0.03099999949 0.1169999987
0.05099999905 0.02899999917 0.1190000027
0.05099999905 0.03099999949 0.1190000027
0.05299999937 0.02899999917 0.1169999987
0.05299999937 0.02899999917 0.1190000027
0.0549999997 0.02099999972 0.1209999993
0.0549999997 0.02300000004 0.1209999993
0.0549999997 0.02099999972 0.1230000034
0.0549999997 0.02300000004 0.1230000034
0.0549999997 0.01899999939 0.1270000041
0.0549999997 0.02099999972 0.125
0.0549999997 0.02300000004 0.125
0.0549999997 0.02099999972 0.1270000041
0.0549999997 0.02300000004 0.1270000041
0.05700000003 0.01700000092 0.1209999993
0.05700000003 0.01899999939 0.1209999993
0.05700000003 0.01700000092 0.1230000034
0.05700000003 0.01899999939 0.1230000034
0.05700000003 0.02099999972 0.1209999993
0.05700000003 0.01700000092 0.125
0.05700000003 0.01899999939 0.125
0.05700000003 0.01700000092 0.1270000041
0.05700000003 0.01899999939 0.1270000041
0.05299999937 0.02500000037 0.1209999993
0.0549999997 0.02500000037 0.1209999993
0.05299999937 0.0270000007 0.1209999993
0.05299999937 0.02500000037 0.1230000034
0.0549999997 0.02500000037 0.1230000034
0.05299999937 0.0270000007 0.1230000034
0.05099999905 0.02899999917 0.1209999993
0.05099999905 0.03099999949 0.1209999993
0.05099999905 0.02899999917 0.1230000034
0.05099999905 0.03099999949 0.1230000034
0.05299999937 0.02899999917 0.1209999993
0.05299999937 0.02899999917 0.1230000034
0.05299999937 0.02500000037 0.125
0.0549999997 0.02500000037 0.125
0.05299999937 0.0270000007 0.125
0.05299999937 0.02500000037 0.1270000041
0.05299999937 0.0270000007 0.1270000041
0.05099999905 0.02899999917 0.125
0.05099999905 0.03099999949 0.125
0.05099999905 0.02899999917 0.1270000041
0.05099999905 0.03099999949 0.1270000041
0.05299999937 0.02899999917 0.125
0.05299999937 0.02899999917 0.1270000041
0.03099999949 0.04699999839 0.09700000286
0.02899999917 0.04699999839 0.09899999946
0.03099999949 0.04699999839 0.09899999946
0.02899999917 0.04699999839 0.1010000035
0.03099999949 0.04699999839 0.1010000035
0.03099999949 0.04500000179 0.1030000001
0.02899999917 0.04699999839 0.1030000001
0.01499999966 0.0549999997 0.09899999946
0.01300000027 0.0549999997 0.1010000035
0.01499999966 0.0549999997 0.1010000035
0.003000000026 0.05900000036 0.09700000286
0.003000000026 0.05700000003 0.09899999946
0.001000000047 0.05900000036 0.09899999946
0.004999999888 0.05900000036 0.09700000286
0.007000000216 0.05900000036 0.09899999946
0.001000000047 0.05700000003 0.1010000035
0.004999999888 0.05700000003 0.1010000035
0.007000000216 0.05700000003 0.1010000035
0.007000000216 0.05700000003 0.1030000001
0.01099999994 0.05700000003 0.09700000286
0.008999999613 0.05900000036 0.09700000286
0.008999999613 0.05700000003 0.09899999946
0.01099999994 0.05700000003 0.09899999946
0.01300000027 0.05700000003 0.09700000286
0.008999999613 0.05700000003 0.1010000035
0.007000000216 0.05900000036 0.1070000008
0.01099999994 0.05900000036 0.1089999974
0.01499999966 0.05700000003 0.1089999974
0.01700000092 0.0549999997 0.09700000286
0.01899999939 0.0549999997 0.09700000286
0.01700000092 0.0549999997 0.09899999946
0.01899999939 0.0549999997 0.09899999946
0.02300000004 0.05299999937 0.09700000286
0.02099999972 0.0549999997 0.09700000286
0.02099999972 0.05299999937 0.09899999946
0.02300000004 0.05299999937 0.09899999946
0.02300000004 0.05099999905 0.1010000035
0.01700000092 0.05299999937 0.1010000035
0.01899999939 0.05299999937 0.1010000035
0.02099999972 0.05299999937 0.1010000035
0.0270000007 0.04899999872 0.09700000286
0.02500000037 0.05099999905 0.09700000286
0.0270000007 0.05099999905 0.09700000286
0.0270000007 0.04899999872 0.09899999946
0.02500000037 0.05099999905 0.09899999946
0.0270000007 0.05099999905 0.09899999946
0.02899999917 0.04899999872 0.09700000286
0.0270000007 0.04899999872 0.1010000035
0.02500000037 0.05099999905 0.1010000035
0.02500000037 0.04899999872 0.1030000001
0.0270000007 0.04899999872 0.1030000001
0.02899999917 0.04899999872 0.1010000035
0.02300000004 0.0549999997 0.1070000008
0.03099999949 0.04899999872 0.1070000008
0.02899999917 0.05099999905 0.1070000008
0.0270000007 0.05299999937 0.1070000008
0.02500000037 0.0549999997 0.1070000008
0.02899999917 0.05299999937 0.1070000008
0.01700000092 0.05700000003 0.1070000008
0.01899999939 0.05700000003 0.1070000008
0.0390000008 0.0390000008 0.09700000286
0.0390000008 0.0390000008 0.09899999946
0.0390000008 0.0390000008 0.1010000035
0.0390000008 0.0390000008 0.1030000001
0.04300000146 0.03500000015 0.09700000286
0.04300000146 0.03500000015 0.09899999946
0.04500000179 0.03299999982 0.09700000286
0.04500000179 0.03500000015 0.09700000286
0.04500000179 0.03299999982 0.09899999946
0.04100000113 0.03700000048 0.09700000286
0.04300000146 0.03700000048 0.09700000286
0.04100000113 0.03700000048 0.09899999946
0.04300000146 0.03700000048 0.09899999946
0.04100000113 0.0390000008 0.09899999946
0.04300000146 0.03500000015 0.1010000035
0.04300000146 0.03500000015 0.1030000001
0.04500000179 0.03299999982 0.1010000035
0.04500000179 0.03299999982 0.1030000001
0.04100000113 0.03700000048 0.1010000035
0.04100000113 0.0390000008 0.1030000001
0.03500000015 0.04300000146 0.09700000286
0.03500000015 0.04300000146 0.09899999946
0.03700000048 0.04100000113 0.09700000286
0.0390000008 0.04100000113 0.09700000286
0.03700000048 0.04100000113 0.09899999946
0.0390000008 0.04100000113 0.09899999946
0.03299999982 0.04500000179 0.09700000286
0.03299999982 0.04500000179 0.09899999946
0.03500000015 0.04300000146 0.1010000035
0.03500000015 0.04300000146 0.1030000001
0.03700000048 0.04100000113 0.1010000035
0.0390000008 0.04100000113 0.1010000035
0.03700000048 0.04300000146 0.1010000035
0.03700000048 0.04100000113 0.1030000001
0.03700000048 0.04300000146 0.1030000001
0.03299999982 0.04500000179 0.1010000035
0.03500000015 0.04500000179 0.1010000035
0.04699999839 0.03299999982 0.1049999967
0.04699999839 0.03500000015 0.1070000008
0.04300000146 0.0390000008 0.1070000008
0.04699999839 0.03700000048 0.1070000008
0.04500000179 0.0390000008 0.1070000008
0.04699999839 0.03500000015 0.1089999974
0.04699999839 0.03500000015 0.1110000014
0.04699999839 0.03700000048 0.1110000014
0.04500000179 0.0390000008 0.1110000014
0.0390000008 0.04100000113 0.1049999967
0.0390000008 0.04300000146 0.1070000008
0.03500000015 0.04699999839 0.1070000008
0.0390000008 0.04500000179 0.1070000008
0.03700000048 0.04699999839 0.1070000008
0.03500000015 0.04699999839 0.1089999974
0.0390000008 0.04500000179 0.1089999974
0.0390000008 0.04500000179 0.1110000014
0.03700000048 0.04699999839 0.1110000014
0.04100000113 0.04100000113 0.1049999967
0.04300000146 0.04100000113 0.1070000008
0.04100000113 0.04300000146 0.1070000008
0.04300000146 0.04100000113 0.1089999974
0.04300000146 0.04100000113 0.1110000014
0.04100000113 0.04300000146 0.1110000014
0.04300000146 0.04300000146 0.1110000014
0.04899999872 0.03299999982 0.1049999967
0.04899999872 0.03500000015 0.1070000008
0.04899999872 0.03299999982 0.1089999974
0.04899999872 0.03299999982 0.1110000014
0.04899999872 0.03500000015 0.1110000014
0.03299999982 0.04899999872 0.1089999974
0.03500000015 0.04899999872 0.1089999974
0.03500000015 0.04899999872 0.1110000014
0.04699999839 0.03500000015 0.1150000021
0.04699999839 0.03700000048 0.112999998
0.04500000179 0.0390000008 0.112999998
0.04699999839 0.03700000048 0.1150000021
0.04500000179 0.0390000008 0.1150000021
0.04699999839 0.03500000015 0.1190000027
0.04699999839 0.03700000048 0.1169999987
0.04500000179 0.0390000008 0.1169999987
0.04699999839 0.03700000048 0.1190000027
0.04500000179 0.0390000008 0.1190000027
0.03500000015 0.04699999839 0.112999998
0.0390000008 0.04500000179 0.112999998
0.03700000048 0.04699999839 0.112999998
0.0390000008 0.04500000179 0.1150000021
0.03700000048 0.04699999839 0.1150000021
0.0390000008 0.04500000179 0.1169999987
0.0390000008 0.04500000179 0.1190000027
0.04300000146 0.04100000113 0.112999998
0.04100000113 0.04300000146 0.112999998
0.04300000146 0.04100000113 0.1150000021
0.04100000113 0.04300000146 0.1150000021
0.04300000146 0.04300000146 0.1150000021
0.04500000179 0.04100000113 0.112999998
0.04100000113 0.04500000179 0.112999998
0.04100000113 0.04500000179 0.1150000021
0.04300000146 0.04100000113 0.1169999987
0.04100000113 0.04300000146 0.1169999987
0.04300000146 0.04300000146 0.1169999987
0.04300000146 0.04100000113 0.1190000027
0.04100000113 0.04300000146 0.1190000027
0.04500000179 0.04100000113 0.1169999987
0.04100000113 0.04500000179 0.1190000027
0.04699999839 0.03500000015 0.1209999993
0.04699999839 0.03500000015 0.1230000034
0.04699999839 0.03700000048 0.1209999993
0.04500000179 0.0390000008 0.1209999993
0.04699999839 0.03700000048 0.1230000034
0.04500000179 0.0390000008 0.1230000034
0.04699999839 0.03500000015 0.125
0.04699999839 0.03500000015 0.1270000041
0.04300000146 0.0390000008 0.1270000041
0.04500000179 0.03700000048 0.125
0.04699999839 0.03700000048 0.125
0.04500000179 0.0390000008 0.125
0.04500000179 0.03700000048 0.1270000041
0.04699999839 0.03700000048 0.1270000041
0.04500000179 0.0390000008 0.1270000041
0.0390000008 0.04500000179 0.1209999993
0.04300000146 0.04100000113 0.1209999993
0.04100000113 0.04300000146 0.1209999993
0.04300000146 0.04300000146 0.1209999993
0.04300000146 0.04100000113 0.1230000034
0.04100000113 0.04300000146 0.1230000034
0.04300000146 0.04100000113 0.125
0.04100000113 0.04300000146 0.125
0.04300000146 0.04100000113 0.1270000041
0.04899999872 0.03299999982 0.112999998
0.05099999905 0.03299999982 0.112999998
0.04899999872 0.03500000015 0.112999998
0.04899999872 0.03299999982 0.1150000021
0.05099999905 0.03299999982 0.1150000021
0.04899999872 0.03500000015 0.1150000021
0.04899999872 0.03299999982 0.1169999987
0.05099999905 0.03299999982 0.1169999987
0.04899999872 0.03500000015 0.1169999987
0.04899999872 0.03299999982 0.1190000027
0.05099999905 0.03299999982 0.1190000027
0.04899999872 0.03500000015 0.1190000027
0.04899999872 0.03299999982 0.1209999993
0.05099999905 0.03299999982 0.1209999993
0.04899999872 0.03500000015 0.1209999993
0.04899999872 0.03299999982 0.1230000034
0.04899999872 0.03500000015 0.1230000034
0.04899999872 0.03299999982 0.125
0.04899999872 0.03500000015 0.125
0.04899999872 0.03299999982 0.1270000041
0.04899999872 0.03500000015 0.1270000041
0.01300000027 0.07100000232 0.06499999762
0.01499999966 0.07100000232 0.06499999762
0.01300000027 0.07100000232 0.06700000167
0.01499999966 0.07100000232 0.06700000167
0.01499999966 0.06899999827 0.06899999827
0.01300000027 0.07100000232 0.07100000232
0.01499999966 0.07100000232 0.07100000232
0.01099999994 0.07299999893 0.06499999762
0.01300000027 0.07299999893 0.06499999762
0.01099999994 0.07299999893 0.06899999827
0.01099999994 0.07500000298 0.06899999827
0.01099999994 0.07299999893 0.07100000232
0.01300000027 0.07299999893 0.06899999827
0.01499999966 0.06899999827 0.07299999893
0.01499999966 0.06899999827 0.07500000298
0.01300000027 0.07100000232 0.07500000298
0.01499999966 0.06700000167 0.07900000364
0.01099999994 0.07100000232 0.07900000364
0.01499999966 0.06899999827 0.07699999958
0.01300000027 0.07100000232 0.07699999958
0.01300000027 0.06899999827 0.07900000364
0.01099999994 0.07299999893 0.07500000298
0.008999999613 0.07299999893 0.07900000364
0.01099999994 0.07299999893 0.07900000364
0.01899999939 0.06499999762 0.06499999762
0.01899999939 0.06700000167 0.06499999762
0.01899999939 0.06499999762 0.06700000167
0.01700000092 0.06700000167 0.06700000167
0.01899999939 0.06700000167 0.06700000167
0.02099999972 0.06499999762 0.06499999762
0.02099999972 0.06499999762 0.06700000167
0.01700000092 0.06899999827 0.06499999762
0.01700000092 0.06899999827 0.06700000167
0.01700000092 0.06700000167 0.06899999827
0.01899999939 0.06700000167 0.06899999827
0.01899999939 0.06499999762 0.07100000232
0.01899999939 0.06700000167 0.07100000232
0.02099999972 0.06499999762 0.06899999827
0.01700000092 0.06899999827 0.07100000232
0.01899999939 0.06499999762 0.07299999893
0.01899999939 0.06700000167 0.07299999893
0.01899999939 0.06499999762 0.07500000298
0.01700000092 0.06700000167 0.07500000298
0.01700000092 0.06899999827 0.07299999893
0.01700000092 0.06700000167 0.07699999958
0.01700000092 0.06499999762 0.07900000364
0.01899999939 0.06499999762 0.07900000364
0.004999999888 0.06899999827 0.08299999684
0.004999999888 0.07100000232 0.08299999684
0.007000000216 0.07100000232 0.08299999684
0.003000000026 0.06700000167 0.0869999975
0.007000000216 0.06700000167 0.0869999975
0.007000000216 0.06899999827 0.08500000089
0.004999999888 0.06899999827 0.0869999975
0.01499999966 0.06700000167 0.08100000024
0.01499999966 0.06499999762 0.08299999684
0.01300000027 0.06700000167 0.08299999684
0.01499999966 0.06700000167 0.08299999684
0.01099999994 0.07100000232 0.08100000024
0.01099999994 0.06899999827 0.08299999684
0.008999999613 0.07100000232 0.08299999684
0.01099999994 0.07100000232 0.08299999684
0.01300000027 0.06899999827 0.08100000024
0.01499999966 0.06899999827 0.08100000024
0.01300000027 0.07100000232 0.08100000024
0.01300000027 0.06899999827 0.08299999684
0.008999999613 0.06700000167 0.08500000089
0.01099999994 0.06700000167 0.08500000089
0.01099999994 0.06499999762 0.0869999975
0.008999999613 0.06700000167 0.0869999975
0.01300000027 0.06499999762 0.08500000089
0.01300000027 0.06700000167 0.08500000089
0.008999999613 0.06899999827 0.08500000089
0.01099999994 0.06899999827 0.08500000089
0.007000000216 0.07299999893 0.08299999684
0.008999999613 0.07299999893 0.08100000024
0.003000000026 0.06499999762 0.08900000155
0.003000000026 0.06700000167 0.08900000155
0.004999999888 0.06499999762 0.08900000155
0.004999999888 0.06499999762 0.09099999815
0.008999999613 0.06499999762 0.08900000155
0.01700000092 0.06499999762 0.08100000024
0.01899999939 0.06499999762 0.08100000024
0.0549999997 0.001000000047 0.1350000054
0.0549999997 0.003000000026 0.1350000054
0.05900000036 0.001000000047 0.1289999932
0.05900000036 0.003000000026 0.1289999932
0.05900000036 0.001000000047 0.1309999973
0.05900000036 0.003000000026 0.1309999973
0.06100000069 0.001000000047 0.1289999932
0.06100000069 0.003000000026 0.1289999932
0.05900000036 0.004999999888 0.1289999932
0.05900000036 0.007000000216 0.1289999932
0.05900000036 0.004999999888 0.1309999973
0.05900000036 0.007000000216 0.1309999973
0.05900000036 0.001000000047 0.1330000013
0.05900000036 0.003000000026 0.1330000013
0.05700000003 0.001000000047 0.1350000054
0.05700000003 0.003000000026 0.1350000054
0.05900000036 0.004999999888 0.1330000013
0.05900000036 0.007000000216 0.1330000013
0.05900000036 0.004999999888 0.1350000054
0.05900000036 0.007000000216 0.1350000054
0.05900000036 0.008999999613 0.1289999932
0.05900000036 0.01099999994 0.1289999932
0.05900000036 0.008999999613 0.1309999973
0.05900000036 0.01099999994 0.1309999973
0.05700000003 0.01300000027 0.1289999932
0.05900000036 0.01300000027 0.1289999932
0.05700000003 0.01499999966 0.1289999932
0.05700000003 0.01300000027 0.1309999973
0.05700000003 0.01499999966 0.1309999973
0.05900000036 0.008999999613 0.1330000013
0.05700000003 0.01099999994 0.1330000013
0.05900000036 0.01099999994 0.1330000013
0.05900000036 0.008999999613 0.1350000054
0.05900000036 0.01099999994 0.1350000054
0.05700000003 0.01300000027 0.1330000013
0.05700000003 0.01499999966 0.1330000013
0.05700000003 0.01300000027 0.1350000054
0.05700000003 0.01499999966 0.1350000054
0.0549999997 0.003000000026 0.1369999945
0.0549999997 0.004999999888 0.1369999945
0.0549999997 0.004999999888 0.1389999986
0.05299999937 0.007000000216 0.1410000026
0.05700000003 0.004999999888 0.1369999945
0.05900000036 0.004999999888 0.1369999945
0.05900000036 0.007000000216 0.1369999945
0.05700000003 0.007000000216 0.1389999986
0.0549999997 0.01099999994 0.1389999986
0.0549999997 0.01300000027 0.1389999986
0.0549999997 0.01499999966 0.1389999986
0.05099999905 0.01099999994 0.1410000026
0.0549999997 0.008999999613 0.1410000026
0.05299999937 0.01099999994 0.1410000026
0.05099999905 0.01300000027 0.1410000026
0.05299999937 0.01300000027 0.1410000026
0.05299999937 0.01499999966 0.1410000026
0.05299999937 0.01300000027 0.1430000067
0.05299999937 0.01499999966 0.1430000067
0.05900000036 0.008999999613 0.1369999945
0.05700000003 0.01099999994 0.1369999945
0.05900000036 0.01099999994 0.1369999945
0.05700000003 0.008999999613 0.1389999986
0.05700000003 0.01099999994 0.1389999986
0.05700000003 0.01300000027 0.1369999945
0.05700000003 0.01499999966 0.1369999945
0.05700000003 0.01300000027 0.1389999986
0.05700000003 0.01499999966 0.1389999986
0.04699999839 0.02300000004 0.1410000026
0.04699999839 0.02500000037 0.1410000026
0.04500000179 0.0270000007 0.1410000026
0.04699999839 0.0270000007 0.1410000026
0.04699999839 0.0270000007 0.1430000067
0.04300000146 0.02899999917 0.1410000026
0.04500000179 0.02899999917 0.1410000026
0.04699999839 0.02899999917 0.1410000026
0.04500000179 0.03099999949 0.1410000026
0.04699999839 0.03099999949 0.1410000026
0.04699999839 0.02899999917 0.1430000067
0.04500000179 0.03099999949 0.1430000067
0.0549999997 0.01899999939 0.1309999973
0.0549999997 0.02099999972 0.1289999932
0.0549999997 0.02300000004 0.1289999932
0.0549999997 0.02099999972 0.1309999973
0.0549999997 0.02300000004 0.1309999973
0.0549999997 0.01899999939 0.1330000013
0.0549999997 0.01899999939 0.1350000054
0.0549999997 0.02099999972 0.1330000013
0.0549999997 0.02300000004 0.1330000013
0.0549999997 0.02099999972 0.1350000054
0.0549999997 0.02300000004 0.1350000054
0.05700000003 0.01700000092 0.1289999932
0.05700000003 0.01899999939 0.1289999932
0.05700000003 0.01700000092 0.1309999973
0.05700000003 0.01899999939 0.1309999973
0.05700000003 0.01700000092 0.1330000013
0.05700000003 0.01899999939 0.1330000013
0.05700000003 0.01700000092 0.1350000054
0.05700000003 0.01899999939 0.1350000054
0.05299999937 0.02500000037 0.1289999932
0.0549999997 0.02500000037 0.1289999932
0.05299999937 0.0270000007 0.1289999932
0.05299999937 0.02500000037 0.1309999973
0.05299999937 0.0270000007 0.1309999973
0.05099999905 0.02899999917 0.1289999932
0.05099999905 0.03099999949 0.1289999932
0.05099999905 0.02899999917 0.1309999973
0.04899999872 0.03099999949 0.1309999973
0.05099999905 0.03099999949 0.1309999973
0.05299999937 0.02899999917 0.1309999973
0.05299999937 0.02500000037 0.1330000013
0.05299999937 0.0270000007 0.1330000013
0.05299999937 0.02500000037 0.1350000054
0.05299999937 0.0270000007 0.1350000054
0.05099999905 0.02899999917 0.1330000013
0.04899999872 0.03099999949 0.1330000013
0.05099999905 0.03099999949 0.1330000013
0.05099999905 0.02899999917 0.1350000054
0.04899999872 0.03099999949 0.1350000054
0.05099999905 0.03099999949 0.1350000054
0.0549999997 0.01899999939 0.1369999945
0.0549999997 0.01700000092 0.1389999986
0.05299999937 0.01899999939 0.1389999986
0.0549999997 0.01899999939 0.1389999986
0.05099999905 0.02300000004 0.1389999986
0.0549999997 0.02099999972 0.1369999945
0.0549999997 0.02300000004 0.1369999945
0.05299999937 0.02099999972 0.1389999986
0.0549999997 0.02099999972 0.1389999986
0.05299999937 0.02300000004 0.1389999986
0.0549999997 0.02300000004 0.1389999986
0.04899999872 0.01700000092 0.1410000026
0.05099999905 0.01700000092 0.1410000026
0.04899999872 0.01899999939 0.1410000026
0.05099999905 0.01899999939 0.1410000026
0.05099999905 0.01899999939 0.1430000067
0.05299999937 0.01700000092 0.1410000026
0.05299999937 0.01899999939 0.1410000026
0.05299999937 0.01700000092 0.1430000067
0.05099999905 0.02099999972 0.1410000026
0.04899999872 0.02300000004 0.1410000026
0.05099999905 0.02099999972 0.1430000067
0.04899999872 0.02300000004 0.1430000067
0.05099999905 0.02300000004 0.1430000067
0.05299999937 0.02099999972 0.1410000026
0.05700000003 0.01700000092 0.1369999945
0.05700000003 0.01899999939 0.1369999945
0.05700000003 0.01700000092 0.1389999986
0.05099999905 0.02500000037 0.1389999986
0.05099999905 0.0270000007 0.1389999986
0.05299999937 0.02500000037 0.1369999945
0.05299999937 0.0270000007 0.1369999945
0.05299999937 0.02500000037 0.1389999986
0.05299999937 0.0270000007 0.1389999986
0.05099999905 0.02899999917 0.1369999945
0.04899999872 0.03099999949 0.1369999945
0.05099999905 0.03099999949 0.1369999945
0.04899999872 0.02899999917 0.1389999986
0.05099999905 0.02899999917 0.1389999986
0.04899999872 0.03099999949 0.1389999986
0.04899999872 0.02500000037 0.1410000026
0.05099999905 0.02500000037 0.1410000026
0.04899999872 0.0270000007 0.1410000026
0.04899999872 0.02500000037 0.1430000067
0.04899999872 0.0270000007 0.1430000067
0.05299999937 0.01300000027 0.1449999958
0.05299999937 0.01499999966 0.1449999958
0.05299999937 0.01499999966 0.1469999999
0.04699999839 0.0270000007 0.1449999958
0.04699999839 0.0270000007 0.1469999999
0.04699999839 0.02899999917 0.1449999958
0.04500000179 0.03099999949 0.1449999958
0.04500000179 0.02899999917 0.1469999999
0.04699999839 0.02899999917 0.1469999999
0.04699999839 0.0270000007 0.1490000039
0.04699999839 0.0270000007 0.1509999931
0.04699999839 0.02899999917 0.1490000039
0.05099999905 0.01700000092 0.1449999958
0.05099999905 0.01899999939 0.1449999958
0.05099999905 0.01700000092 0.1469999999
0.05099999905 0.01899999939 0.1469999999
0.05299999937 0.01700000092 0.1449999958
0.05299999937 0.01700000092 0.1469999999
0.05099999905 0.02099999972 0.1449999958
0.04899999872 0.02300000004 0.1449999958
0.05099999905 0.02300000004 0.1449999958
0.05099999905 0.02099999972 0.1469999999
0.04899999872 0.02300000004 0.1469999999
0.05099999905 0.02300000004 0.1469999999
0.05099999905 0.01899999939 0.1490000039
0.05099999905 0.02099999972 0.1490000039
0.04899999872 0.02300000004 0.1490000039
0.05099999905 0.02300000004 0.1490000039
0.05099999905 0.02099999972 0.1509999931
0.04899999872 0.02300000004 0.1509999931
0.05099999905 0.02300000004 0.1509999931
0.04899999872 0.02500000037 0.1449999958
0.04899999872 0.0270000007 0.1449999958
0.04899999872 0.02500000037 0.1469999999
0.04899999872 0.0270000007 0.1469999999
0.04899999872 0.02500000037 0.1490000039
0.04899999872 0.0270000007 0.1490000039
0.04899999872 0.02500000037 0.1509999931
0.04899999872 0.0270000007 0.1509999931
0.04899999872 0.02300000004 0.1529999971
0.04899999872 0.02500000037 0.1529999971
0.04899999872 0.0270000007 0.1529999971
0.04699999839 0.03500000015 0.1289999932
0.04699999839 0.03500000015 0.1309999973
0.04300000146 0.0390000008 0.1309999973
0.04500000179 0.03700000048 0.1289999932
0.04699999839 0.03700000048 0.1289999932
0.04500000179 0.0390000008 0.1289999932
0.04500000179 0.03700000048 0.1309999973
0.04699999839 0.03700000048 0.1309999973
0.04500000179 0.0390000008 0.1309999973
0.04699999839 0.03500000015 0.1330000013
0.04699999839 0.03500000015 0.1350000054
0.04500000179 0.03700000048 0.1330000013
0.04699999839 0.03700000048 0.1330000013
0.04500000179 0.0390000008 0.1330000013
0.04500000179 0.03700000048 0.1350000054
0.04699999839 0.03700000048 0.1350000054
0.04300000146 0.04100000113 0.1289999932
0.04699999839 0.03500000015 0.1369999945
0.04500000179 0.03299999982 0.1389999986
0.04699999839 0.03299999982 0.1389999986
0.04699999839 0.03500000015 0.1389999986
0.04699999839 0.03700000048 0.1369999945
0.04300000146 0.03299999982 0.1410000026
0.04500000179 0.03299999982 0.1410000026
0.04899999872 0.03299999982 0.1289999932
0.04899999872 0.03500000015 0.1289999932
0.04899999872 0.03299999982 0.1309999973
0.04899999872 0.03500000015 0.1309999973
0.04899999872 0.03299999982 0.1330000013
0.04899999872 0.03500000015 0.1330000013
0.04899999872 0.03299999982 0.1350000054
0.04899999872 0.03500000015 0.1350000054
0.04899999872 0.03299999982 0.1369999945
0.04899999872 0.03299999982 0.1389999986
0.2709999979 0.001000000047 0.01499999966
0.2709999979 0.004999999888 0.01499999966
0.275000006 0.01300000027 0.01099999994
0.2730000019 0.008999999613 0.01300000027
0.2730000019 0.008999999613 0.01499999966
0.2730000019 0.01099999994 0.01499999966
0.275000006 0.01300000027 0.01300000027
0.2790000141 0.01700000092 0.01300000027
0.27700001 0.01700000092 0.01499999966
0.2790000141 0.01899999939 0.01499999966
0.2829999924 0.02099999972 0.01099999994
0.2709999979 0.001000000047 0.01700000092
0.2709999979 0.003000000026 0.01899999939
0.2709999979 0.004999999888 0.01700000092
0.2709999979 0.007000000216 0.01700000092
0.2709999979 0.004999999888 0.01899999939
0.2709999979 0.007000000216 0.01899999939
0.2709999979 0.001000000047 0.02099999972
0.2709999979 0.003000000026 0.02099999972
0.2709999979 0.001000000047 0.02300000004
0.2709999979 0.003000000026 0.02300000004
0.2709999979 0.004999999888 0.02099999972
0.2709999979 0.007000000216 0.02099999972
0.2709999979 0.001000000047 0.02500000037
0.2709999979 0.007000000216 0.03099999949
0.2730000019 0.01099999994 0.01700000092
0.275000006 0.01300000027 0.01700000092
0.2730000019 0.01099999994 0.03099999949
0.275000006 0.01300000027 0.03099999949
0.275000006 0.01499999966 0.03099999949
0.2790000141 0.01899999939 0.01700000092
0.27700001 0.01700000092 0.01899999939
0.27700001 0.01700000092 0.02099999972
0.27700001 0.01700000092 0.02300000004
0.2790000141 0.02099999972 0.02300000004
0.2809999883 0.02099999972 0.01700000092
0.2829999924 0.02300000004 0.02099999972
0.2870000005 0.02500000037 0.01700000092
0.2849999964 0.02500000037 0.02099999972
0.2849999964 0.0270000007 0.02300000004
0.27700001 0.01700000092 0.02500000037
0.2790000141 0.02099999972 0.02500000037
0.2790000141 0.02099999972 0.0270000007
0.27700001 0.01899999939 0.02899999917
0.2790000141 0.01899999939 0.02899999917
0.27700001 0.01700000092 0.03099999949
0.2790000141 0.01899999939 0.03099999949
0.2790000141 0.02099999972 0.03099999949
0.2829999924 0.02300000004 0.0270000007
0.2809999883 0.02099999972 0.02899999917
0.2829999924 0.02300000004 0.02899999917
0.2809999883 0.02099999972 0.03099999949
0.2829999924 0.02300000004 0.03099999949
0.2849999964 0.02300000004 0.03099999949
0.2829999924 0.02500000037 0.02500000037
0.2829999924 0.02500000037 0.0270000007
0.2849999964 0.02500000037 0.02500000037
0.2870000005 0.0270000007 0.02500000037
0.2849999964 0.02500000037 0.0270000007
0.2849999964 0.02500000037 0.02899999917
0.2870000005 0.02500000037 0.02899999917
0.2870000005 0.02500000037 0.03099999949
0.2969999909 0.0270000007 0.01300000027
0.3129999936 0.02300000004 0.01099999994
0.3050000072 0.0270000007 0.01300000027
0.3070000112 0.0270000007 0.01499999966
0.3109999895 0.02500000037 0.01300000027
0.3129999936 0.02500000037 0.01499999966
0.2910000086 0.0270000007 0.01899999939
0.2890000045 0.0270000007 0.02099999972
0.2910000086 0.02899999917 0.02300000004
0.2930000126 0.02899999917 0.02300000004
0.2949999869 0.02899999917 0.02300000004
0.2969999909 0.02899999917 0.01700000092
0.300999999 0.02899999917 0.01899999939
0.2969999909 0.02899999917 0.02099999972
0.298999995 0.02899999917 0.02099999972
0.2969999909 0.02899999917 0.02300000004
0.298999995 0.02899999917 0.02300000004
0.300999999 0.02899999917 0.02099999972
0.3030000031 0.02899999917 0.02099999972
0.300999999 0.02899999917 0.02300000004
0.3030000031 0.02899999917 0.02300000004
0.2890000045 0.0270000007 0.02500000037
0.2890000045 0.0270000007 0.0270000007
0.2910000086 0.0270000007 0.0270000007
0.2930000126 0.02899999917 0.02500000037
0.2949999869 0.02899999917 0.02500000037
0.2930000126 0.02899999917 0.0270000007
0.2949999869 0.02899999917 0.0270000007
0.2890000045 0.0270000007 0.02899999917
0.2910000086 0.0270000007 0.03099999949
0.2930000126 0.0270000007 0.03099999949
0.298999995 0.02899999917 0.02500000037
0.2969999909 0.02899999917 0.0270000007
0.298999995 0.02899999917 0.0270000007
0.300999999 0.02899999917 0.02500000037
0.3030000031 0.02899999917 0.02500000037
0.300999999 0.02899999917 0.0270000007
0.3030000031 0.02899999917 0.0270000007
0.3190000057 0.02099999972 0.01700000092
0.3170000017 0.02300000004 0.01700000092
0.3190000057 0.02099999972 0.01899999939
0.3170000017 0.02300000004 0.01899999939
0.3170000017 0.02300000004 0.02099999972
0.3109999895 0.0270000007 0.01899999939
0.3070000112 0.02899999917 0.01700000092
0.3050000072 0.02899999917 0.01899999939
0.3089999855 0.02899999917 0.01899999939
0.3109999895 0.0270000007 0.02300000004
0.3050000072 0.02899999917 0.02099999972
0.3070000112 0.02899999917 0.02099999972
0.3050000072 0.02899999917 0.02300000004
0.3129999936 0.02500000037 0.01700000092
0.3149999976 0.02500000037 0.01700000092
0.3149999976 0.02500000037 0.02099999972
0.3170000017 0.02300000004 0.02500000037
0.3190000057 0.02300000004 0.02500000037
0.3190000057 0.02099999972 0.0270000007
0.3170000017 0.02300000004 0.0270000007
0.3190000057 0.02300000004 0.02899999917
0.3170000017 0.02300000004 0.03099999949
0.3190000057 0.02300000004 0.03099999949
0.3089999855 0.0270000007 0.0270000007
0.3050000072 0.02899999917 0.02500000037
0.3089999855 0.0270000007 0.02899999917
0.3129999936 0.02500000037 0.02899999917
0.3129999936 0.02500000037 0.03099999949
0.3149999976 0.02500000037 0.03099999949
0.2730000019 0.003000000026 0.03299999982
0.2730000019 0.004999999888 0.03299999982
0.2730000019 0.007000000216 0.03500000015
0.275000006 0.004999999888 0.03700000048
0.2730000019 0.007000000216 0.03700000048
0.275000006 0.004999999888 0.0390000008
0.275000006 0.01099999994 0.03299999982
0.275000006 0.008999999613 0.03500000015
0.275000006 0.01099999994 0.03500000015
0.275000006 0.01300000027 0.03500000015
0.27700001 0.01499999966 0.03299999982
0.27700001 0.01300000027 0.03500000015
0.27700001 0.01499999966 0.03500000015
0.275000006 0.008999999613 0.03700000048
0.275000006 0.01099999994 0.03700000048
0.275000006 0.008999999613 0.0390000008
0.27700001 0.01099999994 0.03700000048
0.27700001 0.01099999994 0.0390000008
0.275000006 0.01300000027 0.03700000048
0.27700001 0.01300000027 0.03700000048
0.2790000141 0.01499999966 0.03700000048
0.27700001 0.01300000027 0.0390000008
0.2790000141 0.01499999966 0.0390000008
0.2809999883 0.01499999966 0.0390000008
0.27700001 0.001000000047 0.04100000113
0.27700001 0.003000000026 0.04100000113
0.27700001 0.001000000047 0.04300000146
0.2790000141 0.003000000026 0.04300000146
0.27700001 0.004999999888 0.04100000113
0.27700001 0.007000000216 0.04100000113
0.27700001 0.004999999888 0.04300000146
0.2790000141 0.007000000216 0.04300000146
0.2790000141 0.001000000047 0.04500000179
0.2790000141 0.003000000026 0.04500000179
0.2790000141 0.004999999888 0.04500000179
0.2809999883 0.003000000026 0.04699999839
0.2809999883 0.004999999888 0.04500000179
0.2809999883 0.007000000216 0.04500000179
0.2809999883 0.004999999888 0.04699999839
0.2809999883 0.007000000216 0.04699999839
0.2829999924 0.007000000216 0.04699999839
0.27700001 0.008999999613 0.04100000113
0.2790000141 0.008999999613 0.04100000113
0.27700001 0.01099999994 0.04100000113
0.2790000141 0.01099999994 0.04100000113
0.27700001 0.008999999613 0.04300000146
0.2790000141 0.008999999613 0.04300000146
0.2790000141 0.01099999994 0.04300000146
0.2790000141 0.01300000027 0.04100000113
0.2790000141 0.01499999966 0.04100000113
0.2790000141 0.008999999613 0.04500000179
0.2809999883 0.01099999994 0.04300000146
0.2809999883 0.01300000027 0.04100000113
0.2809999883 0.01499999966 0.04100000113
0.2829999924 0.01499999966 0.04100000113
0.2809999883 0.01300000027 0.04300000146
0.2829999924 0.01300000027 0.04300000146
0.2809999883 0.01499999966 0.04300000146
0.2829999924 0.01499999966 0.04300000146
0.2849999964 0.01499999966 0.04300000146
0.2809999883 0.008999999613 0.04500000179
0.2809999883 0.01099999994 0.04500000179
0.2829999924 0.01099999994 0.04500000179
0.2809999883 0.008999999613 0.04699999839
0.2829999924 0.008999999613 0.04699999839
0.2829999924 0.01099999994 0.04699999839
0.2849999964 0.008999999613 0.04699999839
0.2849999964 0.01099999994 0.04699999839
0.2829999924 0.01300000027 0.04500000179
0.2829999924 0.01300000027 0.04699999839
0.2849999964 0.01300000027 0.04500000179
0.2849999964 0.01499999966 0.04500000179
0.2849999964 0.01300000027 0.04699999839
0.2870000005 0.01300000027 0.04699999839
0.2870000005 0.01499999966 0.04699999839
0.2790000141 0.01700000092 0.03299999982
0.2790000141 0.01899999939 0.03299999982
0.27700001 0.01700000092 0.03500000015
0.2790000141 0.01899999939 0.03500000015
0.2790000141 0.01700000092 0.03700000048
0.2809999883 0.01899999939 0.03299999982
0.2809999883 0.01899999939 0.03500000015
0.2809999883 0.02099999972 0.03299999982
0.2829999924 0.02099999972 0.03299999982
0.2809999883 0.02099999972 0.03500000015
0.2849999964 0.02300000004 0.03299999982
0.2809999883 0.01700000092 0.03700000048
0.2809999883 0.01899999939 0.03700000048
0.2829999924 0.01899999939 0.03700000048
0.2809999883 0.01700000092 0.0390000008
0.2809999883 0.01899999939 0.0390000008
0.2829999924 0.01899999939 0.0390000008
0.2849999964 0.01899999939 0.0390000008
0.2809999883 0.02099999972 0.03700000048
0.2829999924 0.01700000092 0.04100000113
0.2829999924 0.01899999939 0.04100000113
0.2829999924 0.01700000092 0.04300000146
0.2849999964 0.01700000092 0.04100000113
0.2870000005 0.01899999939 0.04100000113
0.2849999964 0.01700000092 0.04300000146
0.2870000005 0.01700000092 0.04300000146
0.2870000005 0.01899999939 0.04300000146
0.2849999964 0.01700000092 0.04500000179
0.2870000005 0.01700000092 0.04500000179
0.2829999924 0.001000000047 0.04899999872
0.2809999883 0.003000000026 0.04899999872
0.2829999924 0.003000000026 0.04899999872
0.2849999964 0.001000000047 0.05099999905
0.2849999964 0.003000000026 0.05099999905
0.2829999924 0.004999999888 0.04899999872
0.2829999924 0.007000000216 0.04899999872
0.2849999964 0.004999999888 0.04899999872
0.2849999964 0.007000000216 0.04899999872
0.2849999964 0.004999999888 0.05099999905
0.2870000005 0.004999999888 0.05099999905
0.2849999964 0.007000000216 0.05099999905
0.2870000005 0.007000000216 0.05099999905
0.2870000005 0.001000000047 0.05299999937
0.2849999964 0.003000000026 0.05299999937
0.2870000005 0.003000000026 0.05299999937
0.2870000005 0.004999999888 0.05299999937
0.2870000005 0.007000000216 0.05299999937
0.2870000005 0.004999999888 0.0549999997
0.2849999964 0.008999999613 0.04899999872
0.2870000005 0.008999999613 0.04899999872
0.2849999964 0.01099999994 0.04899999872
0.2870000005 0.01099999994 0.04899999872
0.2849999964 0.008999999613 0.05099999905
0.2870000005 0.008999999613 0.05099999905
0.2870000005 0.01099999994 0.05099999905
0.2870000005 0.01300000027 0.04899999872
0.2890000045 0.01499999966 0.04699999839
0.2910000086 0.01499999966 0.04699999839
0.3190000057 0.01499999966 0.0390000008
0.3190000057 0.001000000047 0.04699999839
0.3190000057 0.003000000026 0.04699999839
0.3190000057 0.004999999888 0.04500000179
0.3190000057 0.007000000216 0.04500000179
0.3170000017 0.004999999888 0.04699999839
0.3190000057 0.004999999888 0.04699999839
0.3170000017 0.007000000216 0.04699999839
0.3190000057 0.007000000216 0.04699999839
0.3089999855 0.01499999966 0.04699999839
0.3109999895 0.01499999966 0.04699999839
0.3190000057 0.008999999613 0.04300000146
0.3190000057 0.01099999994 0.04300000146
0.3149999976 0.01499999966 0.04300000146
0.3190000057 0.01300000027 0.04100000113
0.3190000057 0.01499999966 0.04100000113
0.3170000017 0.01300000027 0.04300000146
0.3190000057 0.01300000027 0.04300000146
0.3170000017 0.01499999966 0.04300000146
0.3190000057 0.01499999966 0.04300000146
0.3149999976 0.008999999613 0.04699999839
0.3149999976 0.01099999994 0.04699999839
0.3190000057 0.008999999613 0.04500000179
0.3170000017 0.01099999994 0.04500000179
0.3190000057 0.01099999994 0.04500000179
0.3170000017 0.008999999613 0.04699999839
0.3190000057 0.008999999613 0.04699999839
0.3170000017 0.01099999994 0.04699999839
0.3149999976 0.01300000027 0.04500000179
0.3129999936 0.01499999966 0.04500000179
0.3149999976 0.01499999966 0.04500000179
0.3129999936 0.01300000027 0.04699999839
0.3149999976 0.01300000027 0.04699999839
0.3129999936 0.01499999966 0.04699999839
0.3149999976 0.01499999966 0.04699999839
0.3170000017 0.01300000027 0.04500000179
0.3190000057 0.01300000027 0.04500000179
0.3170000017 0.01499999966 0.04500000179
0.2890000045 0.02300000004 0.03700000048
0.2930000126 0.02300000004 0.0390000008
0.2910000086 0.02500000037 0.03500000015
0.2910000086 0.02500000037 0.0390000008
0.2949999869 0.02500000037 0.03700000048
0.2930000126 0.02500000037 0.0390000008
0.2949999869 0.02500000037 0.0390000008
0.2969999909 0.0270000007 0.03299999982
0.298999995 0.0270000007 0.03299999982
0.300999999 0.0270000007 0.03299999982
0.3030000031 0.0270000007 0.03299999982
0.3030000031 0.0270000007 0.03500000015
0.2969999909 0.0270000007 0.03700000048
0.2969999909 0.02500000037 0.0390000008
0.300999999 0.0270000007 0.03700000048
0.300999999 0.02500000037 0.0390000008
0.3030000031 0.02500000037 0.0390000008
0.3030000031 0.0270000007 0.0390000008
0.2890000045 0.01899999939 0.04300000146
0.2910000086 0.01899999939 0.04300000146
0.2890000045 0.02099999972 0.04100000113
0.2910000086 0.02099999972 0.04100000113
0.2890000045 0.02300000004 0.04100000113
0.2910000086 0.02300000004 0.04100000113
0.2910000086 0.02099999972 0.04300000146
0.2930000126 0.02099999972 0.04300000146
0.2949999869 0.02099999972 0.04300000146
0.2930000126 0.02300000004 0.04300000146
0.2949999869 0.02300000004 0.04300000146
0.2890000045 0.01899999939 0.04500000179
0.2910000086 0.01899999939 0.04500000179
0.2890000045 0.01700000092 0.04699999839
0.2910000086 0.01700000092 0.04699999839
0.2930000126 0.01899999939 0.04500000179
0.2949999869 0.01899999939 0.04500000179
0.2930000126 0.01700000092 0.04699999839
0.2949999869 0.01700000092 0.04699999839
0.2930000126 0.01899999939 0.04699999839
0.2949999869 0.01899999939 0.04699999839
0.2949999869 0.02099999972 0.04500000179
0.2969999909 0.02300000004 0.04100000113
0.298999995 0.02300000004 0.04100000113
0.2969999909 0.02099999972 0.04300000146
0.2969999909 0.02300000004 0.04300000146
0.298999995 0.02300000004 0.04300000146
0.300999999 0.02300000004 0.04100000113
0.3030000031 0.02300000004 0.04100000113
0.3030000031 0.02099999972 0.04300000146
0.300999999 0.02300000004 0.04300000146
0.3030000031 0.02300000004 0.04300000146
0.2969999909 0.01899999939 0.04699999839
0.298999995 0.01899999939 0.04699999839
0.300999999 0.01899999939 0.04699999839
0.3030000031 0.01899999939 0.04699999839
0.2969999909 0.02099999972 0.04500000179
0.298999995 0.02099999972 0.04500000179
0.300999999 0.02099999972 0.04500000179
0.3030000031 0.02099999972 0.04500000179
0.300999999 0.02300000004 0.04500000179
0.300999999 0.02099999972 0.04699999839
0.298999995 0.02500000037 0.04100000113
0.300999999 0.02500000037 0.04100000113
0.3030000031 0.02500000037 0.04100000113
0.3070000112 0.02300000004 0.0390000008
0.3109999895 0.02300000004 0.03700000048
0.3089999855 0.02300000004 0.0390000008
0.3109999895 0.02300000004 0.0390000008
0.3190000057 0.01899999939 0.03500000015
0.3129999936 0.02300000004 0.03500000015
0.3149999976 0.02300000004 0.03500000015
0.3170000017 0.02099999972 0.03299999982
0.3190000057 0.02099999972 0.03299999982
0.3170000017 0.02099999972 0.03500000015
0.3190000057 0.02099999972 0.03500000015
0.3170000017 0.02300000004 0.03500000015
0.3190000057 0.01700000092 0.03700000048
0.3190000057 0.01899999939 0.03700000048
0.3170000017 0.01700000092 0.0390000008
0.3190000057 0.01700000092 0.0390000008
0.3170000017 0.01899999939 0.0390000008
0.3190000057 0.01899999939 0.0390000008
0.3149999976 0.02099999972 0.03700000048
0.3129999936 0.02300000004 0.03700000048
0.3149999976 0.02300000004 0.03700000048
0.3129999936 0.02099999972 0.0390000008
0.3149999976 0.02099999972 0.0390000008
0.3129999936 0.02300000004 0.0390000008
0.3170000017 0.02099999972 0.03700000048
0.3050000072 0.0270000007 0.03500000015
0.3070000112 0.0270000007 0.03500000015
0.3109999895 0.02500000037 0.03299999982
0.3089999855 0.0270000007 0.03299999982
0.3089999855 0.02500000037 0.03500000015
0.3109999895 0.02500000037 0.03500000015
0.3070000112 0.02500000037 0.03700000048
0.3050000072 0.0270000007 0.03700000048
0.3070000112 0.0270000007 0.03700000048
0.3050000072 0.02500000037 0.0390000008
0.3070000112 0.02500000037 0.0390000008
0.3089999855 0.02500000037 0.03700000048
0.3109999895 0.02500000037 0.03700000048
0.3089999855 0.02500000037 0.0390000008
0.3129999936 0.02500000037 0.03500000015
0.3089999855 0.01899999939 0.04300000146
0.3109999895 0.01899999939 0.04300000146
0.3050000072 0.02300000004 0.04100000113
0.3070000112 0.02300000004 0.04100000113
0.3050000072 0.02099999972 0.04300000146
0.3070000112 0.02099999972 0.04300000146
0.3050000072 0.02300000004 0.04300000146
0.3070000112 0.02300000004 0.04300000146
0.3089999855 0.02099999972 0.04100000113
0.3109999895 0.02099999972 0.04100000113
0.3089999855 0.02300000004 0.04100000113
0.3089999855 0.02099999972 0.04300000146
0.3109999895 0.02099999972 0.04300000146
0.3050000072 0.01899999939 0.04500000179
0.3070000112 0.01899999939 0.04500000179
0.3050000072 0.01700000092 0.04699999839
0.3070000112 0.01700000092 0.04699999839
0.3050000072 0.01899999939 0.04699999839
0.3070000112 0.01899999939 0.04699999839
0.3089999855 0.01700000092 0.04500000179
0.3109999895 0.01700000092 0.04500000179
0.3089999855 0.01899999939 0.04500000179
0.3109999895 0.01899999939 0.04500000179
0.3089999855 0.01700000092 0.04699999839
0.3109999895 0.01700000092 0.04699999839
0.3050000072 0.02099999972 0.04500000179
0.3070000112 0.02099999972 0.04500000179
0.3149999976 0.01700000092 0.04100000113
0.3149999976 0.01899999939 0.04100000113
0.3129999936 0.01700000092 0.04300000146
0.3149999976 0.01700000092 0.04300000146
0.3129999936 0.01899999939 0.04300000146
0.3149999976 0.01899999939 0.04300000146
0.3170000017 0.01700000092 0.04100000113
0.3190000057 0.01700000092 0.04100000113
0.3170000017 0.01899999939 0.04100000113
0.3170000017 0.01700000092 0.04300000146
0.3129999936 0.02099999972 0.04100000113
0.3129999936 0.01700000092 0.04500000179
0.3149999976 0.01700000092 0.04500000179
0.3050000072 0.02500000037 0.04100000113
0.2890000045 0.001000000047 0.0549999997
0.2890000045 0.003000000026 0.0549999997
0.2890000045 0.004999999888 0.05299999937
0.2890000045 0.007000000216 0.05299999937
0.2890000045 0.004999999888 0.0549999997
0.2910000086 0.004999999888 0.0549999997
0.2890000045 0.007000000216 0.0549999997
0.2910000086 0.007000000216 0.0549999997
0.2890000045 0.01099999994 0.04899999872
0.2890000045 0.008999999613 0.05099999905
0.2890000045 0.01099999994 0.05099999905
0.2910000086 0.01099999994 0.05099999905
0.2890000045 0.01300000027 0.04899999872
0.2910000086 0.01300000027 0.04899999872
0.2890000045 0.01499999966 0.04899999872
0.2910000086 0.01499999966 0.04899999872
0.2890000045 0.01300000027 0.05099999905
0.2910000086 0.01300000027 0.05099999905
0.2930000126 0.01499999966 0.04899999872
0.2949999869 0.01499999966 0.04899999872
0.2949999869 0.01300000027 0.05099999905
0.2930000126 0.01499999966 0.05099999905
0.2949999869 0.01499999966 0.05099999905
0.2890000045 0.008999999613 0.05299999937
0.2910000086 0.008999999613 0.05299999937
0.2890000045 0.01099999994 0.05299999937
0.2910000086 0.01099999994 0.05299999937
0.2910000086 0.008999999613 0.0549999997
0.2930000126 0.01099999994 0.05299999937
0.2949999869 0.01099999994 0.05299999937
0.2930000126 0.008999999613 0.0549999997
0.2949999869 0.008999999613 0.0549999997
0.2930000126 0.01099999994 0.0549999997
0.2949999869 0.01099999994 0.0549999997
0.2949999869 0.01300000027 0.05299999937
0.2969999909 0.01499999966 0.05099999905
0.298999995 0.01499999966 0.05099999905
0.300999999 0.01499999966 0.05099999905
0.3030000031 0.01499999966 0.05099999905
0.2969999909 0.01099999994 0.0549999997
0.298999995 0.01099999994 0.0549999997
0.300999999 0.01099999994 0.0549999997
0.3030000031 0.01099999994 0.0549999997
0.2969999909 0.01300000027 0.05299999937
0.298999995 0.01300000027 0.05299999937
0.298999995 0.01499999966 0.05299999937
0.2969999909 0.01300000027 0.0549999997
0.298999995 0.01300000027 0.0549999997
0.300999999 0.01300000027 0.05299999937
0.3030000031 0.01300000027 0.05299999937
0.300999999 0.01499999966 0.05299999937
0.300999999 0.01300000027 0.0549999997
0.3030000031 0.01300000027 0.0549999997
0.2890000045 0.001000000047 0.05700000003
0.2910000086 0.001000000047 0.05700000003
0.2890000045 0.003000000026 0.05700000003
0.2910000086 0.003000000026 0.05700000003
0.2910000086 0.001000000047 0.05900000036
0.2930000126 0.001000000047 0.05900000036
0.2930000126 0.003000000026 0.05900000036
0.2910000086 0.004999999888 0.05700000003
0.2910000086 0.007000000216 0.05700000003
0.2930000126 0.004999999888 0.05700000003
0.2930000126 0.007000000216 0.05700000003
0.2949999869 0.007000000216 0.05700000003
0.2930000126 0.004999999888 0.05900000036
0.2949999869 0.004999999888 0.05900000036
0.2930000126 0.007000000216 0.05900000036
0.2949999869 0.007000000216 0.05900000036
0.2930000126 0.001000000047 0.06300000101
0.2949999869 0.004999999888 0.06300000101
0.2969999909 0.007000000216 0.05900000036
0.298999995 0.007000000216 0.05900000036
0.300999999 0.007000000216 0.05900000036
0.3030000031 0.007000000216 0.05900000036
0.2969999909 0.007000000216 0.06100000069
0.298999995 0.007000000216 0.06100000069
0.2969999909 0.007000000216 0.06300000101
0.298999995 0.007000000216 0.06300000101
0.300999999 0.007000000216 0.06100000069
0.2930000126 0.008999999613 0.05700000003
0.2949999869 0.008999999613 0.05700000003
0.2969999909 0.008999999613 0.05700000003
0.298999995 0.01099999994 0.05700000003
0.2969999909 0.008999999613 0.05900000036
0.300999999 0.008999999613 0.05700000003
0.3030000031 0.008999999613 0.05700000003
0.300999999 0.01099999994 0.05700000003
0.3030000031 0.01099999994 0.05700000003
0.300999999 0.008999999613 0.05900000036
0.3030000031 0.008999999613 0.05900000036
0.3109999895 0.001000000047 0.0549999997
0.3109999895 0.003000000026 0.0549999997
0.3109999895 0.004999999888 0.05299999937
0.3109999895 0.007000000216 0.05299999937
0.3089999855 0.004999999888 0.0549999997
0.3109999895 0.004999999888 0.0549999997
0.3089999855 0.007000000216 0.0549999997
0.3109999895 0.007000000216 0.0549999997
0.3149999976 0.001000000047 0.05099999905
0.3149999976 0.003000000026 0.05099999905
0.3170000017 0.001000000047 0.04899999872
0.3190000057 0.001000000047 0.04899999872
0.3170000017 0.003000000026 0.04899999872
0.3190000057 0.003000000026 0.04899999872
0.3170000017 0.001000000047 0.05099999905
0.3170000017 0.003000000026 0.05099999905
0.3149999976 0.007000000216 0.04899999872
0.3149999976 0.004999999888 0.05099999905
0.3129999936 0.007000000216 0.05099999905
0.3149999976 0.007000000216 0.05099999905
0.3170000017 0.004999999888 0.04899999872
0.3170000017 0.007000000216 0.04899999872
0.3129999936 0.001000000047 0.05299999937
0.3149999976 0.001000000047 0.05299999937
0.3129999936 0.003000000026 0.05299999937
0.3149999976 0.003000000026 0.05299999937
0.3129999936 0.001000000047 0.0549999997
0.3129999936 0.003000000026 0.0549999997
0.3129999936 0.004999999888 0.05299999937
0.3149999976 0.004999999888 0.05299999937
0.3129999936 0.007000000216 0.05299999937
0.3129999936 0.004999999888 0.0549999997
0.3109999895 0.01099999994 0.04899999872
0.3109999895 0.008999999613 0.05099999905
0.3089999855 0.01099999994 0.05099999905
0.3109999895 0.01099999994 0.05099999905
0.3050000072 0.01499999966 0.04899999872
0.3070000112 0.01499999966 0.04899999872
0.3050000072 0.01300000027 0.05099999905
0.3070000112 0.01300000027 0.05099999905
0.3050000072 0.01499999966 0.05099999905
0.3070000112 0.01499999966 0.05099999905
0.3089999855 0.01300000027 0.04899999872
0.3109999895 0.01300000027 0.04899999872
0.3089999855 0.01499999966 0.04899999872
0.3109999895 0.01499999966 0.04899999872
0.3089999855 0.01300000027 0.05099999905
0.3109999895 0.01300000027 0.05099999905
0.3050000072 0.01099999994 0.05299999937
0.3070000112 0.01099999994 0.05299999937
0.3050000072 0.008999999613 0.0549999997
0.3070000112 0.008999999613 0.0549999997
0.3050000072 0.01099999994 0.0549999997
0.3070000112 0.01099999994 0.0549999997
0.3089999855 0.008999999613 0.05299999937
0.3109999895 0.008999999613 0.05299999937
0.3089999855 0.01099999994 0.05299999937
0.3109999895 0.01099999994 0.05299999937
0.3089999855 0.008999999613 0.0549999997
0.3109999895 0.008999999613 0.0549999997
0.3050000072 0.01300000027 0.05299999937
0.3070000112 0.01300000027 0.05299999937
0.3129999936 0.008999999613 0.04899999872
0.3149999976 0.008999999613 0.04899999872
0.3129999936 0.01099999994 0.04899999872
0.3149999976 0.01099999994 0.04899999872
0.3129999936 0.008999999613 0.05099999905
0.3129999936 0.01099999994 0.05099999905
0.3170000017 0.008999999613 0.04899999872
0.3129999936 0.01300000027 0.04899999872
0.3070000112 0.001000000047 0.05900000036
0.3070000112 0.003000000026 0.05900000036
0.3089999855 0.001000000047 0.05700000003
0.3109999895 0.001000000047 0.05700000003
0.3089999855 0.003000000026 0.05700000003
0.3109999895 0.003000000026 0.05700000003
0.3089999855 0.001000000047 0.05900000036
0.3089999855 0.003000000026 0.05900000036
0.3070000112 0.004999999888 0.05700000003
0.3050000072 0.007000000216 0.05700000003
0.3070000112 0.007000000216 0.05700000003
0.3050000072 0.004999999888 0.05900000036
0.3070000112 0.004999999888 0.05900000036
0.3050000072 0.007000000216 0.05900000036
0.3070000112 0.007000000216 0.05900000036
0.3089999855 0.004999999888 0.05700000003
0.3109999895 0.004999999888 0.05700000003
0.3089999855 0.007000000216 0.05700000003
0.3070000112 0.001000000047 0.06100000069
0.3070000112 0.003000000026 0.06100000069
0.3070000112 0.001000000047 0.06300000101
0.3070000112 0.003000000026 0.06300000101
0.3050000072 0.004999999888 0.06100000069
0.3050000072 0.004999999888 0.06300000101
0.3050000072 0.008999999613 0.05700000003
0.3070000112 0.008999999613 0.05700000003
0.2910000086 0.01700000092 0.04899999872
0.2930000126 0.01700000092 0.04899999872
0.2949999869 0.01700000092 0.04899999872
0.2969999909 0.01700000092 0.04899999872
0.298999995 0.01700000092 0.04899999872
0.2969999909 0.01899999939 0.04899999872
0.298999995 0.01899999939 0.04899999872
0.2969999909 0.01700000092 0.05099999905
0.298999995 0.01700000092 0.05099999905
0.300999999 0.01700000092 0.04899999872
0.3030000031 0.01700000092 0.04899999872
0.300999999 0.01899999939 0.04899999872
0.3030000031 0.01899999939 0.04899999872
0.300999999 0.01700000092 0.05099999905
0.3030000031 0.01700000092 0.05099999905
0.3050000072 0.01700000092 0.04899999872
0.3070000112 0.01700000092 0.04899999872
0.3050000072 0.01700000092 0.05099999905
0.3269999921 0.007000000216 0.01499999966
0.3230000138 0.01700000092 0.01499999966
0.3289999962 0.001000000047 0.01899999939
0.3289999962 0.001000000047 0.02099999972
0.3289999962 0.001000000047 0.02300000004
0.3289999962 0.003000000026 0.02300000004
0.3289999962 0.004999999888 0.02099999972
0.3289999962 0.007000000216 0.02099999972
0.3269999921 0.008999999613 0.01700000092
0.3269999921 0.01099999994 0.02300000004
0.3269999921 0.01300000027 0.02099999972
0.3289999962 0.008999999613 0.02099999972
0.3269999921 0.007000000216 0.03099999949
0.3289999962 0.001000000047 0.02500000037
0.3289999962 0.001000000047 0.0270000007
0.3289999962 0.003000000026 0.0270000007
0.3289999962 0.004999999888 0.02500000037
0.3289999962 0.007000000216 0.02500000037
0.3289999962 0.004999999888 0.0270000007
0.3289999962 0.007000000216 0.0270000007
0.3289999962 0.001000000047 0.02899999917
0.3289999962 0.003000000026 0.02899999917
0.3289999962 0.001000000047 0.03099999949
0.3289999962 0.003000000026 0.03099999949
0.3289999962 0.004999999888 0.02899999917
0.3289999962 0.007000000216 0.02899999917
0.3289999962 0.004999999888 0.03099999949
0.3289999962 0.007000000216 0.03099999949
0.3269999921 0.01099999994 0.02500000037
0.3269999921 0.008999999613 0.0270000007
0.3269999921 0.01099999994 0.0270000007
0.3269999921 0.01300000027 0.02500000037
0.3269999921 0.01499999966 0.02500000037
0.3269999921 0.01300000027 0.0270000007
0.3249999881 0.01499999966 0.0270000007
0.3269999921 0.008999999613 0.02899999917
0.3269999921 0.01099999994 0.02899999917
0.3269999921 0.008999999613 0.03099999949
0.3269999921 0.01099999994 0.03099999949
0.3249999881 0.01300000027 0.02899999917
0.3269999921 0.01300000027 0.02899999917
0.3249999881 0.01499999966 0.02899999917
0.3249999881 0.01300000027 0.03099999949
0.3269999921 0.01300000027 0.03099999949
0.3249999881 0.01499999966 0.03099999949
0.3289999962 0.008999999613 0.02500000037
0.3289999962 0.008999999613 0.0270000007
0.3289999962 0.008999999613 0.02899999917
0.3230000138 0.01700000092 0.01899999939
0.3230000138 0.01700000092 0.02099999972
0.3230000138 0.01700000092 0.02300000004
0.3230000138 0.01700000092 0.0270000007
0.3230000138 0.01899999939 0.0270000007
0.3249999881 0.01700000092 0.02500000037
0.3230000138 0.01700000092 0.02899999917
0.3210000098 0.01899999939 0.02899999917
0.3230000138 0.01700000092 0.03099999949
0.3210000098 0.01899999939 0.03099999949
0.3210000098 0.02099999972 0.03099999949
0.3269999921 0.001000000047 0.03500000015
0.3269999921 0.003000000026 0.03500000015
0.3269999921 0.004999999888 0.03299999982
0.3269999921 0.007000000216 0.03299999982
0.3269999921 0.004999999888 0.03500000015
0.3269999921 0.007000000216 0.03500000015
0.3269999921 0.001000000047 0.03700000048
0.3269999921 0.003000000026 0.03700000048
0.3249999881 0.001000000047 0.0390000008
0.3269999921 0.001000000047 0.0390000008
0.3249999881 0.003000000026 0.0390000008
0.3230000138 0.007000000216 0.0390000008
0.3249999881 0.004999999888 0.03700000048
0.3269999921 0.004999999888 0.03700000048
0.3249999881 0.007000000216 0.03700000048
0.3269999921 0.007000000216 0.03700000048
0.3249999881 0.004999999888 0.0390000008
0.3249999881 0.007000000216 0.0390000008
0.3289999962 0.001000000047 0.03299999982
0.3289999962 0.003000000026 0.03299999982
0.3289999962 0.004999999888 0.03299999982
0.3269999921 0.008999999613 0.03299999982
0.3249999881 0.01099999994 0.03299999982
0.3269999921 0.01099999994 0.03299999982
0.3249999881 0.008999999613 0.03500000015
0.3269999921 0.008999999613 0.03500000015
0.3249999881 0.01099999994 0.03500000015
0.3230000138 0.01300000027 0.03500000015
0.3230000138 0.01499999966 0.03500000015
0.3249999881 0.01300000027 0.03299999982
0.3249999881 0.01499999966 0.03299999982
0.3249999881 0.01300000027 0.03500000015
0.3230000138 0.01099999994 0.03700000048
0.3230000138 0.008999999613 0.0390000008
0.3230000138 0.01099999994 0.0390000008
0.3249999881 0.008999999613 0.03700000048
0.3249999881 0.01099999994 0.03700000048
0.3249999881 0.008999999613 0.0390000008
0.3230000138 0.01300000027 0.03700000048
0.3210000098 0.01499999966 0.03700000048
0.3230000138 0.01499999966 0.03700000048
0.3210000098 0.01300000027 0.0390000008
0.3230000138 0.01300000027 0.0390000008
0.3210000098 0.01499999966 0.0390000008
0.3230000138 0.001000000047 0.04100000113
0.3230000138 0.003000000026 0.04100000113
0.3230000138 0.001000000047 0.04300000146
0.3210000098 0.003000000026 0.04300000146
0.3230000138 0.003000000026 0.04300000146
0.3249999881 0.001000000047 0.04100000113
0.3249999881 0.003000000026 0.04100000113
0.3230000138 0.004999999888 0.04100000113
0.3230000138 0.007000000216 0.04100000113
0.3210000098 0.004999999888 0.04300000146
0.3230000138 0.004999999888 0.04300000146
0.3210000098 0.007000000216 0.04300000146
0.3230000138 0.007000000216 0.04300000146
0.3249999881 0.004999999888 0.04100000113
0.3249999881 0.007000000216 0.04100000113
0.3210000098 0.001000000047 0.04500000179
0.3230000138 0.001000000047 0.04500000179
0.3210000098 0.003000000026 0.04500000179
0.3210000098 0.001000000047 0.04699999839
0.3210000098 0.003000000026 0.04699999839
0.3210000098 0.004999999888 0.04500000179
0.3210000098 0.007000000216 0.04500000179
0.3210000098 0.008999999613 0.04100000113
0.3230000138 0.008999999613 0.04100000113
0.3210000098 0.01099999994 0.04100000113
0.3230000138 0.01099999994 0.04100000113
0.3210000098 0.008999999613 0.04300000146
0.3230000138 0.008999999613 0.04300000146
0.3210000098 0.01099999994 0.04300000146
0.3210000098 0.01300000027 0.04100000113
0.3210000098 0.01499999966 0.04100000113
0.3210000098 0.01300000027 0.04300000146
0.3210000098 0.008999999613 0.04500000179
0.3230000138 0.01700000092 0.03299999982
0.3210000098 0.01899999939 0.03299999982
0.3210000098 0.01700000092 0.03500000015
0.3230000138 0.01700000092 0.03500000015
0.3210000098 0.01899999939 0.03500000015
0.3210000098 0.02099999972 0.03299999982
0.3210000098 0.01700000092 0.03700000048
0.3210000098 0.01700000092 0.0390000008
0.2930000126 0.001000000047 0.06499999762
0.2930000126 0.001000000047 0.06700000167
0.2949999869 0.004999999888 0.06499999762
0.2949999869 0.004999999888 0.06700000167
0.2930000126 0.001000000047 0.06899999827
0.2930000126 0.001000000047 0.07100000232
0.2949999869 0.004999999888 0.06899999827
0.2949999869 0.004999999888 0.07100000232
0.2969999909 0.007000000216 0.06499999762
0.298999995 0.007000000216 0.06499999762
0.2969999909 0.007000000216 0.06700000167
0.298999995 0.007000000216 0.06700000167
0.300999999 0.007000000216 0.06499999762
0.300999999 0.007000000216 0.06700000167
0.2969999909 0.007000000216 0.06899999827
0.298999995 0.007000000216 0.06899999827
0.2969999909 0.007000000216 0.07100000232
0.298999995 0.007000000216 0.07100000232
0.2949999869 0.004999999888 0.07299999893
0.2949999869 0.004999999888 0.07500000298
0.2930000126 0.004999999888 0.07699999958
0.2949999869 0.004999999888 0.07699999958
0.2969999909 0.007000000216 0.07299999893
0.298999995 0.007000000216 0.07299999893
0.2969999909 0.007000000216 0.07500000298
0.298999995 0.007000000216 0.07500000298
0.300999999 0.007000000216 0.07299999893
0.300999999 0.007000000216 0.07500000298
0.2969999909 0.007000000216 0.07699999958
0.298999995 0.007000000216 0.07699999958
0.2969999909 0.007000000216 0.07900000364
0.298999995 0.007000000216 0.07900000364
0.300999999 0.007000000216 0.07699999958
0.300999999 0.007000000216 0.07900000364
0.3070000112 0.001000000047 0.06499999762
0.3070000112 0.003000000026 0.06499999762
0.3070000112 0.001000000047 0.06700000167
0.3070000112 0.003000000026 0.06700000167
0.3070000112 0.004999999888 0.06499999762
0.3050000072 0.007000000216 0.06499999762
0.3070000112 0.004999999888 0.06700000167
0.3070000112 0.001000000047 0.06899999827
0.3070000112 0.003000000026 0.06899999827
0.3070000112 0.001000000047 0.07100000232
0.3070000112 0.003000000026 0.07100000232
0.3050000072 0.004999999888 0.06899999827
0.3050000072 0.004999999888 0.07100000232
0.3070000112 0.001000000047 0.07299999893
0.3070000112 0.003000000026 0.07299999893
0.3070000112 0.001000000047 0.07500000298
0.3070000112 0.003000000026 0.07500000298
0.3050000072 0.004999999888 0.07299999893
0.3050000072 0.004999999888 0.07500000298
0.3070000112 0.001000000047 0.07699999958
0.3070000112 0.003000000026 0.07699999958
0.3070000112 0.001000000047 0.07900000364
0.3070000112 0.003000000026 0.07900000364
0.3070000112 0.004999999888 0.07699999958
0.3050000072 0.004999999888 0.07900000364
0.3070000112 0.004999999888 0.07900000364
0.2949999869 0.007000000216 0.08100000024
0.2969999909 0.007000000216 0.08100000024
0.298999995 0.007000000216 0.08100000024
0.2969999909 0.007000000216 0.08299999684
0.298999995 0.007000000216 0.08299999684
0.2969999909 0.007000000216 0.08500000089
0.298999995 0.007000000216 0.08500000089
0.2969999909 0.007000000216 0.0869999975
0.298999995 0.007000000216 0.0869999975
0.300999999 0.007000000216 0.08500000089
0.300999999 0.007000000216 0.0869999975
0.2949999869 0.004999999888 0.08900000155
0.2949999869 0.007000000216 0.09300000221
0.2949999869 0.007000000216 0.09499999881
0.2969999909 0.007000000216 0.08900000155
0.298999995 0.007000000216 0.08900000155
0.2969999909 0.007000000216 0.09099999815
0.298999995 0.007000000216 0.09099999815
0.300999999 0.007000000216 0.08900000155
0.2969999909 0.007000000216 0.09300000221
0.298999995 0.007000000216 0.09300000221
0.2969999909 0.007000000216 0.09499999881
0.298999995 0.007000000216 0.09499999881
0.300999999 0.007000000216 0.09499999881
0.3070000112 0.001000000047 0.08100000024
0.3070000112 0.003000000026 0.08100000024
0.3070000112 0.001000000047 0.08299999684
0.3070000112 0.003000000026 0.08299999684
0.3050000072 0.004999999888 0.08100000024
0.3070000112 0.004999999888 0.08100000024
0.3050000072 0.004999999888 0.08299999684
0.3070000112 0.001000000047 0.08500000089
0.3070000112 0.003000000026 0.08500000089
0.3070000112 0.001000000047 0.0869999975
0.3070000112 0.003000000026 0.0869999975
0.3050000072 0.004999999888 0.08500000089
0.3050000072 0.004999999888 0.0869999975
0.3070000112 0.001000000047 0.08900000155
0.3070000112 0.003000000026 0.08900000155
0.3070000112 0.001000000047 0.09099999815
0.3070000112 0.003000000026 0.09099999815
0.3050000072 0.004999999888 0.08900000155
0.3070000112 0.004999999888 0.08900000155
0.3050000072 0.004999999888 0.09099999815
0.3070000112 0.004999999888 0.09099999815
0.3070000112 0.001000000047 0.09300000221
0.3070000112 0.003000000026 0.09300000221
0.3070000112 0.001000000047 0.09499999881
0.3070000112 0.003000000026 0.09499999881
0.3050000072 0.004999999888 0.09300000221
0.3050000072 0.004999999888 0.09499999881
0.2949999869 0.007000000216 0.09700000286
0.2949999869 0.007000000216 0.09899999946
0.2930000126 0.001000000047 0.1030000001
0.2949999869 0.007000000216 0.1010000035
0.2949999869 0.007000000216 0.1030000001
0.2969999909 0.007000000216 0.09700000286
0.298999995 0.007000000216 0.09700000286
0.2969999909 0.007000000216 0.09899999946
0.298999995 0.007000000216 0.09899999946
0.300999999 0.007000000216 0.09700000286
0.300999999 0.007000000216 0.09899999946
0.2969999909 0.007000000216 0.1010000035
0.298999995 0.007000000216 0.1010000035
0.2969999909 0.007000000216 0.1030000001
0.298999995 0.007000000216 0.1030000001
0.2930000126 0.001000000047 0.1049999967
0.2930000126 0.001000000047 0.1070000008
0.2949999869 0.004999999888 0.1049999967
0.2949999869 0.004999999888 0.1070000008
0.2949999869 0.004999999888 0.1089999974
0.2949999869 0.004999999888 0.1110000014
0.2969999909 0.007000000216 0.1049999967
0.298999995 0.007000000216 0.1049999967
0.2969999909 0.007000000216 0.1070000008
0.298999995 0.007000000216 0.1070000008
0.300999999 0.007000000216 0.1049999967
0.300999999 0.007000000216 0.1070000008
0.2969999909 0.007000000216 0.1089999974
0.298999995 0.007000000216 0.1089999974
0.2969999909 0.007000000216 0.1110000014
0.298999995 0.007000000216 0.1110000014
0.3070000112 0.001000000047 0.09700000286
0.3070000112 0.003000000026 0.09700000286
0.3070000112 0.001000000047 0.09899999946
0.3070000112 0.003000000026 0.09899999946
0.3050000072 0.004999999888 0.09700000286
0.3050000072 0.004999999888 0.09899999946
0.3070000112 0.004999999888 0.09899999946
0.3070000112 0.001000000047 0.1010000035
0.3070000112 0.003000000026 0.1010000035
0.3070000112 0.001000000047 0.1030000001
0.3070000112 0.003000000026 0.1030000001
0.3050000072 0.004999999888 0.1010000035
0.3070000112 0.004999999888 0.1010000035
0.3050000072 0.004999999888 0.1030000001
0.3070000112 0.004999999888 0.1030000001
0.3070000112 0.001000000047 0.1049999967
0.3070000112 0.003000000026 0.1049999967
0.3070000112 0.001000000047 0.1070000008
0.3070000112 0.003000000026 0.1070000008
0.3050000072 0.004999999888 0.1049999967
0.3050000072 0.004999999888 0.1070000008
0.3050000072 0.007000000216 0.1070000008
0.3070000112 0.001000000047 0.1089999974
0.3070000112 0.003000000026 0.1089999974
0.3070000112 0.001000000047 0.1110000014
0.3070000112 0.003000000026 0.1110000014
0.3050000072 0.004999999888 0.1089999974
0.3070000112 0.004999999888 0.1089999974
0.3050000072 0.004999999888 0.1110000014
0.3070000112 0.004999999888 0.1110000014
0.2930000126 0.001000000047 0.112999998
0.2930000126 0.001000000047 0.1150000021
0.2949999869 0.004999999888 0.112999998
0.2949999869 0.004999999888 0.1150000021
0.2949999869 0.007000000216 0.1150000021
0.2930000126 0.001000000047 0.1169999987
0.2930000126 0.001000000047 0.1190000027
0.2949999869 0.004999999888 0.1169999987
0.2949999869 0.004999999888 0.1190000027
0.2969999909 0.007000000216 0.112999998
0.298999995 0.007000000216 0.112999998
0.2969999909 0.007000000216 0.1150000021
0.298999995 0.007000000216 0.1150000021
0.300999999 0.007000000216 0.112999998
0.300999999 0.007000000216 0.1150000021
0.2969999909 0.007000000216 0.1169999987
0.298999995 0.007000000216 0.1169999987
0.2969999909 0.007000000216 0.1190000027
0.298999995 0.007000000216 0.1190000027
0.2930000126 0.001000000047 0.1209999993
0.2949999869 0.004999999888 0.1209999993
0.2949999869 0.004999999888 0.1230000034
0.2949999869 0.007000000216 0.1230000034
0.2949999869 0.004999999888 0.125
0.2949999869 0.004999999888 0.1270000041
0.2969999909 0.007000000216 0.1209999993
0.298999995 0.007000000216 0.1209999993
0.2969999909 0.007000000216 0.1230000034
0.298999995 0.007000000216 0.1230000034
0.300999999 0.007000000216 0.1209999993
0.300999999 0.007000000216 0.1230000034
0.2969999909 0.007000000216 0.125
0.298999995 0.007000000216 0.125
0.2969999909 0.007000000216 0.1270000041
0.298999995 0.007000000216 0.1270000041
0.3070000112 0.001000000047 0.112999998
0.3070000112 0.003000000026 0.112999998
0.3070000112 0.001000000047 0.1150000021
0.3070000112 0.003000000026 0.1150000021
0.3050000072 0.004999999888 0.112999998
0.3050000072 0.004999999888 0.1150000021
0.3070000112 0.001000000047 0.1169999987
0.3070000112 0.003000000026 0.1169999987
0.3070000112 0.001000000047 0.1190000027
0.3070000112 0.003000000026 0.1190000027
0.3050000072 0.004999999888 0.1169999987
0.3070000112 0.004999999888 0.1169999987
0.3050000072 0.004999999888 0.1190000027
0.3070000112 0.004999999888 0.1190000027
0.3070000112 0.001000000047 0.1209999993
0.3070000112 0.003000000026 0.1209999993
0.3070000112 0.001000000047 0.1230000034
0.3070000112 0.003000000026 0.1230000034
0.3050000072 0.004999999888 0.1209999993
0.3050000072 0.004999999888 0.1230000034
0.3050000072 0.007000000216 0.1230000034
0.3070000112 0.001000000047 0.125
0.3070000112 0.003000000026 0.125
0.3070000112 0.001000000047 0.1270000041
0.3070000112 0.003000000026 0.1270000041
0.3050000072 0.004999999888 0.125
0.3070000112 0.004999999888 0.125
0.3050000072 0.004999999888 0.1270000041
0.3070000112 0.004999999888 0.1270000041
0.2930000126 0.004999999888 0.1289999932
0.2949999869 0.004999999888 0.1289999932
0.2930000126 0.004999999888 0.1309999973
0.2949999869 0.004999999888 0.1350000054
0.2949999869 0.007000000216 0.1350000054
0.2969999909 0.007000000216 0.1289999932
0.298999995 0.007000000216 0.1289999932
0.2969999909 0.007000000216 0.1309999973
0.298999995 0.007000000216 0.1309999973
0.300999999 0.007000000216 0.1289999932
0.2969999909 0.007000000216 0.1330000013
0.298999995 0.007000000216 0.1330000013
0.2969999909 0.007000000216 0.1350000054
0.298999995 0.007000000216 0.1350000054
0.300999999 0.007000000216 0.1350000054
0.2949999869 0.007000000216 0.1369999945
0.2949999869 0.007000000216 0.1389999986
0.2949999869 0.003000000026 0.1430000067
0.2949999869 0.004999999888 0.1410000026
0.2949999869 0.007000000216 0.1410000026
0.2949999869 0.007000000216 0.1430000067
0.2969999909 0.007000000216 0.1369999945
0.298999995 0.007000000216 0.1369999945
0.2969999909 0.007000000216 0.1389999986
0.298999995 0.007000000216 0.1389999986
0.2969999909 0.007000000216 0.1410000026
0.298999995 0.007000000216 0.1410000026
0.2969999909 0.007000000216 0.1430000067
0.298999995 0.007000000216 0.1430000067
0.300999999 0.007000000216 0.1410000026
0.3070000112 0.001000000047 0.1289999932
0.3070000112 0.003000000026 0.1289999932
0.3070000112 0.001000000047 0.1309999973
0.3070000112 0.003000000026 0.1309999973
0.3050000072 0.004999999888 0.1289999932
0.3050000072 0.004999999888 0.1309999973
0.3070000112 0.001000000047 0.1330000013
0.3070000112 0.003000000026 0.1330000013
0.3070000112 0.001000000047 0.1350000054
0.3070000112 0.003000000026 0.1350000054
0.3050000072 0.004999999888 0.1330000013
0.3070000112 0.004999999888 0.1330000013
0.3050000072 0.004999999888 0.1350000054
0.3070000112 0.004999999888 0.1350000054
0.3070000112 0.001000000047 0.1369999945
0.3070000112 0.003000000026 0.1369999945
0.3070000112 0.001000000047 0.1389999986
0.3070000112 0.003000000026 0.1389999986
0.3050000072 0.004999999888 0.1369999945
0.3050000072 0.004999999888 0.1389999986
0.3070000112 0.004999999888 0.1389999986
0.3070000112 0.001000000047 0.1410000026
0.3070000112 0.003000000026 0.1410000026
0.3070000112 0.001000000047 0.1430000067
0.3070000112 0.003000000026 0.1430000067
0.3050000072 0.004999999888 0.1410000026
0.3070000112 0.004999999888 0.1410000026
0.3050000072 0.004999999888 0.1430000067
0.2949999869 0.003000000026 0.1449999958
0.2949999869 0.004999999888 0.1449999958
0.2949999869 0.007000000216 0.1449999958
0.2949999869 0.004999999888 0.1469999999
0.2949999869 0.003000000026 0.1509999931
0.2949999869 0.004999999888 0.1490000039
0.2949999869 0.007000000216 0.1490000039
0.2949999869 0.004999999888 0.1509999931
0.2969999909 0.007000000216 0.1449999958
0.298999995 0.007000000216 0.1449999958
0.2969999909 0.007000000216 0.1469999999
0.298999995 0.007000000216 0.1469999999
0.300999999 0.007000000216 0.1469999999
0.2969999909 0.007000000216 0.1490000039
0.298999995 0.007000000216 0.1490000039
0.2969999909 0.007000000216 0.1509999931
0.298999995 0.007000000216 0.1509999931
0.2949999869 0.003000000026 0.1529999971
0.2949999869 0.003000000026 0.1550000012
0.2949999869 0.004999999888 0.1529999971
0.2949999869 0.004999999888 0.1550000012
0.2949999869 0.004999999888 0.1570000052
0.2949999869 0.004999999888 0.1589999944
0.2949999869 0.007000000216 0.1589999944
0.2969999909 0.007000000216 0.1529999971
0.298999995 0.007000000216 0.1529999971
0.2969999909 0.007000000216 0.1550000012
0.298999995 0.007000000216 0.1550000012
0.2969999909 0.007000000216 0.1570000052
0.298999995 0.007000000216 0.1570000052
0.2969999909 0.007000000216 0.1589999944
0.298999995 0.007000000216 0.1589999944
0.300999999 0.007000000216 0.1570000052
0.3070000112 0.001000000047 0.1449999958
0.3070000112 0.003000000026 0.1449999958
0.3070000112 0.001000000047 0.1469999999
0.3070000112 0.003000000026 0.1469999999
0.3050000072 0.004999999888 0.1449999958
0.3070000112 0.004999999888 0.1449999958
0.3050000072 0.004999999888 0.1469999999
0.3070000112 0.004999999888 0.1469999999
0.3070000112 0.001000000047 0.1490000039
0.3070000112 0.003000000026 0.1490000039
0.3070000112 0.001000000047 0.1509999931
0.3070000112 0.003000000026 0.1509999931
0.3050000072 0.004999999888 0.1490000039
0.3070000112 0.004999999888 0.1490000039
0.3050000072 0.004999999888 0.1509999931
0.3070000112 0.004999999888 0.1509999931
0.3070000112 0.001000000047 0.1529999971
0.3070000112 0.003000000026 0.1529999971
0.3070000112 0.001000000047 0.1550000012
0.3070000112 0.003000000026 0.1550000012
0.3050000072 0.004999999888 0.1529999971
0.3070000112 0.004999999888 0.1529999971
0.3050000072 0.004999999888 0.1550000012
0.3070000112 0.001000000047 0.1570000052
0.3070000112 0.001000000047 0.1589999944
0.2930000126 0.001000000047 0.1609999985
0.2930000126 0.003000000026 0.1609999985
0.2949999869 0.003000000026 0.1609999985
0.2930000126 0.003000000026 0.1630000025
0.2949999869 0.003000000026 0.1630000025
0.2949999869 0.004999999888 0.1609999985
0.2949999869 0.007000000216 0.1609999985
0.2949999869 0.004999999888 0.1630000025
0.2930000126 0.001000000047 0.1650000066
0.2930000126 0.001000000047 0.1669999957
0.2949999869 0.004999999888 0.1650000066
0.2930000126 0.004999999888 0.1669999957
0.2949999869 0.004999999888 0.1669999957
0.2969999909 0.007000000216 0.1609999985
0.298999995 0.007000000216 0.1609999985
0.2969999909 0.007000000216 0.1630000025
0.298999995 0.007000000216 0.1630000025
0.300999999 0.007000000216 0.1609999985
0.2969999909 0.007000000216 0.1650000066
0.298999995 0.007000000216 0.1650000066
0.2969999909 0.007000000216 0.1669999957
0.298999995 0.007000000216 0.1669999957
0.2930000126 0.003000000026 0.1689999998
0.2949999869 0.003000000026 0.1689999998
0.2930000126 0.004999999888 0.1689999998
0.2949999869 0.004999999888 0.1689999998
0.2949999869 0.007000000216 0.1689999998
0.2969999909 0.004999999888 0.1689999998
0.2969999909 0.007000000216 0.1689999998
0.3030000031 0.004999999888 0.1689999998
0.3070000112 0.001000000047 0.1609999985
0.3070000112 0.001000000047 0.1630000025
0.3070000112 0.001000000047 0.1650000066
0.3070000112 0.001000000047 0.1669999957
0.3070000112 0.001000000047 0.1689999998
0.3050000072 0.003000000026 0.1689999998
