# .PCD v0.7 - Point Cloud Data file format
VERSION 0.7
FIELDS x y z
SIZE 4 4 4
TYPE F F F
COUNT 1 1 1
WIDTH 3378
HEIGHT 1
VIEWPOINT 0 0 0 1 0 0 0
POINTS 3378
DATA ascii
-0.003000000026 0.2870000005 0.01099999994
-0.001000000047 0.2870000005 0.01700000092
-0.01099999994 0.2949999869 0.01099999994
-0.01099999994 0.2949999869 0.01300000027
-0.01099999994 0.2949999869 0.01499999966
-0.007000000216 0.2910000086 0.01099999994
-0.004999999888 0.2890000045 0.01499999966
-0.003000000026 0.2890000045 0.01499999966
-0.01300000027 0.298999995 0.01099999994
-0.01300000027 0.300999999 0.01099999994
-0.01300000027 0.3030000031 0.01099999994
-0.01099999994 0.3030000031 0.01099999994
-0.01300000027 0.298999995 0.01300000027
-0.01300000027 0.298999995 0.01499999966
-0.01099999994 0.2969999909 0.01300000027
-0.01099999994 0.2969999909 0.01499999966
-0.01300000027 0.300999999 0.01300000027
-0.01300000027 0.300999999 0.01499999966
-0.01099999994 0.3030000031 0.01300000027
-0.01099999994 0.3030000031 0.01499999966
-0.01099999994 0.3050000072 0.01099999994
-0.01099999994 0.3070000112 0.01099999994
-0.008999999613 0.3070000112 0.01099999994
-0.008999999613 0.3089999855 0.01099999994
-0.01099999994 0.3050000072 0.01300000027
-0.01099999994 0.3070000112 0.01300000027
-0.008999999613 0.3070000112 0.01300000027
-0.008999999613 0.3070000112 0.01499999966
-0.008999999613 0.3089999855 0.01300000027
-0.008999999613 0.3089999855 0.01499999966
-0.007000000216 0.3089999855 0.01099999994
-0.007000000216 0.3109999895 0.01099999994
-0.004999999888 0.3109999895 0.01099999994
-0.007000000216 0.3089999855 0.01300000027
-0.004999999888 0.3109999895 0.01300000027
-0.007000000216 0.3089999855 0.01499999966
-0.007000000216 0.3109999895 0.01499999966
-0.004999999888 0.3109999895 0.01499999966
-0.003000000026 0.3109999895 0.01300000027
-0.003000000026 0.3109999895 0.01499999966
-0.001000000047 0.3129999936 0.01099999994
-0.001000000047 0.3129999936 0.01300000027
-0.003000000026 0.3129999936 0.01499999966
-0.001000000047 0.3129999936 0.01499999966
-0.008999999613 0.2930000126 0.01700000092
-0.01099999994 0.2949999869 0.01700000092
-0.01099999994 0.2949999869 0.01899999939
-0.008999999613 0.2930000126 0.02099999972
-0.01099999994 0.2949999869 0.02300000004
-0.004999999888 0.2890000045 0.01700000092
-0.004999999888 0.2890000045 0.01899999939
-0.007000000216 0.2910000086 0.01899999939
-0.003000000026 0.2890000045 0.01700000092
-0.003000000026 0.2890000045 0.01899999939
-0.004999999888 0.2890000045 0.02099999972
-0.003000000026 0.2890000045 0.02099999972
-0.003000000026 0.2890000045 0.02300000004
-0.01300000027 0.2969999909 0.01700000092
-0.01300000027 0.298999995 0.01700000092
-0.01300000027 0.298999995 0.01899999939
-0.01099999994 0.2969999909 0.01700000092
-0.01300000027 0.300999999 0.01700000092
-0.01300000027 0.300999999 0.01899999939
-0.01099999994 0.3030000031 0.01700000092
-0.01099999994 0.3030000031 0.01899999939
-0.01300000027 0.298999995 0.02099999972
-0.01300000027 0.298999995 0.02300000004
-0.01099999994 0.2969999909 0.02099999972
-0.01099999994 0.2969999909 0.02300000004
-0.01300000027 0.300999999 0.02099999972
-0.01300000027 0.300999999 0.02300000004
-0.01300000027 0.3030000031 0.02300000004
-0.01099999994 0.3030000031 0.02099999972
-0.01099999994 0.3030000031 0.02300000004
-0.008999999613 0.2930000126 0.02500000037
-0.01099999994 0.2949999869 0.0270000007
-0.008999999613 0.2930000126 0.02899999917
-0.01099999994 0.2949999869 0.02899999917
-0.01099999994 0.2930000126 0.03099999949
-0.008999999613 0.2930000126 0.03099999949
-0.004999999888 0.2890000045 0.02500000037
-0.004999999888 0.2890000045 0.0270000007
-0.007000000216 0.2910000086 0.0270000007
-0.003000000026 0.2890000045 0.02500000037
-0.003000000026 0.2890000045 0.0270000007
-0.004999999888 0.2890000045 0.02899999917
-0.004999999888 0.2890000045 0.03099999949
-0.007000000216 0.2910000086 0.03099999949
-0.003000000026 0.2890000045 0.02899999917
-0.003000000026 0.2890000045 0.03099999949
-0.01300000027 0.298999995 0.02500000037
-0.01300000027 0.298999995 0.0270000007
-0.01099999994 0.2969999909 0.02500000037
-0.01099999994 0.2969999909 0.0270000007
-0.01300000027 0.300999999 0.02500000037
-0.01300000027 0.300999999 0.0270000007
-0.01300000027 0.3030000031 0.0270000007
-0.01099999994 0.3030000031 0.02500000037
-0.01099999994 0.3030000031 0.0270000007
-0.01300000027 0.2969999909 0.02899999917
-0.01300000027 0.298999995 0.02899999917
-0.01300000027 0.298999995 0.03099999949
-0.01099999994 0.2969999909 0.02899999917
-0.01300000027 0.300999999 0.02899999917
-0.01300000027 0.3030000031 0.02899999917
-0.01300000027 0.300999999 0.03099999949
-0.01099999994 0.3030000031 0.02899999917
-0.01099999994 0.3030000031 0.03099999949
-0.01099999994 0.3050000072 0.01700000092
-0.01099999994 0.3070000112 0.01700000092
-0.008999999613 0.3070000112 0.01700000092
-0.01099999994 0.3050000072 0.01899999939
-0.01099999994 0.3070000112 0.01899999939
-0.008999999613 0.3070000112 0.01899999939
-0.008999999613 0.3089999855 0.01700000092
-0.008999999613 0.3089999855 0.01899999939
-0.01099999994 0.3050000072 0.02099999972
-0.01099999994 0.3070000112 0.02099999972
-0.008999999613 0.3070000112 0.02099999972
-0.01099999994 0.3050000072 0.02300000004
-0.01099999994 0.3070000112 0.02300000004
-0.008999999613 0.3070000112 0.02300000004
-0.008999999613 0.3089999855 0.02099999972
-0.008999999613 0.3089999855 0.02300000004
-0.007000000216 0.3109999895 0.01700000092
-0.004999999888 0.3109999895 0.01700000092
-0.007000000216 0.3109999895 0.01899999939
-0.004999999888 0.3109999895 0.01899999939
-0.003000000026 0.3109999895 0.01700000092
-0.007000000216 0.3089999855 0.02099999972
-0.007000000216 0.3109999895 0.02099999972
-0.004999999888 0.3109999895 0.02099999972
-0.007000000216 0.3109999895 0.02300000004
-0.004999999888 0.3109999895 0.02300000004
-0.003000000026 0.3109999895 0.02300000004
-0.003000000026 0.3129999936 0.01700000092
-0.001000000047 0.3129999936 0.01700000092
-0.003000000026 0.3129999936 0.01899999939
-0.001000000047 0.3129999936 0.01899999939
-0.003000000026 0.3129999936 0.02099999972
-0.001000000047 0.3129999936 0.02099999972
-0.003000000026 0.3129999936 0.02300000004
-0.001000000047 0.3129999936 0.02300000004
-0.01099999994 0.3050000072 0.02500000037
-0.01099999994 0.3070000112 0.02500000037
-0.008999999613 0.3070000112 0.02500000037
-0.01099999994 0.3050000072 0.0270000007
-0.01099999994 0.3070000112 0.0270000007
-0.008999999613 0.3070000112 0.0270000007
-0.008999999613 0.3089999855 0.02500000037
-0.008999999613 0.3089999855 0.0270000007
-0.01099999994 0.3050000072 0.02899999917
-0.01099999994 0.3070000112 0.02899999917
-0.008999999613 0.3070000112 0.02899999917
-0.01099999994 0.3050000072 0.03099999949
-0.01099999994 0.3070000112 0.03099999949
-0.008999999613 0.3070000112 0.03099999949
-0.008999999613 0.3089999855 0.02899999917
-0.008999999613 0.3089999855 0.03099999949
-0.007000000216 0.3089999855 0.02500000037
-0.007000000216 0.3109999895 0.02500000037
-0.004999999888 0.3109999895 0.02500000037
-0.007000000216 0.3089999855 0.0270000007
-0.007000000216 0.3109999895 0.0270000007
-0.004999999888 0.3109999895 0.0270000007
-0.003000000026 0.3109999895 0.02500000037
-0.003000000026 0.3109999895 0.0270000007
-0.007000000216 0.3089999855 0.02899999917
-0.007000000216 0.3109999895 0.02899999917
-0.004999999888 0.3109999895 0.02899999917
-0.007000000216 0.3089999855 0.03099999949
-0.007000000216 0.3109999895 0.03099999949
-0.004999999888 0.3109999895 0.03099999949
-0.003000000026 0.3129999936 0.02500000037
-0.001000000047 0.3129999936 0.02500000037
-0.001000000047 0.3129999936 0.0270000007
-0.003000000026 0.3129999936 0.02899999917
-0.001000000047 0.3129999936 0.02899999917
-0.003000000026 0.3129999936 0.03099999949
-0.001000000047 0.3129999936 0.03099999949
-0.001000000047 0.2870000005 0.03500000015
-0.001000000047 0.2870000005 0.03700000048
-0.008999999613 0.2930000126 0.03500000015
-0.01099999994 0.2949999869 0.03500000015
-0.01099999994 0.2949999869 0.03700000048
-0.004999999888 0.2890000045 0.03500000015
-0.007000000216 0.2910000086 0.03500000015
-0.004999999888 0.2890000045 0.03700000048
-0.007000000216 0.2890000045 0.0390000008
-0.004999999888 0.2890000045 0.0390000008
-0.007000000216 0.2910000086 0.0390000008
-0.003000000026 0.2890000045 0.0390000008
-0.01300000027 0.2969999909 0.03299999982
-0.01300000027 0.298999995 0.03500000015
-0.01099999994 0.2969999909 0.03299999982
-0.01099999994 0.2969999909 0.03500000015
-0.01300000027 0.300999999 0.03299999982
-0.01300000027 0.3030000031 0.03299999982
-0.01300000027 0.300999999 0.03500000015
-0.01099999994 0.3030000031 0.03299999982
-0.01099999994 0.3030000031 0.03500000015
-0.01300000027 0.298999995 0.03700000048
-0.01300000027 0.2969999909 0.0390000008
-0.01300000027 0.298999995 0.0390000008
-0.01099999994 0.2969999909 0.03700000048
-0.01099999994 0.2969999909 0.0390000008
-0.01300000027 0.300999999 0.03700000048
-0.01300000027 0.300999999 0.0390000008
-0.01300000027 0.3030000031 0.0390000008
-0.01099999994 0.3030000031 0.03700000048
-0.01099999994 0.3030000031 0.0390000008
-0.008999999613 0.2930000126 0.04100000113
-0.01099999994 0.2949999869 0.04100000113
-0.01099999994 0.2930000126 0.04300000146
-0.008999999613 0.2930000126 0.04300000146
-0.01099999994 0.2949999869 0.04300000146
-0.008999999613 0.2930000126 0.04500000179
-0.01099999994 0.2949999869 0.04500000179
-0.004999999888 0.2890000045 0.04100000113
-0.007000000216 0.2910000086 0.04100000113
-0.004999999888 0.2890000045 0.04300000146
-0.007000000216 0.2910000086 0.04300000146
-0.003000000026 0.2890000045 0.04300000146
-0.004999999888 0.2890000045 0.04500000179
-0.007000000216 0.2910000086 0.04500000179
-0.007000000216 0.2910000086 0.04699999839
-0.003000000026 0.2890000045 0.04500000179
-0.01300000027 0.2969999909 0.04100000113
-0.01300000027 0.298999995 0.04300000146
-0.01099999994 0.2969999909 0.04300000146
-0.01300000027 0.300999999 0.04100000113
-0.01300000027 0.300999999 0.04300000146
-0.01300000027 0.3030000031 0.04300000146
-0.01099999994 0.3030000031 0.04100000113
-0.01099999994 0.3030000031 0.04300000146
-0.01300000027 0.298999995 0.04500000179
-0.01300000027 0.298999995 0.04699999839
-0.01099999994 0.2969999909 0.04500000179
-0.01099999994 0.2969999909 0.04699999839
-0.01300000027 0.300999999 0.04500000179
-0.01300000027 0.300999999 0.04699999839
-0.01300000027 0.3030000031 0.04699999839
-0.01099999994 0.3030000031 0.04500000179
-0.01099999994 0.3030000031 0.04699999839
-0.01099999994 0.3050000072 0.03299999982
-0.01099999994 0.3070000112 0.03299999982
-0.008999999613 0.3070000112 0.03299999982
-0.01099999994 0.3050000072 0.03500000015
-0.008999999613 0.3070000112 0.03500000015
-0.008999999613 0.3089999855 0.03299999982
-0.008999999613 0.3089999855 0.03500000015
-0.01099999994 0.3050000072 0.03700000048
-0.01099999994 0.3070000112 0.03700000048
-0.008999999613 0.3070000112 0.03700000048
-0.01099999994 0.3050000072 0.0390000008
-0.01099999994 0.3070000112 0.0390000008
-0.008999999613 0.3070000112 0.0390000008
-0.008999999613 0.3089999855 0.03700000048
-0.008999999613 0.3089999855 0.0390000008
-0.007000000216 0.3089999855 0.03299999982
-0.007000000216 0.3109999895 0.03299999982
-0.004999999888 0.3109999895 0.03299999982
-0.007000000216 0.3089999855 0.03500000015
-0.007000000216 0.3109999895 0.03500000015
-0.004999999888 0.3109999895 0.03500000015
-0.003000000026 0.3109999895 0.03299999982
-0.007000000216 0.3089999855 0.03700000048
-0.007000000216 0.3109999895 0.03700000048
-0.004999999888 0.3109999895 0.03700000048
-0.007000000216 0.3089999855 0.0390000008
-0.007000000216 0.3109999895 0.0390000008
-0.004999999888 0.3109999895 0.0390000008
-0.003000000026 0.3109999895 0.0390000008
-0.003000000026 0.3129999936 0.03299999982
-0.001000000047 0.3129999936 0.03299999982
-0.003000000026 0.3129999936 0.03500000015
-0.001000000047 0.3129999936 0.03500000015
-0.003000000026 0.3129999936 0.03700000048
-0.001000000047 0.3129999936 0.03700000048
-0.003000000026 0.3129999936 0.0390000008
-0.001000000047 0.3129999936 0.0390000008
-0.01099999994 0.3050000072 0.04100000113
-0.01099999994 0.3070000112 0.04100000113
-0.008999999613 0.3070000112 0.04100000113
-0.01099999994 0.3050000072 0.04300000146
-0.01099999994 0.3070000112 0.04300000146
-0.008999999613 0.3070000112 0.04300000146
-0.008999999613 0.3089999855 0.04100000113
-0.008999999613 0.3089999855 0.04300000146
-0.01099999994 0.3050000072 0.04500000179
-0.01099999994 0.3070000112 0.04500000179
-0.008999999613 0.3070000112 0.04500000179
-0.01099999994 0.3050000072 0.04699999839
-0.01099999994 0.3070000112 0.04699999839
-0.008999999613 0.3070000112 0.04699999839
-0.008999999613 0.3089999855 0.04500000179
-0.008999999613 0.3089999855 0.04699999839
-0.007000000216 0.3089999855 0.04100000113
-0.007000000216 0.3109999895 0.04100000113
-0.004999999888 0.3109999895 0.04100000113
-0.007000000216 0.3089999855 0.04300000146
-0.007000000216 0.3109999895 0.04300000146
-0.004999999888 0.3109999895 0.04300000146
-0.003000000026 0.3109999895 0.04100000113
-0.003000000026 0.3109999895 0.04300000146
-0.007000000216 0.3089999855 0.04500000179
-0.007000000216 0.3109999895 0.04500000179
-0.004999999888 0.3109999895 0.04500000179
-0.007000000216 0.3089999855 0.04699999839
-0.007000000216 0.3109999895 0.04699999839
-0.004999999888 0.3109999895 0.04699999839
-0.001000000047 0.3129999936 0.04100000113
-0.003000000026 0.3129999936 0.04300000146
-0.001000000047 0.3129999936 0.04300000146
-0.003000000026 0.3129999936 0.04500000179
-0.001000000047 0.3129999936 0.04500000179
-0.003000000026 0.3129999936 0.04699999839
-0.001000000047 0.3129999936 0.04699999839
-0.008999999613 0.2910000086 0.04899999872
-0.01099999994 0.2949999869 0.04899999872
-0.01099999994 0.2949999869 0.05099999905
-0.01099999994 0.2930000126 0.05299999937
-0.008999999613 0.2930000126 0.05299999937
-0.01099999994 0.2949999869 0.05299999937
-0.01099999994 0.2949999869 0.0549999997
-0.004999999888 0.2890000045 0.04899999872
-0.007000000216 0.2910000086 0.04899999872
-0.004999999888 0.2890000045 0.05099999905
-0.007000000216 0.2910000086 0.05099999905
-0.003000000026 0.2890000045 0.04899999872
-0.003000000026 0.2890000045 0.05099999905
-0.004999999888 0.2890000045 0.05299999937
-0.003000000026 0.2890000045 0.05299999937
-0.003000000026 0.2890000045 0.0549999997
-0.01300000027 0.298999995 0.04899999872
-0.01300000027 0.2969999909 0.05099999905
-0.01300000027 0.298999995 0.05099999905
-0.01099999994 0.2969999909 0.05099999905
-0.01300000027 0.300999999 0.04899999872
-0.01300000027 0.3030000031 0.04899999872
-0.01300000027 0.300999999 0.05099999905
-0.01099999994 0.3030000031 0.04899999872
-0.01099999994 0.3030000031 0.05099999905
-0.01300000027 0.298999995 0.05299999937
-0.01300000027 0.2969999909 0.0549999997
-0.01300000027 0.298999995 0.0549999997
-0.01099999994 0.2969999909 0.05299999937
-0.01099999994 0.2969999909 0.0549999997
-0.01300000027 0.300999999 0.05299999937
-0.01300000027 0.3030000031 0.05299999937
-0.01300000027 0.300999999 0.0549999997
-0.01099999994 0.3030000031 0.05299999937
-0.01099999994 0.3030000031 0.0549999997
-0.008999999613 0.2930000126 0.05900000036
-0.01099999994 0.2949999869 0.05900000036
-0.01099999994 0.2949999869 0.06100000069
-0.01099999994 0.2930000126 0.06300000101
-0.004999999888 0.2890000045 0.05700000003
-0.007000000216 0.2910000086 0.05700000003
-0.004999999888 0.2890000045 0.05900000036
-0.007000000216 0.2910000086 0.05900000036
-0.003000000026 0.2890000045 0.05700000003
-0.003000000026 0.2890000045 0.05900000036
-0.004999999888 0.2890000045 0.06100000069
-0.007000000216 0.2910000086 0.06100000069
-0.004999999888 0.2890000045 0.06300000101
-0.007000000216 0.2910000086 0.06300000101
-0.01300000027 0.2969999909 0.05700000003
-0.01300000027 0.298999995 0.05700000003
-0.01300000027 0.298999995 0.05900000036
-0.01099999994 0.2969999909 0.05700000003
-0.01300000027 0.300999999 0.05700000003
-0.01300000027 0.3030000031 0.05700000003
-0.01300000027 0.300999999 0.05900000036
-0.01099999994 0.3030000031 0.05700000003
-0.01099999994 0.3030000031 0.05900000036
-0.01300000027 0.2969999909 0.06100000069
-0.01300000027 0.298999995 0.06100000069
-0.01300000027 0.2969999909 0.06300000101
-0.01300000027 0.298999995 0.06300000101
-0.01099999994 0.2969999909 0.06300000101
-0.01300000027 0.300999999 0.06100000069
-0.01300000027 0.3030000031 0.06100000069
-0.01300000027 0.300999999 0.06300000101
-0.01099999994 0.3030000031 0.06100000069
-0.01099999994 0.3030000031 0.06300000101
-0.01099999994 0.3050000072 0.04899999872
-0.01099999994 0.3070000112 0.04899999872
-0.008999999613 0.3070000112 0.04899999872
-0.01099999994 0.3050000072 0.05099999905
-0.01099999994 0.3070000112 0.05099999905
-0.008999999613 0.3070000112 0.05099999905
-0.008999999613 0.3089999855 0.04899999872
-0.008999999613 0.3089999855 0.05099999905
-0.01099999994 0.3050000072 0.05299999937
-0.01099999994 0.3070000112 0.05299999937
-0.01099999994 0.3050000072 0.0549999997
-0.01099999994 0.3070000112 0.0549999997
-0.008999999613 0.3070000112 0.0549999997
-0.008999999613 0.3089999855 0.05299999937
-0.008999999613 0.3089999855 0.0549999997
-0.007000000216 0.3089999855 0.04899999872
-0.007000000216 0.3109999895 0.04899999872
-0.004999999888 0.3109999895 0.04899999872
-0.007000000216 0.3089999855 0.05099999905
-0.007000000216 0.3109999895 0.05099999905
-0.004999999888 0.3109999895 0.05099999905
-0.003000000026 0.3109999895 0.05099999905
-0.007000000216 0.3089999855 0.05299999937
-0.007000000216 0.3109999895 0.05299999937
-0.004999999888 0.3109999895 0.05299999937
-0.007000000216 0.3089999855 0.0549999997
-0.007000000216 0.3109999895 0.0549999997
-0.004999999888 0.3109999895 0.0549999997
-0.003000000026 0.3109999895 0.05299999937
-0.003000000026 0.3109999895 0.0549999997
-0.003000000026 0.3129999936 0.04899999872
-0.001000000047 0.3129999936 0.04899999872
-0.003000000026 0.3129999936 0.05099999905
-0.001000000047 0.3129999936 0.05099999905
-0.003000000026 0.3129999936 0.05299999937
-0.001000000047 0.3129999936 0.05299999937
-0.001000000047 0.3129999936 0.0549999997
-0.01099999994 0.3050000072 0.05700000003
-0.01099999994 0.3070000112 0.05700000003
-0.008999999613 0.3070000112 0.05700000003
-0.01099999994 0.3050000072 0.05900000036
-0.01099999994 0.3070000112 0.05900000036
-0.008999999613 0.3070000112 0.05900000036
-0.008999999613 0.3089999855 0.05700000003
-0.008999999613 0.3089999855 0.05900000036
-0.01099999994 0.3050000072 0.06100000069
-0.01099999994 0.3070000112 0.06100000069
-0.008999999613 0.3070000112 0.06100000069
-0.01099999994 0.3050000072 0.06300000101
-0.01099999994 0.3070000112 0.06300000101
-0.008999999613 0.3070000112 0.06300000101
-0.008999999613 0.3089999855 0.06100000069
-0.008999999613 0.3089999855 0.06300000101
-0.007000000216 0.3089999855 0.05700000003
-0.007000000216 0.3109999895 0.05700000003
-0.004999999888 0.3109999895 0.05700000003
-0.007000000216 0.3089999855 0.05900000036
-0.007000000216 0.3109999895 0.05900000036
-0.004999999888 0.3109999895 0.05900000036
-0.003000000026 0.3109999895 0.05900000036
-0.007000000216 0.3089999855 0.06100000069
-0.007000000216 0.3109999895 0.06100000069
-0.004999999888 0.3109999895 0.06100000069
-0.007000000216 0.3089999855 0.06300000101
-0.007000000216 0.3109999895 0.06300000101
-0.004999999888 0.3109999895 0.06300000101
-0.003000000026 0.3109999895 0.06300000101
-0.003000000026 0.3129999936 0.05700000003
-0.001000000047 0.3129999936 0.05700000003
-0.003000000026 0.3129999936 0.05900000036
-0.001000000047 0.3129999936 0.05900000036
-0.003000000026 0.3129999936 0.06100000069
-0.001000000047 0.3129999936 0.06100000069
-0.003000000026 0.3129999936 0.06300000101
-0.001000000047 0.3129999936 0.06300000101
-0.001000000047 0.2870000005 0.08100000024
-0.001000000047 0.2870000005 0.08299999684
-0.01099999994 0.2949999869 0.06499999762
-0.01099999994 0.2949999869 0.06700000167
-0.008999999613 0.2930000126 0.06899999827
-0.01099999994 0.2949999869 0.06899999827
-0.01099999994 0.2949999869 0.07100000232
-0.004999999888 0.2890000045 0.06499999762
-0.007000000216 0.2910000086 0.06499999762
-0.004999999888 0.2890000045 0.06700000167
-0.007000000216 0.2910000086 0.06700000167
-0.004999999888 0.2890000045 0.06899999827
-0.007000000216 0.2910000086 0.06899999827
-0.007000000216 0.2910000086 0.07100000232
-0.003000000026 0.2890000045 0.06899999827
-0.003000000026 0.2890000045 0.07100000232
-0.01300000027 0.298999995 0.06499999762
-0.01300000027 0.298999995 0.06700000167
-0.01099999994 0.2969999909 0.06499999762
-0.01099999994 0.2969999909 0.06700000167
-0.01300000027 0.300999999 0.06499999762
-0.01300000027 0.3030000031 0.06499999762
-0.01300000027 0.300999999 0.06700000167
-0.01300000027 0.3030000031 0.06700000167
-0.01099999994 0.3030000031 0.06499999762
-0.01099999994 0.3030000031 0.06700000167
-0.01300000027 0.2969999909 0.06899999827
-0.01300000027 0.298999995 0.06899999827
-0.01300000027 0.298999995 0.07100000232
-0.01300000027 0.300999999 0.06899999827
-0.01300000027 0.3030000031 0.06899999827
-0.01300000027 0.300999999 0.07100000232
-0.01099999994 0.3030000031 0.06899999827
-0.01099999994 0.3030000031 0.07100000232
-0.008999999613 0.2930000126 0.07299999893
-0.01099999994 0.2949999869 0.07299999893
-0.008999999613 0.2930000126 0.07500000298
-0.01099999994 0.2949999869 0.07500000298
-0.01099999994 0.2949999869 0.07699999958
-0.01099999994 0.2930000126 0.07900000364
-0.003000000026 0.2890000045 0.07299999893
-0.003000000026 0.2890000045 0.07500000298
-0.007000000216 0.2910000086 0.07699999958
-0.007000000216 0.2910000086 0.07900000364
-0.003000000026 0.2890000045 0.07900000364
-0.01300000027 0.298999995 0.07299999893
-0.01300000027 0.298999995 0.07500000298
-0.01099999994 0.2969999909 0.07299999893
-0.01099999994 0.2969999909 0.07500000298
-0.01300000027 0.300999999 0.07299999893
-0.01300000027 0.3030000031 0.07299999893
-0.01300000027 0.300999999 0.07500000298
-0.01300000027 0.3030000031 0.07500000298
-0.01099999994 0.3030000031 0.07299999893
-0.01099999994 0.3030000031 0.07500000298
-0.01300000027 0.298999995 0.07699999958
-0.01300000027 0.2969999909 0.07900000364
-0.01300000027 0.298999995 0.07900000364
-0.01099999994 0.2969999909 0.07699999958
-0.01099999994 0.2969999909 0.07900000364
-0.01300000027 0.300999999 0.07699999958
-0.01300000027 0.300999999 0.07900000364
-0.01099999994 0.3030000031 0.07699999958
-0.01099999994 0.3030000031 0.07900000364
-0.01099999994 0.3050000072 0.06499999762
-0.01099999994 0.3070000112 0.06499999762
-0.008999999613 0.3070000112 0.06499999762
-0.01099999994 0.3050000072 0.06700000167
-0.01099999994 0.3070000112 0.06700000167
-0.008999999613 0.3070000112 0.06700000167
-0.008999999613 0.3089999855 0.06499999762
-0.008999999613 0.3089999855 0.06700000167
-0.01099999994 0.3050000072 0.06899999827
-0.01099999994 0.3070000112 0.06899999827
-0.008999999613 0.3070000112 0.06899999827
-0.01099999994 0.3050000072 0.07100000232
-0.01099999994 0.3070000112 0.07100000232
-0.008999999613 0.3070000112 0.07100000232
-0.008999999613 0.3089999855 0.06899999827
-0.008999999613 0.3089999855 0.07100000232
-0.007000000216 0.3089999855 0.06499999762
-0.007000000216 0.3109999895 0.06499999762
-0.004999999888 0.3109999895 0.06499999762
-0.007000000216 0.3089999855 0.06700000167
-0.007000000216 0.3109999895 0.06700000167
-0.004999999888 0.3109999895 0.06700000167
-0.003000000026 0.3109999895 0.06499999762
-0.003000000026 0.3109999895 0.06700000167
-0.007000000216 0.3089999855 0.06899999827
-0.007000000216 0.3109999895 0.06899999827
-0.004999999888 0.3109999895 0.06899999827
-0.007000000216 0.3089999855 0.07100000232
-0.007000000216 0.3109999895 0.07100000232
-0.004999999888 0.3109999895 0.07100000232
-0.003000000026 0.3109999895 0.06899999827
-0.003000000026 0.3129999936 0.06499999762
-0.001000000047 0.3129999936 0.06499999762
-0.001000000047 0.3129999936 0.06700000167
-0.001000000047 0.3129999936 0.06899999827
-0.003000000026 0.3129999936 0.07100000232
-0.001000000047 0.3129999936 0.07100000232
-0.01099999994 0.3050000072 0.07299999893
-0.01099999994 0.3070000112 0.07299999893
-0.008999999613 0.3070000112 0.07299999893
-0.01099999994 0.3050000072 0.07500000298
-0.01099999994 0.3070000112 0.07500000298
-0.008999999613 0.3070000112 0.07500000298
-0.008999999613 0.3089999855 0.07299999893
-0.008999999613 0.3089999855 0.07500000298
-0.01099999994 0.3050000072 0.07699999958
-0.01099999994 0.3070000112 0.07699999958
-0.008999999613 0.3070000112 0.07699999958
-0.01099999994 0.3050000072 0.07900000364
-0.01099999994 0.3070000112 0.07900000364
-0.008999999613 0.3070000112 0.07900000364
-0.008999999613 0.3089999855 0.07699999958
-0.008999999613 0.3089999855 0.07900000364
-0.007000000216 0.3089999855 0.07299999893
-0.007000000216 0.3109999895 0.07299999893
-0.004999999888 0.3109999895 0.07299999893
-0.007000000216 0.3089999855 0.07500000298
-0.007000000216 0.3109999895 0.07500000298
-0.004999999888 0.3109999895 0.07500000298
-0.003000000026 0.3109999895 0.07500000298
-0.007000000216 0.3089999855 0.07699999958
-0.007000000216 0.3109999895 0.07699999958
-0.004999999888 0.3109999895 0.07699999958
-0.007000000216 0.3109999895 0.07900000364
-0.004999999888 0.3109999895 0.07900000364
-0.003000000026 0.3109999895 0.07699999958
-0.003000000026 0.3109999895 0.07900000364
-0.003000000026 0.3129999936 0.07299999893
-0.001000000047 0.3129999936 0.07299999893
-0.003000000026 0.3129999936 0.07500000298
-0.001000000047 0.3129999936 0.07500000298
-0.003000000026 0.3129999936 0.07699999958
-0.001000000047 0.3129999936 0.07699999958
-0.003000000026 0.3129999936 0.07900000364
-0.001000000047 0.3129999936 0.07900000364
-0.01099999994 0.2949999869 0.08100000024
-0.01099999994 0.2949999869 0.08299999684
-0.01099999994 0.2949999869 0.08500000089
-0.01099999994 0.2930000126 0.0869999975
-0.008999999613 0.2930000126 0.0869999975
-0.01099999994 0.2949999869 0.0869999975
-0.007000000216 0.2910000086 0.08299999684
-0.003000000026 0.2890000045 0.08299999684
-0.004999999888 0.2890000045 0.08500000089
-0.007000000216 0.2910000086 0.08500000089
-0.003000000026 0.2890000045 0.08500000089
-0.003000000026 0.2890000045 0.0869999975
-0.01300000027 0.2969999909 0.08100000024
-0.01300000027 0.298999995 0.08100000024
-0.01300000027 0.298999995 0.08299999684
-0.01099999994 0.2969999909 0.08100000024
-0.01099999994 0.2969999909 0.08299999684
-0.01300000027 0.300999999 0.08100000024
-0.01300000027 0.300999999 0.08299999684
-0.01300000027 0.3030000031 0.08299999684
-0.01099999994 0.3030000031 0.08100000024
-0.01099999994 0.3030000031 0.08299999684
-0.01300000027 0.2969999909 0.08500000089
-0.01300000027 0.298999995 0.08500000089
-0.01300000027 0.2969999909 0.0869999975
-0.01300000027 0.298999995 0.0869999975
-0.01099999994 0.2969999909 0.08500000089
-0.01300000027 0.300999999 0.08500000089
-0.01300000027 0.300999999 0.0869999975
-0.01099999994 0.3030000031 0.08500000089
-0.01099999994 0.3030000031 0.0869999975
-0.008999999613 0.2930000126 0.08900000155
-0.01099999994 0.2949999869 0.08900000155
-0.01099999994 0.2949999869 0.09099999815
-0.008999999613 0.2910000086 0.09300000221
-0.01099999994 0.2949999869 0.09300000221
-0.01099999994 0.2930000126 0.09499999881
-0.01099999994 0.2949999869 0.09499999881
-0.004999999888 0.2890000045 0.09099999815
-0.003000000026 0.2890000045 0.08900000155
-0.003000000026 0.2890000045 0.09099999815
-0.007000000216 0.2910000086 0.09300000221
-0.004999999888 0.2890000045 0.09499999881
-0.003000000026 0.2890000045 0.09300000221
-0.01300000027 0.2969999909 0.08900000155
-0.01300000027 0.298999995 0.08900000155
-0.01300000027 0.298999995 0.09099999815
-0.01099999994 0.2969999909 0.08900000155
-0.01099999994 0.2969999909 0.09099999815
-0.01300000027 0.300999999 0.08900000155
-0.01300000027 0.300999999 0.09099999815
-0.01099999994 0.3030000031 0.08900000155
-0.01099999994 0.3030000031 0.09099999815
-0.01300000027 0.2969999909 0.09300000221
-0.01300000027 0.298999995 0.09300000221
-0.01300000027 0.2969999909 0.09499999881
-0.01300000027 0.298999995 0.09499999881
-0.01099999994 0.2969999909 0.09300000221
-0.01300000027 0.300999999 0.09300000221
-0.01300000027 0.3030000031 0.09300000221
-0.01300000027 0.300999999 0.09499999881
-0.01099999994 0.3030000031 0.09300000221
-0.01099999994 0.3030000031 0.09499999881
-0.01099999994 0.3050000072 0.08100000024
-0.01099999994 0.3070000112 0.08100000024
-0.008999999613 0.3070000112 0.08100000024
-0.01099999994 0.3050000072 0.08299999684
-0.01099999994 0.3070000112 0.08299999684
-0.008999999613 0.3070000112 0.08299999684
-0.008999999613 0.3089999855 0.08100000024
-0.008999999613 0.3089999855 0.08299999684
-0.01099999994 0.3050000072 0.08500000089
-0.01099999994 0.3070000112 0.08500000089
-0.008999999613 0.3070000112 0.08500000089
-0.01099999994 0.3050000072 0.0869999975
-0.01099999994 0.3070000112 0.0869999975
-0.008999999613 0.3070000112 0.0869999975
-0.008999999613 0.3089999855 0.08500000089
-0.008999999613 0.3089999855 0.0869999975
-0.007000000216 0.3089999855 0.08100000024
-0.007000000216 0.3109999895 0.08100000024
-0.004999999888 0.3109999895 0.08100000024
-0.007000000216 0.3089999855 0.08299999684
-0.007000000216 0.3109999895 0.08299999684
-0.004999999888 0.3109999895 0.08299999684
-0.003000000026 0.3109999895 0.08100000024
-0.003000000026 0.3109999895 0.08299999684
-0.007000000216 0.3089999855 0.08500000089
-0.007000000216 0.3109999895 0.08500000089
-0.004999999888 0.3109999895 0.08500000089
-0.007000000216 0.3089999855 0.0869999975
-0.007000000216 0.3109999895 0.0869999975
-0.004999999888 0.3109999895 0.0869999975
-0.003000000026 0.3109999895 0.08500000089
-0.003000000026 0.3109999895 0.0869999975
-0.001000000047 0.3129999936 0.08100000024
-0.003000000026 0.3129999936 0.08299999684
-0.001000000047 0.3129999936 0.08299999684
-0.003000000026 0.3129999936 0.08500000089
-0.001000000047 0.3129999936 0.08500000089
-0.003000000026 0.3129999936 0.0869999975
-0.001000000047 0.3129999936 0.0869999975
-0.01099999994 0.3050000072 0.08900000155
-0.01099999994 0.3070000112 0.08900000155
-0.008999999613 0.3070000112 0.08900000155
-0.01099999994 0.3050000072 0.09099999815
-0.01099999994 0.3070000112 0.09099999815
-0.008999999613 0.3070000112 0.09099999815
-0.008999999613 0.3089999855 0.08900000155
-0.008999999613 0.3089999855 0.09099999815
-0.01099999994 0.3050000072 0.09300000221
-0.01099999994 0.3070000112 0.09300000221
-0.008999999613 0.3070000112 0.09300000221
-0.01099999994 0.3050000072 0.09499999881
-0.01099999994 0.3070000112 0.09499999881
-0.008999999613 0.3070000112 0.09499999881
-0.008999999613 0.3089999855 0.09300000221
-0.008999999613 0.3089999855 0.09499999881
-0.007000000216 0.3089999855 0.08900000155
-0.007000000216 0.3109999895 0.08900000155
-0.004999999888 0.3109999895 0.08900000155
-0.007000000216 0.3089999855 0.09099999815
-0.007000000216 0.3109999895 0.09099999815
-0.004999999888 0.3109999895 0.09099999815
-0.003000000026 0.3109999895 0.08900000155
-0.003000000026 0.3109999895 0.09099999815
-0.007000000216 0.3089999855 0.09300000221
-0.007000000216 0.3109999895 0.09300000221
-0.004999999888 0.3109999895 0.09300000221
-0.007000000216 0.3089999855 0.09499999881
-0.007000000216 0.3109999895 0.09499999881
-0.004999999888 0.3109999895 0.09499999881
-0.003000000026 0.3109999895 0.09300000221
-0.003000000026 0.3109999895 0.09499999881
-0.003000000026 0.3129999936 0.08900000155
-0.001000000047 0.3129999936 0.08900000155
-0.001000000047 0.3129999936 0.09099999815
-0.003000000026 0.3129999936 0.09300000221
-0.001000000047 0.3129999936 0.09300000221
-0.003000000026 0.3129999936 0.09499999881
-0.001000000047 0.3129999936 0.09499999881
-0.001000000047 0.2870000005 0.1070000008
-0.001000000047 0.2870000005 0.1150000021
-0.001000000047 0.2870000005 0.1230000034
-0.001000000047 0.2870000005 0.125
-0.01099999994 0.2930000126 0.09700000286
-0.01099999994 0.2949999869 0.09700000286
-0.008999999613 0.2930000126 0.09899999946
-0.01099999994 0.2949999869 0.09899999946
-0.01099999994 0.2949999869 0.1010000035
-0.01099999994 0.2930000126 0.1030000001
-0.008999999613 0.2930000126 0.1030000001
-0.01099999994 0.2949999869 0.1030000001
-0.007000000216 0.2910000086 0.09700000286
-0.003000000026 0.2890000045 0.09700000286
-0.004999999888 0.2890000045 0.1010000035
-0.007000000216 0.2910000086 0.1010000035
-0.004999999888 0.2890000045 0.1030000001
-0.007000000216 0.2910000086 0.1030000001
-0.01300000027 0.298999995 0.09700000286
-0.01300000027 0.298999995 0.09899999946
-0.01099999994 0.2969999909 0.09700000286
-0.01099999994 0.2969999909 0.09899999946
-0.01300000027 0.300999999 0.09700000286
-0.01300000027 0.300999999 0.09899999946
-0.01099999994 0.3030000031 0.09700000286
-0.01099999994 0.3030000031 0.09899999946
-0.01300000027 0.298999995 0.1010000035
-0.01300000027 0.298999995 0.1030000001
-0.01099999994 0.2969999909 0.1010000035
-0.01099999994 0.2969999909 0.1030000001
-0.01300000027 0.300999999 0.1010000035
-0.01300000027 0.3030000031 0.1010000035
-0.01300000027 0.300999999 0.1030000001
-0.01099999994 0.3030000031 0.1010000035
-0.01099999994 0.3030000031 0.1030000001
-0.01099999994 0.2930000126 0.1049999967
-0.008999999613 0.2930000126 0.1049999967
-0.01099999994 0.2949999869 0.1049999967
-0.008999999613 0.2930000126 0.1070000008
-0.01099999994 0.2949999869 0.1070000008
-0.01099999994 0.2949999869 0.1089999974
-0.008999999613 0.2930000126 0.1110000014
-0.01099999994 0.2949999869 0.1110000014
-0.004999999888 0.2890000045 0.1070000008
-0.007000000216 0.2910000086 0.1070000008
-0.003000000026 0.2890000045 0.1070000008
-0.004999999888 0.2890000045 0.1089999974
-0.004999999888 0.2890000045 0.1110000014
-0.007000000216 0.2910000086 0.1110000014
-0.01300000027 0.298999995 0.1049999967
-0.01300000027 0.298999995 0.1070000008
-0.01099999994 0.2969999909 0.1049999967
-0.01099999994 0.2969999909 0.1070000008
-0.01300000027 0.300999999 0.1049999967
-0.01300000027 0.3030000031 0.1049999967
-0.01300000027 0.300999999 0.1070000008
-0.01300000027 0.3030000031 0.1070000008
-0.01099999994 0.3030000031 0.1049999967
-0.01099999994 0.3030000031 0.1070000008
-0.01300000027 0.298999995 0.1089999974
-0.01300000027 0.298999995 0.1110000014
-0.01099999994 0.2969999909 0.1089999974
-0.01099999994 0.2969999909 0.1110000014
-0.01300000027 0.300999999 0.1089999974
-0.01300000027 0.3030000031 0.1089999974
-0.01300000027 0.300999999 0.1110000014
-0.01099999994 0.3030000031 0.1089999974
-0.01099999994 0.3030000031 0.1110000014
-0.01099999994 0.3050000072 0.09700000286
-0.01099999994 0.3070000112 0.09700000286
-0.008999999613 0.3070000112 0.09700000286
-0.01099999994 0.3050000072 0.09899999946
-0.01099999994 0.3070000112 0.09899999946
-0.008999999613 0.3070000112 0.09899999946
-0.008999999613 0.3089999855 0.09700000286
-0.008999999613 0.3089999855 0.09899999946
-0.01099999994 0.3050000072 0.1010000035
-0.01099999994 0.3070000112 0.1010000035
-0.008999999613 0.3070000112 0.1010000035
-0.01099999994 0.3050000072 0.1030000001
-0.01099999994 0.3070000112 0.1030000001
-0.008999999613 0.3070000112 0.1030000001
-0.008999999613 0.3089999855 0.1010000035
-0.008999999613 0.3089999855 0.1030000001
-0.007000000216 0.3089999855 0.09700000286
-0.007000000216 0.3109999895 0.09700000286
-0.004999999888 0.3109999895 0.09700000286
-0.007000000216 0.3089999855 0.09899999946
-0.007000000216 0.3109999895 0.09899999946
-0.004999999888 0.3109999895 0.09899999946
-0.003000000026 0.3109999895 0.09700000286
-0.003000000026 0.3109999895 0.09899999946
-0.007000000216 0.3089999855 0.1010000035
-0.007000000216 0.3109999895 0.1010000035
-0.004999999888 0.3109999895 0.1010000035
-0.007000000216 0.3089999855 0.1030000001
-0.007000000216 0.3109999895 0.1030000001
-0.004999999888 0.3109999895 0.1030000001
-0.003000000026 0.3109999895 0.1010000035
-0.003000000026 0.3129999936 0.09700000286
-0.001000000047 0.3129999936 0.09700000286
-0.003000000026 0.3129999936 0.09899999946
-0.001000000047 0.3129999936 0.09899999946
-0.003000000026 0.3129999936 0.1010000035
-0.001000000047 0.3129999936 0.1010000035
-0.003000000026 0.3129999936 0.1030000001
-0.001000000047 0.3129999936 0.1030000001
-0.01099999994 0.3050000072 0.1049999967
-0.01099999994 0.3070000112 0.1049999967
-0.008999999613 0.3070000112 0.1049999967
-0.01099999994 0.3050000072 0.1070000008
-0.01099999994 0.3070000112 0.1070000008
-0.008999999613 0.3070000112 0.1070000008
-0.008999999613 0.3089999855 0.1049999967
-0.008999999613 0.3089999855 0.1070000008
-0.01099999994 0.3050000072 0.1089999974
-0.01099999994 0.3070000112 0.1089999974
-0.008999999613 0.3070000112 0.1089999974
-0.01099999994 0.3050000072 0.1110000014
-0.01099999994 0.3070000112 0.1110000014
-0.008999999613 0.3070000112 0.1110000014
-0.008999999613 0.3089999855 0.1089999974
-0.008999999613 0.3089999855 0.1110000014
-0.007000000216 0.3089999855 0.1049999967
-0.007000000216 0.3109999895 0.1049999967
-0.004999999888 0.3109999895 0.1049999967
-0.007000000216 0.3089999855 0.1070000008
-0.007000000216 0.3109999895 0.1070000008
-0.004999999888 0.3109999895 0.1070000008
-0.003000000026 0.3109999895 0.1070000008
-0.007000000216 0.3089999855 0.1089999974
-0.007000000216 0.3109999895 0.1089999974
-0.004999999888 0.3109999895 0.1089999974
-0.007000000216 0.3089999855 0.1110000014
-0.007000000216 0.3109999895 0.1110000014
-0.004999999888 0.3109999895 0.1110000014
-0.003000000026 0.3109999895 0.1089999974
-0.003000000026 0.3109999895 0.1110000014
-0.003000000026 0.3129999936 0.1049999967
-0.001000000047 0.3129999936 0.1049999967
-0.003000000026 0.3129999936 0.1070000008
-0.001000000047 0.3129999936 0.1070000008
-0.003000000026 0.3129999936 0.1089999974
-0.001000000047 0.3129999936 0.1089999974
-0.003000000026 0.3129999936 0.1110000014
-0.001000000047 0.3129999936 0.1110000014
-0.01099999994 0.2930000126 0.112999998
-0.01099999994 0.2949999869 0.112999998
-0.01099999994 0.2949999869 0.1150000021
-0.01099999994 0.2930000126 0.1169999987
-0.01099999994 0.2949999869 0.1169999987
-0.01099999994 0.2949999869 0.1190000027
-0.004999999888 0.2890000045 0.112999998
-0.004999999888 0.2890000045 0.1150000021
-0.003000000026 0.2890000045 0.112999998
-0.003000000026 0.2890000045 0.1150000021
-0.004999999888 0.2890000045 0.1169999987
-0.004999999888 0.2890000045 0.1190000027
-0.007000000216 0.2910000086 0.1190000027
-0.003000000026 0.2890000045 0.1169999987
-0.003000000026 0.2890000045 0.1190000027
-0.01300000027 0.298999995 0.112999998
-0.01300000027 0.298999995 0.1150000021
-0.01099999994 0.2969999909 0.112999998
-0.01099999994 0.2969999909 0.1150000021
-0.01300000027 0.300999999 0.112999998
-0.01300000027 0.300999999 0.1150000021
-0.01099999994 0.3030000031 0.112999998
-0.01099999994 0.3030000031 0.1150000021
-0.01300000027 0.2969999909 0.1169999987
-0.01300000027 0.298999995 0.1169999987
-0.01300000027 0.298999995 0.1190000027
-0.01099999994 0.2969999909 0.1169999987
-0.01099999994 0.2969999909 0.1190000027
-0.01300000027 0.300999999 0.1169999987
-0.01300000027 0.3030000031 0.1169999987
-0.01300000027 0.300999999 0.1190000027
-0.01300000027 0.3030000031 0.1190000027
-0.01099999994 0.3030000031 0.1169999987
-0.01099999994 0.3030000031 0.1190000027
-0.008999999613 0.2930000126 0.1209999993
-0.01099999994 0.2949999869 0.1209999993
-0.008999999613 0.2930000126 0.1230000034
-0.01099999994 0.2930000126 0.125
-0.008999999613 0.2930000126 0.125
-0.01099999994 0.2949999869 0.125
-0.008999999613 0.2930000126 0.1270000041
-0.01099999994 0.2949999869 0.1270000041
-0.007000000216 0.2890000045 0.1209999993
-0.004999999888 0.2890000045 0.1209999993
-0.004999999888 0.2890000045 0.1230000034
-0.007000000216 0.2910000086 0.1230000034
-0.003000000026 0.2890000045 0.1209999993
-0.007000000216 0.2890000045 0.125
-0.004999999888 0.2890000045 0.125
-0.007000000216 0.2910000086 0.125
-0.004999999888 0.2890000045 0.1270000041
-0.003000000026 0.2890000045 0.1270000041
-0.01300000027 0.298999995 0.1209999993
-0.01300000027 0.2969999909 0.1230000034
-0.01300000027 0.298999995 0.1230000034
-0.01099999994 0.2969999909 0.1209999993
-0.01099999994 0.2969999909 0.1230000034
-0.01300000027 0.300999999 0.1209999993
-0.01300000027 0.300999999 0.1230000034
-0.01300000027 0.3030000031 0.1230000034
-0.01099999994 0.3030000031 0.1209999993
-0.01099999994 0.3030000031 0.1230000034
-0.01300000027 0.2969999909 0.125
-0.01300000027 0.298999995 0.125
-0.01300000027 0.2969999909 0.1270000041
-0.01300000027 0.298999995 0.1270000041
-0.01099999994 0.2969999909 0.125
-0.01099999994 0.2969999909 0.1270000041
-0.01300000027 0.300999999 0.125
-0.01300000027 0.3030000031 0.125
-0.01300000027 0.300999999 0.1270000041
-0.01300000027 0.3030000031 0.1270000041
-0.01099999994 0.3030000031 0.125
-0.01099999994 0.3030000031 0.1270000041
-0.01099999994 0.3050000072 0.112999998
-0.01099999994 0.3070000112 0.112999998
-0.008999999613 0.3070000112 0.112999998
-0.01099999994 0.3050000072 0.1150000021
-0.01099999994 0.3070000112 0.1150000021
-0.008999999613 0.3070000112 0.1150000021
-0.008999999613 0.3089999855 0.112999998
-0.008999999613 0.3089999855 0.1150000021
-0.01099999994 0.3050000072 0.1169999987
-0.01099999994 0.3070000112 0.1169999987
-0.008999999613 0.3070000112 0.1169999987
-0.01099999994 0.3050000072 0.1190000027
-0.01099999994 0.3070000112 0.1190000027
-0.008999999613 0.3070000112 0.1190000027
-0.008999999613 0.3089999855 0.1169999987
-0.008999999613 0.3089999855 0.1190000027
-0.007000000216 0.3089999855 0.112999998
-0.007000000216 0.3109999895 0.112999998
-0.004999999888 0.3109999895 0.112999998
-0.007000000216 0.3089999855 0.1150000021
-0.007000000216 0.3109999895 0.1150000021
-0.004999999888 0.3109999895 0.1150000021
-0.003000000026 0.3109999895 0.112999998
-0.003000000026 0.3109999895 0.1150000021
-0.007000000216 0.3089999855 0.1169999987
-0.007000000216 0.3109999895 0.1169999987
-0.004999999888 0.3109999895 0.1169999987
-0.007000000216 0.3089999855 0.1190000027
-0.007000000216 0.3109999895 0.1190000027
-0.003000000026 0.3109999895 0.1169999987
-0.003000000026 0.3109999895 0.1190000027
-0.003000000026 0.3129999936 0.112999998
-0.001000000047 0.3129999936 0.112999998
-0.003000000026 0.3129999936 0.1150000021
-0.001000000047 0.3129999936 0.1150000021
-0.003000000026 0.3129999936 0.1169999987
-0.01099999994 0.3050000072 0.1209999993
-0.01099999994 0.3070000112 0.1209999993
-0.008999999613 0.3070000112 0.1209999993
-0.01099999994 0.3050000072 0.1230000034
-0.008999999613 0.3089999855 0.1209999993
-0.008999999613 0.3089999855 0.1230000034
-0.01099999994 0.3050000072 0.125
-0.01099999994 0.3070000112 0.125
-0.008999999613 0.3070000112 0.125
-0.01099999994 0.3050000072 0.1270000041
-0.01099999994 0.3070000112 0.1270000041
-0.008999999613 0.3070000112 0.1270000041
-0.008999999613 0.3089999855 0.125
-0.008999999613 0.3089999855 0.1270000041
-0.007000000216 0.3089999855 0.1209999993
-0.004999999888 0.3109999895 0.1209999993
-0.007000000216 0.3089999855 0.1230000034
-0.004999999888 0.3109999895 0.1230000034
-0.003000000026 0.3109999895 0.1230000034
-0.004999999888 0.3109999895 0.125
-0.007000000216 0.3089999855 0.1270000041
-0.004999999888 0.3109999895 0.1270000041
-0.003000000026 0.3109999895 0.125
-0.001000000047 0.2870000005 0.1350000054
-0.001000000047 0.2870000005 0.1369999945
-0.003000000026 0.2870000005 0.1410000026
-0.001000000047 0.2870000005 0.1410000026
-0.003000000026 0.2870000005 0.1430000067
-0.001000000047 0.2870000005 0.1430000067
-0.003000000026 0.2870000005 0.1449999958
-0.001000000047 0.2870000005 0.1449999958
-0.001000000047 0.2870000005 0.1469999999
-0.001000000047 0.2870000005 0.1490000039
-0.003000000026 0.2870000005 0.1550000012
-0.003000000026 0.2870000005 0.1570000052
-0.001000000047 0.2870000005 0.1570000052
-0.008999999613 0.2930000126 0.1289999932
-0.01099999994 0.2949999869 0.1289999932
-0.008999999613 0.2930000126 0.1309999973
-0.01099999994 0.2930000126 0.1330000013
-0.008999999613 0.2930000126 0.1330000013
-0.01099999994 0.2949999869 0.1330000013
-0.008999999613 0.2930000126 0.1350000054
-0.01099999994 0.2949999869 0.1350000054
-0.004999999888 0.2890000045 0.1289999932
-0.004999999888 0.2890000045 0.1309999973
-0.007000000216 0.2910000086 0.1309999973
-0.003000000026 0.2890000045 0.1309999973
-0.004999999888 0.2890000045 0.1330000013
-0.007000000216 0.2910000086 0.1330000013
-0.004999999888 0.2890000045 0.1350000054
-0.007000000216 0.2910000086 0.1350000054
-0.01300000027 0.298999995 0.1289999932
-0.01300000027 0.2969999909 0.1309999973
-0.01300000027 0.298999995 0.1309999973
-0.01099999994 0.2969999909 0.1289999932
-0.01099999994 0.2969999909 0.1309999973
-0.01300000027 0.300999999 0.1289999932
-0.01300000027 0.3030000031 0.1289999932
-0.01300000027 0.300999999 0.1309999973
-0.01300000027 0.3030000031 0.1309999973
-0.01099999994 0.3030000031 0.1309999973
-0.01300000027 0.298999995 0.1330000013
-0.01300000027 0.298999995 0.1350000054
-0.01099999994 0.2969999909 0.1330000013
-0.01099999994 0.2969999909 0.1350000054
-0.01300000027 0.300999999 0.1330000013
-0.01300000027 0.3030000031 0.1330000013
-0.01300000027 0.300999999 0.1350000054
-0.01300000027 0.3030000031 0.1350000054
-0.01099999994 0.3030000031 0.1330000013
-0.008999999613 0.2930000126 0.1369999945
-0.01099999994 0.2949999869 0.1369999945
-0.01099999994 0.2930000126 0.1389999986
-0.01099999994 0.2949999869 0.1389999986
-0.01099999994 0.2930000126 0.1410000026
-0.008999999613 0.2930000126 0.1410000026
-0.01099999994 0.2949999869 0.1410000026
-0.01099999994 0.2930000126 0.1430000067
-0.01099999994 0.2949999869 0.1430000067
-0.007000000216 0.2890000045 0.1389999986
-0.007000000216 0.2910000086 0.1389999986
-0.003000000026 0.2890000045 0.1369999945
-0.003000000026 0.2890000045 0.1389999986
-0.007000000216 0.2890000045 0.1410000026
-0.004999999888 0.2890000045 0.1410000026
-0.007000000216 0.2890000045 0.1430000067
-0.007000000216 0.2910000086 0.1430000067
-0.003000000026 0.2890000045 0.1410000026
-0.003000000026 0.2890000045 0.1430000067
-0.01300000027 0.2969999909 0.1369999945
-0.01300000027 0.298999995 0.1369999945
-0.01300000027 0.2969999909 0.1389999986
-0.01300000027 0.298999995 0.1389999986
-0.01099999994 0.2969999909 0.1389999986
-0.01300000027 0.300999999 0.1369999945
-0.01300000027 0.3030000031 0.1369999945
-0.01300000027 0.300999999 0.1389999986
-0.01099999994 0.3030000031 0.1369999945
-0.01099999994 0.3030000031 0.1389999986
-0.01300000027 0.2969999909 0.1410000026
-0.01300000027 0.298999995 0.1410000026
-0.01300000027 0.2969999909 0.1430000067
-0.01300000027 0.298999995 0.1430000067
-0.01099999994 0.2969999909 0.1430000067
-0.01300000027 0.300999999 0.1410000026
-0.01300000027 0.3030000031 0.1410000026
-0.01300000027 0.300999999 0.1430000067
-0.01300000027 0.3030000031 0.1430000067
-0.01099999994 0.3030000031 0.1410000026
-0.01099999994 0.3030000031 0.1430000067
-0.01099999994 0.3050000072 0.1289999932
-0.01099999994 0.3070000112 0.1289999932
-0.008999999613 0.3070000112 0.1289999932
-0.01099999994 0.3050000072 0.1309999973
-0.01099999994 0.3070000112 0.1309999973
-0.008999999613 0.3070000112 0.1309999973
-0.008999999613 0.3089999855 0.1289999932
-0.008999999613 0.3089999855 0.1309999973
-0.01099999994 0.3050000072 0.1330000013
-0.01099999994 0.3070000112 0.1330000013
-0.008999999613 0.3070000112 0.1330000013
-0.01099999994 0.3050000072 0.1350000054
-0.01099999994 0.3070000112 0.1350000054
-0.008999999613 0.3070000112 0.1350000054
-0.008999999613 0.3089999855 0.1330000013
-0.008999999613 0.3089999855 0.1350000054
-0.007000000216 0.3089999855 0.1289999932
-0.004999999888 0.3109999895 0.1289999932
-0.007000000216 0.3089999855 0.1309999973
-0.007000000216 0.3109999895 0.1309999973
-0.004999999888 0.3109999895 0.1309999973
-0.003000000026 0.3109999895 0.1309999973
-0.007000000216 0.3089999855 0.1330000013
-0.007000000216 0.3109999895 0.1330000013
-0.004999999888 0.3109999895 0.1330000013
-0.007000000216 0.3089999855 0.1350000054
-0.007000000216 0.3109999895 0.1350000054
-0.004999999888 0.3109999895 0.1350000054
-0.003000000026 0.3109999895 0.1330000013
-0.001000000047 0.3129999936 0.1289999932
-0.001000000047 0.3129999936 0.1330000013
-0.001000000047 0.3129999936 0.1350000054
-0.01099999994 0.3050000072 0.1369999945
-0.01099999994 0.3070000112 0.1369999945
-0.008999999613 0.3070000112 0.1369999945
-0.01099999994 0.3050000072 0.1389999986
-0.01099999994 0.3070000112 0.1389999986
-0.008999999613 0.3070000112 0.1389999986
-0.008999999613 0.3089999855 0.1369999945
-0.01099999994 0.3050000072 0.1410000026
-0.01099999994 0.3070000112 0.1410000026
-0.008999999613 0.3070000112 0.1410000026
-0.01099999994 0.3050000072 0.1430000067
-0.01099999994 0.3070000112 0.1430000067
-0.008999999613 0.3070000112 0.1430000067
-0.007000000216 0.3089999855 0.1369999945
-0.007000000216 0.3109999895 0.1369999945
-0.004999999888 0.3109999895 0.1369999945
-0.007000000216 0.3109999895 0.1389999986
-0.004999999888 0.3109999895 0.1389999986
-0.003000000026 0.3109999895 0.1389999986
-0.007000000216 0.3089999855 0.1410000026
-0.007000000216 0.3089999855 0.1430000067
-0.003000000026 0.3109999895 0.1410000026
-0.001000000047 0.3129999936 0.1369999945
-0.003000000026 0.3129999936 0.1389999986
-0.003000000026 0.3129999936 0.1410000026
-0.01099999994 0.2930000126 0.1449999958
-0.008999999613 0.2930000126 0.1449999958
-0.01099999994 0.2949999869 0.1449999958
-0.01099999994 0.2930000126 0.1469999999
-0.01099999994 0.2949999869 0.1469999999
-0.008999999613 0.2930000126 0.1490000039
-0.01099999994 0.2949999869 0.1490000039
-0.01099999994 0.2949999869 0.1509999931
-0.007000000216 0.2890000045 0.1449999958
-0.004999999888 0.2890000045 0.1449999958
-0.007000000216 0.2910000086 0.1449999958
-0.004999999888 0.2890000045 0.1469999999
-0.007000000216 0.2910000086 0.1469999999
-0.003000000026 0.2890000045 0.1469999999
-0.004999999888 0.2890000045 0.1490000039
-0.007000000216 0.2910000086 0.1490000039
-0.004999999888 0.2890000045 0.1509999931
-0.007000000216 0.2910000086 0.1509999931
-0.003000000026 0.2890000045 0.1490000039
-0.003000000026 0.2890000045 0.1509999931
-0.01300000027 0.2969999909 0.1449999958
-0.01300000027 0.298999995 0.1449999958
-0.01300000027 0.2969999909 0.1469999999
-0.01300000027 0.298999995 0.1469999999
-0.01099999994 0.2969999909 0.1469999999
-0.01300000027 0.300999999 0.1449999958
-0.01300000027 0.3030000031 0.1449999958
-0.01300000027 0.300999999 0.1469999999
-0.01300000027 0.3030000031 0.1469999999
-0.01099999994 0.3030000031 0.1449999958
-0.01099999994 0.3030000031 0.1469999999
-0.01300000027 0.298999995 0.1490000039
-0.01300000027 0.2969999909 0.1509999931
-0.01300000027 0.298999995 0.1509999931
-0.01099999994 0.2969999909 0.1490000039
-0.01099999994 0.2969999909 0.1509999931
-0.01300000027 0.300999999 0.1490000039
-0.01300000027 0.3030000031 0.1490000039
-0.01300000027 0.300999999 0.1509999931
-0.01300000027 0.3030000031 0.1509999931
-0.008999999613 0.2910000086 0.1550000012
-0.01099999994 0.2930000126 0.1529999971
-0.01099999994 0.2949999869 0.1529999971
-0.01099999994 0.2930000126 0.1550000012
-0.01099999994 0.2949999869 0.1550000012
-0.008999999613 0.2910000086 0.1570000052
-0.008999999613 0.2910000086 0.1589999944
-0.01099999994 0.2930000126 0.1570000052
-0.01099999994 0.2949999869 0.1570000052
-0.01099999994 0.2949999869 0.1589999944
-0.004999999888 0.2890000045 0.1529999971
-0.007000000216 0.2910000086 0.1529999971
-0.004999999888 0.2890000045 0.1550000012
-0.007000000216 0.2910000086 0.1550000012
-0.003000000026 0.2890000045 0.1529999971
-0.004999999888 0.2890000045 0.1570000052
-0.004999999888 0.2890000045 0.1589999944
-0.003000000026 0.2890000045 0.1589999944
-0.01300000027 0.2969999909 0.1529999971
-0.01300000027 0.298999995 0.1529999971
-0.01300000027 0.298999995 0.1550000012
-0.01099999994 0.2969999909 0.1550000012
-0.01300000027 0.300999999 0.1529999971
-0.01300000027 0.3030000031 0.1529999971
-0.01300000027 0.300999999 0.1550000012
-0.01300000027 0.3030000031 0.1550000012
-0.01099999994 0.3030000031 0.1529999971
-0.01099999994 0.3030000031 0.1550000012
-0.01300000027 0.298999995 0.1570000052
-0.01300000027 0.2969999909 0.1589999944
-0.01300000027 0.298999995 0.1589999944
-0.01099999994 0.2969999909 0.1570000052
-0.01099999994 0.2969999909 0.1589999944
-0.01300000027 0.300999999 0.1570000052
-0.01300000027 0.3030000031 0.1570000052
-0.01300000027 0.300999999 0.1589999944
-0.01300000027 0.3030000031 0.1589999944
-0.01099999994 0.3030000031 0.1570000052
-0.01099999994 0.3030000031 0.1589999944
-0.01099999994 0.3050000072 0.1449999958
-0.01099999994 0.3070000112 0.1449999958
-0.008999999613 0.3070000112 0.1449999958
-0.01099999994 0.3050000072 0.1469999999
-0.01099999994 0.3070000112 0.1469999999
-0.008999999613 0.3070000112 0.1469999999
-0.008999999613 0.3089999855 0.1449999958
-0.008999999613 0.3089999855 0.1469999999
-0.01099999994 0.3050000072 0.1490000039
-0.01099999994 0.3070000112 0.1490000039
-0.008999999613 0.3070000112 0.1490000039
-0.01099999994 0.3050000072 0.1509999931
-0.01099999994 0.3070000112 0.1509999931
-0.008999999613 0.3070000112 0.1509999931
-0.008999999613 0.3089999855 0.1490000039
-0.008999999613 0.3089999855 0.1509999931
-0.007000000216 0.3089999855 0.1449999958
-0.004999999888 0.3109999895 0.1449999958
-0.004999999888 0.3109999895 0.1469999999
-0.003000000026 0.3109999895 0.1449999958
-0.003000000026 0.3109999895 0.1469999999
-0.007000000216 0.3089999855 0.1490000039
-0.004999999888 0.3109999895 0.1490000039
-0.007000000216 0.3089999855 0.1509999931
-0.003000000026 0.3109999895 0.1509999931
-0.001000000047 0.3129999936 0.1509999931
-0.01099999994 0.3050000072 0.1529999971
-0.01099999994 0.3070000112 0.1529999971
-0.008999999613 0.3070000112 0.1529999971
-0.01099999994 0.3050000072 0.1550000012
-0.01099999994 0.3070000112 0.1550000012
-0.008999999613 0.3070000112 0.1550000012
-0.008999999613 0.3089999855 0.1529999971
-0.008999999613 0.3089999855 0.1550000012
-0.01099999994 0.3050000072 0.1570000052
-0.01099999994 0.3070000112 0.1570000052
-0.008999999613 0.3070000112 0.1570000052
-0.01099999994 0.3050000072 0.1589999944
-0.01099999994 0.3070000112 0.1589999944
-0.008999999613 0.3070000112 0.1589999944
-0.008999999613 0.3089999855 0.1570000052
-0.008999999613 0.3089999855 0.1589999944
-0.007000000216 0.3109999895 0.1550000012
-0.003000000026 0.3109999895 0.1529999971
-0.003000000026 0.3109999895 0.1550000012
-0.007000000216 0.3089999855 0.1570000052
-0.007000000216 0.3109999895 0.1570000052
-0.004999999888 0.3109999895 0.1570000052
-0.007000000216 0.3089999855 0.1589999944
-0.007000000216 0.3109999895 0.1589999944
-0.004999999888 0.3109999895 0.1589999944
-0.003000000026 0.3109999895 0.1570000052
-0.003000000026 0.3109999895 0.1589999944
-0.001000000047 0.3129999936 0.1529999971
-0.001000000047 0.3129999936 0.1550000012
-0.001000000047 0.3129999936 0.1570000052
-0.001000000047 0.3129999936 0.1589999944
-0.003000000026 0.2870000005 0.1609999985
-0.001000000047 0.2870000005 0.1609999985
-0.003000000026 0.2870000005 0.1630000025
-0.001000000047 0.2870000005 0.1630000025
-0.003000000026 0.2870000005 0.1650000066
-0.001000000047 0.2870000005 0.1669999957
-0.001000000047 0.2870000005 0.1689999998
-0.003000000026 0.2870000005 0.1710000038
-0.001000000047 0.2870000005 0.1710000038
-0.003000000026 0.2870000005 0.172999993
-0.003000000026 0.2870000005 0.174999997
-0.001000000047 0.2870000005 0.174999997
-0.003000000026 0.2870000005 0.1770000011
-0.001000000047 0.2870000005 0.1770000011
-0.001000000047 0.2870000005 0.1790000051
-0.003000000026 0.2870000005 0.1809999943
-0.001000000047 0.2870000005 0.1809999943
-0.003000000026 0.2870000005 0.1829999983
-0.003000000026 0.2870000005 0.1850000024
-0.003000000026 0.2870000005 0.1870000064
-0.001000000047 0.2870000005 0.1870000064
-0.003000000026 0.2870000005 0.1889999956
-0.001000000047 0.2870000005 0.1889999956
-0.003000000026 0.2870000005 0.1909999996
-0.01099999994 0.2949999869 0.1609999985
-0.008999999613 0.2930000126 0.1630000025
-0.01099999994 0.2949999869 0.1630000025
-0.008999999613 0.2910000086 0.1669999957
-0.01099999994 0.2949999869 0.1650000066
-0.008999999613 0.2930000126 0.1669999957
-0.01099999994 0.2949999869 0.1669999957
-0.004999999888 0.2890000045 0.1609999985
-0.007000000216 0.2910000086 0.1609999985
-0.004999999888 0.2890000045 0.1630000025
-0.004999999888 0.2890000045 0.1650000066
-0.007000000216 0.2910000086 0.1650000066
-0.004999999888 0.2890000045 0.1669999957
-0.007000000216 0.2910000086 0.1669999957
-0.003000000026 0.2890000045 0.1650000066
-0.003000000026 0.2890000045 0.1669999957
-0.01300000027 0.298999995 0.1609999985
-0.01300000027 0.298999995 0.1630000025
-0.01099999994 0.2969999909 0.1630000025
-0.01300000027 0.300999999 0.1609999985
-0.01300000027 0.3030000031 0.1609999985
-0.01300000027 0.300999999 0.1630000025
-0.01300000027 0.3030000031 0.1630000025
-0.01099999994 0.3030000031 0.1609999985
-0.01099999994 0.3030000031 0.1630000025
-0.01300000027 0.2969999909 0.1650000066
-0.01300000027 0.298999995 0.1650000066
-0.01300000027 0.2969999909 0.1669999957
-0.01300000027 0.298999995 0.1669999957
-0.01099999994 0.2969999909 0.1650000066
-0.01099999994 0.2969999909 0.1669999957
-0.01300000027 0.300999999 0.1650000066
-0.01300000027 0.3030000031 0.1650000066
-0.01300000027 0.300999999 0.1669999957
-0.01300000027 0.3030000031 0.1669999957
-0.01099999994 0.3030000031 0.1650000066
-0.01099999994 0.3030000031 0.1669999957
-0.008999999613 0.2910000086 0.1689999998
-0.008999999613 0.2910000086 0.1710000038
-0.01099999994 0.2930000126 0.1689999998
-0.008999999613 0.2930000126 0.1689999998
-0.01099999994 0.2949999869 0.1689999998
-0.01099999994 0.2930000126 0.1710000038
-0.008999999613 0.2930000126 0.1710000038
-0.01099999994 0.2949999869 0.1710000038
-0.008999999613 0.2910000086 0.172999993
-0.008999999613 0.2910000086 0.174999997
-0.01099999994 0.2930000126 0.172999993
-0.01099999994 0.2949999869 0.172999993
-0.01099999994 0.2930000126 0.174999997
-0.008999999613 0.2930000126 0.174999997
-0.01099999994 0.2949999869 0.174999997
-0.004999999888 0.2890000045 0.1689999998
-0.007000000216 0.2910000086 0.1689999998
-0.007000000216 0.2890000045 0.1710000038
-0.004999999888 0.2890000045 0.1710000038
-0.007000000216 0.2910000086 0.1710000038
-0.003000000026 0.2890000045 0.1689999998
-0.003000000026 0.2890000045 0.1710000038
-0.007000000216 0.2890000045 0.172999993
-0.004999999888 0.2890000045 0.172999993
-0.007000000216 0.2910000086 0.172999993
-0.007000000216 0.2890000045 0.174999997
-0.004999999888 0.2890000045 0.174999997
-0.003000000026 0.2890000045 0.172999993
-0.01300000027 0.298999995 0.1689999998
-0.01300000027 0.2969999909 0.1710000038
-0.01300000027 0.298999995 0.1710000038
-0.01099999994 0.2969999909 0.1689999998
-0.01099999994 0.2969999909 0.1710000038
-0.01300000027 0.300999999 0.1689999998
-0.01300000027 0.3030000031 0.1689999998
-0.01300000027 0.300999999 0.1710000038
-0.01300000027 0.3030000031 0.1710000038
-0.01099999994 0.3030000031 0.1689999998
-0.01099999994 0.3030000031 0.1710000038
-0.01300000027 0.2969999909 0.172999993
-0.01300000027 0.298999995 0.172999993
-0.01300000027 0.2969999909 0.174999997
-0.01300000027 0.298999995 0.174999997
-0.01300000027 0.300999999 0.172999993
-0.01300000027 0.3030000031 0.172999993
-0.01300000027 0.300999999 0.174999997
-0.01300000027 0.3030000031 0.174999997
-0.01099999994 0.3030000031 0.174999997
-0.01099999994 0.3050000072 0.1609999985
-0.01099999994 0.3070000112 0.1609999985
-0.008999999613 0.3070000112 0.1609999985
-0.01099999994 0.3050000072 0.1630000025
-0.01099999994 0.3070000112 0.1630000025
-0.008999999613 0.3070000112 0.1630000025
-0.008999999613 0.3089999855 0.1609999985
-0.01099999994 0.3050000072 0.1650000066
-0.01099999994 0.3070000112 0.1650000066
-0.008999999613 0.3070000112 0.1650000066
-0.01099999994 0.3050000072 0.1669999957
-0.01099999994 0.3070000112 0.1669999957
-0.008999999613 0.3070000112 0.1669999957
-0.008999999613 0.3089999855 0.1650000066
-0.008999999613 0.3089999855 0.1669999957
-0.007000000216 0.3109999895 0.1609999985
-0.007000000216 0.3089999855 0.1630000025
-0.007000000216 0.3109999895 0.1630000025
-0.003000000026 0.3109999895 0.1609999985
-0.007000000216 0.3089999855 0.1650000066
-0.007000000216 0.3109999895 0.1650000066
-0.007000000216 0.3089999855 0.1669999957
-0.003000000026 0.3109999895 0.1669999957
-0.003000000026 0.3129999936 0.1609999985
-0.01099999994 0.3050000072 0.1689999998
-0.01099999994 0.3070000112 0.1689999998
-0.008999999613 0.3070000112 0.1689999998
-0.01099999994 0.3050000072 0.1710000038
-0.01099999994 0.3070000112 0.1710000038
-0.008999999613 0.3070000112 0.1710000038
-0.008999999613 0.3089999855 0.1689999998
-0.008999999613 0.3089999855 0.1710000038
-0.01099999994 0.3050000072 0.172999993
-0.01099999994 0.3070000112 0.172999993
-0.008999999613 0.3070000112 0.172999993
-0.01099999994 0.3050000072 0.174999997
-0.01099999994 0.3070000112 0.174999997
-0.008999999613 0.3070000112 0.174999997
-0.008999999613 0.3089999855 0.172999993
-0.008999999613 0.3089999855 0.174999997
-0.007000000216 0.3089999855 0.1689999998
-0.007000000216 0.3089999855 0.1710000038
-0.004999999888 0.3109999895 0.1710000038
-0.003000000026 0.3109999895 0.1689999998
-0.003000000026 0.3109999895 0.1710000038
-0.007000000216 0.3089999855 0.172999993
-0.004999999888 0.3109999895 0.172999993
-0.003000000026 0.3109999895 0.172999993
-0.003000000026 0.3109999895 0.174999997
-0.001000000047 0.3129999936 0.1689999998
-0.001000000047 0.3129999936 0.1710000038
-0.001000000047 0.3129999936 0.172999993
-0.001000000047 0.3129999936 0.174999997
-0.008999999613 0.2910000086 0.1770000011
-0.008999999613 0.2910000086 0.1790000051
-0.01099999994 0.2930000126 0.1770000011
-0.008999999613 0.2930000126 0.1770000011
-0.01099999994 0.2949999869 0.1770000011
-0.01099999994 0.2930000126 0.1790000051
-0.01099999994 0.2949999869 0.1790000051
-0.008999999613 0.2910000086 0.1809999943
-0.008999999613 0.2910000086 0.1829999983
-0.01099999994 0.2930000126 0.1809999943
-0.01099999994 0.2949999869 0.1809999943
-0.01099999994 0.2930000126 0.1829999983
-0.01099999994 0.2949999869 0.1829999983
-0.007000000216 0.2890000045 0.1770000011
-0.004999999888 0.2890000045 0.1770000011
-0.007000000216 0.2910000086 0.1770000011
-0.007000000216 0.2890000045 0.1790000051
-0.003000000026 0.2890000045 0.1770000011
-0.003000000026 0.2890000045 0.1790000051
-0.007000000216 0.2890000045 0.1809999943
-0.004999999888 0.2890000045 0.1809999943
-0.007000000216 0.2890000045 0.1829999983
-0.004999999888 0.2890000045 0.1829999983
-0.003000000026 0.2890000045 0.1809999943
-0.01300000027 0.2969999909 0.1770000011
-0.01300000027 0.298999995 0.1770000011
-0.01300000027 0.2969999909 0.1790000051
-0.01300000027 0.298999995 0.1790000051
-0.01099999994 0.2969999909 0.1770000011
-0.01300000027 0.300999999 0.1770000011
-0.01300000027 0.3030000031 0.1770000011
-0.01300000027 0.300999999 0.1790000051
-0.01300000027 0.3030000031 0.1790000051
-0.01099999994 0.3030000031 0.1770000011
-0.01099999994 0.3030000031 0.1790000051
-0.01300000027 0.2969999909 0.1809999943
-0.01300000027 0.298999995 0.1809999943
-0.01300000027 0.2969999909 0.1829999983
-0.01300000027 0.298999995 0.1829999983
-0.01099999994 0.2969999909 0.1829999983
-0.01300000027 0.300999999 0.1809999943
-0.01300000027 0.3030000031 0.1809999943
-0.01300000027 0.300999999 0.1829999983
-0.01300000027 0.3030000031 0.1829999983
-0.01099999994 0.3030000031 0.1809999943
-0.008999999613 0.2910000086 0.1850000024
-0.008999999613 0.2910000086 0.1870000064
-0.01099999994 0.2930000126 0.1850000024
-0.01099999994 0.2949999869 0.1850000024
-0.01099999994 0.2930000126 0.1870000064
-0.008999999613 0.2930000126 0.1870000064
-0.01099999994 0.2949999869 0.1870000064
-0.008999999613 0.2910000086 0.1889999956
-0.008999999613 0.2910000086 0.1909999996
-0.01099999994 0.2930000126 0.1889999956
-0.008999999613 0.2930000126 0.1889999956
-0.01099999994 0.2949999869 0.1889999956
-0.01099999994 0.2930000126 0.1909999996
-0.008999999613 0.2930000126 0.1909999996
-0.01099999994 0.2949999869 0.1909999996
-0.007000000216 0.2890000045 0.1850000024
-0.004999999888 0.2890000045 0.1850000024
-0.007000000216 0.2910000086 0.1850000024
-0.004999999888 0.2890000045 0.1870000064
-0.003000000026 0.2890000045 0.1850000024
-0.003000000026 0.2890000045 0.1870000064
-0.004999999888 0.2890000045 0.1889999956
-0.004999999888 0.2890000045 0.1909999996
-0.007000000216 0.2910000086 0.1909999996
-0.003000000026 0.2890000045 0.1909999996
-0.01300000027 0.2969999909 0.1850000024
-0.01300000027 0.298999995 0.1850000024
-0.01300000027 0.2969999909 0.1870000064
-0.01300000027 0.298999995 0.1870000064
-0.01099999994 0.2969999909 0.1850000024
-0.01099999994 0.2969999909 0.1870000064
-0.01300000027 0.300999999 0.1850000024
-0.01300000027 0.3030000031 0.1850000024
-0.01300000027 0.300999999 0.1870000064
-0.01300000027 0.3030000031 0.1870000064
-0.01099999994 0.3030000031 0.1870000064
-0.01300000027 0.298999995 0.1889999956
-0.01300000027 0.2969999909 0.1909999996
-0.01300000027 0.298999995 0.1909999996
-0.01099999994 0.2969999909 0.1889999956
-0.01099999994 0.2969999909 0.1909999996
-0.01099999994 0.298999995 0.1909999996
-0.01300000027 0.300999999 0.1889999956
-0.01300000027 0.3030000031 0.1889999956
-0.01300000027 0.300999999 0.1909999996
-0.01300000027 0.3030000031 0.1909999996
-0.01099999994 0.3030000031 0.1889999956
-0.01099999994 0.3030000031 0.1909999996
-0.01099999994 0.3050000072 0.1770000011
-0.01099999994 0.3070000112 0.1770000011
-0.008999999613 0.3070000112 0.1770000011
-0.01099999994 0.3050000072 0.1790000051
-0.01099999994 0.3070000112 0.1790000051
-0.008999999613 0.3089999855 0.1770000011
-0.008999999613 0.3089999855 0.1790000051
-0.01099999994 0.3050000072 0.1809999943
-0.01099999994 0.3070000112 0.1809999943
-0.008999999613 0.3070000112 0.1809999943
-0.01099999994 0.3050000072 0.1829999983
-0.01099999994 0.3070000112 0.1829999983
-0.008999999613 0.3070000112 0.1829999983
-0.008999999613 0.3089999855 0.1809999943
-0.008999999613 0.3089999855 0.1829999983
-0.007000000216 0.3089999855 0.1770000011
-0.004999999888 0.3109999895 0.1770000011
-0.007000000216 0.3089999855 0.1790000051
-0.007000000216 0.3109999895 0.1790000051
-0.004999999888 0.3109999895 0.1790000051
-0.003000000026 0.3109999895 0.1770000011
-0.007000000216 0.3089999855 0.1829999983
-0.007000000216 0.3109999895 0.1829999983
-0.003000000026 0.3109999895 0.1809999943
-0.003000000026 0.3129999936 0.1770000011
-0.001000000047 0.3129999936 0.1770000011
-0.003000000026 0.3129999936 0.1790000051
-0.003000000026 0.3129999936 0.1809999943
-0.003000000026 0.3129999936 0.1829999983
-0.01099999994 0.3050000072 0.1850000024
-0.01099999994 0.3070000112 0.1850000024
-0.008999999613 0.3070000112 0.1850000024
-0.01099999994 0.3050000072 0.1870000064
-0.01099999994 0.3070000112 0.1870000064
-0.008999999613 0.3070000112 0.1870000064
-0.008999999613 0.3089999855 0.1850000024
-0.008999999613 0.3089999855 0.1870000064
-0.01099999994 0.3050000072 0.1889999956
-0.01099999994 0.3070000112 0.1889999956
-0.008999999613 0.3070000112 0.1889999956
-0.01099999994 0.3050000072 0.1909999996
-0.01099999994 0.3070000112 0.1909999996
-0.008999999613 0.3070000112 0.1909999996
-0.008999999613 0.3089999855 0.1889999956
-0.008999999613 0.3089999855 0.1909999996
-0.007000000216 0.3089999855 0.1850000024
-0.007000000216 0.3109999895 0.1850000024
-0.007000000216 0.3089999855 0.1870000064
-0.007000000216 0.3109999895 0.1870000064
-0.007000000216 0.3089999855 0.1889999956
-0.007000000216 0.3109999895 0.1889999956
-0.007000000216 0.3089999855 0.1909999996
-0.003000000026 0.3109999895 0.1889999956
-0.003000000026 0.3109999895 0.1909999996
-0.003000000026 0.3129999936 0.1850000024
-0.003000000026 0.3129999936 0.1870000064
-0.001000000047 0.3129999936 0.1870000064
-0.003000000026 0.3129999936 0.1889999956
-0.001000000047 0.3129999936 0.1889999956
-0.003000000026 0.3129999936 0.1909999996
-0.001000000047 0.3129999936 0.1909999996
-0.003000000026 0.2870000005 0.1930000037
-0.001000000047 0.2870000005 0.1930000037
-0.001000000047 0.2870000005 0.1949999928
-0.003000000026 0.2870000005 0.1969999969
-0.001000000047 0.2870000005 0.1969999969
-0.001000000047 0.2870000005 0.199000001
-0.008999999613 0.2910000086 0.1930000037
-0.008999999613 0.2910000086 0.1949999928
-0.008999999613 0.2930000126 0.1930000037
-0.01099999994 0.2949999869 0.1930000037
-0.01099999994 0.2930000126 0.1949999928
-0.01099999994 0.2949999869 0.1949999928
-0.008999999613 0.2949999869 0.1949999928
-0.008999999613 0.2910000086 0.1969999969
-0.008999999613 0.2910000086 0.199000001
-0.01099999994 0.2930000126 0.1969999969
-0.01099999994 0.2949999869 0.1969999969
-0.01099999994 0.2930000126 0.199000001
-0.01099999994 0.2949999869 0.199000001
-0.004999999888 0.2890000045 0.1930000037
-0.007000000216 0.2910000086 0.1930000037
-0.004999999888 0.2890000045 0.1949999928
-0.007000000216 0.2910000086 0.1949999928
-0.007000000216 0.2890000045 0.1969999969
-0.004999999888 0.2890000045 0.1969999969
-0.007000000216 0.2890000045 0.199000001
-0.004999999888 0.2890000045 0.199000001
-0.003000000026 0.2890000045 0.1969999969
-0.003000000026 0.2890000045 0.199000001
-0.01300000027 0.2969999909 0.1930000037
-0.01300000027 0.298999995 0.1930000037
-0.01300000027 0.298999995 0.1949999928
-0.01099999994 0.2969999909 0.1930000037
-0.01099999994 0.298999995 0.1930000037
-0.01099999994 0.2969999909 0.1949999928
-0.01099999994 0.298999995 0.1949999928
-0.01300000027 0.300999999 0.1930000037
-0.01300000027 0.3030000031 0.1930000037
-0.01300000027 0.300999999 0.1949999928
-0.01300000027 0.3030000031 0.1949999928
-0.01099999994 0.300999999 0.1930000037
-0.01099999994 0.3030000031 0.1930000037
-0.01099999994 0.300999999 0.1949999928
-0.01099999994 0.3030000031 0.1949999928
-0.01300000027 0.2969999909 0.1969999969
-0.01300000027 0.298999995 0.1969999969
-0.01300000027 0.2969999909 0.199000001
-0.01300000027 0.298999995 0.199000001
-0.01099999994 0.2969999909 0.1969999969
-0.01099999994 0.298999995 0.1969999969
-0.01099999994 0.2969999909 0.199000001
-0.01099999994 0.298999995 0.199000001
-0.01300000027 0.300999999 0.1969999969
-0.01300000027 0.3030000031 0.1969999969
-0.01300000027 0.300999999 0.199000001
-0.01099999994 0.300999999 0.1969999969
-0.01099999994 0.3030000031 0.1969999969
-0.01099999994 0.300999999 0.199000001
-0.01099999994 0.3030000031 0.199000001
-0.01099999994 0.3050000072 0.1930000037
-0.01099999994 0.3070000112 0.1930000037
-0.008999999613 0.3070000112 0.1930000037
-0.01099999994 0.3050000072 0.1949999928
-0.01099999994 0.3070000112 0.1949999928
-0.008999999613 0.3070000112 0.1949999928
-0.008999999613 0.3089999855 0.1930000037
-0.008999999613 0.3089999855 0.1949999928
-0.01099999994 0.3050000072 0.1969999969
-0.01099999994 0.3070000112 0.1969999969
-0.008999999613 0.3070000112 0.1969999969
-0.01099999994 0.3050000072 0.199000001
-0.01099999994 0.3070000112 0.199000001
-0.008999999613 0.3070000112 0.199000001
-0.008999999613 0.3089999855 0.1969999969
-0.008999999613 0.3089999855 0.199000001
-0.007000000216 0.3089999855 0.1930000037
-0.007000000216 0.3089999855 0.1949999928
-0.004999999888 0.3109999895 0.1949999928
-0.003000000026 0.3109999895 0.1949999928
-0.007000000216 0.3089999855 0.1969999969
-0.004999999888 0.3109999895 0.1969999969
-0.007000000216 0.3089999855 0.199000001
-0.004999999888 0.3109999895 0.199000001
-0.003000000026 0.3109999895 0.1969999969
-0.001000000047 0.3109999895 0.199000001
-0.003000000026 0.3129999936 0.1930000037
-0.001000000047 0.3129999936 0.1930000037
-0.003000000026 0.3129999936 0.1949999928
-0.001000000047 0.3129999936 0.1949999928
-0.003000000026 0.3129999936 0.1969999969
-0.003000000026 0.3129999936 0.199000001
0.001000000047 0.2870000005 0.02500000037
0.004999999888 0.2890000045 0.01099999994
0.007000000216 0.2910000086 0.01099999994
0.003000000026 0.2890000045 0.01499999966
0.007000000216 0.2910000086 0.01300000027
0.004999999888 0.2890000045 0.01499999966
0.007000000216 0.2910000086 0.01499999966
0.008999999613 0.2930000126 0.01099999994
0.01099999994 0.2930000126 0.01300000027
0.01099999994 0.2949999869 0.01300000027
0.008999999613 0.2930000126 0.01499999966
0.01099999994 0.2969999909 0.01099999994
0.01300000027 0.2969999909 0.01099999994
0.01099999994 0.3030000031 0.01099999994
0.01300000027 0.300999999 0.01099999994
0.01099999994 0.2969999909 0.01300000027
0.01099999994 0.2969999909 0.01499999966
0.01300000027 0.298999995 0.01300000027
0.01300000027 0.298999995 0.01499999966
0.01300000027 0.3030000031 0.01300000027
0.01300000027 0.300999999 0.01499999966
0.003000000026 0.3109999895 0.01099999994
0.007000000216 0.3089999855 0.01099999994
0.003000000026 0.3109999895 0.01499999966
0.004999999888 0.3109999895 0.01300000027
0.007000000216 0.3089999855 0.01499999966
0.01099999994 0.3070000112 0.01099999994
0.01099999994 0.3050000072 0.01300000027
0.008999999613 0.3070000112 0.01300000027
0.01099999994 0.3050000072 0.01499999966
0.001000000047 0.3129999936 0.01099999994
0.003000000026 0.3129999936 0.01099999994
0.001000000047 0.3129999936 0.01300000027
0.003000000026 0.3129999936 0.01300000027
0.001000000047 0.3129999936 0.01499999966
0.003000000026 0.3129999936 0.01499999966
0.003000000026 0.2890000045 0.01899999939
0.007000000216 0.2910000086 0.01700000092
0.007000000216 0.2910000086 0.01899999939
0.003000000026 0.2890000045 0.02300000004
0.007000000216 0.2910000086 0.02099999972
0.004999999888 0.2890000045 0.02300000004
0.007000000216 0.2910000086 0.02300000004
0.008999999613 0.2910000086 0.01899999939
0.008999999613 0.2930000126 0.01700000092
0.01099999994 0.2949999869 0.01700000092
0.008999999613 0.2930000126 0.01899999939
0.01099999994 0.2930000126 0.01899999939
0.01099999994 0.2949999869 0.01899999939
0.008999999613 0.2910000086 0.02300000004
0.008999999613 0.2930000126 0.02099999972
0.01099999994 0.2949999869 0.02099999972
0.008999999613 0.2930000126 0.02300000004
0.01099999994 0.2930000126 0.02300000004
0.01099999994 0.2949999869 0.02300000004
0.01099999994 0.2969999909 0.01700000092
0.01300000027 0.2969999909 0.01700000092
0.01300000027 0.298999995 0.01700000092
0.01300000027 0.298999995 0.01899999939
0.01099999994 0.3030000031 0.01700000092
0.01300000027 0.3030000031 0.01700000092
0.01300000027 0.300999999 0.01899999939
0.01099999994 0.2969999909 0.02099999972
0.01099999994 0.2969999909 0.02300000004
0.01300000027 0.2969999909 0.02099999972
0.01300000027 0.298999995 0.02300000004
0.01099999994 0.3030000031 0.02300000004
0.01300000027 0.300999999 0.02099999972
0.01300000027 0.3030000031 0.02099999972
0.01300000027 0.300999999 0.02300000004
0.003000000026 0.2890000045 0.0270000007
0.004999999888 0.2890000045 0.02500000037
0.007000000216 0.2890000045 0.02500000037
0.007000000216 0.2910000086 0.02500000037
0.004999999888 0.2890000045 0.0270000007
0.007000000216 0.2890000045 0.0270000007
0.003000000026 0.2890000045 0.02899999917
0.003000000026 0.2890000045 0.03099999949
0.004999999888 0.2890000045 0.02899999917
0.007000000216 0.2910000086 0.02899999917
0.004999999888 0.2890000045 0.03099999949
0.007000000216 0.2910000086 0.03099999949
0.008999999613 0.2930000126 0.02500000037
0.01099999994 0.2949999869 0.02500000037
0.008999999613 0.2930000126 0.0270000007
0.01099999994 0.2949999869 0.0270000007
0.008999999613 0.2930000126 0.02899999917
0.01099999994 0.2949999869 0.02899999917
0.008999999613 0.2930000126 0.03099999949
0.01099999994 0.2930000126 0.03099999949
0.01099999994 0.2949999869 0.03099999949
0.01099999994 0.2969999909 0.02500000037
0.01300000027 0.2969999909 0.02500000037
0.01300000027 0.298999995 0.02500000037
0.01300000027 0.298999995 0.0270000007
0.01099999994 0.3030000031 0.02500000037
0.01099999994 0.3030000031 0.0270000007
0.01300000027 0.300999999 0.02500000037
0.01300000027 0.3030000031 0.02500000037
0.01300000027 0.3030000031 0.0270000007
0.01099999994 0.2969999909 0.02899999917
0.01099999994 0.2969999909 0.03099999949
0.01300000027 0.2969999909 0.02899999917
0.01300000027 0.298999995 0.03099999949
0.01099999994 0.3030000031 0.02899999917
0.01300000027 0.300999999 0.02899999917
0.01300000027 0.3030000031 0.03099999949
0.003000000026 0.3109999895 0.01899999939
0.004999999888 0.3109999895 0.01700000092
0.007000000216 0.3089999855 0.01899999939
0.004999999888 0.3109999895 0.01899999939
0.003000000026 0.3109999895 0.02099999972
0.007000000216 0.3089999855 0.02099999972
0.004999999888 0.3109999895 0.02099999972
0.007000000216 0.3089999855 0.02300000004
0.004999999888 0.3109999895 0.02300000004
0.01099999994 0.3050000072 0.01700000092
0.008999999613 0.3070000112 0.01700000092
0.01099999994 0.3050000072 0.01899999939
0.01099999994 0.3050000072 0.02099999972
0.01099999994 0.3050000072 0.02300000004
0.008999999613 0.3070000112 0.02300000004
0.001000000047 0.3129999936 0.01700000092
0.003000000026 0.3129999936 0.01700000092
0.001000000047 0.3129999936 0.01899999939
0.001000000047 0.3129999936 0.02099999972
0.001000000047 0.3129999936 0.02300000004
0.003000000026 0.3109999895 0.02500000037
0.007000000216 0.3089999855 0.02500000037
0.007000000216 0.3109999895 0.02500000037
0.007000000216 0.3089999855 0.0270000007
0.004999999888 0.3109999895 0.0270000007
0.003000000026 0.3109999895 0.02899999917
0.01099999994 0.3050000072 0.02500000037
0.008999999613 0.3070000112 0.02500000037
0.01099999994 0.3050000072 0.0270000007
0.01099999994 0.3050000072 0.02899999917
0.01099999994 0.3050000072 0.03099999949
0.008999999613 0.3070000112 0.03099999949
0.008999999613 0.3089999855 0.02899999917
0.003000000026 0.3129999936 0.02500000037
0.001000000047 0.3129999936 0.0270000007
0.003000000026 0.3129999936 0.0270000007
0.001000000047 0.3129999936 0.02899999917
0.003000000026 0.3129999936 0.02899999917
0.001000000047 0.3129999936 0.03099999949
0.003000000026 0.3129999936 0.03099999949
0.001000000047 0.2870000005 0.03500000015
0.001000000047 0.2870000005 0.03700000048
0.001000000047 0.2870000005 0.0390000008
0.001000000047 0.2870000005 0.04100000113
0.003000000026 0.2890000045 0.03299999982
0.003000000026 0.2890000045 0.03500000015
0.004999999888 0.2890000045 0.03299999982
0.007000000216 0.2910000086 0.03299999982
0.004999999888 0.2890000045 0.03500000015
0.007000000216 0.2910000086 0.03500000015
0.003000000026 0.2890000045 0.03700000048
0.003000000026 0.2890000045 0.0390000008
0.004999999888 0.2890000045 0.03700000048
0.007000000216 0.2910000086 0.03700000048
0.007000000216 0.2910000086 0.0390000008
0.008999999613 0.2910000086 0.03500000015
0.008999999613 0.2930000126 0.03299999982
0.01099999994 0.2930000126 0.03299999982
0.01099999994 0.2949999869 0.03299999982
0.008999999613 0.2930000126 0.03500000015
0.01099999994 0.2930000126 0.03500000015
0.01099999994 0.2949999869 0.03500000015
0.008999999613 0.2910000086 0.0390000008
0.008999999613 0.2930000126 0.03700000048
0.01099999994 0.2949999869 0.03700000048
0.008999999613 0.2930000126 0.0390000008
0.01099999994 0.2930000126 0.0390000008
0.01099999994 0.2949999869 0.0390000008
0.01099999994 0.2969999909 0.03299999982
0.01099999994 0.2969999909 0.03500000015
0.01300000027 0.2969999909 0.03299999982
0.01300000027 0.298999995 0.03500000015
0.01099999994 0.3030000031 0.03299999982
0.01099999994 0.3030000031 0.03500000015
0.01300000027 0.300999999 0.03299999982
0.01300000027 0.300999999 0.03500000015
0.01300000027 0.3030000031 0.03500000015
0.01300000027 0.2969999909 0.03700000048
0.01300000027 0.298999995 0.03700000048
0.01300000027 0.298999995 0.0390000008
0.01099999994 0.3030000031 0.03700000048
0.01300000027 0.300999999 0.03700000048
0.01300000027 0.300999999 0.0390000008
0.01300000027 0.3030000031 0.0390000008
0.003000000026 0.2890000045 0.04100000113
0.003000000026 0.2890000045 0.04300000146
0.007000000216 0.2910000086 0.04100000113
0.007000000216 0.2890000045 0.04300000146
0.007000000216 0.2910000086 0.04300000146
0.003000000026 0.2890000045 0.04699999839
0.007000000216 0.2910000086 0.04500000179
0.004999999888 0.2890000045 0.04699999839
0.007000000216 0.2910000086 0.04699999839
0.008999999613 0.2930000126 0.04100000113
0.01099999994 0.2949999869 0.04100000113
0.008999999613 0.2930000126 0.04300000146
0.01099999994 0.2930000126 0.04300000146
0.008999999613 0.2930000126 0.04500000179
0.01099999994 0.2949999869 0.04500000179
0.008999999613 0.2930000126 0.04699999839
0.01099999994 0.2949999869 0.04699999839
0.01099999994 0.2969999909 0.04100000113
0.01099999994 0.2969999909 0.04300000146
0.01300000027 0.2969999909 0.04100000113
0.01300000027 0.298999995 0.04300000146
0.01099999994 0.3030000031 0.04100000113
0.01099999994 0.3030000031 0.04300000146
0.01300000027 0.300999999 0.04100000113
0.01300000027 0.3030000031 0.04100000113
0.01300000027 0.300999999 0.04300000146
0.01099999994 0.2969999909 0.04500000179
0.01099999994 0.2969999909 0.04699999839
0.01300000027 0.2969999909 0.04500000179
0.01300000027 0.298999995 0.04699999839
0.01300000027 0.300999999 0.04500000179
0.01300000027 0.3030000031 0.04500000179
0.01300000027 0.300999999 0.04699999839
0.01300000027 0.3030000031 0.04699999839
0.003000000026 0.3109999895 0.03299999982
0.007000000216 0.3089999855 0.03299999982
0.004999999888 0.3109999895 0.03299999982
0.007000000216 0.3089999855 0.03500000015
0.004999999888 0.3109999895 0.03500000015
0.003000000026 0.3109999895 0.0390000008
0.004999999888 0.3109999895 0.03700000048
0.007000000216 0.3089999855 0.0390000008
0.004999999888 0.3109999895 0.0390000008
0.008999999613 0.3070000112 0.03299999982
0.01099999994 0.3050000072 0.03500000015
0.008999999613 0.3070000112 0.03500000015
0.01099999994 0.3050000072 0.03700000048
0.008999999613 0.3070000112 0.03700000048
0.01099999994 0.3050000072 0.0390000008
0.001000000047 0.3129999936 0.03299999982
0.001000000047 0.3129999936 0.03500000015
0.001000000047 0.3129999936 0.03700000048
0.001000000047 0.3129999936 0.0390000008
0.003000000026 0.3109999895 0.04300000146
0.007000000216 0.3089999855 0.04100000113
0.004999999888 0.3109999895 0.04100000113
0.007000000216 0.3109999895 0.04100000113
0.003000000026 0.3109999895 0.04699999839
0.01099999994 0.3050000072 0.04100000113
0.008999999613 0.3070000112 0.04100000113
0.01099999994 0.3050000072 0.04300000146
0.008999999613 0.3070000112 0.04300000146
0.008999999613 0.3089999855 0.04300000146
0.01099999994 0.3050000072 0.04500000179
0.008999999613 0.3070000112 0.04500000179
0.01099999994 0.3050000072 0.04699999839
0.008999999613 0.3070000112 0.04699999839
0.003000000026 0.3129999936 0.04100000113
0.001000000047 0.3129999936 0.04300000146
0.003000000026 0.3129999936 0.04300000146
0.001000000047 0.3129999936 0.04500000179
0.003000000026 0.3129999936 0.04500000179
0.001000000047 0.3129999936 0.04699999839
0.003000000026 0.3129999936 0.04699999839
0.003000000026 0.2890000045 0.04899999872
0.003000000026 0.2890000045 0.05099999905
0.007000000216 0.2910000086 0.04899999872
0.004999999888 0.2890000045 0.05099999905
0.007000000216 0.2910000086 0.05099999905
0.003000000026 0.2890000045 0.05299999937
0.007000000216 0.2910000086 0.05299999937
0.004999999888 0.2890000045 0.0549999997
0.007000000216 0.2910000086 0.0549999997
0.008999999613 0.2910000086 0.05099999905
0.01099999994 0.2949999869 0.04899999872
0.008999999613 0.2930000126 0.05099999905
0.01099999994 0.2930000126 0.05099999905
0.01099999994 0.2949999869 0.05099999905
0.008999999613 0.2910000086 0.0549999997
0.008999999613 0.2930000126 0.05299999937
0.01099999994 0.2949999869 0.05299999937
0.01099999994 0.2930000126 0.0549999997
0.01099999994 0.2969999909 0.04899999872
0.01099999994 0.2969999909 0.05099999905
0.01300000027 0.2969999909 0.04899999872
0.01300000027 0.298999995 0.05099999905
0.01099999994 0.3030000031 0.04899999872
0.01099999994 0.3030000031 0.05099999905
0.01300000027 0.300999999 0.04899999872
0.01300000027 0.3030000031 0.05099999905
0.01099999994 0.2969999909 0.0549999997
0.01300000027 0.2969999909 0.05299999937
0.01300000027 0.298999995 0.05299999937
0.01300000027 0.298999995 0.0549999997
0.01099999994 0.3030000031 0.05299999937
0.01099999994 0.3030000031 0.0549999997
0.01300000027 0.300999999 0.05299999937
0.01300000027 0.3030000031 0.05299999937
0.01300000027 0.300999999 0.0549999997
0.003000000026 0.2890000045 0.05900000036
0.004999999888 0.2890000045 0.05700000003
0.007000000216 0.2890000045 0.05700000003
0.007000000216 0.2910000086 0.05700000003
0.004999999888 0.2890000045 0.05900000036
0.007000000216 0.2910000086 0.05900000036
0.003000000026 0.2890000045 0.06100000069
0.004999999888 0.2890000045 0.06100000069
0.007000000216 0.2910000086 0.06100000069
0.004999999888 0.2890000045 0.06300000101
0.007000000216 0.2910000086 0.06300000101
0.008999999613 0.2910000086 0.05900000036
0.008999999613 0.2930000126 0.05700000003
0.01099999994 0.2949999869 0.05700000003
0.01099999994 0.2930000126 0.05900000036
0.01099999994 0.2949999869 0.05900000036
0.01099999994 0.2949999869 0.06100000069
0.008999999613 0.2930000126 0.06300000101
0.01099999994 0.2969999909 0.05700000003
0.01099999994 0.2969999909 0.05900000036
0.01300000027 0.2969999909 0.05700000003
0.01300000027 0.298999995 0.05700000003
0.01300000027 0.2969999909 0.05900000036
0.01300000027 0.298999995 0.05900000036
0.01300000027 0.300999999 0.05700000003
0.01300000027 0.3030000031 0.05700000003
0.01300000027 0.300999999 0.05900000036
0.01099999994 0.2969999909 0.06300000101
0.01300000027 0.298999995 0.06100000069
0.01300000027 0.2969999909 0.06300000101
0.01099999994 0.3030000031 0.06300000101
0.01300000027 0.300999999 0.06100000069
0.01300000027 0.3030000031 0.06100000069
0.01300000027 0.300999999 0.06300000101
0.01300000027 0.3030000031 0.06300000101
0.003000000026 0.3109999895 0.05099999905
0.004999999888 0.3109999895 0.04899999872
0.007000000216 0.3089999855 0.05099999905
0.004999999888 0.3109999895 0.05099999905
0.004999999888 0.3109999895 0.05299999937
0.004999999888 0.3109999895 0.0549999997
0.01099999994 0.3050000072 0.04899999872
0.01099999994 0.3050000072 0.05099999905
0.008999999613 0.3089999855 0.04899999872
0.01099999994 0.3050000072 0.05299999937
0.008999999613 0.3070000112 0.0549999997
0.001000000047 0.3129999936 0.04899999872
0.001000000047 0.3129999936 0.05099999905
0.001000000047 0.3129999936 0.05299999937
0.003000000026 0.3129999936 0.0549999997
0.003000000026 0.3109999895 0.05700000003
0.007000000216 0.3109999895 0.05700000003
0.007000000216 0.3089999855 0.06100000069
0.004999999888 0.3109999895 0.06300000101
0.01099999994 0.3050000072 0.05700000003
0.008999999613 0.3070000112 0.05700000003
0.01099999994 0.3050000072 0.05900000036
0.008999999613 0.3070000112 0.05900000036
0.008999999613 0.3089999855 0.05700000003
0.01099999994 0.3050000072 0.06100000069
0.01099999994 0.3050000072 0.06300000101
0.008999999613 0.3070000112 0.06300000101
0.001000000047 0.3129999936 0.05700000003
0.003000000026 0.3129999936 0.05700000003
0.001000000047 0.3129999936 0.05900000036
0.003000000026 0.3129999936 0.05900000036
0.001000000047 0.3129999936 0.06100000069
0.003000000026 0.3129999936 0.06100000069
0.001000000047 0.3129999936 0.06300000101
0.003000000026 0.3129999936 0.06300000101
0.003000000026 0.2890000045 0.06700000167
0.007000000216 0.2910000086 0.06499999762
0.007000000216 0.2910000086 0.06700000167
0.003000000026 0.2890000045 0.07100000232
0.004999999888 0.2890000045 0.06899999827
0.007000000216 0.2910000086 0.06899999827
0.004999999888 0.2890000045 0.07100000232
0.007000000216 0.2910000086 0.07100000232
0.008999999613 0.2910000086 0.06700000167
0.008999999613 0.2930000126 0.06499999762
0.01099999994 0.2949999869 0.06499999762
0.008999999613 0.2930000126 0.06700000167
0.01099999994 0.2930000126 0.06700000167
0.01099999994 0.2949999869 0.06700000167
0.008999999613 0.2910000086 0.06899999827
0.008999999613 0.2910000086 0.07100000232
0.008999999613 0.2930000126 0.06899999827
0.01099999994 0.2930000126 0.06899999827
0.01099999994 0.2949999869 0.06899999827
0.008999999613 0.2930000126 0.07100000232
0.01099999994 0.2930000126 0.07100000232
0.01099999994 0.2949999869 0.07100000232
0.01099999994 0.2969999909 0.06499999762
0.01099999994 0.2969999909 0.06700000167
0.01300000027 0.298999995 0.06499999762
0.01300000027 0.2969999909 0.06700000167
0.01300000027 0.298999995 0.06700000167
0.01099999994 0.3030000031 0.06499999762
0.01099999994 0.3030000031 0.06700000167
0.01300000027 0.300999999 0.06499999762
0.01300000027 0.3030000031 0.06499999762
0.01300000027 0.300999999 0.06700000167
0.01099999994 0.2969999909 0.06899999827
0.01300000027 0.298999995 0.06899999827
0.01300000027 0.2969999909 0.07100000232
0.01300000027 0.298999995 0.07100000232
0.01099999994 0.3030000031 0.07100000232
0.01300000027 0.300999999 0.06899999827
0.01300000027 0.3030000031 0.06899999827
0.01300000027 0.300999999 0.07100000232
0.003000000026 0.2890000045 0.07299999893
0.003000000026 0.2890000045 0.07500000298
0.004999999888 0.2890000045 0.07299999893
0.007000000216 0.2890000045 0.07299999893
0.007000000216 0.2910000086 0.07299999893
0.004999999888 0.2890000045 0.07500000298
0.007000000216 0.2910000086 0.07500000298
0.003000000026 0.2890000045 0.07699999958
0.003000000026 0.2890000045 0.07900000364
0.004999999888 0.2890000045 0.07699999958
0.007000000216 0.2910000086 0.07699999958
0.004999999888 0.2890000045 0.07900000364
0.007000000216 0.2910000086 0.07900000364
0.008999999613 0.2910000086 0.07299999893
0.008999999613 0.2930000126 0.07299999893
0.01099999994 0.2930000126 0.07299999893
0.01099999994 0.2949999869 0.07299999893
0.008999999613 0.2930000126 0.07500000298
0.01099999994 0.2949999869 0.07500000298
0.008999999613 0.2930000126 0.07699999958
0.01099999994 0.2949999869 0.07699999958
0.008999999613 0.2930000126 0.07900000364
0.01099999994 0.2949999869 0.07900000364
0.01099999994 0.2969999909 0.07500000298
0.01300000027 0.298999995 0.07299999893
0.01300000027 0.2969999909 0.07500000298
0.01099999994 0.3030000031 0.07299999893
0.01099999994 0.3030000031 0.07500000298
0.01300000027 0.300999999 0.07299999893
0.01300000027 0.3030000031 0.07299999893
0.01300000027 0.300999999 0.07500000298
0.01300000027 0.3030000031 0.07500000298
0.01099999994 0.2969999909 0.07900000364
0.01300000027 0.2969999909 0.07699999958
0.01300000027 0.298999995 0.07699999958
0.01300000027 0.298999995 0.07900000364
0.01099999994 0.3030000031 0.07699999958
0.01300000027 0.300999999 0.07699999958
0.01300000027 0.300999999 0.07900000364
0.01300000027 0.3030000031 0.07900000364
0.003000000026 0.3109999895 0.06499999762
0.007000000216 0.3089999855 0.06499999762
0.004999999888 0.3109999895 0.06499999762
0.007000000216 0.3089999855 0.06700000167
0.004999999888 0.3109999895 0.06700000167
0.003000000026 0.3109999895 0.06899999827
0.003000000026 0.3109999895 0.07100000232
0.004999999888 0.3109999895 0.06899999827
0.007000000216 0.3089999855 0.07100000232
0.007000000216 0.3109999895 0.07100000232
0.01099999994 0.3050000072 0.06499999762
0.008999999613 0.3070000112 0.06499999762
0.01099999994 0.3050000072 0.06700000167
0.01099999994 0.3050000072 0.06899999827
0.008999999613 0.3070000112 0.06899999827
0.01099999994 0.3050000072 0.07100000232
0.001000000047 0.3129999936 0.06499999762
0.001000000047 0.3129999936 0.06700000167
0.003000000026 0.3129999936 0.06700000167
0.001000000047 0.3129999936 0.06899999827
0.003000000026 0.3129999936 0.06899999827
0.001000000047 0.3129999936 0.07100000232
0.003000000026 0.3129999936 0.07100000232
0.003000000026 0.3109999895 0.07500000298
0.007000000216 0.3089999855 0.07500000298
0.003000000026 0.3109999895 0.07699999958
0.004999999888 0.3109999895 0.07699999958
0.007000000216 0.3089999855 0.07900000364
0.004999999888 0.3109999895 0.07900000364
0.01099999994 0.3050000072 0.07500000298
0.01099999994 0.3050000072 0.07699999958
0.008999999613 0.3070000112 0.07699999958
0.01099999994 0.3050000072 0.07900000364
0.008999999613 0.3070000112 0.07900000364
0.001000000047 0.3129999936 0.07299999893
0.003000000026 0.3129999936 0.07299999893
0.001000000047 0.3129999936 0.07500000298
0.003000000026 0.3129999936 0.07500000298
0.001000000047 0.3129999936 0.07699999958
0.001000000047 0.3129999936 0.07900000364
0.003000000026 0.2890000045 0.08299999684
0.007000000216 0.2910000086 0.08100000024
0.004999999888 0.2890000045 0.08299999684
0.003000000026 0.2890000045 0.08500000089
0.003000000026 0.2890000045 0.0869999975
0.004999999888 0.2890000045 0.08500000089
0.007000000216 0.2890000045 0.0869999975
0.008999999613 0.2910000086 0.08100000024
0.008999999613 0.2930000126 0.08100000024
0.01099999994 0.2930000126 0.08100000024
0.01099999994 0.2949999869 0.08100000024
0.008999999613 0.2930000126 0.08299999684
0.01099999994 0.2930000126 0.08299999684
0.01099999994 0.2949999869 0.08299999684
0.008999999613 0.2910000086 0.08500000089
0.008999999613 0.2910000086 0.0869999975
0.01099999994 0.2930000126 0.08500000089
0.01099999994 0.2949999869 0.08500000089
0.008999999613 0.2930000126 0.0869999975
0.01099999994 0.2930000126 0.0869999975
0.01099999994 0.2949999869 0.0869999975
0.01099999994 0.2969999909 0.08299999684
0.01300000027 0.2969999909 0.08100000024
0.01300000027 0.298999995 0.08299999684
0.01099999994 0.3030000031 0.08100000024
0.01099999994 0.3030000031 0.08299999684
0.01300000027 0.300999999 0.08100000024
0.01300000027 0.3030000031 0.08100000024
0.01300000027 0.300999999 0.08299999684
0.01099999994 0.2969999909 0.08500000089
0.01099999994 0.2969999909 0.0869999975
0.01300000027 0.2969999909 0.08500000089
0.01300000027 0.298999995 0.08500000089
0.01300000027 0.298999995 0.0869999975
0.01099999994 0.3030000031 0.08500000089
0.01099999994 0.3030000031 0.0869999975
0.01300000027 0.300999999 0.08500000089
0.01300000027 0.300999999 0.0869999975
0.01300000027 0.3030000031 0.0869999975
0.003000000026 0.2890000045 0.09099999815
0.004999999888 0.2890000045 0.08900000155
0.007000000216 0.2910000086 0.08900000155
0.004999999888 0.2890000045 0.09099999815
0.007000000216 0.2910000086 0.09099999815
0.003000000026 0.2890000045 0.09300000221
0.007000000216 0.2910000086 0.09300000221
0.007000000216 0.2910000086 0.09499999881
0.008999999613 0.2930000126 0.08900000155
0.01099999994 0.2949999869 0.08900000155
0.008999999613 0.2930000126 0.09099999815
0.01099999994 0.2949999869 0.09099999815
0.008999999613 0.2910000086 0.09499999881
0.008999999613 0.2930000126 0.09300000221
0.01099999994 0.2949999869 0.09300000221
0.008999999613 0.2930000126 0.09499999881
0.01099999994 0.2930000126 0.09499999881
0.01099999994 0.2969999909 0.08900000155
0.01099999994 0.2969999909 0.09099999815
0.01300000027 0.2969999909 0.08900000155
0.01300000027 0.298999995 0.08900000155
0.01300000027 0.2969999909 0.09099999815
0.01300000027 0.298999995 0.09099999815
0.01099999994 0.3030000031 0.09099999815
0.01300000027 0.3030000031 0.08900000155
0.01300000027 0.300999999 0.09099999815
0.01099999994 0.2969999909 0.09499999881
0.01300000027 0.298999995 0.09300000221
0.01300000027 0.2969999909 0.09499999881
0.01099999994 0.3030000031 0.09300000221
0.01099999994 0.3030000031 0.09499999881
0.01300000027 0.300999999 0.09300000221
0.01300000027 0.3030000031 0.09300000221
0.01300000027 0.300999999 0.09499999881
0.01300000027 0.3030000031 0.09499999881
0.003000000026 0.3109999895 0.08299999684
0.007000000216 0.3089999855 0.08100000024
0.004999999888 0.3109999895 0.08100000024
0.007000000216 0.3089999855 0.08299999684
0.004999999888 0.3109999895 0.08299999684
0.007000000216 0.3109999895 0.08299999684
0.007000000216 0.3109999895 0.08500000089
0.007000000216 0.3089999855 0.0869999975
0.01099999994 0.3050000072 0.08100000024
0.008999999613 0.3070000112 0.08100000024
0.01099999994 0.3050000072 0.08299999684
0.008999999613 0.3070000112 0.08299999684
0.01099999994 0.3050000072 0.08500000089
0.01099999994 0.3050000072 0.0869999975
0.008999999613 0.3070000112 0.0869999975
0.001000000047 0.3129999936 0.08100000024
0.003000000026 0.3129999936 0.08100000024
0.001000000047 0.3129999936 0.08299999684
0.003000000026 0.3129999936 0.08299999684
0.001000000047 0.3129999936 0.08500000089
0.003000000026 0.3129999936 0.08500000089
0.001000000047 0.3129999936 0.0869999975
0.003000000026 0.3129999936 0.0869999975
0.003000000026 0.3109999895 0.09099999815
0.007000000216 0.3089999855 0.08900000155
0.004999999888 0.3109999895 0.08900000155
0.004999999888 0.3109999895 0.09099999815
0.003000000026 0.3109999895 0.09300000221
0.003000000026 0.3109999895 0.09499999881
0.004999999888 0.3109999895 0.09300000221
0.007000000216 0.3089999855 0.09499999881
0.004999999888 0.3109999895 0.09499999881
0.007000000216 0.3109999895 0.09499999881
0.01099999994 0.3050000072 0.08900000155
0.01099999994 0.3050000072 0.09099999815
0.008999999613 0.3070000112 0.09099999815
0.008999999613 0.3070000112 0.09300000221
0.01099999994 0.3050000072 0.09499999881
0.008999999613 0.3089999855 0.09300000221
0.001000000047 0.3129999936 0.08900000155
0.003000000026 0.3129999936 0.08900000155
0.001000000047 0.3129999936 0.09099999815
0.003000000026 0.3129999936 0.09300000221
0.001000000047 0.3129999936 0.09499999881
0.003000000026 0.3129999936 0.09499999881
0.003000000026 0.2890000045 0.09700000286
0.003000000026 0.2890000045 0.09899999946
0.004999999888 0.2890000045 0.09700000286
0.007000000216 0.2910000086 0.09700000286
0.004999999888 0.2890000045 0.09899999946
0.007000000216 0.2910000086 0.09899999946
0.003000000026 0.2890000045 0.1030000001
0.004999999888 0.2890000045 0.1010000035
0.007000000216 0.2890000045 0.1010000035
0.007000000216 0.2910000086 0.1010000035
0.004999999888 0.2890000045 0.1030000001
0.007000000216 0.2910000086 0.1030000001
0.008999999613 0.2910000086 0.09700000286
0.008999999613 0.2930000126 0.09700000286
0.01099999994 0.2930000126 0.09700000286
0.01099999994 0.2949999869 0.09700000286
0.008999999613 0.2930000126 0.09899999946
0.01099999994 0.2949999869 0.09899999946
0.008999999613 0.2910000086 0.1010000035
0.01099999994 0.2930000126 0.1010000035
0.01099999994 0.2949999869 0.1010000035
0.008999999613 0.2930000126 0.1030000001
0.01099999994 0.2930000126 0.1030000001
0.01099999994 0.2949999869 0.1030000001
0.01099999994 0.2969999909 0.09700000286
0.01099999994 0.2969999909 0.09899999946
0.01300000027 0.2969999909 0.09700000286
0.01300000027 0.298999995 0.09700000286
0.01300000027 0.298999995 0.09899999946
0.01099999994 0.3030000031 0.09700000286
0.01099999994 0.3030000031 0.09899999946
0.01300000027 0.300999999 0.09700000286
0.01300000027 0.3030000031 0.09700000286
0.01300000027 0.300999999 0.09899999946
0.01099999994 0.2969999909 0.1010000035
0.01300000027 0.2969999909 0.1010000035
0.01300000027 0.298999995 0.1010000035
0.01300000027 0.2969999909 0.1030000001
0.01300000027 0.298999995 0.1030000001
0.01099999994 0.3030000031 0.1010000035
0.01099999994 0.3030000031 0.1030000001
0.01300000027 0.300999999 0.1010000035
0.01300000027 0.3030000031 0.1010000035
0.01300000027 0.300999999 0.1030000001
0.01300000027 0.3030000031 0.1030000001
0.003000000026 0.2890000045 0.1070000008
0.004999999888 0.2890000045 0.1049999967
0.007000000216 0.2890000045 0.1049999967
0.007000000216 0.2910000086 0.1049999967
0.004999999888 0.2890000045 0.1070000008
0.007000000216 0.2910000086 0.1070000008
0.003000000026 0.2890000045 0.1089999974
0.003000000026 0.2890000045 0.1110000014
0.007000000216 0.2910000086 0.1089999974
0.004999999888 0.2890000045 0.1110000014
0.007000000216 0.2910000086 0.1110000014
0.008999999613 0.2910000086 0.1070000008
0.008999999613 0.2930000126 0.1049999967
0.01099999994 0.2949999869 0.1049999967
0.008999999613 0.2930000126 0.1070000008
0.01099999994 0.2930000126 0.1070000008
0.01099999994 0.2949999869 0.1070000008
0.008999999613 0.2910000086 0.1110000014
0.008999999613 0.2930000126 0.1089999974
0.01099999994 0.2949999869 0.1089999974
0.008999999613 0.2930000126 0.1110000014
0.01099999994 0.2930000126 0.1110000014
0.01099999994 0.2949999869 0.1110000014
0.01099999994 0.2969999909 0.1049999967
0.01099999994 0.2969999909 0.1070000008
0.01300000027 0.2969999909 0.1049999967
0.01300000027 0.298999995 0.1049999967
0.01300000027 0.2969999909 0.1070000008
0.01300000027 0.298999995 0.1070000008
0.01099999994 0.3030000031 0.1070000008
0.01300000027 0.3030000031 0.1049999967
0.01300000027 0.300999999 0.1070000008
0.01300000027 0.3030000031 0.1070000008
0.01099999994 0.2969999909 0.1089999974
0.01099999994 0.2969999909 0.1110000014
0.01300000027 0.298999995 0.1089999974
0.01300000027 0.2969999909 0.1110000014
0.01300000027 0.298999995 0.1110000014
0.01099999994 0.3030000031 0.1089999974
0.01099999994 0.3030000031 0.1110000014
0.01300000027 0.300999999 0.1089999974
0.01300000027 0.300999999 0.1110000014
0.01300000027 0.3030000031 0.1110000014
0.003000000026 0.3109999895 0.09700000286
0.003000000026 0.3109999895 0.09899999946
0.007000000216 0.3089999855 0.09700000286
0.004999999888 0.3109999895 0.09700000286
0.007000000216 0.3109999895 0.09700000286
0.007000000216 0.3089999855 0.09899999946
0.003000000026 0.3109999895 0.1010000035
0.007000000216 0.3089999855 0.1010000035
0.004999999888 0.3109999895 0.1030000001
0.01099999994 0.3050000072 0.09700000286
0.008999999613 0.3070000112 0.09700000286
0.01099999994 0.3050000072 0.09899999946
0.008999999613 0.3070000112 0.09899999946
0.01099999994 0.3050000072 0.1010000035
0.008999999613 0.3070000112 0.1010000035
0.01099999994 0.3050000072 0.1030000001
0.008999999613 0.3070000112 0.1030000001
0.001000000047 0.3129999936 0.09700000286
0.003000000026 0.3129999936 0.09700000286
0.001000000047 0.3129999936 0.09899999946
0.003000000026 0.3129999936 0.09899999946
0.001000000047 0.3129999936 0.1010000035
0.003000000026 0.3129999936 0.1010000035
0.001000000047 0.3129999936 0.1030000001
0.003000000026 0.3109999895 0.1049999967
0.007000000216 0.3089999855 0.1049999967
0.004999999888 0.3109999895 0.1049999967
0.007000000216 0.3089999855 0.1070000008
0.004999999888 0.3109999895 0.1070000008
0.007000000216 0.3109999895 0.1070000008
0.003000000026 0.3109999895 0.1089999974
0.007000000216 0.3089999855 0.1089999974
0.007000000216 0.3109999895 0.1089999974
0.004999999888 0.3109999895 0.1110000014
0.01099999994 0.3050000072 0.1049999967
0.008999999613 0.3070000112 0.1049999967
0.01099999994 0.3070000112 0.1049999967
0.01099999994 0.3050000072 0.1070000008
0.008999999613 0.3070000112 0.1070000008
0.01099999994 0.3070000112 0.1070000008
0.008999999613 0.3089999855 0.1070000008
0.01099999994 0.3050000072 0.1089999974
0.01099999994 0.3070000112 0.1089999974
0.01099999994 0.3050000072 0.1110000014
0.01099999994 0.3070000112 0.1110000014
0.008999999613 0.3089999855 0.1089999974
0.008999999613 0.3089999855 0.1110000014
0.001000000047 0.3129999936 0.1049999967
0.003000000026 0.3129999936 0.1049999967
0.001000000047 0.3129999936 0.1070000008
0.003000000026 0.3129999936 0.1070000008
0.001000000047 0.3129999936 0.1089999974
0.003000000026 0.3129999936 0.1089999974
0.001000000047 0.3129999936 0.1110000014
0.003000000026 0.3129999936 0.1110000014
0.003000000026 0.2890000045 0.112999998
0.003000000026 0.2890000045 0.1150000021
0.004999999888 0.2890000045 0.112999998
0.007000000216 0.2890000045 0.112999998
0.007000000216 0.2890000045 0.1150000021
0.007000000216 0.2910000086 0.1150000021
0.003000000026 0.2890000045 0.1190000027
0.007000000216 0.2910000086 0.1169999987
0.007000000216 0.2890000045 0.1190000027
0.007000000216 0.2910000086 0.1190000027
0.008999999613 0.2910000086 0.112999998
0.008999999613 0.2910000086 0.1150000021
0.01099999994 0.2930000126 0.112999998
0.01099999994 0.2949999869 0.112999998
0.008999999613 0.2930000126 0.1150000021
0.01099999994 0.2949999869 0.1150000021
0.008999999613 0.2910000086 0.1190000027
0.008999999613 0.2930000126 0.1169999987
0.01099999994 0.2930000126 0.1169999987
0.01099999994 0.2949999869 0.1169999987
0.008999999613 0.2930000126 0.1190000027
0.01099999994 0.2930000126 0.1190000027
0.01099999994 0.2949999869 0.1190000027
0.01099999994 0.2969999909 0.112999998
0.01300000027 0.298999995 0.112999998
0.01300000027 0.2969999909 0.1150000021
0.01300000027 0.298999995 0.1150000021
0.01300000027 0.300999999 0.112999998
0.01300000027 0.3030000031 0.112999998
0.01300000027 0.300999999 0.1150000021
0.01300000027 0.3030000031 0.1150000021
0.01099999994 0.2969999909 0.1169999987
0.01300000027 0.2969999909 0.1169999987
0.01300000027 0.298999995 0.1169999987
0.01300000027 0.2969999909 0.1190000027
0.01300000027 0.298999995 0.1190000027
0.01099999994 0.3030000031 0.1169999987
0.01099999994 0.3030000031 0.1190000027
0.01300000027 0.300999999 0.1169999987
0.01300000027 0.3030000031 0.1169999987
0.01300000027 0.300999999 0.1190000027
0.003000000026 0.2890000045 0.1230000034
0.004999999888 0.2890000045 0.1209999993
0.007000000216 0.2910000086 0.1209999993
0.004999999888 0.2890000045 0.1230000034
0.007000000216 0.2910000086 0.1230000034
0.003000000026 0.2890000045 0.125
0.003000000026 0.2890000045 0.1270000041
0.004999999888 0.2890000045 0.125
0.007000000216 0.2890000045 0.125
0.004999999888 0.2890000045 0.1270000041
0.008999999613 0.2910000086 0.1230000034
0.008999999613 0.2930000126 0.1209999993
0.01099999994 0.2949999869 0.1209999993
0.008999999613 0.2930000126 0.1230000034
0.01099999994 0.2930000126 0.1230000034
0.01099999994 0.2949999869 0.1230000034
0.008999999613 0.2910000086 0.125
0.008999999613 0.2930000126 0.125
0.01099999994 0.2930000126 0.125
0.01099999994 0.2949999869 0.125
0.01099999994 0.2930000126 0.1270000041
0.01099999994 0.2949999869 0.1270000041
0.01099999994 0.2969999909 0.1209999993
0.01099999994 0.2969999909 0.1230000034
0.01300000027 0.298999995 0.1209999993
0.01300000027 0.2969999909 0.1230000034
0.01099999994 0.3030000031 0.1209999993
0.01099999994 0.3030000031 0.1230000034
0.01300000027 0.300999999 0.1209999993
0.01300000027 0.3030000031 0.1209999993
0.01300000027 0.300999999 0.1230000034
0.01300000027 0.3030000031 0.1230000034
0.01099999994 0.2969999909 0.125
0.01099999994 0.2969999909 0.1270000041
0.01300000027 0.2969999909 0.125
0.01300000027 0.298999995 0.125
0.01300000027 0.298999995 0.1270000041
0.01099999994 0.3030000031 0.125
0.01099999994 0.3030000031 0.1270000041
0.01300000027 0.300999999 0.125
0.01300000027 0.3030000031 0.125
0.01300000027 0.300999999 0.1270000041
0.003000000026 0.3109999895 0.1150000021
0.007000000216 0.3089999855 0.112999998
0.004999999888 0.3109999895 0.112999998
0.007000000216 0.3109999895 0.112999998
0.004999999888 0.3109999895 0.1150000021
0.007000000216 0.3109999895 0.1150000021
0.003000000026 0.3109999895 0.1169999987
0.003000000026 0.3109999895 0.1190000027
0.007000000216 0.3089999855 0.1169999987
0.004999999888 0.3109999895 0.1169999987
0.007000000216 0.3109999895 0.1169999987
0.007000000216 0.3089999855 0.1190000027
0.007000000216 0.3109999895 0.1190000027
0.01099999994 0.3050000072 0.112999998
0.008999999613 0.3070000112 0.112999998
0.01099999994 0.3070000112 0.112999998
0.01099999994 0.3050000072 0.1150000021
0.008999999613 0.3070000112 0.1150000021
0.01099999994 0.3070000112 0.1150000021
0.008999999613 0.3089999855 0.112999998
0.008999999613 0.3089999855 0.1150000021
0.01099999994 0.3050000072 0.1169999987
0.008999999613 0.3070000112 0.1169999987
0.01099999994 0.3070000112 0.1169999987
0.01099999994 0.3050000072 0.1190000027
0.008999999613 0.3070000112 0.1190000027
0.01099999994 0.3070000112 0.1190000027
0.008999999613 0.3089999855 0.1169999987
0.008999999613 0.3089999855 0.1190000027
0.003000000026 0.3129999936 0.112999998
0.001000000047 0.3129999936 0.1150000021
0.001000000047 0.3129999936 0.1169999987
0.003000000026 0.3109999895 0.1209999993
0.003000000026 0.3109999895 0.1230000034
0.007000000216 0.3089999855 0.1209999993
0.004999999888 0.3109999895 0.1209999993
0.004999999888 0.3109999895 0.1230000034
0.007000000216 0.3109999895 0.1230000034
0.003000000026 0.3109999895 0.125
0.007000000216 0.3089999855 0.125
0.004999999888 0.3109999895 0.125
0.007000000216 0.3109999895 0.125
0.007000000216 0.3089999855 0.1270000041
0.004999999888 0.3109999895 0.1270000041
0.007000000216 0.3109999895 0.1270000041
0.01099999994 0.3050000072 0.1209999993
0.008999999613 0.3070000112 0.1209999993
0.01099999994 0.3070000112 0.1209999993
0.01099999994 0.3050000072 0.1230000034
0.008999999613 0.3070000112 0.1230000034
0.008999999613 0.3089999855 0.1209999993
0.008999999613 0.3089999855 0.1230000034
0.01099999994 0.3050000072 0.125
0.01099999994 0.3070000112 0.125
0.01099999994 0.3050000072 0.1270000041
0.01099999994 0.3070000112 0.1270000041
0.008999999613 0.3089999855 0.125
0.008999999613 0.3089999855 0.1270000041
0.001000000047 0.3129999936 0.1209999993
0.001000000047 0.3129999936 0.1230000034
0.003000000026 0.3129999936 0.1230000034
0.001000000047 0.3129999936 0.125
0.003000000026 0.3129999936 0.125
0.001000000047 0.3129999936 0.1270000041
0.003000000026 0.3129999936 0.1270000041
0.001000000047 0.2870000005 0.1430000067
0.001000000047 0.2870000005 0.1449999958
0.001000000047 0.2870000005 0.1469999999
0.001000000047 0.2870000005 0.1550000012
0.001000000047 0.2870000005 0.1570000052
0.003000000026 0.2890000045 0.1289999932
0.003000000026 0.2890000045 0.1309999973
0.007000000216 0.2910000086 0.1289999932
0.007000000216 0.2910000086 0.1309999973
0.003000000026 0.2890000045 0.1330000013
0.003000000026 0.2890000045 0.1350000054
0.007000000216 0.2910000086 0.1330000013
0.004999999888 0.2890000045 0.1350000054
0.007000000216 0.2910000086 0.1350000054
0.008999999613 0.2910000086 0.1309999973
0.008999999613 0.2930000126 0.1289999932
0.01099999994 0.2949999869 0.1289999932
0.008999999613 0.2930000126 0.1309999973
0.01099999994 0.2930000126 0.1309999973
0.01099999994 0.2949999869 0.1309999973
0.008999999613 0.2910000086 0.1350000054
0.008999999613 0.2930000126 0.1330000013
0.01099999994 0.2949999869 0.1330000013
0.008999999613 0.2930000126 0.1350000054
0.01099999994 0.2930000126 0.1350000054
0.01300000027 0.2969999909 0.1289999932
0.01300000027 0.298999995 0.1289999932
0.01300000027 0.2969999909 0.1309999973
0.01300000027 0.298999995 0.1309999973
0.01300000027 0.300999999 0.1289999932
0.01300000027 0.3030000031 0.1289999932
0.01300000027 0.300999999 0.1309999973
0.01300000027 0.3030000031 0.1309999973
0.01099999994 0.2969999909 0.1330000013
0.01099999994 0.2969999909 0.1350000054
0.01300000027 0.298999995 0.1330000013
0.01300000027 0.2969999909 0.1350000054
0.01300000027 0.298999995 0.1350000054
0.01099999994 0.3030000031 0.1330000013
0.01099999994 0.3030000031 0.1350000054
0.01300000027 0.300999999 0.1330000013
0.01300000027 0.300999999 0.1350000054
0.01300000027 0.3030000031 0.1350000054
0.003000000026 0.2890000045 0.1369999945
0.003000000026 0.2890000045 0.1389999986
0.004999999888 0.2890000045 0.1369999945
0.007000000216 0.2890000045 0.1369999945
0.007000000216 0.2910000086 0.1369999945
0.004999999888 0.2890000045 0.1389999986
0.007000000216 0.2910000086 0.1389999986
0.003000000026 0.2890000045 0.1410000026
0.003000000026 0.2890000045 0.1430000067
0.004999999888 0.2890000045 0.1410000026
0.007000000216 0.2910000086 0.1410000026
0.004999999888 0.2890000045 0.1430000067
0.007000000216 0.2910000086 0.1430000067
0.008999999613 0.2910000086 0.1369999945
0.008999999613 0.2930000126 0.1369999945
0.01099999994 0.2930000126 0.1369999945
0.01099999994 0.2949999869 0.1369999945
0.008999999613 0.2930000126 0.1389999986
0.01099999994 0.2930000126 0.1389999986
0.01099999994 0.2949999869 0.1389999986
0.008999999613 0.2910000086 0.1410000026
0.008999999613 0.2910000086 0.1430000067
0.008999999613 0.2930000126 0.1410000026
0.01099999994 0.2949999869 0.1410000026
0.008999999613 0.2930000126 0.1430000067
0.01099999994 0.2949999869 0.1430000067
0.01099999994 0.2969999909 0.1369999945
0.01099999994 0.2969999909 0.1389999986
0.01300000027 0.2969999909 0.1369999945
0.01300000027 0.2969999909 0.1389999986
0.01300000027 0.298999995 0.1389999986
0.01099999994 0.3030000031 0.1369999945
0.01099999994 0.3030000031 0.1389999986
0.01300000027 0.300999999 0.1369999945
0.01300000027 0.3030000031 0.1369999945
0.01300000027 0.300999999 0.1389999986
0.01300000027 0.3030000031 0.1389999986
0.01099999994 0.2969999909 0.1410000026
0.01099999994 0.2969999909 0.1430000067
0.01300000027 0.2969999909 0.1410000026
0.01300000027 0.298999995 0.1410000026
0.01300000027 0.2969999909 0.1430000067
0.01300000027 0.298999995 0.1430000067
0.01099999994 0.3030000031 0.1410000026
0.01300000027 0.300999999 0.1410000026
0.01300000027 0.3030000031 0.1410000026
0.01300000027 0.300999999 0.1430000067
0.007000000216 0.3109999895 0.1289999932
0.007000000216 0.3089999855 0.1309999973
0.004999999888 0.3109999895 0.1309999973
0.007000000216 0.3109999895 0.1309999973
0.003000000026 0.3109999895 0.1330000013
0.007000000216 0.3089999855 0.1330000013
0.004999999888 0.3109999895 0.1330000013
0.007000000216 0.3089999855 0.1350000054
0.004999999888 0.3109999895 0.1350000054
0.007000000216 0.3109999895 0.1350000054
0.01099999994 0.3050000072 0.1289999932
0.008999999613 0.3070000112 0.1289999932
0.01099999994 0.3070000112 0.1289999932
0.01099999994 0.3050000072 0.1309999973
0.008999999613 0.3070000112 0.1309999973
0.01099999994 0.3070000112 0.1309999973
0.008999999613 0.3089999855 0.1289999932
0.008999999613 0.3089999855 0.1309999973
0.01099999994 0.3050000072 0.1330000013
0.008999999613 0.3070000112 0.1330000013
0.01099999994 0.3070000112 0.1330000013
0.01099999994 0.3050000072 0.1350000054
0.008999999613 0.3070000112 0.1350000054
0.008999999613 0.3089999855 0.1330000013
0.008999999613 0.3089999855 0.1350000054
0.001000000047 0.3129999936 0.1309999973
0.003000000026 0.3129999936 0.1309999973
0.003000000026 0.3129999936 0.1330000013
0.003000000026 0.3129999936 0.1350000054
0.003000000026 0.3109999895 0.1369999945
0.003000000026 0.3109999895 0.1389999986
0.004999999888 0.3109999895 0.1369999945
0.007000000216 0.3109999895 0.1369999945
0.007000000216 0.3089999855 0.1389999986
0.004999999888 0.3109999895 0.1389999986
0.007000000216 0.3109999895 0.1389999986
0.003000000026 0.3109999895 0.1410000026
0.007000000216 0.3089999855 0.1410000026
0.004999999888 0.3109999895 0.1410000026
0.007000000216 0.3109999895 0.1410000026
0.007000000216 0.3089999855 0.1430000067
0.004999999888 0.3109999895 0.1430000067
0.007000000216 0.3109999895 0.1430000067
0.01099999994 0.3050000072 0.1369999945
0.008999999613 0.3070000112 0.1369999945
0.01099999994 0.3070000112 0.1369999945
0.01099999994 0.3050000072 0.1389999986
0.008999999613 0.3070000112 0.1389999986
0.01099999994 0.3070000112 0.1389999986
0.008999999613 0.3089999855 0.1369999945
0.01099999994 0.3050000072 0.1410000026
0.008999999613 0.3070000112 0.1410000026
0.01099999994 0.3070000112 0.1410000026
0.01099999994 0.3050000072 0.1430000067
0.008999999613 0.3070000112 0.1430000067
0.01099999994 0.3070000112 0.1430000067
0.008999999613 0.3089999855 0.1410000026
0.008999999613 0.3089999855 0.1430000067
0.001000000047 0.3129999936 0.1369999945
0.003000000026 0.3129999936 0.1369999945
0.001000000047 0.3129999936 0.1389999986
0.001000000047 0.3129999936 0.1410000026
0.003000000026 0.2890000045 0.1469999999
0.007000000216 0.2890000045 0.1449999958
0.007000000216 0.2910000086 0.1449999958
0.004999999888 0.2890000045 0.1469999999
0.007000000216 0.2890000045 0.1469999999
0.007000000216 0.2910000086 0.1469999999
0.003000000026 0.2890000045 0.1509999931
0.004999999888 0.2890000045 0.1490000039
0.007000000216 0.2890000045 0.1490000039
0.007000000216 0.2910000086 0.1490000039
0.004999999888 0.2890000045 0.1509999931
0.007000000216 0.2890000045 0.1509999931
0.007000000216 0.2910000086 0.1509999931
0.008999999613 0.2910000086 0.1449999958
0.008999999613 0.2910000086 0.1469999999
0.008999999613 0.2930000126 0.1449999958
0.01099999994 0.2930000126 0.1449999958
0.01099999994 0.2949999869 0.1449999958
0.008999999613 0.2930000126 0.1469999999
0.01099999994 0.2930000126 0.1469999999
0.01099999994 0.2949999869 0.1469999999
0.008999999613 0.2910000086 0.1490000039
0.008999999613 0.2910000086 0.1509999931
0.008999999613 0.2930000126 0.1490000039
0.01099999994 0.2949999869 0.1490000039
0.008999999613 0.2930000126 0.1509999931
0.01099999994 0.2930000126 0.1509999931
0.01099999994 0.2949999869 0.1509999931
0.01099999994 0.2969999909 0.1449999958
0.01099999994 0.2969999909 0.1469999999
0.01300000027 0.2969999909 0.1449999958
0.01300000027 0.298999995 0.1449999958
0.01300000027 0.2969999909 0.1469999999
0.01300000027 0.298999995 0.1469999999
0.01099999994 0.3030000031 0.1449999958
0.01099999994 0.3030000031 0.1469999999
0.01300000027 0.300999999 0.1449999958
0.01300000027 0.3030000031 0.1449999958
0.01300000027 0.300999999 0.1469999999
0.01300000027 0.3030000031 0.1469999999
0.01099999994 0.2969999909 0.1490000039
0.01099999994 0.2969999909 0.1509999931
0.01300000027 0.2969999909 0.1490000039
0.01300000027 0.298999995 0.1490000039
0.01300000027 0.2969999909 0.1509999931
0.01300000027 0.298999995 0.1509999931
0.01099999994 0.3030000031 0.1490000039
0.01099999994 0.3030000031 0.1509999931
0.01300000027 0.300999999 0.1490000039
0.01300000027 0.300999999 0.1509999931
0.01300000027 0.3030000031 0.1509999931
0.003000000026 0.2890000045 0.1529999971
0.007000000216 0.2890000045 0.1529999971
0.007000000216 0.2910000086 0.1550000012
0.003000000026 0.2890000045 0.1570000052
0.003000000026 0.2890000045 0.1589999944
0.007000000216 0.2890000045 0.1570000052
0.007000000216 0.2910000086 0.1570000052
0.004999999888 0.2890000045 0.1589999944
0.007000000216 0.2890000045 0.1589999944
0.008999999613 0.2910000086 0.1529999971
0.008999999613 0.2910000086 0.1550000012
0.008999999613 0.2930000126 0.1529999971
0.01099999994 0.2930000126 0.1529999971
0.01099999994 0.2949999869 0.1529999971
0.008999999613 0.2930000126 0.1550000012
0.01099999994 0.2930000126 0.1550000012
0.01099999994 0.2949999869 0.1550000012
0.008999999613 0.2910000086 0.1570000052
0.008999999613 0.2910000086 0.1589999944
0.01099999994 0.2930000126 0.1570000052
0.01099999994 0.2949999869 0.1570000052
0.008999999613 0.2930000126 0.1589999944
0.01099999994 0.2930000126 0.1589999944
0.01099999994 0.2949999869 0.1589999944
0.01300000027 0.2969999909 0.1529999971
0.01300000027 0.298999995 0.1529999971
0.01300000027 0.2969999909 0.1550000012
0.01300000027 0.298999995 0.1550000012
0.01099999994 0.3030000031 0.1529999971
0.01099999994 0.3030000031 0.1550000012
0.01300000027 0.300999999 0.1529999971
0.01300000027 0.3030000031 0.1529999971
0.01300000027 0.300999999 0.1550000012
0.01300000027 0.3030000031 0.1550000012
0.01099999994 0.2969999909 0.1570000052
0.01099999994 0.2969999909 0.1589999944
0.01300000027 0.2969999909 0.1570000052
0.01300000027 0.298999995 0.1570000052
0.01300000027 0.2969999909 0.1589999944
0.01300000027 0.298999995 0.1589999944
0.01099999994 0.3030000031 0.1570000052
0.01300000027 0.300999999 0.1570000052
0.01300000027 0.3030000031 0.1570000052
0.01300000027 0.300999999 0.1589999944
0.01300000027 0.3030000031 0.1589999944
0.007000000216 0.3089999855 0.1449999958
0.004999999888 0.3109999895 0.1449999958
0.007000000216 0.3109999895 0.1449999958
0.007000000216 0.3089999855 0.1469999999
0.004999999888 0.3109999895 0.1469999999
0.007000000216 0.3109999895 0.1469999999
0.003000000026 0.3109999895 0.1490000039
0.007000000216 0.3089999855 0.1490000039
0.004999999888 0.3109999895 0.1490000039
0.007000000216 0.3109999895 0.1490000039
0.007000000216 0.3089999855 0.1509999931
0.004999999888 0.3109999895 0.1509999931
0.01099999994 0.3050000072 0.1449999958
0.01099999994 0.3070000112 0.1449999958
0.01099999994 0.3050000072 0.1469999999
0.008999999613 0.3070000112 0.1469999999
0.01099999994 0.3070000112 0.1469999999
0.008999999613 0.3089999855 0.1449999958
0.008999999613 0.3089999855 0.1469999999
0.01099999994 0.3050000072 0.1490000039
0.01099999994 0.3070000112 0.1490000039
0.01099999994 0.3050000072 0.1509999931
0.008999999613 0.3070000112 0.1509999931
0.01099999994 0.3070000112 0.1509999931
0.008999999613 0.3089999855 0.1490000039
0.008999999613 0.3089999855 0.1509999931
0.001000000047 0.3129999936 0.1449999958
0.003000000026 0.3129999936 0.1449999958
0.001000000047 0.3129999936 0.1469999999
0.003000000026 0.3129999936 0.1469999999
0.001000000047 0.3129999936 0.1490000039
0.003000000026 0.3129999936 0.1490000039
0.001000000047 0.3129999936 0.1509999931
0.003000000026 0.3129999936 0.1509999931
0.003000000026 0.3109999895 0.1550000012
0.007000000216 0.3089999855 0.1529999971
0.004999999888 0.3109999895 0.1529999971
0.007000000216 0.3109999895 0.1529999971
0.004999999888 0.3109999895 0.1550000012
0.007000000216 0.3109999895 0.1550000012
0.003000000026 0.3109999895 0.1570000052
0.003000000026 0.3109999895 0.1589999944
0.007000000216 0.3089999855 0.1570000052
0.004999999888 0.3109999895 0.1570000052
0.007000000216 0.3109999895 0.1570000052
0.007000000216 0.3089999855 0.1589999944
0.004999999888 0.3109999895 0.1589999944
0.007000000216 0.3109999895 0.1589999944
0.01099999994 0.3050000072 0.1529999971
0.008999999613 0.3070000112 0.1529999971
0.01099999994 0.3050000072 0.1550000012
0.008999999613 0.3070000112 0.1550000012
0.01099999994 0.3070000112 0.1550000012
0.008999999613 0.3089999855 0.1529999971
0.008999999613 0.3089999855 0.1550000012
0.01099999994 0.3050000072 0.1570000052
0.008999999613 0.3070000112 0.1570000052
0.01099999994 0.3070000112 0.1570000052
0.01099999994 0.3050000072 0.1589999944
0.008999999613 0.3070000112 0.1589999944
0.01099999994 0.3070000112 0.1589999944
0.008999999613 0.3089999855 0.1570000052
0.008999999613 0.3089999855 0.1589999944
0.003000000026 0.3129999936 0.1529999971
0.001000000047 0.3129999936 0.1550000012
0.003000000026 0.3129999936 0.1550000012
0.001000000047 0.3129999936 0.1570000052
0.001000000047 0.3129999936 0.1589999944
0.001000000047 0.2870000005 0.1609999985
0.001000000047 0.2870000005 0.1630000025
0.003000000026 0.2870000005 0.1650000066
0.003000000026 0.2870000005 0.1669999957
0.003000000026 0.2870000005 0.1710000038
0.001000000047 0.2870000005 0.172999993
0.001000000047 0.2870000005 0.1770000011
0.001000000047 0.2870000005 0.1790000051
0.001000000047 0.2870000005 0.1809999943
0.001000000047 0.2870000005 0.1829999983
0.001000000047 0.2870000005 0.1850000024
0.003000000026 0.2870000005 0.1850000024
0.001000000047 0.2870000005 0.1870000064
0.001000000047 0.2870000005 0.1889999956
0.003000000026 0.2870000005 0.1889999956
0.001000000047 0.2870000005 0.1909999996
0.003000000026 0.2890000045 0.1609999985
0.003000000026 0.2890000045 0.1630000025
0.007000000216 0.2910000086 0.1609999985
0.004999999888 0.2890000045 0.1630000025
0.007000000216 0.2910000086 0.1630000025
0.003000000026 0.2890000045 0.1650000066
0.003000000026 0.2890000045 0.1669999957
0.007000000216 0.2890000045 0.1650000066
0.007000000216 0.2910000086 0.1650000066
0.004999999888 0.2890000045 0.1669999957
0.007000000216 0.2910000086 0.1669999957
0.008999999613 0.2910000086 0.1609999985
0.008999999613 0.2910000086 0.1630000025
0.008999999613 0.2930000126 0.1609999985
0.01099999994 0.2930000126 0.1609999985
0.01099999994 0.2949999869 0.1609999985
0.008999999613 0.2930000126 0.1630000025
0.01099999994 0.2930000126 0.1630000025
0.01099999994 0.2949999869 0.1630000025
0.008999999613 0.2910000086 0.1650000066
0.008999999613 0.2910000086 0.1669999957
0.008999999613 0.2930000126 0.1650000066
0.01099999994 0.2930000126 0.1650000066
0.01099999994 0.2949999869 0.1650000066
0.008999999613 0.2930000126 0.1669999957
0.01099999994 0.2930000126 0.1669999957
0.01099999994 0.2949999869 0.1669999957
0.01099999994 0.2969999909 0.1609999985
0.01099999994 0.2969999909 0.1630000025
0.01300000027 0.2969999909 0.1609999985
0.01300000027 0.298999995 0.1609999985
0.01300000027 0.2969999909 0.1630000025
0.01099999994 0.3030000031 0.1609999985
0.01099999994 0.3030000031 0.1630000025
0.01300000027 0.300999999 0.1609999985
0.01300000027 0.3030000031 0.1609999985
0.01300000027 0.300999999 0.1630000025
0.01300000027 0.3030000031 0.1630000025
0.01099999994 0.2969999909 0.1650000066
0.01300000027 0.298999995 0.1650000066
0.01300000027 0.2969999909 0.1669999957
0.01300000027 0.298999995 0.1669999957
0.01099999994 0.3030000031 0.1650000066
0.01099999994 0.3030000031 0.1669999957
0.01300000027 0.300999999 0.1650000066
0.01300000027 0.3030000031 0.1650000066
0.01300000027 0.300999999 0.1669999957
0.01300000027 0.3030000031 0.1669999957
0.003000000026 0.2890000045 0.1710000038
0.004999999888 0.2890000045 0.1689999998
0.007000000216 0.2890000045 0.1689999998
0.007000000216 0.2910000086 0.1689999998
0.004999999888 0.2890000045 0.1710000038
0.007000000216 0.2890000045 0.1710000038
0.007000000216 0.2910000086 0.1710000038
0.003000000026 0.2890000045 0.172999993
0.003000000026 0.2890000045 0.174999997
0.004999999888 0.2890000045 0.172999993
0.007000000216 0.2910000086 0.172999993
0.004999999888 0.2890000045 0.174999997
0.007000000216 0.2890000045 0.174999997
0.008999999613 0.2910000086 0.1689999998
0.008999999613 0.2910000086 0.1710000038
0.008999999613 0.2930000126 0.1689999998
0.01099999994 0.2930000126 0.1689999998
0.01099999994 0.2949999869 0.1689999998
0.008999999613 0.2930000126 0.1710000038
0.01099999994 0.2930000126 0.1710000038
0.01099999994 0.2949999869 0.1710000038
0.008999999613 0.2910000086 0.172999993
0.008999999613 0.2930000126 0.172999993
0.01099999994 0.2930000126 0.172999993
0.01099999994 0.2949999869 0.172999993
0.008999999613 0.2930000126 0.174999997
0.01099999994 0.2930000126 0.174999997
0.01099999994 0.2949999869 0.174999997
0.01099999994 0.2969999909 0.1689999998
0.01099999994 0.2969999909 0.1710000038
0.01300000027 0.2969999909 0.1689999998
0.01300000027 0.298999995 0.1689999998
0.01300000027 0.2969999909 0.1710000038
0.01300000027 0.298999995 0.1710000038
0.01099999994 0.3030000031 0.1689999998
0.01099999994 0.3030000031 0.1710000038
0.01300000027 0.300999999 0.1689999998
0.01300000027 0.3030000031 0.1689999998
0.01300000027 0.300999999 0.1710000038
0.01300000027 0.3030000031 0.1710000038
0.01099999994 0.2969999909 0.172999993
0.01099999994 0.2969999909 0.174999997
0.01300000027 0.2969999909 0.172999993
0.01300000027 0.298999995 0.172999993
0.01300000027 0.2969999909 0.174999997
0.01300000027 0.298999995 0.174999997
0.01099999994 0.3030000031 0.172999993
0.01099999994 0.3030000031 0.174999997
0.01300000027 0.300999999 0.172999993
0.01300000027 0.3030000031 0.172999993
0.01300000027 0.300999999 0.174999997
0.01300000027 0.3030000031 0.174999997
0.003000000026 0.3109999895 0.1609999985
0.003000000026 0.3109999895 0.1630000025
0.007000000216 0.3089999855 0.1609999985
0.004999999888 0.3109999895 0.1609999985
0.007000000216 0.3109999895 0.1609999985
0.004999999888 0.3109999895 0.1630000025
0.007000000216 0.3109999895 0.1630000025
0.003000000026 0.3109999895 0.1650000066
0.007000000216 0.3089999855 0.1650000066
0.004999999888 0.3109999895 0.1650000066
0.007000000216 0.3109999895 0.1650000066
0.004999999888 0.3109999895 0.1669999957
0.007000000216 0.3109999895 0.1669999957
0.01099999994 0.3050000072 0.1609999985
0.01099999994 0.3070000112 0.1609999985
0.01099999994 0.3050000072 0.1630000025
0.008999999613 0.3070000112 0.1630000025
0.01099999994 0.3070000112 0.1630000025
0.008999999613 0.3089999855 0.1609999985
0.008999999613 0.3089999855 0.1630000025
0.01099999994 0.3050000072 0.1650000066
0.008999999613 0.3070000112 0.1650000066
0.01099999994 0.3070000112 0.1650000066
0.01099999994 0.3050000072 0.1669999957
0.008999999613 0.3070000112 0.1669999957
0.01099999994 0.3070000112 0.1669999957
0.008999999613 0.3089999855 0.1650000066
0.008999999613 0.3089999855 0.1669999957
0.001000000047 0.3129999936 0.1609999985
0.003000000026 0.3129999936 0.1609999985
0.001000000047 0.3129999936 0.1630000025
0.003000000026 0.3129999936 0.1630000025
0.001000000047 0.3129999936 0.1650000066
0.003000000026 0.3129999936 0.1650000066
0.001000000047 0.3129999936 0.1669999957
0.003000000026 0.3129999936 0.1669999957
0.003000000026 0.3109999895 0.1710000038
0.007000000216 0.3089999855 0.1689999998
0.004999999888 0.3109999895 0.1689999998
0.007000000216 0.3109999895 0.1689999998
0.007000000216 0.3089999855 0.1710000038
0.004999999888 0.3109999895 0.1710000038
0.007000000216 0.3109999895 0.1710000038
0.003000000026 0.3109999895 0.172999993
0.003000000026 0.3109999895 0.174999997
0.007000000216 0.3089999855 0.172999993
0.004999999888 0.3109999895 0.172999993
0.007000000216 0.3109999895 0.172999993
0.007000000216 0.3089999855 0.174999997
0.004999999888 0.3109999895 0.174999997
0.007000000216 0.3109999895 0.174999997
0.01099999994 0.3050000072 0.1689999998
0.008999999613 0.3070000112 0.1689999998
0.01099999994 0.3070000112 0.1689999998
0.01099999994 0.3050000072 0.1710000038
0.008999999613 0.3070000112 0.1710000038
0.01099999994 0.3070000112 0.1710000038
0.008999999613 0.3089999855 0.1689999998
0.008999999613 0.3089999855 0.1710000038
0.01099999994 0.3050000072 0.172999993
0.01099999994 0.3070000112 0.172999993
0.01099999994 0.3050000072 0.174999997
0.008999999613 0.3070000112 0.174999997
0.01099999994 0.3070000112 0.174999997
0.008999999613 0.3089999855 0.172999993
0.008999999613 0.3089999855 0.174999997
0.003000000026 0.3129999936 0.1689999998
0.003000000026 0.3129999936 0.1710000038
0.001000000047 0.3129999936 0.172999993
0.001000000047 0.3129999936 0.174999997
0.003000000026 0.2890000045 0.1770000011
0.003000000026 0.2890000045 0.1790000051
0.004999999888 0.2890000045 0.1770000011
0.007000000216 0.2910000086 0.1770000011
0.004999999888 0.2890000045 0.1790000051
0.007000000216 0.2890000045 0.1790000051
0.007000000216 0.2910000086 0.1790000051
0.003000000026 0.2890000045 0.1809999943
0.004999999888 0.2890000045 0.1809999943
0.007000000216 0.2890000045 0.1809999943
0.007000000216 0.2910000086 0.1809999943
0.004999999888 0.2890000045 0.1829999983
0.007000000216 0.2890000045 0.1829999983
0.007000000216 0.2910000086 0.1829999983
0.008999999613 0.2910000086 0.1770000011
0.008999999613 0.2910000086 0.1790000051
0.008999999613 0.2930000126 0.1770000011
0.01099999994 0.2930000126 0.1770000011
0.01099999994 0.2949999869 0.1770000011
0.008999999613 0.2930000126 0.1790000051
0.01099999994 0.2930000126 0.1790000051
0.01099999994 0.2949999869 0.1790000051
0.008999999613 0.2910000086 0.1809999943
0.008999999613 0.2910000086 0.1829999983
0.008999999613 0.2930000126 0.1809999943
0.01099999994 0.2930000126 0.1809999943
0.01099999994 0.2949999869 0.1809999943
0.008999999613 0.2930000126 0.1829999983
0.01099999994 0.2930000126 0.1829999983
0.01099999994 0.2949999869 0.1829999983
0.01099999994 0.2969999909 0.1770000011
0.01099999994 0.2969999909 0.1790000051
0.01300000027 0.2969999909 0.1770000011
0.01300000027 0.298999995 0.1770000011
0.01300000027 0.2969999909 0.1790000051
0.01300000027 0.298999995 0.1790000051
0.01099999994 0.3030000031 0.1770000011
0.01099999994 0.3030000031 0.1790000051
0.01300000027 0.300999999 0.1770000011
0.01300000027 0.3030000031 0.1770000011
0.01300000027 0.300999999 0.1790000051
0.01300000027 0.3030000031 0.1790000051
0.01099999994 0.2969999909 0.1809999943
0.01099999994 0.2969999909 0.1829999983
0.01300000027 0.2969999909 0.1809999943
0.01300000027 0.298999995 0.1809999943
0.01300000027 0.2969999909 0.1829999983
0.01300000027 0.298999995 0.1829999983
0.01099999994 0.3030000031 0.1829999983
0.01300000027 0.300999999 0.1809999943
0.01300000027 0.3030000031 0.1809999943
0.01300000027 0.300999999 0.1829999983
0.01300000027 0.3030000031 0.1829999983
0.003000000026 0.2890000045 0.1850000024
0.003000000026 0.2890000045 0.1870000064
0.004999999888 0.2890000045 0.1850000024
0.004999999888 0.2890000045 0.1870000064
0.007000000216 0.2890000045 0.1870000064
0.007000000216 0.2910000086 0.1870000064
0.003000000026 0.2890000045 0.1889999956
0.003000000026 0.2890000045 0.1909999996
0.004999999888 0.2890000045 0.1889999956
0.007000000216 0.2890000045 0.1889999956
0.007000000216 0.2910000086 0.1889999956
0.007000000216 0.2910000086 0.1909999996
0.008999999613 0.2910000086 0.1850000024
0.008999999613 0.2910000086 0.1870000064
0.008999999613 0.2930000126 0.1850000024
0.01099999994 0.2930000126 0.1850000024
0.01099999994 0.2949999869 0.1850000024
0.008999999613 0.2930000126 0.1870000064
0.01099999994 0.2930000126 0.1870000064
0.01099999994 0.2949999869 0.1870000064
0.008999999613 0.2910000086 0.1889999956
0.008999999613 0.2910000086 0.1909999996
0.008999999613 0.2930000126 0.1889999956
0.01099999994 0.2930000126 0.1889999956
0.01099999994 0.2949999869 0.1889999956
0.01099999994 0.2930000126 0.1909999996
0.01099999994 0.2949999869 0.1909999996
0.01099999994 0.2969999909 0.1850000024
0.01300000027 0.2969999909 0.1850000024
0.01300000027 0.298999995 0.1850000024
0.01300000027 0.2969999909 0.1870000064
0.01300000027 0.298999995 0.1870000064
0.01099999994 0.3030000031 0.1850000024
0.01099999994 0.3030000031 0.1870000064
0.01300000027 0.300999999 0.1850000024
0.01300000027 0.3030000031 0.1850000024
0.01300000027 0.300999999 0.1870000064
0.01300000027 0.3030000031 0.1870000064
0.01099999994 0.2969999909 0.1909999996
0.01300000027 0.2969999909 0.1889999956
0.01300000027 0.298999995 0.1889999956
0.01300000027 0.2969999909 0.1909999996
0.01300000027 0.298999995 0.1909999996
0.01099999994 0.3030000031 0.1889999956
0.01099999994 0.3030000031 0.1909999996
0.01300000027 0.300999999 0.1889999956
0.01300000027 0.3030000031 0.1889999956
0.01300000027 0.300999999 0.1909999996
0.01300000027 0.3030000031 0.1909999996
0.003000000026 0.3109999895 0.1770000011
0.003000000026 0.3109999895 0.1790000051
0.007000000216 0.3089999855 0.1770000011
0.004999999888 0.3109999895 0.1770000011
0.007000000216 0.3109999895 0.1770000011
0.004999999888 0.3109999895 0.1790000051
0.007000000216 0.3109999895 0.1790000051
0.004999999888 0.3109999895 0.1809999943
0.007000000216 0.3109999895 0.1809999943
0.007000000216 0.3089999855 0.1829999983
0.004999999888 0.3109999895 0.1829999983
0.007000000216 0.3109999895 0.1829999983
0.01099999994 0.3050000072 0.1770000011
0.008999999613 0.3070000112 0.1770000011
0.01099999994 0.3070000112 0.1770000011
0.01099999994 0.3050000072 0.1790000051
0.008999999613 0.3070000112 0.1790000051
0.01099999994 0.3070000112 0.1790000051
0.008999999613 0.3089999855 0.1770000011
0.008999999613 0.3089999855 0.1790000051
0.01099999994 0.3050000072 0.1809999943
0.008999999613 0.3070000112 0.1809999943
0.01099999994 0.3070000112 0.1809999943
0.01099999994 0.3050000072 0.1829999983
0.008999999613 0.3070000112 0.1829999983
0.01099999994 0.3070000112 0.1829999983
0.008999999613 0.3089999855 0.1809999943
0.008999999613 0.3089999855 0.1829999983
0.001000000047 0.3129999936 0.1770000011
0.001000000047 0.3129999936 0.1790000051
0.003000000026 0.3129999936 0.1790000051
0.001000000047 0.3129999936 0.1809999943
0.003000000026 0.3129999936 0.1809999943
0.001000000047 0.3129999936 0.1829999983
0.003000000026 0.3129999936 0.1829999983
0.003000000026 0.3109999895 0.1850000024
0.007000000216 0.3089999855 0.1850000024
0.004999999888 0.3109999895 0.1850000024
0.007000000216 0.3109999895 0.1850000024
0.007000000216 0.3089999855 0.1870000064
0.004999999888 0.3109999895 0.1870000064
0.007000000216 0.3109999895 0.1870000064
0.003000000026 0.3109999895 0.1889999956
0.003000000026 0.3109999895 0.1909999996
0.007000000216 0.3089999855 0.1889999956
0.004999999888 0.3109999895 0.1889999956
0.007000000216 0.3109999895 0.1889999956
0.007000000216 0.3089999855 0.1909999996
0.004999999888 0.3109999895 0.1909999996
0.007000000216 0.3109999895 0.1909999996
0.01099999994 0.3050000072 0.1850000024
0.008999999613 0.3070000112 0.1850000024
0.01099999994 0.3070000112 0.1850000024
0.01099999994 0.3050000072 0.1870000064
0.01099999994 0.3070000112 0.1870000064
0.008999999613 0.3089999855 0.1850000024
0.008999999613 0.3089999855 0.1870000064
0.01099999994 0.3050000072 0.1889999956
0.008999999613 0.3070000112 0.1889999956
0.01099999994 0.3070000112 0.1889999956
0.01099999994 0.3050000072 0.1909999996
0.008999999613 0.3070000112 0.1909999996
0.01099999994 0.3070000112 0.1909999996
0.008999999613 0.3089999855 0.1889999956
0.008999999613 0.3089999855 0.1909999996
0.001000000047 0.3129999936 0.1850000024
0.003000000026 0.3129999936 0.1850000024
0.003000000026 0.3129999936 0.1870000064
0.003000000026 0.3129999936 0.1889999956
0.001000000047 0.3129999936 0.1909999996
0.001000000047 0.2870000005 0.1930000037
0.003000000026 0.2870000005 0.1930000037
0.001000000047 0.2870000005 0.1949999928
0.003000000026 0.2870000005 0.1949999928
0.003000000026 0.2870000005 0.1969999969
0.003000000026 0.2870000005 0.199000001
0.003000000026 0.2890000045 0.1930000037
0.007000000216 0.2890000045 0.1930000037
0.007000000216 0.2910000086 0.1930000037
0.004999999888 0.2890000045 0.1949999928
0.007000000216 0.2890000045 0.1949999928
0.007000000216 0.2910000086 0.1949999928
0.003000000026 0.2890000045 0.1969999969
0.003000000026 0.2890000045 0.199000001
0.004999999888 0.2890000045 0.1969999969
0.004999999888 0.2890000045 0.199000001
0.007000000216 0.2910000086 0.199000001
0.008999999613 0.2910000086 0.1930000037
0.008999999613 0.2910000086 0.1949999928
0.008999999613 0.2930000126 0.1930000037
0.01099999994 0.2949999869 0.1930000037
0.008999999613 0.2930000126 0.1949999928
0.01099999994 0.2930000126 0.1949999928
0.01099999994 0.2949999869 0.1949999928
0.008999999613 0.2910000086 0.1969999969
0.008999999613 0.2910000086 0.199000001
0.008999999613 0.2930000126 0.1969999969
0.01099999994 0.2930000126 0.1969999969
0.01099999994 0.2949999869 0.1969999969
0.01099999994 0.2930000126 0.199000001
0.01099999994 0.2949999869 0.199000001
0.01300000027 0.2949999869 0.199000001
0.01099999994 0.2969999909 0.1930000037
0.01099999994 0.2969999909 0.1949999928
0.01300000027 0.2969999909 0.1930000037
0.01300000027 0.298999995 0.1930000037
0.01300000027 0.2969999909 0.1949999928
0.01300000027 0.298999995 0.1949999928
0.01099999994 0.3030000031 0.1930000037
0.01099999994 0.3030000031 0.1949999928
0.01300000027 0.300999999 0.1930000037
0.01300000027 0.3030000031 0.1930000037
0.01300000027 0.300999999 0.1949999928
0.01300000027 0.3030000031 0.1949999928
0.01099999994 0.2969999909 0.1969999969
0.01300000027 0.2969999909 0.1969999969
0.01300000027 0.298999995 0.1969999969
0.01499999966 0.298999995 0.1969999969
0.01300000027 0.2969999909 0.199000001
0.01499999966 0.2969999909 0.199000001
0.01499999966 0.298999995 0.199000001
0.01300000027 0.300999999 0.1969999969
0.01499999966 0.300999999 0.1969999969
0.01300000027 0.3030000031 0.1969999969
0.01499999966 0.300999999 0.199000001
0.01300000027 0.3030000031 0.199000001
0.01499999966 0.3030000031 0.199000001
0.01700000092 0.298999995 0.199000001
0.01700000092 0.300999999 0.199000001
0.003000000026 0.3109999895 0.1930000037
0.003000000026 0.3109999895 0.1949999928
0.004999999888 0.3109999895 0.1930000037
0.007000000216 0.3109999895 0.1930000037
0.007000000216 0.3089999855 0.1949999928
0.004999999888 0.3109999895 0.1949999928
0.007000000216 0.3109999895 0.1949999928
0.003000000026 0.3109999895 0.1969999969
0.003000000026 0.3109999895 0.199000001
0.004999999888 0.3109999895 0.1969999969
0.007000000216 0.3109999895 0.1969999969
0.004999999888 0.3089999855 0.199000001
0.007000000216 0.3089999855 0.199000001
0.004999999888 0.3109999895 0.199000001
0.007000000216 0.3109999895 0.199000001
0.01099999994 0.3050000072 0.1930000037
0.008999999613 0.3070000112 0.1930000037
0.01099999994 0.3070000112 0.1930000037
0.01099999994 0.3050000072 0.1949999928
0.008999999613 0.3070000112 0.1949999928
0.01099999994 0.3070000112 0.1949999928
0.008999999613 0.3089999855 0.1930000037
0.008999999613 0.3089999855 0.1949999928
0.01099999994 0.3050000072 0.1969999969
0.008999999613 0.3070000112 0.1969999969
0.01099999994 0.3070000112 0.1969999969
0.01099999994 0.3050000072 0.199000001
0.008999999613 0.3070000112 0.199000001
0.01099999994 0.3070000112 0.199000001
0.008999999613 0.3089999855 0.1969999969
0.008999999613 0.3089999855 0.199000001
0.001000000047 0.3129999936 0.1930000037
0.001000000047 0.3129999936 0.1949999928
0.001000000047 0.3129999936 0.1969999969
0.003000000026 0.3129999936 0.1969999969
0.001000000047 0.3129999936 0.199000001
0.003000000026 0.3129999936 0.199000001
