# .PCD v0.7 - Point Cloud Data file format
VERSION 0.7
FIELDS x y z
SIZE 4 4 4
TYPE F F F
COUNT 1 1 1
WIDTH 7785
HEIGHT 1
VIEWPOINT 0 0 0 1 0 0 0
POINTS 7785
DATA ascii
-0.3210000098 0.2630000114 0.01099999994
-0.3210000098 0.2630000114 0.01300000027
-0.3210000098 0.2630000114 0.01499999966
-0.3310000002 0.2689999938 0.01099999994
-0.3310000002 0.2709999979 0.01099999994
-0.3289999962 0.2689999938 0.01300000027
-0.3310000002 0.2709999979 0.01300000027
-0.3289999962 0.2689999938 0.01499999966
-0.3310000002 0.2709999979 0.01499999966
-0.3269999921 0.2669999897 0.01099999994
-0.3249999881 0.2669999897 0.01099999994
-0.3230000138 0.2649999857 0.01099999994
-0.3249999881 0.2649999857 0.01300000027
-0.3249999881 0.2669999897 0.01300000027
-0.3269999921 0.2669999897 0.01499999966
-0.3249999881 0.2669999897 0.01499999966
-0.3230000138 0.2649999857 0.01300000027
-0.3230000138 0.2649999857 0.01499999966
-0.3370000124 0.2790000141 0.01099999994
-0.3370000124 0.27700001 0.01300000027
-0.3370000124 0.2790000141 0.01300000027
-0.3370000124 0.27700001 0.01499999966
-0.3370000124 0.2790000141 0.01499999966
-0.3389999866 0.2809999883 0.01099999994
-0.3370000124 0.2809999883 0.01099999994
-0.3389999866 0.2829999924 0.01099999994
-0.3409999907 0.2849999964 0.01099999994
-0.3409999907 0.2870000005 0.01099999994
-0.3389999866 0.2849999964 0.01099999994
-0.3389999866 0.2809999883 0.01300000027
-0.3370000124 0.2809999883 0.01300000027
-0.3389999866 0.2829999924 0.01300000027
-0.3389999866 0.2809999883 0.01499999966
-0.3370000124 0.2809999883 0.01499999966
-0.3389999866 0.2829999924 0.01499999966
-0.3409999907 0.2870000005 0.01300000027
-0.3409999907 0.2849999964 0.01499999966
-0.3409999907 0.2870000005 0.01499999966
-0.3389999866 0.2849999964 0.01300000027
-0.3389999866 0.2849999964 0.01499999966
-0.3330000043 0.2730000019 0.01099999994
-0.3350000083 0.275000006 0.01099999994
-0.3330000043 0.275000006 0.01099999994
-0.3350000083 0.27700001 0.01099999994
-0.3330000043 0.2730000019 0.01300000027
-0.3350000083 0.275000006 0.01300000027
-0.3330000043 0.275000006 0.01300000027
-0.3330000043 0.2730000019 0.01499999966
-0.3350000083 0.275000006 0.01499999966
-0.3330000043 0.275000006 0.01499999966
-0.3350000083 0.27700001 0.01300000027
-0.3350000083 0.27700001 0.01499999966
-0.3210000098 0.2630000114 0.01700000092
-0.3210000098 0.2630000114 0.01899999939
-0.3230000138 0.2630000114 0.02099999972
-0.3210000098 0.2630000114 0.02300000004
-0.3289999962 0.2689999938 0.01700000092
-0.3310000002 0.2709999979 0.01700000092
-0.3310000002 0.2689999938 0.01899999939
-0.3310000002 0.2709999979 0.01899999939
-0.3289999962 0.2689999938 0.02099999972
-0.3310000002 0.2709999979 0.02099999972
-0.3289999962 0.2689999938 0.02300000004
-0.3310000002 0.2709999979 0.02300000004
-0.3289999962 0.2709999979 0.02300000004
-0.3249999881 0.2649999857 0.01700000092
-0.3249999881 0.2669999897 0.01700000092
-0.3269999921 0.2669999897 0.01899999939
-0.3249999881 0.2669999897 0.01899999939
-0.3230000138 0.2649999857 0.01700000092
-0.3230000138 0.2649999857 0.01899999939
-0.3210000098 0.2649999857 0.01899999939
-0.3269999921 0.2689999938 0.01899999939
-0.3249999881 0.2649999857 0.02099999972
-0.3249999881 0.2669999897 0.02099999972
-0.3269999921 0.2669999897 0.02300000004
-0.3249999881 0.2669999897 0.02300000004
-0.3230000138 0.2649999857 0.02099999972
-0.3210000098 0.2649999857 0.02099999972
-0.3230000138 0.2669999897 0.02099999972
-0.3230000138 0.2649999857 0.02300000004
-0.3210000098 0.2649999857 0.02300000004
-0.3230000138 0.2669999897 0.02300000004
-0.3269999921 0.2689999938 0.02099999972
-0.3269999921 0.2689999938 0.02300000004
-0.3249999881 0.2689999938 0.02300000004
-0.3210000098 0.2630000114 0.02500000037
-0.3210000098 0.2630000114 0.0270000007
-0.3210000098 0.2630000114 0.02899999917
-0.3210000098 0.2630000114 0.03099999949
-0.3289999962 0.2689999938 0.02500000037
-0.3310000002 0.2709999979 0.02500000037
-0.3289999962 0.2709999979 0.02500000037
-0.3310000002 0.2689999938 0.0270000007
-0.3289999962 0.2689999938 0.0270000007
-0.3310000002 0.2709999979 0.0270000007
-0.3289999962 0.2709999979 0.0270000007
-0.3289999962 0.2689999938 0.02899999917
-0.3310000002 0.2709999979 0.02899999917
-0.3289999962 0.2709999979 0.02899999917
-0.3289999962 0.2689999938 0.03099999949
-0.3310000002 0.2709999979 0.03099999949
-0.3289999962 0.2709999979 0.03099999949
-0.3249999881 0.2649999857 0.02500000037
-0.3249999881 0.2669999897 0.02500000037
-0.3269999921 0.2669999897 0.0270000007
-0.3249999881 0.2669999897 0.0270000007
-0.3230000138 0.2649999857 0.02500000037
-0.3210000098 0.2649999857 0.02500000037
-0.3230000138 0.2649999857 0.0270000007
-0.3210000098 0.2649999857 0.0270000007
-0.3230000138 0.2669999897 0.0270000007
-0.3269999921 0.2689999938 0.02500000037
-0.3269999921 0.2689999938 0.0270000007
-0.3249999881 0.2689999938 0.0270000007
-0.3249999881 0.2649999857 0.02899999917
-0.3249999881 0.2669999897 0.02899999917
-0.3249999881 0.2649999857 0.03099999949
-0.3269999921 0.2669999897 0.03099999949
-0.3249999881 0.2669999897 0.03099999949
-0.3230000138 0.2649999857 0.02899999917
-0.3210000098 0.2649999857 0.02899999917
-0.3230000138 0.2669999897 0.02899999917
-0.3230000138 0.2649999857 0.03099999949
-0.3210000098 0.2649999857 0.03099999949
-0.3230000138 0.2669999897 0.03099999949
-0.3269999921 0.2689999938 0.02899999917
-0.3269999921 0.2689999938 0.03099999949
-0.3370000124 0.2790000141 0.01700000092
-0.3370000124 0.27700001 0.01899999939
-0.3370000124 0.2790000141 0.01899999939
-0.3370000124 0.27700001 0.02099999972
-0.3370000124 0.2790000141 0.02099999972
-0.3370000124 0.27700001 0.02300000004
-0.3370000124 0.2790000141 0.02300000004
-0.3389999866 0.2809999883 0.01700000092
-0.3370000124 0.2809999883 0.01700000092
-0.3389999866 0.2829999924 0.01700000092
-0.3389999866 0.2809999883 0.01899999939
-0.3370000124 0.2809999883 0.01899999939
-0.3389999866 0.2829999924 0.01899999939
-0.3409999907 0.2849999964 0.01700000092
-0.3409999907 0.2870000005 0.01700000092
-0.3409999907 0.2870000005 0.01899999939
-0.3389999866 0.2849999964 0.01700000092
-0.3389999866 0.2849999964 0.01899999939
-0.3389999866 0.2809999883 0.02099999972
-0.3370000124 0.2809999883 0.02099999972
-0.3389999866 0.2829999924 0.02099999972
-0.3389999866 0.2809999883 0.02300000004
-0.3370000124 0.2809999883 0.02300000004
-0.3389999866 0.2829999924 0.02300000004
-0.3409999907 0.2870000005 0.02099999972
-0.3409999907 0.2849999964 0.02300000004
-0.3409999907 0.2870000005 0.02300000004
-0.3389999866 0.2849999964 0.02099999972
-0.3389999866 0.2849999964 0.02300000004
-0.3370000124 0.2790000141 0.02500000037
-0.3370000124 0.27700001 0.0270000007
-0.3370000124 0.2790000141 0.0270000007
-0.3370000124 0.27700001 0.02899999917
-0.3370000124 0.2790000141 0.02899999917
-0.3370000124 0.27700001 0.03099999949
-0.3370000124 0.2790000141 0.03099999949
-0.3389999866 0.2809999883 0.02500000037
-0.3370000124 0.2809999883 0.02500000037
-0.3389999866 0.2829999924 0.02500000037
-0.3389999866 0.2809999883 0.0270000007
-0.3370000124 0.2809999883 0.0270000007
-0.3389999866 0.2829999924 0.0270000007
-0.3409999907 0.2870000005 0.02500000037
-0.3409999907 0.2849999964 0.0270000007
-0.3409999907 0.2870000005 0.0270000007
-0.3389999866 0.2849999964 0.02500000037
-0.3389999866 0.2849999964 0.0270000007
-0.3389999866 0.2809999883 0.02899999917
-0.3370000124 0.2809999883 0.02899999917
-0.3389999866 0.2829999924 0.02899999917
-0.3389999866 0.2809999883 0.03099999949
-0.3370000124 0.2809999883 0.03099999949
-0.3389999866 0.2829999924 0.03099999949
-0.3409999907 0.2849999964 0.02899999917
-0.3409999907 0.2870000005 0.02899999917
-0.3409999907 0.2849999964 0.03099999949
-0.3409999907 0.2870000005 0.03099999949
-0.3389999866 0.2849999964 0.02899999917
-0.3389999866 0.2849999964 0.03099999949
-0.3330000043 0.2730000019 0.01700000092
-0.3350000083 0.275000006 0.01700000092
-0.3330000043 0.275000006 0.01700000092
-0.3330000043 0.2730000019 0.01899999939
-0.3350000083 0.275000006 0.01899999939
-0.3330000043 0.275000006 0.01899999939
-0.3310000002 0.2730000019 0.01899999939
-0.3350000083 0.27700001 0.01700000092
-0.3350000083 0.27700001 0.01899999939
-0.3330000043 0.2730000019 0.02099999972
-0.3350000083 0.275000006 0.02099999972
-0.3330000043 0.275000006 0.02099999972
-0.3330000043 0.2730000019 0.02300000004
-0.3350000083 0.275000006 0.02300000004
-0.3330000043 0.275000006 0.02300000004
-0.3310000002 0.2730000019 0.02099999972
-0.3310000002 0.2730000019 0.02300000004
-0.3350000083 0.27700001 0.02099999972
-0.3350000083 0.27700001 0.02300000004
-0.3330000043 0.2730000019 0.02500000037
-0.3350000083 0.275000006 0.02500000037
-0.3330000043 0.275000006 0.02500000037
-0.3330000043 0.2730000019 0.0270000007
-0.3350000083 0.275000006 0.0270000007
-0.3310000002 0.2730000019 0.02500000037
-0.3310000002 0.2730000019 0.0270000007
-0.3350000083 0.27700001 0.02500000037
-0.3350000083 0.27700001 0.0270000007
-0.3330000043 0.27700001 0.0270000007
-0.3330000043 0.2730000019 0.02899999917
-0.3350000083 0.275000006 0.02899999917
-0.3330000043 0.275000006 0.02899999917
-0.3330000043 0.2730000019 0.03099999949
-0.3350000083 0.275000006 0.03099999949
-0.3330000043 0.275000006 0.03099999949
-0.3310000002 0.2730000019 0.02899999917
-0.3310000002 0.275000006 0.02899999917
-0.3310000002 0.2730000019 0.03099999949
-0.3350000083 0.27700001 0.02899999917
-0.3330000043 0.27700001 0.02899999917
-0.3350000083 0.27700001 0.03099999949
-0.3350000083 0.2790000141 0.03099999949
-0.3409999907 0.2890000045 0.01099999994
-0.3409999907 0.2910000086 0.01099999994
-0.3429999948 0.2930000126 0.01099999994
-0.3409999907 0.2930000126 0.01099999994
-0.3429999948 0.2949999869 0.01099999994
-0.3409999907 0.2890000045 0.01300000027
-0.3409999907 0.2910000086 0.01300000027
-0.3409999907 0.2890000045 0.01499999966
-0.3409999907 0.2910000086 0.01499999966
-0.3429999948 0.2930000126 0.01300000027
-0.3409999907 0.2930000126 0.01300000027
-0.3429999948 0.2949999869 0.01300000027
-0.3409999907 0.2930000126 0.01499999966
-0.3429999948 0.2949999869 0.01499999966
-0.3429999948 0.2969999909 0.01099999994
-0.3429999948 0.298999995 0.01099999994
-0.3429999948 0.300999999 0.01099999994
-0.3429999948 0.3030000031 0.01099999994
-0.3429999948 0.2969999909 0.01300000027
-0.3429999948 0.298999995 0.01300000027
-0.3429999948 0.2969999909 0.01499999966
-0.3429999948 0.298999995 0.01499999966
-0.3429999948 0.300999999 0.01300000027
-0.3429999948 0.3030000031 0.01300000027
-0.3429999948 0.300999999 0.01499999966
-0.3429999948 0.3030000031 0.01499999966
-0.3429999948 0.3050000072 0.01099999994
-0.3429999948 0.3070000112 0.01099999994
-0.3409999907 0.3070000112 0.01099999994
-0.3409999907 0.3089999855 0.01099999994
-0.3409999907 0.3109999895 0.01099999994
-0.3429999948 0.3050000072 0.01300000027
-0.3409999907 0.3070000112 0.01300000027
-0.3429999948 0.3050000072 0.01499999966
-0.3429999948 0.3070000112 0.01499999966
-0.3409999907 0.3070000112 0.01499999966
-0.3409999907 0.3089999855 0.01300000027
-0.3409999907 0.3109999895 0.01300000027
-0.3409999907 0.3089999855 0.01499999966
-0.3409999907 0.3109999895 0.01499999966
-0.3409999907 0.3129999936 0.01099999994
-0.3389999866 0.3149999976 0.01099999994
-0.3389999866 0.3170000017 0.01099999994
-0.3389999866 0.3190000057 0.01099999994
-0.3370000124 0.3190000057 0.01099999994
-0.3409999907 0.3129999936 0.01300000027
-0.3409999907 0.3149999976 0.01300000027
-0.3409999907 0.3129999936 0.01499999966
-0.3409999907 0.3149999976 0.01499999966
-0.3389999866 0.3149999976 0.01300000027
-0.3389999866 0.3149999976 0.01499999966
-0.3389999866 0.3170000017 0.01300000027
-0.3389999866 0.3190000057 0.01300000027
-0.3370000124 0.3190000057 0.01300000027
-0.3389999866 0.3170000017 0.01499999966
-0.3389999866 0.3190000057 0.01499999966
-0.3370000124 0.3190000057 0.01499999966
-0.3409999907 0.2890000045 0.01700000092
-0.3409999907 0.2910000086 0.01700000092
-0.3409999907 0.2890000045 0.01899999939
-0.3409999907 0.2910000086 0.01899999939
-0.3429999948 0.2930000126 0.01700000092
-0.3409999907 0.2930000126 0.01700000092
-0.3429999948 0.2949999869 0.01700000092
-0.3429999948 0.2930000126 0.01899999939
-0.3409999907 0.2930000126 0.01899999939
-0.3429999948 0.2949999869 0.01899999939
-0.3409999907 0.2890000045 0.02099999972
-0.3409999907 0.2910000086 0.02099999972
-0.3409999907 0.2890000045 0.02300000004
-0.3409999907 0.2910000086 0.02300000004
-0.3409999907 0.2930000126 0.02099999972
-0.3429999948 0.2949999869 0.02099999972
-0.3429999948 0.2930000126 0.02300000004
-0.3409999907 0.2930000126 0.02300000004
-0.3429999948 0.2949999869 0.02300000004
-0.3429999948 0.2969999909 0.01700000092
-0.3429999948 0.298999995 0.01700000092
-0.3429999948 0.2969999909 0.01899999939
-0.3429999948 0.298999995 0.01899999939
-0.3429999948 0.300999999 0.01700000092
-0.3429999948 0.3030000031 0.01700000092
-0.3429999948 0.300999999 0.01899999939
-0.3429999948 0.3030000031 0.01899999939
-0.3429999948 0.2969999909 0.02099999972
-0.3429999948 0.298999995 0.02099999972
-0.3429999948 0.2969999909 0.02300000004
-0.3429999948 0.298999995 0.02300000004
-0.3429999948 0.300999999 0.02099999972
-0.3429999948 0.3030000031 0.02099999972
-0.3429999948 0.300999999 0.02300000004
-0.3429999948 0.3030000031 0.02300000004
-0.3409999907 0.2890000045 0.02500000037
-0.3409999907 0.2910000086 0.02500000037
-0.3409999907 0.2890000045 0.0270000007
-0.3409999907 0.2910000086 0.0270000007
-0.3429999948 0.2930000126 0.02500000037
-0.3409999907 0.2930000126 0.02500000037
-0.3429999948 0.2949999869 0.02500000037
-0.3429999948 0.2930000126 0.0270000007
-0.3409999907 0.2930000126 0.0270000007
-0.3429999948 0.2949999869 0.0270000007
-0.3409999907 0.2890000045 0.02899999917
-0.3409999907 0.2910000086 0.02899999917
-0.3409999907 0.2890000045 0.03099999949
-0.3409999907 0.2910000086 0.03099999949
-0.3409999907 0.2930000126 0.02899999917
-0.3429999948 0.2949999869 0.02899999917
-0.3429999948 0.2930000126 0.03099999949
-0.3409999907 0.2930000126 0.03099999949
-0.3429999948 0.2949999869 0.03099999949
-0.3429999948 0.2969999909 0.02500000037
-0.3429999948 0.298999995 0.02500000037
-0.3429999948 0.2969999909 0.0270000007
-0.3429999948 0.298999995 0.0270000007
-0.3429999948 0.300999999 0.02500000037
-0.3429999948 0.3030000031 0.02500000037
-0.3429999948 0.300999999 0.0270000007
-0.3429999948 0.3030000031 0.0270000007
-0.3429999948 0.2969999909 0.02899999917
-0.3429999948 0.298999995 0.02899999917
-0.3429999948 0.2969999909 0.03099999949
-0.3429999948 0.298999995 0.03099999949
-0.3429999948 0.300999999 0.02899999917
-0.3429999948 0.3030000031 0.02899999917
-0.3429999948 0.300999999 0.03099999949
-0.3429999948 0.3030000031 0.03099999949
-0.3429999948 0.3050000072 0.01700000092
-0.3429999948 0.3070000112 0.01700000092
-0.3409999907 0.3070000112 0.01700000092
-0.3429999948 0.3050000072 0.01899999939
-0.3429999948 0.3070000112 0.01899999939
-0.3409999907 0.3070000112 0.01899999939
-0.3409999907 0.3089999855 0.01700000092
-0.3409999907 0.3109999895 0.01700000092
-0.3409999907 0.3089999855 0.01899999939
-0.3409999907 0.3109999895 0.01899999939
-0.3429999948 0.3050000072 0.02099999972
-0.3429999948 0.3070000112 0.02099999972
-0.3409999907 0.3070000112 0.02099999972
-0.3429999948 0.3050000072 0.02300000004
-0.3409999907 0.3070000112 0.02300000004
-0.3409999907 0.3089999855 0.02099999972
-0.3409999907 0.3109999895 0.02099999972
-0.3409999907 0.3089999855 0.02300000004
-0.3409999907 0.3109999895 0.02300000004
-0.3409999907 0.3129999936 0.01700000092
-0.3409999907 0.3149999976 0.01700000092
-0.3409999907 0.3129999936 0.01899999939
-0.3389999866 0.3149999976 0.01700000092
-0.3389999866 0.3149999976 0.01899999939
-0.3389999866 0.3170000017 0.01700000092
-0.3389999866 0.3190000057 0.01700000092
-0.3370000124 0.3190000057 0.01700000092
-0.3389999866 0.3170000017 0.01899999939
-0.3389999866 0.3190000057 0.01899999939
-0.3370000124 0.3190000057 0.01899999939
-0.3409999907 0.3129999936 0.02099999972
-0.3409999907 0.3149999976 0.02099999972
-0.3409999907 0.3129999936 0.02300000004
-0.3389999866 0.3149999976 0.02099999972
-0.3389999866 0.3149999976 0.02300000004
-0.3389999866 0.3170000017 0.02099999972
-0.3389999866 0.3190000057 0.02099999972
-0.3370000124 0.3190000057 0.02099999972
-0.3389999866 0.3170000017 0.02300000004
-0.3389999866 0.3190000057 0.02300000004
-0.3370000124 0.3190000057 0.02300000004
-0.3429999948 0.3050000072 0.02500000037
-0.3429999948 0.3070000112 0.02500000037
-0.3409999907 0.3070000112 0.02500000037
-0.3429999948 0.3050000072 0.0270000007
-0.3429999948 0.3070000112 0.0270000007
-0.3409999907 0.3070000112 0.0270000007
-0.3409999907 0.3089999855 0.02500000037
-0.3409999907 0.3109999895 0.02500000037
-0.3409999907 0.3089999855 0.0270000007
-0.3409999907 0.3109999895 0.0270000007
-0.3429999948 0.3050000072 0.02899999917
-0.3409999907 0.3070000112 0.02899999917
-0.3429999948 0.3050000072 0.03099999949
-0.3429999948 0.3070000112 0.03099999949
-0.3409999907 0.3070000112 0.03099999949
-0.3409999907 0.3089999855 0.02899999917
-0.3409999907 0.3109999895 0.02899999917
-0.3409999907 0.3089999855 0.03099999949
-0.3409999907 0.3109999895 0.03099999949
-0.3409999907 0.3129999936 0.02500000037
-0.3409999907 0.3149999976 0.02500000037
-0.3409999907 0.3129999936 0.0270000007
-0.3409999907 0.3149999976 0.0270000007
-0.3389999866 0.3149999976 0.02500000037
-0.3389999866 0.3149999976 0.0270000007
-0.3389999866 0.3170000017 0.02500000037
-0.3389999866 0.3190000057 0.02500000037
-0.3370000124 0.3190000057 0.02500000037
-0.3389999866 0.3170000017 0.0270000007
-0.3389999866 0.3190000057 0.0270000007
-0.3370000124 0.3190000057 0.0270000007
-0.3409999907 0.3129999936 0.02899999917
-0.3409999907 0.3149999976 0.02899999917
-0.3409999907 0.3129999936 0.03099999949
-0.3409999907 0.3149999976 0.03099999949
-0.3389999866 0.3149999976 0.02899999917
-0.3389999866 0.3149999976 0.03099999949
-0.3389999866 0.3170000017 0.02899999917
-0.3389999866 0.3190000057 0.02899999917
-0.3370000124 0.3190000057 0.02899999917
-0.3389999866 0.3170000017 0.03099999949
-0.3389999866 0.3190000057 0.03099999949
-0.3370000124 0.3190000057 0.03099999949
-0.3210000098 0.2630000114 0.03299999982
-0.3210000098 0.2630000114 0.03500000015
-0.3210000098 0.2630000114 0.03700000048
-0.3230000138 0.2630000114 0.0390000008
-0.3210000098 0.2630000114 0.0390000008
-0.3289999962 0.2689999938 0.03299999982
-0.3310000002 0.2709999979 0.03299999982
-0.3289999962 0.2689999938 0.03500000015
-0.3310000002 0.2709999979 0.03500000015
-0.3289999962 0.2709999979 0.03500000015
-0.3289999962 0.2689999938 0.03700000048
-0.3310000002 0.2709999979 0.03700000048
-0.3289999962 0.2709999979 0.03700000048
-0.3289999962 0.2689999938 0.0390000008
-0.3310000002 0.2709999979 0.0390000008
-0.3289999962 0.2709999979 0.0390000008
-0.3269999921 0.2669999897 0.03299999982
-0.3249999881 0.2669999897 0.03299999982
-0.3249999881 0.2649999857 0.03500000015
-0.3269999921 0.2669999897 0.03500000015
-0.3249999881 0.2669999897 0.03500000015
-0.3230000138 0.2649999857 0.03299999982
-0.3210000098 0.2649999857 0.03299999982
-0.3230000138 0.2669999897 0.03299999982
-0.3230000138 0.2649999857 0.03500000015
-0.3210000098 0.2649999857 0.03500000015
-0.3269999921 0.2689999938 0.03299999982
-0.3269999921 0.2689999938 0.03500000015
-0.3269999921 0.2669999897 0.03700000048
-0.3249999881 0.2669999897 0.03700000048
-0.3249999881 0.2649999857 0.0390000008
-0.3269999921 0.2669999897 0.0390000008
-0.3249999881 0.2669999897 0.0390000008
-0.3230000138 0.2649999857 0.03700000048
-0.3210000098 0.2649999857 0.03700000048
-0.3230000138 0.2649999857 0.0390000008
-0.3210000098 0.2649999857 0.0390000008
-0.3230000138 0.2669999897 0.0390000008
-0.3269999921 0.2689999938 0.03700000048
-0.3269999921 0.2689999938 0.0390000008
-0.3249999881 0.2689999938 0.0390000008
-0.3210000098 0.2630000114 0.04100000113
-0.3210000098 0.2630000114 0.04300000146
-0.3210000098 0.2630000114 0.04500000179
-0.3210000098 0.2630000114 0.04699999839
-0.3289999962 0.2689999938 0.04100000113
-0.3310000002 0.2709999979 0.04100000113
-0.3289999962 0.2709999979 0.04100000113
-0.3289999962 0.2689999938 0.04300000146
-0.3310000002 0.2709999979 0.04300000146
-0.3289999962 0.2709999979 0.04300000146
-0.3289999962 0.2689999938 0.04500000179
-0.3310000002 0.2709999979 0.04500000179
-0.3289999962 0.2709999979 0.04500000179
-0.3289999962 0.2689999938 0.04699999839
-0.3310000002 0.2709999979 0.04699999839
-0.3289999962 0.2709999979 0.04699999839
-0.3269999921 0.2669999897 0.04100000113
-0.3249999881 0.2669999897 0.04100000113
-0.3249999881 0.2649999857 0.04300000146
-0.3249999881 0.2669999897 0.04300000146
-0.3230000138 0.2649999857 0.04100000113
-0.3210000098 0.2649999857 0.04100000113
-0.3230000138 0.2649999857 0.04300000146
-0.3210000098 0.2649999857 0.04300000146
-0.3230000138 0.2669999897 0.04300000146
-0.3269999921 0.2689999938 0.04100000113
-0.3269999921 0.2689999938 0.04300000146
-0.3269999921 0.2669999897 0.04500000179
-0.3249999881 0.2669999897 0.04500000179
-0.3249999881 0.2649999857 0.04699999839
-0.3269999921 0.2669999897 0.04699999839
-0.3249999881 0.2669999897 0.04699999839
-0.3230000138 0.2649999857 0.04500000179
-0.3210000098 0.2649999857 0.04500000179
-0.3230000138 0.2669999897 0.04500000179
-0.3230000138 0.2649999857 0.04699999839
-0.3210000098 0.2649999857 0.04699999839
-0.3230000138 0.2669999897 0.04699999839
-0.3269999921 0.2689999938 0.04500000179
-0.3269999921 0.2689999938 0.04699999839
-0.3370000124 0.27700001 0.03299999982
-0.3370000124 0.2790000141 0.03299999982
-0.3370000124 0.2790000141 0.03500000015
-0.3370000124 0.27700001 0.03700000048
-0.3370000124 0.2790000141 0.03700000048
-0.3370000124 0.27700001 0.0390000008
-0.3370000124 0.2790000141 0.0390000008
-0.3389999866 0.2809999883 0.03299999982
-0.3370000124 0.2809999883 0.03299999982
-0.3389999866 0.2829999924 0.03299999982
-0.3370000124 0.2829999924 0.03299999982
-0.3389999866 0.2809999883 0.03500000015
-0.3370000124 0.2809999883 0.03500000015
-0.3389999866 0.2829999924 0.03500000015
-0.3370000124 0.2829999924 0.03500000015
-0.3409999907 0.2849999964 0.03299999982
-0.3409999907 0.2870000005 0.03299999982
-0.3409999907 0.2849999964 0.03500000015
-0.3409999907 0.2870000005 0.03500000015
-0.3389999866 0.2849999964 0.03299999982
-0.3389999866 0.2849999964 0.03500000015
-0.3389999866 0.2809999883 0.03700000048
-0.3370000124 0.2809999883 0.03700000048
-0.3389999866 0.2829999924 0.03700000048
-0.3370000124 0.2829999924 0.03700000048
-0.3389999866 0.2809999883 0.0390000008
-0.3370000124 0.2809999883 0.0390000008
-0.3389999866 0.2829999924 0.0390000008
-0.3370000124 0.2829999924 0.0390000008
-0.3409999907 0.2849999964 0.03700000048
-0.3409999907 0.2870000005 0.03700000048
-0.3409999907 0.2849999964 0.0390000008
-0.3409999907 0.2870000005 0.0390000008
-0.3389999866 0.2849999964 0.03700000048
-0.3389999866 0.2849999964 0.0390000008
-0.3389999866 0.2870000005 0.0390000008
-0.3370000124 0.27700001 0.04100000113
-0.3370000124 0.2790000141 0.04100000113
-0.3370000124 0.27700001 0.04300000146
-0.3370000124 0.2790000141 0.04300000146
-0.3370000124 0.27700001 0.04500000179
-0.3370000124 0.2790000141 0.04500000179
-0.3370000124 0.27700001 0.04699999839
-0.3370000124 0.2790000141 0.04699999839
-0.3389999866 0.2809999883 0.04100000113
-0.3370000124 0.2809999883 0.04100000113
-0.3389999866 0.2829999924 0.04100000113
-0.3370000124 0.2829999924 0.04100000113
-0.3389999866 0.2809999883 0.04300000146
-0.3370000124 0.2809999883 0.04300000146
-0.3389999866 0.2829999924 0.04300000146
-0.3370000124 0.2829999924 0.04300000146
-0.3409999907 0.2870000005 0.04100000113
-0.3409999907 0.2870000005 0.04300000146
-0.3389999866 0.2849999964 0.04100000113
-0.3389999866 0.2870000005 0.04100000113
-0.3389999866 0.2849999964 0.04300000146
-0.3389999866 0.2870000005 0.04300000146
-0.3389999866 0.2809999883 0.04500000179
-0.3370000124 0.2809999883 0.04500000179
-0.3389999866 0.2829999924 0.04500000179
-0.3389999866 0.2809999883 0.04699999839
-0.3370000124 0.2809999883 0.04699999839
-0.3389999866 0.2829999924 0.04699999839
-0.3370000124 0.2829999924 0.04699999839
-0.3409999907 0.2849999964 0.04500000179
-0.3409999907 0.2870000005 0.04500000179
-0.3409999907 0.2849999964 0.04699999839
-0.3409999907 0.2870000005 0.04699999839
-0.3389999866 0.2849999964 0.04500000179
-0.3389999866 0.2870000005 0.04500000179
-0.3389999866 0.2849999964 0.04699999839
-0.3389999866 0.2870000005 0.04699999839
-0.3330000043 0.2730000019 0.03299999982
-0.3350000083 0.275000006 0.03299999982
-0.3330000043 0.275000006 0.03299999982
-0.3330000043 0.2730000019 0.03500000015
-0.3350000083 0.275000006 0.03500000015
-0.3330000043 0.275000006 0.03500000015
-0.3310000002 0.2730000019 0.03299999982
-0.3350000083 0.27700001 0.03299999982
-0.3350000083 0.2790000141 0.03299999982
-0.3350000083 0.27700001 0.03500000015
-0.3330000043 0.27700001 0.03500000015
-0.3350000083 0.2790000141 0.03500000015
-0.3330000043 0.2730000019 0.03700000048
-0.3350000083 0.275000006 0.03700000048
-0.3330000043 0.2730000019 0.0390000008
-0.3350000083 0.275000006 0.0390000008
-0.3330000043 0.275000006 0.0390000008
-0.3310000002 0.2730000019 0.03700000048
-0.3310000002 0.2730000019 0.0390000008
-0.3310000002 0.275000006 0.0390000008
-0.3350000083 0.27700001 0.03700000048
-0.3330000043 0.27700001 0.03700000048
-0.3350000083 0.2790000141 0.03700000048
-0.3350000083 0.27700001 0.0390000008
-0.3330000043 0.27700001 0.0390000008
-0.3350000083 0.2790000141 0.0390000008
-0.3330000043 0.2730000019 0.04100000113
-0.3350000083 0.275000006 0.04100000113
-0.3330000043 0.275000006 0.04100000113
-0.3330000043 0.2730000019 0.04300000146
-0.3350000083 0.275000006 0.04300000146
-0.3330000043 0.275000006 0.04300000146
-0.3310000002 0.2730000019 0.04100000113
-0.3310000002 0.2730000019 0.04300000146
-0.3350000083 0.27700001 0.04100000113
-0.3330000043 0.27700001 0.04100000113
-0.3350000083 0.2790000141 0.04100000113
-0.3350000083 0.27700001 0.04300000146
-0.3330000043 0.27700001 0.04300000146
-0.3350000083 0.2790000141 0.04300000146
-0.3330000043 0.2730000019 0.04500000179
-0.3350000083 0.275000006 0.04500000179
-0.3330000043 0.275000006 0.04500000179
-0.3330000043 0.2730000019 0.04699999839
-0.3350000083 0.275000006 0.04699999839
-0.3330000043 0.275000006 0.04699999839
-0.3310000002 0.2730000019 0.04500000179
-0.3310000002 0.2730000019 0.04699999839
-0.3350000083 0.27700001 0.04500000179
-0.3330000043 0.27700001 0.04500000179
-0.3350000083 0.2790000141 0.04500000179
-0.3350000083 0.27700001 0.04699999839
-0.3330000043 0.27700001 0.04699999839
-0.3350000083 0.2790000141 0.04699999839
-0.3210000098 0.2630000114 0.04899999872
-0.3210000098 0.2630000114 0.05099999905
-0.3210000098 0.2630000114 0.05299999937
-0.3210000098 0.2630000114 0.0549999997
-0.3289999962 0.2689999938 0.04899999872
-0.3310000002 0.2709999979 0.04899999872
-0.3289999962 0.2709999979 0.04899999872
-0.3289999962 0.2689999938 0.05099999905
-0.3310000002 0.2709999979 0.05099999905
-0.3289999962 0.2709999979 0.05099999905
-0.3289999962 0.2689999938 0.05299999937
-0.3310000002 0.2709999979 0.05299999937
-0.3289999962 0.2709999979 0.05299999937
-0.3289999962 0.2689999938 0.0549999997
-0.3310000002 0.2709999979 0.0549999997
-0.3289999962 0.2709999979 0.0549999997
-0.3249999881 0.2649999857 0.04899999872
-0.3269999921 0.2669999897 0.04899999872
-0.3249999881 0.2669999897 0.04899999872
-0.3269999921 0.2669999897 0.05099999905
-0.3249999881 0.2669999897 0.05099999905
-0.3230000138 0.2649999857 0.04899999872
-0.3210000098 0.2649999857 0.04899999872
-0.3230000138 0.2669999897 0.04899999872
-0.3230000138 0.2649999857 0.05099999905
-0.3210000098 0.2649999857 0.05099999905
-0.3230000138 0.2669999897 0.05099999905
-0.3269999921 0.2689999938 0.04899999872
-0.3249999881 0.2689999938 0.04899999872
-0.3269999921 0.2689999938 0.05099999905
-0.3249999881 0.2649999857 0.05299999937
-0.3269999921 0.2669999897 0.05299999937
-0.3249999881 0.2669999897 0.05299999937
-0.3269999921 0.2669999897 0.0549999997
-0.3249999881 0.2669999897 0.0549999997
-0.3230000138 0.2649999857 0.05299999937
-0.3210000098 0.2649999857 0.05299999937
-0.3230000138 0.2669999897 0.05299999937
-0.3230000138 0.2649999857 0.0549999997
-0.3210000098 0.2649999857 0.0549999997
-0.3230000138 0.2669999897 0.0549999997
-0.3269999921 0.2689999938 0.05299999937
-0.3249999881 0.2689999938 0.05299999937
-0.3269999921 0.2689999938 0.0549999997
-0.3230000138 0.2630000114 0.05700000003
-0.3210000098 0.2630000114 0.05700000003
-0.3210000098 0.2630000114 0.05900000036
-0.3210000098 0.2630000114 0.06100000069
-0.3210000098 0.2630000114 0.06300000101
-0.3289999962 0.2689999938 0.05700000003
-0.3310000002 0.2709999979 0.05700000003
-0.3289999962 0.2709999979 0.05700000003
-0.3289999962 0.2689999938 0.05900000036
-0.3310000002 0.2709999979 0.05900000036
-0.3289999962 0.2709999979 0.05900000036
-0.3289999962 0.2689999938 0.06100000069
-0.3310000002 0.2709999979 0.06100000069
-0.3289999962 0.2709999979 0.06100000069
-0.3289999962 0.2689999938 0.06300000101
-0.3310000002 0.2709999979 0.06300000101
-0.3289999962 0.2709999979 0.06300000101
-0.3249999881 0.2649999857 0.05700000003
-0.3269999921 0.2669999897 0.05700000003
-0.3249999881 0.2669999897 0.05700000003
-0.3249999881 0.2649999857 0.05900000036
-0.3269999921 0.2669999897 0.05900000036
-0.3249999881 0.2669999897 0.05900000036
-0.3230000138 0.2649999857 0.05700000003
-0.3210000098 0.2649999857 0.05700000003
-0.3230000138 0.2669999897 0.05700000003
-0.3230000138 0.2649999857 0.05900000036
-0.3210000098 0.2649999857 0.05900000036
-0.3230000138 0.2669999897 0.05900000036
-0.3269999921 0.2689999938 0.05700000003
-0.3269999921 0.2689999938 0.05900000036
-0.3269999921 0.2669999897 0.06100000069
-0.3249999881 0.2649999857 0.06300000101
-0.3269999921 0.2669999897 0.06300000101
-0.3249999881 0.2669999897 0.06300000101
-0.3230000138 0.2649999857 0.06100000069
-0.3210000098 0.2649999857 0.06100000069
-0.3230000138 0.2669999897 0.06100000069
-0.3230000138 0.2649999857 0.06300000101
-0.3210000098 0.2649999857 0.06300000101
-0.3230000138 0.2669999897 0.06300000101
-0.3269999921 0.2689999938 0.06300000101
-0.3370000124 0.27700001 0.04899999872
-0.3370000124 0.2790000141 0.04899999872
-0.3370000124 0.27700001 0.05099999905
-0.3370000124 0.2790000141 0.05099999905
-0.3370000124 0.2790000141 0.05299999937
-0.3370000124 0.27700001 0.0549999997
-0.3370000124 0.2790000141 0.0549999997
-0.3389999866 0.2809999883 0.04899999872
-0.3370000124 0.2809999883 0.04899999872
-0.3389999866 0.2829999924 0.04899999872
-0.3370000124 0.2829999924 0.04899999872
-0.3389999866 0.2809999883 0.05099999905
-0.3370000124 0.2809999883 0.05099999905
-0.3389999866 0.2829999924 0.05099999905
-0.3370000124 0.2829999924 0.05099999905
-0.3409999907 0.2849999964 0.04899999872
-0.3409999907 0.2870000005 0.04899999872
-0.3409999907 0.2870000005 0.05099999905
-0.3389999866 0.2849999964 0.04899999872
-0.3389999866 0.2870000005 0.04899999872
-0.3389999866 0.2849999964 0.05099999905
-0.3389999866 0.2870000005 0.05099999905
-0.3389999866 0.2809999883 0.05299999937
-0.3370000124 0.2809999883 0.05299999937
-0.3389999866 0.2829999924 0.05299999937
-0.3370000124 0.2829999924 0.05299999937
-0.3389999866 0.2809999883 0.0549999997
-0.3370000124 0.2809999883 0.0549999997
-0.3389999866 0.2829999924 0.0549999997
-0.3370000124 0.2829999924 0.0549999997
-0.3409999907 0.2849999964 0.05299999937
-0.3409999907 0.2870000005 0.05299999937
-0.3409999907 0.2849999964 0.0549999997
-0.3409999907 0.2870000005 0.0549999997
-0.3389999866 0.2849999964 0.05299999937
-0.3389999866 0.2870000005 0.05299999937
-0.3389999866 0.2849999964 0.0549999997
-0.3370000124 0.2849999964 0.0549999997
-0.3389999866 0.2870000005 0.0549999997
-0.3370000124 0.27700001 0.05700000003
-0.3370000124 0.2790000141 0.05700000003
-0.3370000124 0.2790000141 0.05900000036
-0.3370000124 0.27700001 0.06100000069
-0.3370000124 0.2790000141 0.06100000069
-0.3370000124 0.27700001 0.06300000101
-0.3370000124 0.2790000141 0.06300000101
-0.3389999866 0.2809999883 0.05700000003
-0.3370000124 0.2809999883 0.05700000003
-0.3389999866 0.2829999924 0.05700000003
-0.3370000124 0.2829999924 0.05700000003
-0.3389999866 0.2809999883 0.05900000036
-0.3370000124 0.2809999883 0.05900000036
-0.3389999866 0.2829999924 0.05900000036
-0.3370000124 0.2829999924 0.05900000036
-0.3409999907 0.2870000005 0.05700000003
-0.3409999907 0.2870000005 0.05900000036
-0.3389999866 0.2849999964 0.05700000003
-0.3389999866 0.2870000005 0.05700000003
-0.3389999866 0.2849999964 0.05900000036
-0.3389999866 0.2870000005 0.05900000036
-0.3389999866 0.2809999883 0.06100000069
-0.3370000124 0.2809999883 0.06100000069
-0.3389999866 0.2829999924 0.06100000069
-0.3370000124 0.2829999924 0.06100000069
-0.3389999866 0.2809999883 0.06300000101
-0.3370000124 0.2809999883 0.06300000101
-0.3389999866 0.2829999924 0.06300000101
-0.3370000124 0.2829999924 0.06300000101
-0.3409999907 0.2849999964 0.06100000069
-0.3409999907 0.2870000005 0.06100000069
-0.3409999907 0.2849999964 0.06300000101
-0.3409999907 0.2870000005 0.06300000101
-0.3389999866 0.2849999964 0.06100000069
-0.3370000124 0.2849999964 0.06100000069
-0.3389999866 0.2870000005 0.06100000069
-0.3389999866 0.2849999964 0.06300000101
-0.3389999866 0.2870000005 0.06300000101
-0.3330000043 0.2730000019 0.04899999872
-0.3350000083 0.275000006 0.04899999872
-0.3330000043 0.275000006 0.04899999872
-0.3330000043 0.2730000019 0.05099999905
-0.3350000083 0.275000006 0.05099999905
-0.3330000043 0.275000006 0.05099999905
-0.3310000002 0.2730000019 0.04899999872
-0.3310000002 0.2730000019 0.05099999905
-0.3310000002 0.275000006 0.05099999905
-0.3350000083 0.27700001 0.04899999872
-0.3330000043 0.27700001 0.04899999872
-0.3350000083 0.2790000141 0.04899999872
-0.3350000083 0.27700001 0.05099999905
-0.3330000043 0.27700001 0.05099999905
-0.3350000083 0.2790000141 0.05099999905
-0.3330000043 0.2730000019 0.05299999937
-0.3350000083 0.275000006 0.05299999937
-0.3330000043 0.275000006 0.05299999937
-0.3330000043 0.2730000019 0.0549999997
-0.3350000083 0.275000006 0.0549999997
-0.3330000043 0.275000006 0.0549999997
-0.3310000002 0.2730000019 0.05299999937
-0.3310000002 0.2730000019 0.0549999997
-0.3350000083 0.27700001 0.05299999937
-0.3330000043 0.27700001 0.05299999937
-0.3350000083 0.2790000141 0.05299999937
-0.3350000083 0.27700001 0.0549999997
-0.3330000043 0.27700001 0.0549999997
-0.3350000083 0.2790000141 0.0549999997
-0.3350000083 0.2809999883 0.05299999937
-0.3330000043 0.2730000019 0.05700000003
-0.3350000083 0.275000006 0.05700000003
-0.3330000043 0.275000006 0.05700000003
-0.3330000043 0.2730000019 0.05900000036
-0.3350000083 0.275000006 0.05900000036
-0.3330000043 0.275000006 0.05900000036
-0.3310000002 0.2730000019 0.05700000003
-0.3310000002 0.275000006 0.05700000003
-0.3310000002 0.2730000019 0.05900000036
-0.3350000083 0.27700001 0.05700000003
-0.3330000043 0.27700001 0.05700000003
-0.3350000083 0.2790000141 0.05700000003
-0.3350000083 0.27700001 0.05900000036
-0.3330000043 0.27700001 0.05900000036
-0.3350000083 0.2790000141 0.05900000036
-0.3330000043 0.2730000019 0.06100000069
-0.3350000083 0.275000006 0.06100000069
-0.3330000043 0.275000006 0.06100000069
-0.3330000043 0.2730000019 0.06300000101
-0.3350000083 0.275000006 0.06300000101
-0.3330000043 0.275000006 0.06300000101
-0.3310000002 0.2730000019 0.06100000069
-0.3310000002 0.2730000019 0.06300000101
-0.3350000083 0.27700001 0.06100000069
-0.3330000043 0.27700001 0.06100000069
-0.3350000083 0.2790000141 0.06100000069
-0.3350000083 0.27700001 0.06300000101
-0.3330000043 0.27700001 0.06300000101
-0.3350000083 0.2790000141 0.06300000101
-0.3350000083 0.2809999883 0.05900000036
-0.3409999907 0.2890000045 0.03299999982
-0.3409999907 0.2910000086 0.03299999982
-0.3409999907 0.2890000045 0.03500000015
-0.3409999907 0.2910000086 0.03500000015
-0.3429999948 0.2930000126 0.03299999982
-0.3409999907 0.2930000126 0.03299999982
-0.3429999948 0.2949999869 0.03299999982
-0.3429999948 0.2930000126 0.03500000015
-0.3409999907 0.2930000126 0.03500000015
-0.3429999948 0.2949999869 0.03500000015
-0.3409999907 0.2890000045 0.03700000048
-0.3409999907 0.2910000086 0.03700000048
-0.3409999907 0.2890000045 0.0390000008
-0.3409999907 0.2910000086 0.0390000008
-0.3409999907 0.2930000126 0.03700000048
-0.3429999948 0.2949999869 0.03700000048
-0.3429999948 0.2930000126 0.0390000008
-0.3409999907 0.2930000126 0.0390000008
-0.3429999948 0.2949999869 0.0390000008
-0.3429999948 0.2969999909 0.03299999982
-0.3429999948 0.298999995 0.03299999982
-0.3429999948 0.2969999909 0.03500000015
-0.3429999948 0.298999995 0.03500000015
-0.3429999948 0.300999999 0.03299999982
-0.3429999948 0.3030000031 0.03299999982
-0.3429999948 0.300999999 0.03500000015
-0.3429999948 0.3030000031 0.03500000015
-0.3429999948 0.2969999909 0.03700000048
-0.3429999948 0.298999995 0.03700000048
-0.3429999948 0.2969999909 0.0390000008
-0.3429999948 0.298999995 0.0390000008
-0.3429999948 0.300999999 0.03700000048
-0.3429999948 0.3030000031 0.03700000048
-0.3429999948 0.300999999 0.0390000008
-0.3429999948 0.3030000031 0.0390000008
-0.3409999907 0.2890000045 0.04100000113
-0.3409999907 0.2910000086 0.04100000113
-0.3409999907 0.2890000045 0.04300000146
-0.3409999907 0.2910000086 0.04300000146
-0.3429999948 0.2930000126 0.04100000113
-0.3409999907 0.2930000126 0.04100000113
-0.3429999948 0.2949999869 0.04100000113
-0.3429999948 0.2930000126 0.04300000146
-0.3409999907 0.2930000126 0.04300000146
-0.3429999948 0.2949999869 0.04300000146
-0.3409999907 0.2890000045 0.04500000179
-0.3409999907 0.2910000086 0.04500000179
-0.3409999907 0.2890000045 0.04699999839
-0.3409999907 0.2910000086 0.04699999839
-0.3389999866 0.2890000045 0.04500000179
-0.3389999866 0.2890000045 0.04699999839
-0.3389999866 0.2910000086 0.04699999839
-0.3429999948 0.2930000126 0.04500000179
-0.3409999907 0.2930000126 0.04500000179
-0.3429999948 0.2949999869 0.04500000179
-0.3429999948 0.2930000126 0.04699999839
-0.3409999907 0.2930000126 0.04699999839
-0.3429999948 0.2949999869 0.04699999839
-0.3429999948 0.2969999909 0.04100000113
-0.3429999948 0.298999995 0.04100000113
-0.3429999948 0.2969999909 0.04300000146
-0.3429999948 0.298999995 0.04300000146
-0.3429999948 0.300999999 0.04100000113
-0.3429999948 0.3030000031 0.04100000113
-0.3429999948 0.300999999 0.04300000146
-0.3429999948 0.3030000031 0.04300000146
-0.3429999948 0.2969999909 0.04500000179
-0.3429999948 0.298999995 0.04500000179
-0.3429999948 0.2969999909 0.04699999839
-0.3429999948 0.298999995 0.04699999839
-0.3429999948 0.300999999 0.04500000179
-0.3429999948 0.3030000031 0.04500000179
-0.3429999948 0.300999999 0.04699999839
-0.3429999948 0.3030000031 0.04699999839
-0.3429999948 0.3050000072 0.03299999982
-0.3429999948 0.3070000112 0.03299999982
-0.3409999907 0.3070000112 0.03299999982
-0.3429999948 0.3050000072 0.03500000015
-0.3429999948 0.3070000112 0.03500000015
-0.3409999907 0.3070000112 0.03500000015
-0.3409999907 0.3089999855 0.03299999982
-0.3409999907 0.3109999895 0.03299999982
-0.3409999907 0.3089999855 0.03500000015
-0.3409999907 0.3109999895 0.03500000015
-0.3429999948 0.3050000072 0.03700000048
-0.3429999948 0.3070000112 0.03700000048
-0.3409999907 0.3070000112 0.03700000048
-0.3429999948 0.3050000072 0.0390000008
-0.3429999948 0.3070000112 0.0390000008
-0.3409999907 0.3070000112 0.0390000008
-0.3409999907 0.3089999855 0.03700000048
-0.3409999907 0.3109999895 0.03700000048
-0.3409999907 0.3089999855 0.0390000008
-0.3409999907 0.3109999895 0.0390000008
-0.3409999907 0.3129999936 0.03299999982
-0.3409999907 0.3129999936 0.03500000015
-0.3409999907 0.3149999976 0.03500000015
-0.3389999866 0.3149999976 0.03299999982
-0.3389999866 0.3149999976 0.03500000015
-0.3389999866 0.3170000017 0.03299999982
-0.3389999866 0.3190000057 0.03299999982
-0.3370000124 0.3190000057 0.03299999982
-0.3389999866 0.3170000017 0.03500000015
-0.3389999866 0.3190000057 0.03500000015
-0.3370000124 0.3190000057 0.03500000015
-0.3409999907 0.3129999936 0.03700000048
-0.3409999907 0.3149999976 0.03700000048
-0.3409999907 0.3129999936 0.0390000008
-0.3409999907 0.3149999976 0.0390000008
-0.3389999866 0.3149999976 0.03700000048
-0.3389999866 0.3149999976 0.0390000008
-0.3389999866 0.3170000017 0.03700000048
-0.3389999866 0.3190000057 0.03700000048
-0.3370000124 0.3190000057 0.03700000048
-0.3389999866 0.3170000017 0.0390000008
-0.3389999866 0.3190000057 0.0390000008
-0.3370000124 0.3190000057 0.0390000008
-0.3429999948 0.3050000072 0.04100000113
-0.3429999948 0.3070000112 0.04100000113
-0.3409999907 0.3070000112 0.04100000113
-0.3429999948 0.3050000072 0.04300000146
-0.3429999948 0.3070000112 0.04300000146
-0.3409999907 0.3070000112 0.04300000146
-0.3409999907 0.3089999855 0.04100000113
-0.3409999907 0.3109999895 0.04100000113
-0.3409999907 0.3089999855 0.04300000146
-0.3409999907 0.3109999895 0.04300000146
-0.3429999948 0.3050000072 0.04500000179
-0.3429999948 0.3070000112 0.04500000179
-0.3409999907 0.3070000112 0.04500000179
-0.3429999948 0.3050000072 0.04699999839
-0.3429999948 0.3070000112 0.04699999839
-0.3409999907 0.3070000112 0.04699999839
-0.3409999907 0.3089999855 0.04500000179
-0.3409999907 0.3109999895 0.04500000179
-0.3409999907 0.3089999855 0.04699999839
-0.3409999907 0.3109999895 0.04699999839
-0.3409999907 0.3129999936 0.04100000113
-0.3409999907 0.3149999976 0.04100000113
-0.3409999907 0.3129999936 0.04300000146
-0.3409999907 0.3149999976 0.04300000146
-0.3389999866 0.3149999976 0.04100000113
-0.3389999866 0.3149999976 0.04300000146
-0.3389999866 0.3170000017 0.04100000113
-0.3389999866 0.3190000057 0.04100000113
-0.3370000124 0.3190000057 0.04100000113
-0.3389999866 0.3170000017 0.04300000146
-0.3389999866 0.3190000057 0.04300000146
-0.3370000124 0.3190000057 0.04300000146
-0.3409999907 0.3129999936 0.04500000179
-0.3409999907 0.3129999936 0.04699999839
-0.3409999907 0.3149999976 0.04699999839
-0.3389999866 0.3149999976 0.04500000179
-0.3389999866 0.3149999976 0.04699999839
-0.3389999866 0.3170000017 0.04500000179
-0.3389999866 0.3190000057 0.04500000179
-0.3370000124 0.3190000057 0.04500000179
-0.3389999866 0.3170000017 0.04699999839
-0.3389999866 0.3190000057 0.04699999839
-0.3370000124 0.3190000057 0.04699999839
-0.3409999907 0.2890000045 0.04899999872
-0.3409999907 0.2910000086 0.04899999872
-0.3409999907 0.2890000045 0.05099999905
-0.3409999907 0.2910000086 0.05099999905
-0.3389999866 0.2890000045 0.04899999872
-0.3389999866 0.2890000045 0.05099999905
-0.3429999948 0.2930000126 0.04899999872
-0.3409999907 0.2930000126 0.04899999872
-0.3429999948 0.2949999869 0.04899999872
-0.3429999948 0.2930000126 0.05099999905
-0.3409999907 0.2930000126 0.05099999905
-0.3429999948 0.2949999869 0.05099999905
-0.3409999907 0.2949999869 0.05099999905
-0.3409999907 0.2890000045 0.05299999937
-0.3409999907 0.2910000086 0.05299999937
-0.3409999907 0.2890000045 0.0549999997
-0.3409999907 0.2910000086 0.0549999997
-0.3389999866 0.2890000045 0.05299999937
-0.3389999866 0.2910000086 0.05299999937
-0.3389999866 0.2890000045 0.0549999997
-0.3429999948 0.2930000126 0.05299999937
-0.3409999907 0.2930000126 0.05299999937
-0.3429999948 0.2949999869 0.05299999937
-0.3409999907 0.2949999869 0.05299999937
-0.3429999948 0.2930000126 0.0549999997
-0.3409999907 0.2930000126 0.0549999997
-0.3429999948 0.2949999869 0.0549999997
-0.3409999907 0.2949999869 0.0549999997
-0.3429999948 0.2969999909 0.04899999872
-0.3429999948 0.298999995 0.04899999872
-0.3429999948 0.2969999909 0.05099999905
-0.3429999948 0.298999995 0.05099999905
-0.3429999948 0.300999999 0.04899999872
-0.3429999948 0.3030000031 0.04899999872
-0.3429999948 0.300999999 0.05099999905
-0.3429999948 0.3030000031 0.05099999905
-0.3429999948 0.2969999909 0.05299999937
-0.3429999948 0.298999995 0.05299999937
-0.3429999948 0.2969999909 0.0549999997
-0.3409999907 0.2969999909 0.0549999997
-0.3429999948 0.298999995 0.0549999997
-0.3429999948 0.300999999 0.05299999937
-0.3429999948 0.3030000031 0.05299999937
-0.3429999948 0.300999999 0.0549999997
-0.3429999948 0.3030000031 0.0549999997
-0.3409999907 0.2890000045 0.05700000003
-0.3409999907 0.2910000086 0.05700000003
-0.3409999907 0.2890000045 0.05900000036
-0.3409999907 0.2910000086 0.05900000036
-0.3389999866 0.2890000045 0.05700000003
-0.3389999866 0.2890000045 0.05900000036
-0.3389999866 0.2910000086 0.05900000036
-0.3429999948 0.2930000126 0.05700000003
-0.3409999907 0.2930000126 0.05700000003
-0.3429999948 0.2949999869 0.05700000003
-0.3409999907 0.2949999869 0.05700000003
-0.3429999948 0.2930000126 0.05900000036
-0.3409999907 0.2930000126 0.05900000036
-0.3429999948 0.2949999869 0.05900000036
-0.3409999907 0.2949999869 0.05900000036
-0.3409999907 0.2890000045 0.06100000069
-0.3409999907 0.2910000086 0.06100000069
-0.3409999907 0.2890000045 0.06300000101
-0.3409999907 0.2910000086 0.06300000101
-0.3389999866 0.2890000045 0.06100000069
-0.3389999866 0.2890000045 0.06300000101
-0.3429999948 0.2930000126 0.06100000069
-0.3409999907 0.2930000126 0.06100000069
-0.3429999948 0.2949999869 0.06100000069
-0.3409999907 0.2949999869 0.06100000069
-0.3429999948 0.2930000126 0.06300000101
-0.3409999907 0.2930000126 0.06300000101
-0.3429999948 0.2949999869 0.06300000101
-0.3409999907 0.2949999869 0.06300000101
-0.3429999948 0.2969999909 0.05700000003
-0.3409999907 0.2969999909 0.05700000003
-0.3429999948 0.298999995 0.05700000003
-0.3409999907 0.298999995 0.05700000003
-0.3429999948 0.2969999909 0.05900000036
-0.3409999907 0.2969999909 0.05900000036
-0.3429999948 0.298999995 0.05900000036
-0.3409999907 0.298999995 0.05900000036
-0.3429999948 0.300999999 0.05700000003
-0.3429999948 0.3030000031 0.05700000003
-0.3429999948 0.300999999 0.05900000036
-0.3429999948 0.3030000031 0.05900000036
-0.3429999948 0.2969999909 0.06100000069
-0.3409999907 0.2969999909 0.06100000069
-0.3429999948 0.298999995 0.06100000069
-0.3409999907 0.298999995 0.06100000069
-0.3429999948 0.2969999909 0.06300000101
-0.3409999907 0.2969999909 0.06300000101
-0.3429999948 0.298999995 0.06300000101
-0.3409999907 0.298999995 0.06300000101
-0.3429999948 0.300999999 0.06100000069
-0.3429999948 0.3030000031 0.06100000069
-0.3429999948 0.300999999 0.06300000101
-0.3409999907 0.300999999 0.06300000101
-0.3429999948 0.3030000031 0.06300000101
-0.3429999948 0.3050000072 0.04899999872
-0.3429999948 0.3070000112 0.04899999872
-0.3409999907 0.3070000112 0.04899999872
-0.3429999948 0.3050000072 0.05099999905
-0.3429999948 0.3070000112 0.05099999905
-0.3409999907 0.3070000112 0.05099999905
-0.3409999907 0.3089999855 0.04899999872
-0.3409999907 0.3109999895 0.04899999872
-0.3409999907 0.3089999855 0.05099999905
-0.3409999907 0.3109999895 0.05099999905
-0.3429999948 0.3050000072 0.05299999937
-0.3429999948 0.3070000112 0.05299999937
-0.3409999907 0.3070000112 0.05299999937
-0.3429999948 0.3050000072 0.0549999997
-0.3429999948 0.3070000112 0.0549999997
-0.3409999907 0.3070000112 0.0549999997
-0.3409999907 0.3089999855 0.05299999937
-0.3409999907 0.3109999895 0.05299999937
-0.3409999907 0.3089999855 0.0549999997
-0.3409999907 0.3109999895 0.0549999997
-0.3409999907 0.3129999936 0.04899999872
-0.3409999907 0.3149999976 0.04899999872
-0.3409999907 0.3129999936 0.05099999905
-0.3409999907 0.3149999976 0.05099999905
-0.3389999866 0.3149999976 0.04899999872
-0.3389999866 0.3149999976 0.05099999905
-0.3389999866 0.3170000017 0.04899999872
-0.3389999866 0.3190000057 0.04899999872
-0.3370000124 0.3190000057 0.04899999872
-0.3389999866 0.3170000017 0.05099999905
-0.3389999866 0.3190000057 0.05099999905
-0.3370000124 0.3190000057 0.05099999905
-0.3409999907 0.3129999936 0.05299999937
-0.3409999907 0.3149999976 0.05299999937
-0.3409999907 0.3129999936 0.0549999997
-0.3409999907 0.3149999976 0.0549999997
-0.3389999866 0.3149999976 0.05299999937
-0.3389999866 0.3149999976 0.0549999997
-0.3389999866 0.3170000017 0.05299999937
-0.3389999866 0.3190000057 0.05299999937
-0.3370000124 0.3190000057 0.05299999937
-0.3389999866 0.3170000017 0.0549999997
-0.3389999866 0.3190000057 0.0549999997
-0.3370000124 0.3190000057 0.0549999997
-0.3429999948 0.3050000072 0.05700000003
-0.3429999948 0.3070000112 0.05700000003
-0.3409999907 0.3070000112 0.05700000003
-0.3429999948 0.3050000072 0.05900000036
-0.3409999907 0.3070000112 0.05900000036
-0.3409999907 0.3089999855 0.05700000003
-0.3409999907 0.3109999895 0.05700000003
-0.3409999907 0.3089999855 0.05900000036
-0.3409999907 0.3109999895 0.05900000036
-0.3429999948 0.3050000072 0.06100000069
-0.3429999948 0.3070000112 0.06100000069
-0.3409999907 0.3070000112 0.06100000069
-0.3429999948 0.3050000072 0.06300000101
-0.3429999948 0.3070000112 0.06300000101
-0.3409999907 0.3070000112 0.06300000101
-0.3409999907 0.3089999855 0.06100000069
-0.3409999907 0.3109999895 0.06100000069
-0.3409999907 0.3089999855 0.06300000101
-0.3409999907 0.3109999895 0.06300000101
-0.3409999907 0.3129999936 0.05700000003
-0.3409999907 0.3149999976 0.05700000003
-0.3409999907 0.3129999936 0.05900000036
-0.3409999907 0.3149999976 0.05900000036
-0.3389999866 0.3149999976 0.05700000003
-0.3389999866 0.3149999976 0.05900000036
-0.3389999866 0.3170000017 0.05700000003
-0.3389999866 0.3190000057 0.05700000003
-0.3370000124 0.3190000057 0.05700000003
-0.3389999866 0.3170000017 0.05900000036
-0.3389999866 0.3190000057 0.05900000036
-0.3370000124 0.3190000057 0.05900000036
-0.3409999907 0.3129999936 0.06100000069
-0.3409999907 0.3149999976 0.06100000069
-0.3409999907 0.3129999936 0.06300000101
-0.3409999907 0.3149999976 0.06300000101
-0.3389999866 0.3149999976 0.06100000069
-0.3389999866 0.3149999976 0.06300000101
-0.3389999866 0.3170000017 0.06100000069
-0.3389999866 0.3190000057 0.06100000069
-0.3370000124 0.3190000057 0.06100000069
-0.3389999866 0.3170000017 0.06300000101
-0.3389999866 0.3190000057 0.06300000101
-0.3370000124 0.3190000057 0.06300000101
-0.3129999936 0.2590000033 0.01099999994
-0.3170000017 0.2610000074 0.01099999994
-0.3190000057 0.2630000114 0.01099999994
-0.3149999976 0.2610000074 0.01099999994
-0.3129999936 0.2590000033 0.01300000027
-0.3129999936 0.2590000033 0.01499999966
-0.3190000057 0.2630000114 0.01300000027
-0.3190000057 0.2630000114 0.01499999966
-0.3149999976 0.2610000074 0.01300000027
-0.3149999976 0.2610000074 0.01499999966
-0.3050000072 0.2569999993 0.01099999994
-0.3070000112 0.2590000033 0.01099999994
-0.3089999855 0.2590000033 0.01300000027
-0.3109999895 0.2590000033 0.01499999966
-0.3089999855 0.2590000033 0.01499999966
-0.3050000072 0.2569999993 0.01300000027
-0.3070000112 0.2590000033 0.01499999966
-0.2969999909 0.2590000033 0.01099999994
-0.300999999 0.2569999993 0.01300000027
-0.300999999 0.2590000033 0.01300000027
-0.3030000031 0.2569999993 0.01499999966
-0.300999999 0.2569999993 0.01499999966
-0.2969999909 0.2590000033 0.01499999966
-0.2930000126 0.2590000033 0.01099999994
-0.2910000086 0.2590000033 0.01099999994
-0.2930000126 0.2590000033 0.01300000027
-0.2930000126 0.2590000033 0.01499999966
-0.2910000086 0.2590000033 0.01300000027
-0.2910000086 0.2590000033 0.01499999966
-0.3190000057 0.2630000114 0.01700000092
-0.3190000057 0.2610000074 0.01899999939
-0.3170000017 0.2610000074 0.01899999939
-0.3190000057 0.2630000114 0.01899999939
-0.3170000017 0.2630000114 0.01899999939
-0.3149999976 0.2610000074 0.01700000092
-0.3149999976 0.2610000074 0.01899999939
-0.3170000017 0.2610000074 0.02099999972
-0.3190000057 0.2630000114 0.02099999972
-0.3170000017 0.2630000114 0.02099999972
-0.3190000057 0.2630000114 0.02300000004
-0.3170000017 0.2630000114 0.02300000004
-0.3149999976 0.2610000074 0.02099999972
-0.3129999936 0.2610000074 0.02099999972
-0.3149999976 0.2610000074 0.02300000004
-0.3129999936 0.2610000074 0.02300000004
-0.3149999976 0.2630000114 0.02300000004
-0.3109999895 0.2590000033 0.01700000092
-0.3089999855 0.2590000033 0.01700000092
-0.3109999895 0.2590000033 0.01899999939
-0.3089999855 0.2590000033 0.01899999939
-0.3070000112 0.2590000033 0.01700000092
-0.3050000072 0.2569999993 0.01899999939
-0.3070000112 0.2590000033 0.01899999939
-0.3109999895 0.2610000074 0.01899999939
-0.3109999895 0.2590000033 0.02099999972
-0.3089999855 0.2590000033 0.02300000004
-0.3070000112 0.2590000033 0.02099999972
-0.3050000072 0.2590000033 0.02099999972
-0.3070000112 0.2590000033 0.02300000004
-0.3050000072 0.2590000033 0.02300000004
-0.3109999895 0.2610000074 0.02099999972
-0.3109999895 0.2610000074 0.02300000004
-0.3170000017 0.2610000074 0.02500000037
-0.3190000057 0.2630000114 0.02500000037
-0.3170000017 0.2630000114 0.02500000037
-0.3170000017 0.2610000074 0.0270000007
-0.3190000057 0.2630000114 0.0270000007
-0.3170000017 0.2630000114 0.0270000007
-0.3149999976 0.2610000074 0.02500000037
-0.3129999936 0.2610000074 0.02500000037
-0.3129999936 0.2610000074 0.0270000007
-0.3129999936 0.2590000033 0.02899999917
-0.3129999936 0.2590000033 0.03099999949
-0.3170000017 0.2610000074 0.02899999917
-0.3190000057 0.2630000114 0.02899999917
-0.3170000017 0.2630000114 0.02899999917
-0.3170000017 0.2610000074 0.03099999949
-0.3190000057 0.2630000114 0.03099999949
-0.3170000017 0.2630000114 0.03099999949
-0.3149999976 0.2610000074 0.02899999917
-0.3129999936 0.2610000074 0.02899999917
-0.3149999976 0.2630000114 0.02899999917
-0.3149999976 0.2610000074 0.03099999949
-0.3129999936 0.2610000074 0.03099999949
-0.3109999895 0.2590000033 0.02500000037
-0.3089999855 0.2590000033 0.02500000037
-0.3089999855 0.2590000033 0.0270000007
-0.3070000112 0.2590000033 0.02500000037
-0.3050000072 0.2590000033 0.02500000037
-0.3070000112 0.2590000033 0.0270000007
-0.3050000072 0.2590000033 0.0270000007
-0.3109999895 0.2610000074 0.02500000037
-0.3089999855 0.2610000074 0.02500000037
-0.3109999895 0.2610000074 0.0270000007
-0.3089999855 0.2590000033 0.02899999917
-0.3089999855 0.2590000033 0.03099999949
-0.3070000112 0.2590000033 0.02899999917
-0.3050000072 0.2590000033 0.02899999917
-0.3070000112 0.2590000033 0.03099999949
-0.3050000072 0.2590000033 0.03099999949
-0.3109999895 0.2610000074 0.02899999917
-0.3089999855 0.2610000074 0.02899999917
-0.3109999895 0.2610000074 0.03099999949
-0.300999999 0.2569999993 0.01700000092
-0.300999999 0.2590000033 0.01899999939
-0.298999995 0.2569999993 0.01899999939
-0.3030000031 0.2569999993 0.02300000004
-0.2969999909 0.2569999993 0.02099999972
-0.298999995 0.2590000033 0.02300000004
-0.2930000126 0.2590000033 0.01700000092
-0.2930000126 0.2590000033 0.01899999939
-0.2910000086 0.2590000033 0.01700000092
-0.2910000086 0.2590000033 0.01899999939
-0.2949999869 0.2590000033 0.02099999972
-0.2930000126 0.2590000033 0.02099999972
-0.2930000126 0.2590000033 0.02300000004
-0.2910000086 0.2590000033 0.02099999972
-0.2910000086 0.2590000033 0.02300000004
-0.2890000045 0.2590000033 0.02300000004
-0.2890000045 0.2610000074 0.02099999972
-0.3030000031 0.2569999993 0.02500000037
-0.3030000031 0.2590000033 0.02500000037
-0.300999999 0.2569999993 0.0270000007
-0.3030000031 0.2590000033 0.0270000007
-0.300999999 0.2590000033 0.0270000007
-0.298999995 0.2590000033 0.0270000007
-0.2969999909 0.2590000033 0.0270000007
-0.300999999 0.2569999993 0.02899999917
-0.3030000031 0.2590000033 0.02899999917
-0.300999999 0.2590000033 0.02899999917
-0.3030000031 0.2569999993 0.03099999949
-0.3030000031 0.2590000033 0.03099999949
-0.300999999 0.2590000033 0.03099999949
-0.298999995 0.2590000033 0.02899999917
-0.298999995 0.2590000033 0.03099999949
-0.2969999909 0.2590000033 0.03099999949
-0.2930000126 0.2590000033 0.02500000037
-0.2930000126 0.2590000033 0.0270000007
-0.2910000086 0.2590000033 0.0270000007
-0.2930000126 0.2590000033 0.02899999917
-0.2930000126 0.2590000033 0.03099999949
-0.2910000086 0.2590000033 0.02899999917
-0.2890000045 0.2590000033 0.02899999917
-0.2910000086 0.2590000033 0.03099999949
-0.2890000045 0.2590000033 0.03099999949
-0.2849999964 0.2610000074 0.01099999994
-0.2849999964 0.2610000074 0.01300000027
-0.2870000005 0.2610000074 0.01499999966
-0.2849999964 0.2610000074 0.01499999966
-0.2829999924 0.2610000074 0.01300000027
-0.2809999883 0.2630000114 0.01300000027
-0.2809999883 0.2630000114 0.01499999966
-0.2790000141 0.2630000114 0.01300000027
-0.275000006 0.2649999857 0.01099999994
-0.2730000019 0.2669999897 0.01099999994
-0.27700001 0.2649999857 0.01300000027
-0.27700001 0.2669999897 0.01300000027
-0.27700001 0.2649999857 0.01499999966
-0.275000006 0.2669999897 0.01300000027
-0.275000006 0.2649999857 0.01499999966
-0.2709999979 0.2689999938 0.01099999994
-0.2689999938 0.2709999979 0.01099999994
-0.2709999979 0.2709999979 0.01300000027
-0.2689999938 0.2709999979 0.01300000027
-0.2709999979 0.2689999938 0.01499999966
-0.2689999938 0.2709999979 0.01499999966
-0.2689999938 0.2730000019 0.01099999994
-0.2669999897 0.275000006 0.01099999994
-0.2669999897 0.2730000019 0.01300000027
-0.2669999897 0.275000006 0.01300000027
-0.2649999857 0.275000006 0.01300000027
-0.2669999897 0.2730000019 0.01499999966
-0.2649999857 0.27700001 0.01499999966
-0.2630000114 0.2790000141 0.01099999994
-0.2630000114 0.2790000141 0.01499999966
-0.2630000114 0.2809999883 0.01099999994
-0.2610000074 0.2829999924 0.01099999994
-0.2610000074 0.2849999964 0.01099999994
-0.2630000114 0.2809999883 0.01300000027
-0.2630000114 0.2809999883 0.01499999966
-0.2610000074 0.2849999964 0.01300000027
-0.2610000074 0.2870000005 0.01300000027
-0.2849999964 0.2610000074 0.01700000092
-0.2849999964 0.2610000074 0.01899999939
-0.2829999924 0.2610000074 0.01700000092
-0.2829999924 0.2630000114 0.01700000092
-0.2809999883 0.2630000114 0.01899999939
-0.2849999964 0.2610000074 0.02099999972
-0.2829999924 0.2610000074 0.02099999972
-0.2809999883 0.2630000114 0.02300000004
-0.2790000141 0.2630000114 0.01700000092
-0.2790000141 0.2630000114 0.02099999972
-0.27700001 0.2649999857 0.01700000092
-0.27700001 0.2649999857 0.01899999939
-0.275000006 0.2649999857 0.01700000092
-0.275000006 0.2669999897 0.01700000092
-0.275000006 0.2649999857 0.01899999939
-0.275000006 0.2669999897 0.01899999939
-0.2730000019 0.2689999938 0.01700000092
-0.2730000019 0.2689999938 0.01899999939
-0.27700001 0.2649999857 0.02300000004
-0.275000006 0.2649999857 0.02099999972
-0.275000006 0.2649999857 0.02300000004
-0.275000006 0.2669999897 0.02300000004
-0.2870000005 0.2610000074 0.02500000037
-0.2849999964 0.2610000074 0.02500000037
-0.2849999964 0.2610000074 0.0270000007
-0.2829999924 0.2610000074 0.02500000037
-0.2809999883 0.2630000114 0.02500000037
-0.2829999924 0.2610000074 0.0270000007
-0.2809999883 0.2630000114 0.0270000007
-0.2849999964 0.2610000074 0.02899999917
-0.2849999964 0.2610000074 0.03099999949
-0.2809999883 0.2630000114 0.02899999917
-0.2829999924 0.2610000074 0.03099999949
-0.2790000141 0.2630000114 0.02500000037
-0.2790000141 0.2649999857 0.02500000037
-0.27700001 0.2649999857 0.02500000037
-0.275000006 0.2649999857 0.02500000037
-0.2730000019 0.2689999938 0.02500000037
-0.27700001 0.2649999857 0.02899999917
-0.27700001 0.2669999897 0.02899999917
-0.27700001 0.2649999857 0.03099999949
-0.275000006 0.2649999857 0.02899999917
-0.2730000019 0.2669999897 0.02899999917
-0.275000006 0.2669999897 0.03099999949
-0.2730000019 0.2689999938 0.02899999917
-0.2730000019 0.2689999938 0.03099999949
-0.2709999979 0.2689999938 0.01700000092
-0.2689999938 0.2709999979 0.01700000092
-0.2709999979 0.2689999938 0.01899999939
-0.2689999938 0.2709999979 0.02099999972
-0.2709999979 0.2689999938 0.02300000004
-0.2709999979 0.2709999979 0.02300000004
-0.2689999938 0.2709999979 0.02500000037
-0.2709999979 0.2709999979 0.02899999917
-0.2689999938 0.2709999979 0.02899999917
-0.2669999897 0.2730000019 0.01700000092
-0.2669999897 0.275000006 0.01700000092
-0.2649999857 0.275000006 0.01700000092
-0.2669999897 0.275000006 0.01899999939
-0.2689999938 0.2730000019 0.02099999972
-0.2669999897 0.2730000019 0.02099999972
-0.2649999857 0.275000006 0.02099999972
-0.2649999857 0.275000006 0.02300000004
-0.2649999857 0.27700001 0.02099999972
-0.2649999857 0.27700001 0.02300000004
-0.2630000114 0.27700001 0.01899999939
-0.2630000114 0.2790000141 0.01899999939
-0.2630000114 0.2809999883 0.01700000092
-0.2630000114 0.2829999924 0.01899999939
-0.2610000074 0.2829999924 0.01899999939
-0.2610000074 0.2849999964 0.01700000092
-0.2610000074 0.2849999964 0.01899999939
-0.2590000033 0.2870000005 0.01700000092
-0.2630000114 0.2809999883 0.02099999972
-0.2630000114 0.2809999883 0.02300000004
-0.2610000074 0.2870000005 0.02099999972
-0.2610000074 0.2849999964 0.02300000004
-0.2669999897 0.2730000019 0.02500000037
-0.2669999897 0.275000006 0.0270000007
-0.2649999857 0.275000006 0.0270000007
-0.2649999857 0.2790000141 0.0270000007
-0.2689999938 0.2730000019 0.02899999917
-0.2669999897 0.2730000019 0.02899999917
-0.2649999857 0.275000006 0.03099999949
-0.2649999857 0.27700001 0.03099999949
-0.2630000114 0.2790000141 0.02500000037
-0.2630000114 0.27700001 0.0270000007
-0.2630000114 0.2790000141 0.02899999917
-0.2630000114 0.2829999924 0.0270000007
-0.2610000074 0.2849999964 0.02500000037
-0.2610000074 0.2849999964 0.0270000007
-0.2610000074 0.2849999964 0.02899999917
-0.2610000074 0.2870000005 0.02899999917
-0.2590000033 0.2870000005 0.03099999949
-0.2590000033 0.2910000086 0.01099999994
-0.2590000033 0.2930000126 0.01099999994
-0.2610000074 0.2890000045 0.01499999966
-0.2590000033 0.2910000086 0.01300000027
-0.2590000033 0.2890000045 0.01499999966
-0.2590000033 0.2930000126 0.01300000027
-0.2590000033 0.2930000126 0.01499999966
-0.2569999993 0.2930000126 0.01499999966
-0.2569999993 0.2949999869 0.01499999966
-0.2590000033 0.298999995 0.01099999994
-0.2569999993 0.298999995 0.01099999994
-0.2569999993 0.300999999 0.01099999994
-0.2569999993 0.2969999909 0.01300000027
-0.2569999993 0.298999995 0.01300000027
-0.2590000033 0.2969999909 0.01499999966
-0.2569999993 0.2969999909 0.01499999966
-0.2569999993 0.298999995 0.01499999966
-0.2569999993 0.300999999 0.01300000027
-0.2569999993 0.3030000031 0.01499999966
-0.2569999993 0.3050000072 0.01099999994
-0.2590000033 0.3070000112 0.01099999994
-0.2569999993 0.3070000112 0.01099999994
-0.2590000033 0.3089999855 0.01099999994
-0.2590000033 0.3109999895 0.01099999994
-0.2590000033 0.3050000072 0.01300000027
-0.2569999993 0.3050000072 0.01300000027
-0.2590000033 0.3070000112 0.01300000027
-0.2590000033 0.3070000112 0.01499999966
-0.2569999993 0.3070000112 0.01499999966
-0.2590000033 0.3089999855 0.01300000027
-0.2590000033 0.3109999895 0.01300000027
-0.2590000033 0.3089999855 0.01499999966
-0.2590000033 0.3109999895 0.01499999966
-0.2610000074 0.3149999976 0.01099999994
-0.2590000033 0.3129999936 0.01099999994
-0.2590000033 0.3149999976 0.01099999994
-0.2610000074 0.3170000017 0.01099999994
-0.2630000114 0.3190000057 0.01099999994
-0.2610000074 0.3190000057 0.01099999994
-0.2610000074 0.3149999976 0.01300000027
-0.2610000074 0.3149999976 0.01499999966
-0.2590000033 0.3129999936 0.01300000027
-0.2590000033 0.3149999976 0.01499999966
-0.2610000074 0.3170000017 0.01300000027
-0.2610000074 0.3190000057 0.01300000027
-0.2610000074 0.3170000017 0.01499999966
-0.2630000114 0.3190000057 0.01499999966
-0.2590000033 0.2910000086 0.01700000092
-0.2590000033 0.2910000086 0.01899999939
-0.2590000033 0.2930000126 0.01700000092
-0.2569999993 0.2949999869 0.01700000092
-0.2590000033 0.2930000126 0.01899999939
-0.2590000033 0.2910000086 0.02099999972
-0.2590000033 0.2890000045 0.02300000004
-0.2590000033 0.2930000126 0.02099999972
-0.2590000033 0.2949999869 0.02099999972
-0.2590000033 0.2930000126 0.02300000004
-0.2569999993 0.2930000126 0.02300000004
-0.2569999993 0.2949999869 0.02300000004
-0.2569999993 0.298999995 0.01700000092
-0.2569999993 0.2969999909 0.01899999939
-0.2590000033 0.3030000031 0.01700000092
-0.2569999993 0.3030000031 0.01700000092
-0.2569999993 0.300999999 0.01899999939
-0.2569999993 0.2969999909 0.02099999972
-0.2590000033 0.298999995 0.02099999972
-0.2569999993 0.298999995 0.02099999972
-0.2569999993 0.2969999909 0.02300000004
-0.2569999993 0.298999995 0.02300000004
-0.2569999993 0.300999999 0.02099999972
-0.2569999993 0.3030000031 0.02300000004
-0.2590000033 0.2910000086 0.02500000037
-0.2590000033 0.2910000086 0.0270000007
-0.2590000033 0.2930000126 0.02500000037
-0.2569999993 0.2930000126 0.02500000037
-0.2569999993 0.2949999869 0.02500000037
-0.2590000033 0.2890000045 0.02899999917
-0.2590000033 0.2910000086 0.02899999917
-0.2590000033 0.2910000086 0.03099999949
-0.2590000033 0.2930000126 0.02899999917
-0.2590000033 0.2949999869 0.02899999917
-0.2590000033 0.2930000126 0.03099999949
-0.2569999993 0.2949999869 0.03099999949
-0.2590000033 0.2969999909 0.02500000037
-0.2569999993 0.298999995 0.02500000037
-0.2569999993 0.2969999909 0.0270000007
-0.2569999993 0.300999999 0.02500000037
-0.2590000033 0.3030000031 0.02500000037
-0.2569999993 0.3030000031 0.02500000037
-0.2569999993 0.300999999 0.0270000007
-0.2569999993 0.3030000031 0.0270000007
-0.2569999993 0.2969999909 0.03099999949
-0.2569999993 0.298999995 0.03099999949
-0.2590000033 0.300999999 0.02899999917
-0.2569999993 0.300999999 0.02899999917
-0.2569999993 0.3030000031 0.03099999949
-0.2569999993 0.3050000072 0.01700000092
-0.2590000033 0.3070000112 0.01700000092
-0.2569999993 0.3070000112 0.01700000092
-0.2569999993 0.3050000072 0.01899999939
-0.2590000033 0.3070000112 0.01899999939
-0.2590000033 0.3089999855 0.01700000092
-0.2590000033 0.3109999895 0.01700000092
-0.2590000033 0.3089999855 0.01899999939
-0.2590000033 0.3109999895 0.01899999939
-0.2569999993 0.3050000072 0.02099999972
-0.2590000033 0.3070000112 0.02099999972
-0.2590000033 0.3050000072 0.02300000004
-0.2569999993 0.3050000072 0.02300000004
-0.2590000033 0.3070000112 0.02300000004
-0.2590000033 0.3089999855 0.02099999972
-0.2590000033 0.3109999895 0.02099999972
-0.2590000033 0.3089999855 0.02300000004
-0.2590000033 0.3109999895 0.02300000004
-0.2610000074 0.3149999976 0.01700000092
-0.2610000074 0.3149999976 0.01899999939
-0.2590000033 0.3129999936 0.01700000092
-0.2590000033 0.3149999976 0.01700000092
-0.2590000033 0.3129999936 0.01899999939
-0.2610000074 0.3170000017 0.01700000092
-0.2630000114 0.3190000057 0.01700000092
-0.2610000074 0.3190000057 0.01700000092
-0.2610000074 0.3170000017 0.01899999939
-0.2630000114 0.3190000057 0.01899999939
-0.2610000074 0.3190000057 0.01899999939
-0.2610000074 0.3129999936 0.02099999972
-0.2610000074 0.3149999976 0.02099999972
-0.2590000033 0.3129999936 0.02300000004
-0.2590000033 0.3149999976 0.02300000004
-0.2610000074 0.3170000017 0.02099999972
-0.2630000114 0.3190000057 0.02099999972
-0.2610000074 0.3190000057 0.02099999972
-0.2610000074 0.3170000017 0.02300000004
-0.2630000114 0.3190000057 0.02300000004
-0.2610000074 0.3190000057 0.02300000004
-0.2569999993 0.3050000072 0.02500000037
-0.2590000033 0.3070000112 0.02500000037
-0.2569999993 0.3070000112 0.02500000037
-0.2569999993 0.3050000072 0.0270000007
-0.2590000033 0.3070000112 0.0270000007
-0.2569999993 0.3070000112 0.0270000007
-0.2590000033 0.3089999855 0.02500000037
-0.2590000033 0.3109999895 0.02500000037
-0.2590000033 0.3089999855 0.0270000007
-0.2590000033 0.3109999895 0.0270000007
-0.2569999993 0.3050000072 0.02899999917
-0.2590000033 0.3070000112 0.02899999917
-0.2569999993 0.3050000072 0.03099999949
-0.2590000033 0.3070000112 0.03099999949
-0.2590000033 0.3089999855 0.02899999917
-0.2590000033 0.3109999895 0.02899999917
-0.2590000033 0.3089999855 0.03099999949
-0.2569999993 0.3089999855 0.03099999949
-0.2590000033 0.3109999895 0.03099999949
-0.2610000074 0.3149999976 0.02500000037
-0.2610000074 0.3149999976 0.0270000007
-0.2590000033 0.3129999936 0.02500000037
-0.2590000033 0.3149999976 0.02500000037
-0.2590000033 0.3129999936 0.0270000007
-0.2610000074 0.3170000017 0.02500000037
-0.2630000114 0.3190000057 0.02500000037
-0.2610000074 0.3190000057 0.02500000037
-0.2610000074 0.3170000017 0.0270000007
-0.2610000074 0.3190000057 0.0270000007
-0.2610000074 0.3149999976 0.02899999917
-0.2610000074 0.3129999936 0.03099999949
-0.2610000074 0.3149999976 0.03099999949
-0.2590000033 0.3129999936 0.02899999917
-0.2590000033 0.3149999976 0.02899999917
-0.2590000033 0.3129999936 0.03099999949
-0.2590000033 0.3149999976 0.03099999949
-0.2630000114 0.3190000057 0.02899999917
-0.2610000074 0.3170000017 0.03099999949
-0.2630000114 0.3190000057 0.03099999949
-0.2610000074 0.3190000057 0.03099999949
-0.3129999936 0.2590000033 0.03299999982
-0.3129999936 0.2590000033 0.03500000015
-0.3170000017 0.2610000074 0.03299999982
-0.3190000057 0.2630000114 0.03299999982
-0.3170000017 0.2630000114 0.03299999982
-0.3170000017 0.2610000074 0.03500000015
-0.3190000057 0.2630000114 0.03500000015
-0.3170000017 0.2630000114 0.03500000015
-0.3149999976 0.2610000074 0.03299999982
-0.3129999936 0.2610000074 0.03299999982
-0.3149999976 0.2630000114 0.03299999982
-0.3149999976 0.2610000074 0.03500000015
-0.3129999936 0.2610000074 0.03500000015
-0.3129999936 0.2590000033 0.03700000048
-0.3129999936 0.2590000033 0.0390000008
-0.3190000057 0.2630000114 0.03700000048
-0.3170000017 0.2630000114 0.03700000048
-0.3190000057 0.2630000114 0.0390000008
-0.3170000017 0.2630000114 0.0390000008
-0.3149999976 0.2610000074 0.03700000048
-0.3129999936 0.2610000074 0.03700000048
-0.3149999976 0.2610000074 0.0390000008
-0.3129999936 0.2610000074 0.0390000008
-0.3089999855 0.2590000033 0.03299999982
-0.3089999855 0.2590000033 0.03500000015
-0.3070000112 0.2590000033 0.03299999982
-0.3050000072 0.2590000033 0.03299999982
-0.3070000112 0.2590000033 0.03500000015
-0.3050000072 0.2590000033 0.03500000015
-0.3109999895 0.2610000074 0.03299999982
-0.3109999895 0.2610000074 0.03500000015
-0.3089999855 0.2610000074 0.03500000015
-0.3089999855 0.2590000033 0.03700000048
-0.3089999855 0.2590000033 0.0390000008
-0.3050000072 0.2569999993 0.03700000048
-0.3070000112 0.2590000033 0.03700000048
-0.3050000072 0.2590000033 0.03700000048
-0.3050000072 0.2569999993 0.0390000008
-0.3070000112 0.2590000033 0.0390000008
-0.3050000072 0.2590000033 0.0390000008
-0.3109999895 0.2610000074 0.03700000048
-0.3109999895 0.2610000074 0.0390000008
-0.3089999855 0.2610000074 0.0390000008
-0.3190000057 0.2649999857 0.0390000008
-0.3190000057 0.2630000114 0.04100000113
-0.3170000017 0.2630000114 0.04100000113
-0.3170000017 0.2610000074 0.04300000146
-0.3190000057 0.2630000114 0.04300000146
-0.3170000017 0.2630000114 0.04300000146
-0.3149999976 0.2610000074 0.04100000113
-0.3129999936 0.2610000074 0.04100000113
-0.3149999976 0.2610000074 0.04300000146
-0.3129999936 0.2610000074 0.04300000146
-0.3170000017 0.2610000074 0.04500000179
-0.3190000057 0.2630000114 0.04500000179
-0.3170000017 0.2630000114 0.04500000179
-0.3170000017 0.2610000074 0.04699999839
-0.3190000057 0.2630000114 0.04699999839
-0.3170000017 0.2630000114 0.04699999839
-0.3149999976 0.2610000074 0.04500000179
-0.3129999936 0.2610000074 0.04500000179
-0.3149999976 0.2610000074 0.04699999839
-0.3129999936 0.2610000074 0.04699999839
-0.3089999855 0.2590000033 0.04100000113
-0.3109999895 0.2590000033 0.04300000146
-0.3089999855 0.2590000033 0.04300000146
-0.3050000072 0.2569999993 0.04100000113
-0.3070000112 0.2590000033 0.04100000113
-0.3050000072 0.2590000033 0.04100000113
-0.3070000112 0.2590000033 0.04300000146
-0.3050000072 0.2590000033 0.04300000146
-0.3109999895 0.2610000074 0.04100000113
-0.3109999895 0.2610000074 0.04300000146
-0.3089999855 0.2610000074 0.04300000146
-0.3109999895 0.2590000033 0.04500000179
-0.3089999855 0.2590000033 0.04500000179
-0.3109999895 0.2590000033 0.04699999839
-0.3089999855 0.2590000033 0.04699999839
-0.3070000112 0.2590000033 0.04500000179
-0.3050000072 0.2590000033 0.04500000179
-0.3050000072 0.2569999993 0.04699999839
-0.3070000112 0.2590000033 0.04699999839
-0.3050000072 0.2590000033 0.04699999839
-0.3109999895 0.2610000074 0.04500000179
-0.3109999895 0.2610000074 0.04699999839
-0.3030000031 0.2569999993 0.03299999982
-0.3030000031 0.2590000033 0.03299999982
-0.300999999 0.2590000033 0.03299999982
-0.3030000031 0.2569999993 0.03500000015
-0.3030000031 0.2590000033 0.03500000015
-0.300999999 0.2590000033 0.03500000015
-0.2969999909 0.2569999993 0.03299999982
-0.2969999909 0.2590000033 0.03299999982
-0.298999995 0.2590000033 0.03500000015
-0.2969999909 0.2590000033 0.03500000015
-0.300999999 0.2569999993 0.03700000048
-0.3030000031 0.2590000033 0.03700000048
-0.300999999 0.2590000033 0.03700000048
-0.300999999 0.2569999993 0.0390000008
-0.3030000031 0.2590000033 0.0390000008
-0.300999999 0.2590000033 0.0390000008
-0.298999995 0.2590000033 0.03700000048
-0.2969999909 0.2590000033 0.03700000048
-0.298999995 0.2590000033 0.0390000008
-0.2969999909 0.2590000033 0.0390000008
-0.2949999869 0.2590000033 0.03299999982
-0.2930000126 0.2590000033 0.03299999982
-0.2949999869 0.2590000033 0.03500000015
-0.2930000126 0.2590000033 0.03500000015
-0.2910000086 0.2590000033 0.03299999982
-0.2890000045 0.2590000033 0.03500000015
-0.2949999869 0.2590000033 0.03700000048
-0.2930000126 0.2590000033 0.03700000048
-0.2949999869 0.2590000033 0.0390000008
-0.2930000126 0.2590000033 0.0390000008
-0.2910000086 0.2590000033 0.03700000048
-0.2910000086 0.2590000033 0.0390000008
-0.2890000045 0.2610000074 0.0390000008
-0.3030000031 0.2569999993 0.04100000113
-0.3030000031 0.2590000033 0.04100000113
-0.300999999 0.2590000033 0.04100000113
-0.3030000031 0.2590000033 0.04300000146
-0.300999999 0.2590000033 0.04300000146
-0.298999995 0.2569999993 0.04100000113
-0.298999995 0.2590000033 0.04100000113
-0.2969999909 0.2590000033 0.04100000113
-0.2969999909 0.2569999993 0.04300000146
-0.298999995 0.2590000033 0.04300000146
-0.2969999909 0.2590000033 0.04300000146
-0.3030000031 0.2569999993 0.04500000179
-0.3030000031 0.2590000033 0.04500000179
-0.300999999 0.2590000033 0.04500000179
-0.3030000031 0.2590000033 0.04699999839
-0.300999999 0.2590000033 0.04699999839
-0.298999995 0.2590000033 0.04500000179
-0.2969999909 0.2590000033 0.04500000179
-0.298999995 0.2590000033 0.04699999839
-0.2969999909 0.2590000033 0.04699999839
-0.2949999869 0.2590000033 0.04100000113
-0.2930000126 0.2590000033 0.04100000113
-0.2930000126 0.2590000033 0.04300000146
-0.2910000086 0.2590000033 0.04100000113
-0.2890000045 0.2590000033 0.04100000113
-0.2910000086 0.2590000033 0.04300000146
-0.2890000045 0.2590000033 0.04300000146
-0.2890000045 0.2610000074 0.04300000146
-0.2949999869 0.2590000033 0.04500000179
-0.2930000126 0.2590000033 0.04500000179
-0.2949999869 0.2590000033 0.04699999839
-0.2930000126 0.2590000033 0.04699999839
-0.2910000086 0.2590000033 0.04500000179
-0.2910000086 0.2590000033 0.04699999839
-0.2890000045 0.2590000033 0.04699999839
-0.2890000045 0.2610000074 0.04500000179
-0.2890000045 0.2610000074 0.04699999839
-0.3170000017 0.2610000074 0.04899999872
-0.3190000057 0.2630000114 0.04899999872
-0.3170000017 0.2630000114 0.04899999872
-0.3170000017 0.2610000074 0.05099999905
-0.3190000057 0.2630000114 0.05099999905
-0.3170000017 0.2630000114 0.05099999905
-0.3149999976 0.2610000074 0.04899999872
-0.3129999936 0.2610000074 0.04899999872
-0.3149999976 0.2630000114 0.04899999872
-0.3129999936 0.2610000074 0.05099999905
-0.3129999936 0.2590000033 0.05299999937
-0.3129999936 0.2590000033 0.0549999997
-0.3170000017 0.2610000074 0.05299999937
-0.3190000057 0.2630000114 0.05299999937
-0.3170000017 0.2630000114 0.05299999937
-0.3190000057 0.2610000074 0.0549999997
-0.3170000017 0.2610000074 0.0549999997
-0.3190000057 0.2630000114 0.0549999997
-0.3170000017 0.2630000114 0.0549999997
-0.3149999976 0.2610000074 0.05299999937
-0.3129999936 0.2610000074 0.05299999937
-0.3149999976 0.2630000114 0.05299999937
-0.3149999976 0.2610000074 0.0549999997
-0.3129999936 0.2610000074 0.0549999997
-0.3109999895 0.2590000033 0.04899999872
-0.3089999855 0.2590000033 0.04899999872
-0.3089999855 0.2590000033 0.05099999905
-0.3070000112 0.2590000033 0.04899999872
-0.3050000072 0.2590000033 0.04899999872
-0.3050000072 0.2569999993 0.05099999905
-0.3070000112 0.2590000033 0.05099999905
-0.3050000072 0.2590000033 0.05099999905
-0.3109999895 0.2610000074 0.04899999872
-0.3089999855 0.2610000074 0.04899999872
-0.3109999895 0.2610000074 0.05099999905
-0.3089999855 0.2590000033 0.05299999937
-0.3089999855 0.2590000033 0.0549999997
-0.3070000112 0.2590000033 0.05299999937
-0.3050000072 0.2590000033 0.05299999937
-0.3070000112 0.2590000033 0.0549999997
-0.3050000072 0.2590000033 0.0549999997
-0.3109999895 0.2610000074 0.05299999937
-0.3089999855 0.2610000074 0.05299999937
-0.3109999895 0.2610000074 0.0549999997
-0.3129999936 0.2590000033 0.05700000003
-0.3129999936 0.2590000033 0.05900000036
-0.3190000057 0.2610000074 0.05700000003
-0.3170000017 0.2610000074 0.05700000003
-0.3170000017 0.2630000114 0.05700000003
-0.3190000057 0.2610000074 0.05900000036
-0.3170000017 0.2610000074 0.05900000036
-0.3190000057 0.2630000114 0.05900000036
-0.3170000017 0.2630000114 0.05900000036
-0.3149999976 0.2610000074 0.05700000003
-0.3129999936 0.2610000074 0.05700000003
-0.3149999976 0.2630000114 0.05700000003
-0.3149999976 0.2610000074 0.05900000036
-0.3129999936 0.2610000074 0.05900000036
-0.3129999936 0.2590000033 0.06100000069
-0.3129999936 0.2590000033 0.06300000101
-0.3170000017 0.2610000074 0.06100000069
-0.3190000057 0.2630000114 0.06100000069
-0.3170000017 0.2630000114 0.06100000069
-0.3190000057 0.2610000074 0.06300000101
-0.3170000017 0.2630000114 0.06300000101
-0.3149999976 0.2610000074 0.06100000069
-0.3129999936 0.2610000074 0.06100000069
-0.3149999976 0.2610000074 0.06300000101
-0.3129999936 0.2610000074 0.06300000101
-0.3149999976 0.2630000114 0.06300000101
-0.3089999855 0.2590000033 0.05700000003
-0.3089999855 0.2590000033 0.05900000036
-0.3050000072 0.2569999993 0.05700000003
-0.3070000112 0.2590000033 0.05700000003
-0.3050000072 0.2590000033 0.05700000003
-0.3050000072 0.2569999993 0.05900000036
-0.3070000112 0.2590000033 0.05900000036
-0.3050000072 0.2590000033 0.05900000036
-0.3109999895 0.2610000074 0.05700000003
-0.3089999855 0.2610000074 0.05700000003
-0.3109999895 0.2610000074 0.05900000036
-0.3089999855 0.2590000033 0.06300000101
-0.3050000072 0.2569999993 0.06100000069
-0.3070000112 0.2590000033 0.06100000069
-0.3050000072 0.2590000033 0.06100000069
-0.3070000112 0.2590000033 0.06300000101
-0.3050000072 0.2590000033 0.06300000101
-0.3109999895 0.2610000074 0.06100000069
-0.3089999855 0.2610000074 0.06100000069
-0.3109999895 0.2610000074 0.06300000101
-0.3190000057 0.2649999857 0.05900000036
-0.3190000057 0.2649999857 0.06300000101
-0.3030000031 0.2590000033 0.04899999872
-0.300999999 0.2590000033 0.04899999872
-0.3030000031 0.2590000033 0.05099999905
-0.300999999 0.2590000033 0.05099999905
-0.298999995 0.2569999993 0.04899999872
-0.298999995 0.2590000033 0.04899999872
-0.2969999909 0.2590000033 0.04899999872
-0.298999995 0.2569999993 0.05099999905
-0.298999995 0.2590000033 0.05099999905
-0.2969999909 0.2590000033 0.05099999905
-0.3030000031 0.2590000033 0.05299999937
-0.300999999 0.2590000033 0.05299999937
-0.3030000031 0.2569999993 0.0549999997
-0.3030000031 0.2590000033 0.0549999997
-0.300999999 0.2590000033 0.0549999997
-0.298999995 0.2590000033 0.05299999937
-0.2969999909 0.2590000033 0.05299999937
-0.298999995 0.2590000033 0.0549999997
-0.2969999909 0.2590000033 0.0549999997
-0.2949999869 0.2590000033 0.04899999872
-0.2930000126 0.2590000033 0.04899999872
-0.2949999869 0.2590000033 0.05099999905
-0.2930000126 0.2590000033 0.05099999905
-0.2910000086 0.2590000033 0.04899999872
-0.2910000086 0.2590000033 0.05099999905
-0.2890000045 0.2590000033 0.05099999905
-0.2890000045 0.2610000074 0.04899999872
-0.2890000045 0.2610000074 0.05099999905
-0.2949999869 0.2590000033 0.05299999937
-0.2930000126 0.2590000033 0.05299999937
-0.2949999869 0.2569999993 0.0549999997
-0.2949999869 0.2590000033 0.0549999997
-0.2930000126 0.2590000033 0.0549999997
-0.2910000086 0.2590000033 0.05299999937
-0.2910000086 0.2590000033 0.0549999997
-0.2890000045 0.2590000033 0.0549999997
-0.2890000045 0.2610000074 0.05299999937
-0.2890000045 0.2610000074 0.0549999997
-0.300999999 0.2569999993 0.05700000003
-0.3030000031 0.2590000033 0.05700000003
-0.300999999 0.2590000033 0.05700000003
-0.300999999 0.2569999993 0.05900000036
-0.3030000031 0.2590000033 0.05900000036
-0.300999999 0.2590000033 0.05900000036
-0.298999995 0.2590000033 0.05700000003
-0.2969999909 0.2590000033 0.05700000003
-0.298999995 0.2590000033 0.05900000036
-0.2969999909 0.2590000033 0.05900000036
-0.3030000031 0.2590000033 0.06100000069
-0.300999999 0.2590000033 0.06100000069
-0.3030000031 0.2590000033 0.06300000101
-0.300999999 0.2590000033 0.06300000101
-0.298999995 0.2569999993 0.06100000069
-0.298999995 0.2590000033 0.06100000069
-0.2969999909 0.2590000033 0.06100000069
-0.298999995 0.2569999993 0.06300000101
-0.298999995 0.2590000033 0.06300000101
-0.2969999909 0.2590000033 0.06300000101
-0.2949999869 0.2590000033 0.05700000003
-0.2930000126 0.2590000033 0.05700000003
-0.2949999869 0.2590000033 0.05900000036
-0.2930000126 0.2590000033 0.05900000036
-0.2910000086 0.2590000033 0.05700000003
-0.2890000045 0.2590000033 0.05700000003
-0.2910000086 0.2590000033 0.05900000036
-0.2890000045 0.2610000074 0.05700000003
-0.2890000045 0.2610000074 0.05900000036
-0.2949999869 0.2590000033 0.06100000069
-0.2930000126 0.2590000033 0.06100000069
-0.2949999869 0.2590000033 0.06300000101
-0.2930000126 0.2590000033 0.06300000101
-0.2910000086 0.2590000033 0.06100000069
-0.2910000086 0.2590000033 0.06300000101
-0.2890000045 0.2610000074 0.06100000069
-0.2890000045 0.2610000074 0.06300000101
-0.2849999964 0.2610000074 0.03299999982
-0.2870000005 0.2610000074 0.03500000015
-0.2849999964 0.2610000074 0.03500000015
-0.2829999924 0.2630000114 0.03299999982
-0.2829999924 0.2610000074 0.03500000015
-0.2809999883 0.2630000114 0.03500000015
-0.2849999964 0.2610000074 0.03700000048
-0.2849999964 0.2610000074 0.0390000008
-0.2829999924 0.2610000074 0.0390000008
-0.2809999883 0.2630000114 0.0390000008
-0.2790000141 0.2630000114 0.03500000015
-0.2790000141 0.2630000114 0.03700000048
-0.2790000141 0.2630000114 0.0390000008
-0.27700001 0.2649999857 0.03299999982
-0.27700001 0.2649999857 0.03500000015
-0.275000006 0.2649999857 0.03299999982
-0.275000006 0.2669999897 0.03299999982
-0.2730000019 0.2669999897 0.03299999982
-0.275000006 0.2669999897 0.03500000015
-0.2730000019 0.2689999938 0.03299999982
-0.27700001 0.2649999857 0.03700000048
-0.27700001 0.2649999857 0.0390000008
-0.275000006 0.2649999857 0.03700000048
-0.275000006 0.2669999897 0.03700000048
-0.2730000019 0.2669999897 0.03700000048
-0.275000006 0.2669999897 0.0390000008
-0.2730000019 0.2689999938 0.0390000008
-0.2870000005 0.2610000074 0.04100000113
-0.2849999964 0.2610000074 0.04100000113
-0.2870000005 0.2610000074 0.04300000146
-0.2829999924 0.2610000074 0.04100000113
-0.2809999883 0.2630000114 0.04100000113
-0.2829999924 0.2610000074 0.04300000146
-0.2809999883 0.2630000114 0.04300000146
-0.2870000005 0.2610000074 0.04500000179
-0.2849999964 0.2610000074 0.04500000179
-0.2849999964 0.2610000074 0.04699999839
-0.2829999924 0.2610000074 0.04500000179
-0.2809999883 0.2630000114 0.04500000179
-0.2829999924 0.2630000114 0.04699999839
-0.2790000141 0.2630000114 0.04300000146
-0.2790000141 0.2630000114 0.04699999839
-0.2790000141 0.2649999857 0.04100000113
-0.27700001 0.2649999857 0.04100000113
-0.27700001 0.2649999857 0.04300000146
-0.275000006 0.2669999897 0.04100000113
-0.2730000019 0.2669999897 0.04100000113
-0.275000006 0.2669999897 0.04300000146
-0.2730000019 0.2669999897 0.04300000146
-0.2790000141 0.2649999857 0.04699999839
-0.27700001 0.2649999857 0.04699999839
-0.275000006 0.2669999897 0.04500000179
-0.2730000019 0.2669999897 0.04699999839
-0.2730000019 0.2689999938 0.04699999839
-0.2689999938 0.2709999979 0.03299999982
-0.2689999938 0.2709999979 0.03500000015
-0.2689999938 0.2709999979 0.03700000048
-0.2709999979 0.2689999938 0.0390000008
-0.2709999979 0.2709999979 0.0390000008
-0.2689999938 0.2709999979 0.0390000008
-0.2689999938 0.2709999979 0.04300000146
-0.2709999979 0.2709999979 0.04500000179
-0.2689999938 0.2709999979 0.04699999839
-0.2689999938 0.2730000019 0.03500000015
-0.2669999897 0.2730000019 0.03299999982
-0.2669999897 0.275000006 0.03299999982
-0.2669999897 0.2730000019 0.03500000015
-0.2669999897 0.275000006 0.03500000015
-0.2649999857 0.275000006 0.03500000015
-0.2649999857 0.2790000141 0.03299999982
-0.2669999897 0.275000006 0.03700000048
-0.2669999897 0.2730000019 0.0390000008
-0.2649999857 0.275000006 0.0390000008
-0.2649999857 0.27700001 0.03700000048
-0.2630000114 0.2790000141 0.03299999982
-0.2630000114 0.27700001 0.03700000048
-0.2630000114 0.2790000141 0.03700000048
-0.2630000114 0.2790000141 0.0390000008
-0.2610000074 0.2829999924 0.03299999982
-0.2610000074 0.2829999924 0.03700000048
-0.2630000114 0.2809999883 0.0390000008
-0.2610000074 0.2849999964 0.03700000048
-0.2610000074 0.2870000005 0.03700000048
-0.2610000074 0.2849999964 0.0390000008
-0.2689999938 0.2730000019 0.04300000146
-0.2669999897 0.275000006 0.04100000113
-0.2649999857 0.275000006 0.04100000113
-0.2669999897 0.2730000019 0.04300000146
-0.2649999857 0.27700001 0.04100000113
-0.2649999857 0.275000006 0.04500000179
-0.2669999897 0.2730000019 0.04699999839
-0.2669999897 0.275000006 0.04699999839
-0.2649999857 0.27700001 0.04500000179
-0.2649999857 0.27700001 0.04699999839
-0.2630000114 0.2790000141 0.04300000146
-0.2630000114 0.2790000141 0.04699999839
-0.2630000114 0.2829999924 0.04100000113
-0.2610000074 0.2829999924 0.04100000113
-0.2610000074 0.2849999964 0.04300000146
-0.2630000114 0.2809999883 0.04500000179
-0.2610000074 0.2829999924 0.04500000179
-0.2630000114 0.2809999883 0.04699999839
-0.2610000074 0.2829999924 0.04699999839
-0.2610000074 0.2849999964 0.04500000179
-0.2610000074 0.2870000005 0.04500000179
-0.2610000074 0.2849999964 0.04699999839
-0.2590000033 0.2870000005 0.04500000179
-0.2870000005 0.2610000074 0.04899999872
-0.2849999964 0.2610000074 0.04899999872
-0.2849999964 0.2610000074 0.05099999905
-0.2829999924 0.2610000074 0.04899999872
-0.2829999924 0.2630000114 0.05099999905
-0.2809999883 0.2630000114 0.05099999905
-0.2870000005 0.2610000074 0.05299999937
-0.2849999964 0.2610000074 0.05299999937
-0.2870000005 0.2610000074 0.0549999997
-0.2849999964 0.2610000074 0.0549999997
-0.2829999924 0.2610000074 0.05299999937
-0.2829999924 0.2630000114 0.05299999937
-0.2809999883 0.2630000114 0.05299999937
-0.2829999924 0.2610000074 0.0549999997
-0.2829999924 0.2630000114 0.0549999997
-0.2809999883 0.2630000114 0.0549999997
-0.27700001 0.2630000114 0.05099999905
-0.2790000141 0.2630000114 0.0549999997
-0.27700001 0.2649999857 0.04899999872
-0.27700001 0.2649999857 0.05099999905
-0.275000006 0.2669999897 0.04899999872
-0.275000006 0.2669999897 0.05099999905
-0.2730000019 0.2669999897 0.05099999905
-0.2730000019 0.2689999938 0.04899999872
-0.2730000019 0.2689999938 0.05099999905
-0.27700001 0.2649999857 0.05299999937
-0.2790000141 0.2649999857 0.0549999997
-0.27700001 0.2649999857 0.0549999997
-0.275000006 0.2669999897 0.05299999937
-0.2730000019 0.2669999897 0.05299999937
-0.275000006 0.2669999897 0.0549999997
-0.2730000019 0.2669999897 0.0549999997
-0.2730000019 0.2689999938 0.0549999997
-0.2870000005 0.2590000033 0.05900000036
-0.2870000005 0.2610000074 0.05700000003
-0.2849999964 0.2610000074 0.05700000003
-0.2870000005 0.2610000074 0.05900000036
-0.2849999964 0.2610000074 0.05900000036
-0.2829999924 0.2610000074 0.05700000003
-0.2809999883 0.2630000114 0.05700000003
-0.2829999924 0.2610000074 0.05900000036
-0.2829999924 0.2630000114 0.05900000036
-0.2809999883 0.2630000114 0.05900000036
-0.2870000005 0.2610000074 0.06100000069
-0.2849999964 0.2610000074 0.06100000069
-0.2849999964 0.2610000074 0.06300000101
-0.2809999883 0.2630000114 0.06100000069
-0.2829999924 0.2610000074 0.06300000101
-0.2829999924 0.2630000114 0.06300000101
-0.2809999883 0.2630000114 0.06300000101
-0.27700001 0.2649999857 0.05700000003
-0.2790000141 0.2649999857 0.05900000036
-0.275000006 0.2669999897 0.05700000003
-0.2730000019 0.2669999897 0.05700000003
-0.275000006 0.2649999857 0.05900000036
-0.27700001 0.2649999857 0.06100000069
-0.2790000141 0.2649999857 0.06300000101
-0.275000006 0.2669999897 0.06100000069
-0.2730000019 0.2669999897 0.06100000069
-0.275000006 0.2669999897 0.06300000101
-0.2730000019 0.2669999897 0.06300000101
-0.2730000019 0.2689999938 0.06100000069
-0.2689999938 0.2709999979 0.05099999905
-0.2689999938 0.2709999979 0.0549999997
-0.2689999938 0.2709999979 0.05700000003
-0.2709999979 0.2689999938 0.05900000036
-0.2709999979 0.2709999979 0.05900000036
-0.2709999979 0.2689999938 0.06100000069
-0.2689999938 0.2709999979 0.06100000069
-0.2689999938 0.2709999979 0.06300000101
-0.2689999938 0.2730000019 0.05099999905
-0.2669999897 0.2730000019 0.04899999872
-0.2669999897 0.275000006 0.04899999872
-0.2649999857 0.275000006 0.04899999872
-0.2649999857 0.2790000141 0.04899999872
-0.2649999857 0.27700001 0.05099999905
-0.2669999897 0.2730000019 0.05299999937
-0.2649999857 0.275000006 0.05299999937
-0.2669999897 0.275000006 0.0549999997
-0.2649999857 0.275000006 0.0549999997
-0.2649999857 0.27700001 0.0549999997
-0.2649999857 0.2790000141 0.0549999997
-0.2630000114 0.2790000141 0.05099999905
-0.2630000114 0.2790000141 0.05299999937
-0.2630000114 0.2829999924 0.04899999872
-0.2630000114 0.2809999883 0.05099999905
-0.2610000074 0.2849999964 0.05099999905
-0.2630000114 0.2809999883 0.05299999937
-0.2630000114 0.2809999883 0.0549999997
-0.2610000074 0.2829999924 0.0549999997
-0.2610000074 0.2849999964 0.05299999937
-0.2610000074 0.2870000005 0.05299999937
-0.2689999938 0.2730000019 0.05900000036
-0.2669999897 0.2730000019 0.05700000003
-0.2669999897 0.275000006 0.05700000003
-0.2669999897 0.275000006 0.05900000036
-0.2649999857 0.275000006 0.05900000036
-0.2649999857 0.27700001 0.05900000036
-0.2669999897 0.2730000019 0.06100000069
-0.2669999897 0.2730000019 0.06300000101
-0.2669999897 0.275000006 0.06300000101
-0.2649999857 0.275000006 0.06300000101
-0.2649999857 0.27700001 0.06100000069
-0.2649999857 0.2790000141 0.06300000101
-0.2630000114 0.2790000141 0.05700000003
-0.2630000114 0.2790000141 0.06100000069
-0.2630000114 0.2790000141 0.06300000101
-0.2630000114 0.2809999883 0.05900000036
-0.2610000074 0.2829999924 0.05900000036
-0.2610000074 0.2849999964 0.05700000003
-0.2610000074 0.2849999964 0.05900000036
-0.2590000033 0.2870000005 0.05900000036
-0.2610000074 0.2829999924 0.06100000069
-0.2630000114 0.2829999924 0.06300000101
-0.2610000074 0.2849999964 0.06100000069
-0.2610000074 0.2849999964 0.06300000101
-0.2590000033 0.2910000086 0.03500000015
-0.2590000033 0.2930000126 0.03299999982
-0.2569999993 0.2949999869 0.03299999982
-0.2590000033 0.2930000126 0.03500000015
-0.2569999993 0.2949999869 0.03500000015
-0.2610000074 0.2890000045 0.0390000008
-0.2590000033 0.2890000045 0.03700000048
-0.2590000033 0.2910000086 0.0390000008
-0.2590000033 0.2930000126 0.03700000048
-0.2590000033 0.2930000126 0.0390000008
-0.2569999993 0.2969999909 0.03299999982
-0.2590000033 0.298999995 0.03299999982
-0.2569999993 0.300999999 0.03299999982
-0.2569999993 0.3030000031 0.03299999982
-0.2569999993 0.3030000031 0.03500000015
-0.2569999993 0.298999995 0.03700000048
-0.2590000033 0.2969999909 0.0390000008
-0.2569999993 0.2969999909 0.0390000008
-0.2569999993 0.298999995 0.0390000008
-0.2569999993 0.300999999 0.03700000048
-0.2590000033 0.300999999 0.0390000008
-0.2569999993 0.300999999 0.0390000008
-0.2590000033 0.2910000086 0.04100000113
-0.2590000033 0.2890000045 0.04300000146
-0.2590000033 0.2910000086 0.04300000146
-0.2569999993 0.2949999869 0.04100000113
-0.2590000033 0.2930000126 0.04300000146
-0.2569999993 0.2949999869 0.04300000146
-0.2590000033 0.2910000086 0.04500000179
-0.2590000033 0.2910000086 0.04699999839
-0.2590000033 0.2930000126 0.04500000179
-0.2569999993 0.2949999869 0.04500000179
-0.2590000033 0.2930000126 0.04699999839
-0.2569999993 0.2969999909 0.04100000113
-0.2590000033 0.298999995 0.04300000146
-0.2569999993 0.298999995 0.04300000146
-0.2569999993 0.300999999 0.04100000113
-0.2569999993 0.3030000031 0.04100000113
-0.2569999993 0.3030000031 0.04300000146
-0.2569999993 0.298999995 0.04500000179
-0.2590000033 0.2969999909 0.04699999839
-0.2569999993 0.2969999909 0.04699999839
-0.2569999993 0.298999995 0.04699999839
-0.2569999993 0.300999999 0.04500000179
-0.2569999993 0.300999999 0.04699999839
-0.2569999993 0.3050000072 0.03299999982
-0.2590000033 0.3070000112 0.03299999982
-0.2569999993 0.3070000112 0.03299999982
-0.2590000033 0.3050000072 0.03500000015
-0.2590000033 0.3070000112 0.03500000015
-0.2569999993 0.3070000112 0.03500000015
-0.2590000033 0.3109999895 0.03299999982
-0.2590000033 0.3089999855 0.03500000015
-0.2590000033 0.3109999895 0.03500000015
-0.2569999993 0.3050000072 0.03700000048
-0.2590000033 0.3070000112 0.03700000048
-0.2569999993 0.3050000072 0.0390000008
-0.2590000033 0.3070000112 0.0390000008
-0.2569999993 0.3070000112 0.0390000008
-0.2590000033 0.3089999855 0.03700000048
-0.2590000033 0.3109999895 0.03700000048
-0.2590000033 0.3089999855 0.0390000008
-0.2590000033 0.3109999895 0.0390000008
-0.2610000074 0.3149999976 0.03299999982
-0.2610000074 0.3149999976 0.03500000015
-0.2590000033 0.3129999936 0.03299999982
-0.2590000033 0.3129999936 0.03500000015
-0.2590000033 0.3149999976 0.03500000015
-0.2630000114 0.3170000017 0.03299999982
-0.2610000074 0.3170000017 0.03299999982
-0.2630000114 0.3190000057 0.03299999982
-0.2610000074 0.3190000057 0.03299999982
-0.2610000074 0.3170000017 0.03500000015
-0.2630000114 0.3190000057 0.03500000015
-0.2610000074 0.3190000057 0.03500000015
-0.2610000074 0.3149999976 0.03700000048
-0.2610000074 0.3149999976 0.0390000008
-0.2590000033 0.3129999936 0.03700000048
-0.2590000033 0.3149999976 0.03700000048
-0.2590000033 0.3129999936 0.0390000008
-0.2590000033 0.3149999976 0.0390000008
-0.2610000074 0.3170000017 0.03700000048
-0.2630000114 0.3190000057 0.03700000048
-0.2610000074 0.3190000057 0.03700000048
-0.2610000074 0.3170000017 0.0390000008
-0.2630000114 0.3190000057 0.0390000008
-0.2610000074 0.3190000057 0.0390000008
-0.2590000033 0.3070000112 0.04100000113
-0.2569999993 0.3070000112 0.04100000113
-0.2569999993 0.3050000072 0.04300000146
-0.2590000033 0.3070000112 0.04300000146
-0.2569999993 0.3070000112 0.04300000146
-0.2590000033 0.3089999855 0.04100000113
-0.2590000033 0.3109999895 0.04100000113
-0.2590000033 0.3089999855 0.04300000146
-0.2590000033 0.3109999895 0.04300000146
-0.2590000033 0.3050000072 0.04500000179
-0.2569999993 0.3050000072 0.04500000179
-0.2590000033 0.3070000112 0.04500000179
-0.2569999993 0.3050000072 0.04699999839
-0.2590000033 0.3070000112 0.04699999839
-0.2569999993 0.3070000112 0.04699999839
-0.2590000033 0.3089999855 0.04500000179
-0.2590000033 0.3109999895 0.04500000179
-0.2590000033 0.3089999855 0.04699999839
-0.2590000033 0.3109999895 0.04699999839
-0.2610000074 0.3149999976 0.04100000113
-0.2610000074 0.3149999976 0.04300000146
-0.2590000033 0.3129999936 0.04100000113
-0.2590000033 0.3129999936 0.04300000146
-0.2610000074 0.3170000017 0.04100000113
-0.2630000114 0.3190000057 0.04100000113
-0.2610000074 0.3190000057 0.04100000113
-0.2610000074 0.3170000017 0.04300000146
-0.2630000114 0.3190000057 0.04300000146
-0.2610000074 0.3149999976 0.04500000179
-0.2610000074 0.3149999976 0.04699999839
-0.2590000033 0.3129999936 0.04500000179
-0.2590000033 0.3149999976 0.04500000179
-0.2590000033 0.3129999936 0.04699999839
-0.2590000033 0.3149999976 0.04699999839
-0.2630000114 0.3170000017 0.04500000179
-0.2610000074 0.3170000017 0.04500000179
-0.2630000114 0.3190000057 0.04500000179
-0.2610000074 0.3190000057 0.04500000179
-0.2610000074 0.3170000017 0.04699999839
-0.2610000074 0.3190000057 0.04699999839
-0.2590000033 0.2890000045 0.04899999872
-0.2590000033 0.2910000086 0.04899999872
-0.2590000033 0.2890000045 0.05099999905
-0.2569999993 0.2949999869 0.04899999872
-0.2590000033 0.2930000126 0.05099999905
-0.2590000033 0.2949999869 0.05099999905
-0.2590000033 0.2910000086 0.05299999937
-0.2590000033 0.2910000086 0.0549999997
-0.2590000033 0.2930000126 0.05299999937
-0.2590000033 0.2930000126 0.0549999997
-0.2569999993 0.2949999869 0.0549999997
-0.2569999993 0.298999995 0.04899999872
-0.2590000033 0.298999995 0.05099999905
-0.2569999993 0.298999995 0.05099999905
-0.2569999993 0.300999999 0.04899999872
-0.2590000033 0.3030000031 0.04899999872
-0.2569999993 0.3030000031 0.04899999872
-0.2569999993 0.300999999 0.05099999905
-0.2569999993 0.3030000031 0.05099999905
-0.2569999993 0.2969999909 0.05299999937
-0.2569999993 0.298999995 0.05299999937
-0.2590000033 0.2969999909 0.0549999997
-0.2569999993 0.2969999909 0.0549999997
-0.2569999993 0.298999995 0.0549999997
-0.2569999993 0.300999999 0.05299999937
-0.2569999993 0.3030000031 0.0549999997
-0.2610000074 0.2890000045 0.05900000036
-0.2590000033 0.2890000045 0.05700000003
-0.2590000033 0.2910000086 0.05900000036
-0.2590000033 0.2930000126 0.05700000003
-0.2590000033 0.2930000126 0.05900000036
-0.2590000033 0.2910000086 0.06100000069
-0.2590000033 0.2890000045 0.06300000101
-0.2590000033 0.2910000086 0.06300000101
-0.2590000033 0.2930000126 0.06100000069
-0.2590000033 0.2949999869 0.06100000069
-0.2590000033 0.2930000126 0.06300000101
-0.2569999993 0.2949999869 0.06300000101
-0.2569999993 0.298999995 0.05700000003
-0.2569999993 0.2969999909 0.05900000036
-0.2569999993 0.300999999 0.05700000003
-0.2590000033 0.3030000031 0.05700000003
-0.2569999993 0.3030000031 0.05700000003
-0.2569999993 0.300999999 0.05900000036
-0.2569999993 0.2969999909 0.06100000069
-0.2569999993 0.298999995 0.06100000069
-0.2569999993 0.2969999909 0.06300000101
-0.2590000033 0.298999995 0.06300000101
-0.2590000033 0.300999999 0.06100000069
-0.2569999993 0.3030000031 0.06100000069
-0.2569999993 0.3030000031 0.06300000101
-0.2569999993 0.3050000072 0.04899999872
-0.2590000033 0.3070000112 0.04899999872
-0.2569999993 0.3070000112 0.04899999872
-0.2569999993 0.3050000072 0.05099999905
-0.2590000033 0.3070000112 0.05099999905
-0.2610000074 0.3109999895 0.05099999905
-0.2590000033 0.3089999855 0.04899999872
-0.2590000033 0.3109999895 0.04899999872
-0.2590000033 0.3089999855 0.05099999905
-0.2590000033 0.3109999895 0.05099999905
-0.2569999993 0.3050000072 0.05299999937
-0.2590000033 0.3070000112 0.05299999937
-0.2590000033 0.3050000072 0.0549999997
-0.2569999993 0.3050000072 0.0549999997
-0.2590000033 0.3070000112 0.0549999997
-0.2569999993 0.3070000112 0.0549999997
-0.2590000033 0.3089999855 0.05299999937
-0.2590000033 0.3109999895 0.05299999937
-0.2590000033 0.3089999855 0.0549999997
-0.2590000033 0.3109999895 0.0549999997
-0.2610000074 0.3149999976 0.04899999872
-0.2610000074 0.3149999976 0.05099999905
-0.2590000033 0.3129999936 0.04899999872
-0.2590000033 0.3129999936 0.05099999905
-0.2590000033 0.3149999976 0.05099999905
-0.2610000074 0.3170000017 0.04899999872
-0.2630000114 0.3190000057 0.04899999872
-0.2610000074 0.3190000057 0.04899999872
-0.2610000074 0.3170000017 0.05099999905
-0.2630000114 0.3190000057 0.05099999905
-0.2610000074 0.3149999976 0.05299999937
-0.2610000074 0.3149999976 0.0549999997
-0.2590000033 0.3129999936 0.05299999937
-0.2590000033 0.3149999976 0.05299999937
-0.2590000033 0.3129999936 0.0549999997
-0.2610000074 0.3170000017 0.05299999937
-0.2630000114 0.3190000057 0.05299999937
-0.2610000074 0.3190000057 0.05299999937
-0.2610000074 0.3170000017 0.0549999997
-0.2630000114 0.3190000057 0.0549999997
-0.2610000074 0.3190000057 0.0549999997
-0.2590000033 0.3070000112 0.05700000003
-0.2569999993 0.3070000112 0.05700000003
-0.2569999993 0.3050000072 0.05900000036
-0.2590000033 0.3070000112 0.05900000036
-0.2590000033 0.3089999855 0.05700000003
-0.2590000033 0.3109999895 0.05700000003
-0.2569999993 0.3089999855 0.05900000036
-0.2590000033 0.3109999895 0.05900000036
-0.2590000033 0.3070000112 0.06100000069
-0.2569999993 0.3070000112 0.06100000069
-0.2569999993 0.3050000072 0.06300000101
-0.2590000033 0.3070000112 0.06300000101
-0.2569999993 0.3070000112 0.06300000101
-0.2590000033 0.3089999855 0.06100000069
-0.2590000033 0.3109999895 0.06100000069
-0.2590000033 0.3089999855 0.06300000101
-0.2590000033 0.3109999895 0.06300000101
-0.2610000074 0.3149999976 0.05700000003
-0.2610000074 0.3149999976 0.05900000036
-0.2590000033 0.3129999936 0.05700000003
-0.2590000033 0.3129999936 0.05900000036
-0.2590000033 0.3149999976 0.05900000036
-0.2610000074 0.3170000017 0.05700000003
-0.2630000114 0.3190000057 0.05700000003
-0.2610000074 0.3190000057 0.05700000003
-0.2610000074 0.3170000017 0.05900000036
-0.2630000114 0.3190000057 0.05900000036
-0.2610000074 0.3190000057 0.05900000036
-0.2610000074 0.3129999936 0.06100000069
-0.2610000074 0.3149999976 0.06100000069
-0.2610000074 0.3149999976 0.06300000101
-0.2590000033 0.3149999976 0.06100000069
-0.2590000033 0.3129999936 0.06300000101
-0.2590000033 0.3149999976 0.06300000101
-0.2610000074 0.3170000017 0.06100000069
-0.2630000114 0.3190000057 0.06100000069
-0.2610000074 0.3190000057 0.06100000069
-0.2610000074 0.3170000017 0.06300000101
-0.2630000114 0.3190000057 0.06300000101
-0.2610000074 0.3190000057 0.06300000101
-0.3370000124 0.3210000098 0.01099999994
-0.3370000124 0.3210000098 0.01300000027
-0.3370000124 0.3230000138 0.01300000027
-0.3370000124 0.3210000098 0.01499999966
-0.3370000124 0.3230000138 0.01499999966
-0.3350000083 0.3230000138 0.01099999994
-0.3350000083 0.3249999881 0.01099999994
-0.3330000043 0.3269999921 0.01099999994
-0.3350000083 0.3230000138 0.01300000027
-0.3350000083 0.3230000138 0.01499999966
-0.3350000083 0.3249999881 0.01300000027
-0.3330000043 0.3249999881 0.01300000027
-0.3330000043 0.3269999921 0.01300000027
-0.3350000083 0.3249999881 0.01499999966
-0.3330000043 0.3249999881 0.01499999966
-0.3330000043 0.3269999921 0.01499999966
-0.3310000002 0.3269999921 0.01300000027
-0.3310000002 0.3289999962 0.01099999994
-0.3289999962 0.3310000002 0.01099999994
-0.3310000002 0.3289999962 0.01300000027
-0.3289999962 0.3310000002 0.01300000027
-0.3310000002 0.3289999962 0.01499999966
-0.3289999962 0.3310000002 0.01499999966
-0.3269999921 0.3310000002 0.01099999994
-0.3269999921 0.3330000043 0.01099999994
-0.3249999881 0.3330000043 0.01099999994
-0.3249999881 0.3350000083 0.01099999994
-0.3230000138 0.3350000083 0.01099999994
-0.3269999921 0.3330000043 0.01300000027
-0.3249999881 0.3330000043 0.01300000027
-0.3249999881 0.3350000083 0.01300000027
-0.3269999921 0.3330000043 0.01499999966
-0.3249999881 0.3350000083 0.01499999966
-0.3230000138 0.3350000083 0.01300000027
-0.3230000138 0.3350000083 0.01499999966
-0.3210000098 0.3370000124 0.01099999994
-0.3210000098 0.3370000124 0.01300000027
-0.3230000138 0.3370000124 0.01499999966
-0.3210000098 0.3370000124 0.01499999966
-0.3370000124 0.3210000098 0.01700000092
-0.3370000124 0.3230000138 0.01700000092
-0.3370000124 0.3210000098 0.01899999939
-0.3370000124 0.3230000138 0.01899999939
-0.3370000124 0.3210000098 0.02099999972
-0.3370000124 0.3230000138 0.02099999972
-0.3370000124 0.3210000098 0.02300000004
-0.3370000124 0.3210000098 0.02500000037
-0.3370000124 0.3230000138 0.02500000037
-0.3370000124 0.3210000098 0.0270000007
-0.3370000124 0.3230000138 0.0270000007
-0.3370000124 0.3210000098 0.02899999917
-0.3370000124 0.3230000138 0.02899999917
-0.3370000124 0.3210000098 0.03099999949
-0.3370000124 0.3230000138 0.03099999949
-0.3350000083 0.3230000138 0.01700000092
-0.3350000083 0.3230000138 0.01899999939
-0.3350000083 0.3249999881 0.01700000092
-0.3330000043 0.3249999881 0.01700000092
-0.3330000043 0.3269999921 0.01700000092
-0.3350000083 0.3249999881 0.01899999939
-0.3330000043 0.3249999881 0.01899999939
-0.3330000043 0.3269999921 0.01899999939
-0.3310000002 0.3269999921 0.01700000092
-0.3310000002 0.3269999921 0.01899999939
-0.3350000083 0.3230000138 0.02099999972
-0.3350000083 0.3230000138 0.02300000004
-0.3350000083 0.3249999881 0.02099999972
-0.3330000043 0.3249999881 0.02099999972
-0.3330000043 0.3269999921 0.02099999972
-0.3350000083 0.3249999881 0.02300000004
-0.3330000043 0.3249999881 0.02300000004
-0.3330000043 0.3269999921 0.02300000004
-0.3310000002 0.3289999962 0.01700000092
-0.3289999962 0.3310000002 0.01700000092
-0.3310000002 0.3289999962 0.01899999939
-0.3310000002 0.3310000002 0.01899999939
-0.3289999962 0.3310000002 0.01899999939
-0.3310000002 0.3289999962 0.02099999972
-0.3289999962 0.3310000002 0.02099999972
-0.3310000002 0.3289999962 0.02300000004
-0.3289999962 0.3310000002 0.02300000004
-0.3269999921 0.3310000002 0.01700000092
-0.3269999921 0.3330000043 0.01700000092
-0.3249999881 0.3330000043 0.01700000092
-0.3249999881 0.3350000083 0.01700000092
-0.3269999921 0.3330000043 0.01899999939
-0.3249999881 0.3330000043 0.01899999939
-0.3249999881 0.3350000083 0.01899999939
-0.3230000138 0.3350000083 0.01700000092
-0.3230000138 0.3350000083 0.01899999939
-0.3269999921 0.3310000002 0.02099999972
-0.3269999921 0.3330000043 0.02099999972
-0.3249999881 0.3330000043 0.02099999972
-0.3249999881 0.3350000083 0.02099999972
-0.3269999921 0.3330000043 0.02300000004
-0.3249999881 0.3330000043 0.02300000004
-0.3249999881 0.3350000083 0.02300000004
-0.3230000138 0.3350000083 0.02099999972
-0.3230000138 0.3350000083 0.02300000004
-0.3350000083 0.3230000138 0.02500000037
-0.3350000083 0.3230000138 0.0270000007
-0.3350000083 0.3249999881 0.02500000037
-0.3330000043 0.3249999881 0.02500000037
-0.3330000043 0.3269999921 0.02500000037
-0.3350000083 0.3249999881 0.0270000007
-0.3330000043 0.3249999881 0.0270000007
-0.3330000043 0.3269999921 0.0270000007
-0.3310000002 0.3269999921 0.02500000037
-0.3350000083 0.3230000138 0.02899999917
-0.3350000083 0.3230000138 0.03099999949
-0.3350000083 0.3249999881 0.02899999917
-0.3330000043 0.3249999881 0.02899999917
-0.3330000043 0.3269999921 0.02899999917
-0.3350000083 0.3249999881 0.03099999949
-0.3330000043 0.3249999881 0.03099999949
-0.3330000043 0.3269999921 0.03099999949
-0.3310000002 0.3269999921 0.02899999917
-0.3310000002 0.3289999962 0.02500000037
-0.3310000002 0.3310000002 0.02500000037
-0.3289999962 0.3310000002 0.02500000037
-0.3310000002 0.3289999962 0.0270000007
-0.3289999962 0.3310000002 0.0270000007
-0.3310000002 0.3289999962 0.02899999917
-0.3289999962 0.3310000002 0.02899999917
-0.3310000002 0.3289999962 0.03099999949
-0.3289999962 0.3310000002 0.03099999949
-0.3269999921 0.3310000002 0.02500000037
-0.3269999921 0.3330000043 0.02500000037
-0.3249999881 0.3330000043 0.02500000037
-0.3249999881 0.3350000083 0.02500000037
-0.3269999921 0.3330000043 0.0270000007
-0.3249999881 0.3330000043 0.0270000007
-0.3249999881 0.3350000083 0.0270000007
-0.3230000138 0.3350000083 0.02500000037
-0.3230000138 0.3350000083 0.0270000007
-0.3269999921 0.3330000043 0.02899999917
-0.3249999881 0.3350000083 0.02899999917
-0.3269999921 0.3330000043 0.03099999949
-0.3249999881 0.3330000043 0.03099999949
-0.3249999881 0.3350000083 0.03099999949
-0.3230000138 0.3350000083 0.02899999917
-0.3230000138 0.3350000083 0.03099999949
-0.3210000098 0.3370000124 0.01700000092
-0.3230000138 0.3370000124 0.01899999939
-0.3210000098 0.3370000124 0.01899999939
-0.3230000138 0.3370000124 0.02099999972
-0.3210000098 0.3370000124 0.02099999972
-0.3210000098 0.3370000124 0.02300000004
-0.3230000138 0.3370000124 0.02500000037
-0.3210000098 0.3370000124 0.02500000037
-0.3230000138 0.3370000124 0.0270000007
-0.3210000098 0.3370000124 0.0270000007
-0.3210000098 0.3370000124 0.02899999917
-0.3230000138 0.3370000124 0.03099999949
-0.3210000098 0.3370000124 0.03099999949
-0.3370000124 0.3210000098 0.03299999982
-0.3370000124 0.3230000138 0.03299999982
-0.3370000124 0.3210000098 0.03500000015
-0.3370000124 0.3230000138 0.03500000015
-0.3370000124 0.3210000098 0.03700000048
-0.3370000124 0.3230000138 0.03700000048
-0.3370000124 0.3210000098 0.0390000008
-0.3370000124 0.3230000138 0.0390000008
-0.3370000124 0.3210000098 0.04100000113
-0.3370000124 0.3230000138 0.04100000113
-0.3370000124 0.3210000098 0.04300000146
-0.3370000124 0.3230000138 0.04300000146
-0.3370000124 0.3210000098 0.04500000179
-0.3370000124 0.3230000138 0.04500000179
-0.3370000124 0.3210000098 0.04699999839
-0.3370000124 0.3230000138 0.04699999839
-0.3350000083 0.3230000138 0.03299999982
-0.3350000083 0.3230000138 0.03500000015
-0.3350000083 0.3249999881 0.03299999982
-0.3330000043 0.3249999881 0.03299999982
-0.3330000043 0.3269999921 0.03299999982
-0.3350000083 0.3249999881 0.03500000015
-0.3330000043 0.3249999881 0.03500000015
-0.3330000043 0.3269999921 0.03500000015
-0.3350000083 0.3230000138 0.03700000048
-0.3350000083 0.3230000138 0.0390000008
-0.3350000083 0.3249999881 0.03700000048
-0.3330000043 0.3249999881 0.03700000048
-0.3330000043 0.3269999921 0.03700000048
-0.3350000083 0.3249999881 0.0390000008
-0.3330000043 0.3249999881 0.0390000008
-0.3330000043 0.3269999921 0.0390000008
-0.3310000002 0.3269999921 0.0390000008
-0.3310000002 0.3289999962 0.03299999982
-0.3289999962 0.3310000002 0.03299999982
-0.3310000002 0.3289999962 0.03500000015
-0.3289999962 0.3310000002 0.03500000015
-0.3310000002 0.3289999962 0.03700000048
-0.3289999962 0.3310000002 0.03700000048
-0.3310000002 0.3289999962 0.0390000008
-0.3289999962 0.3310000002 0.0390000008
-0.3269999921 0.3310000002 0.03299999982
-0.3269999921 0.3330000043 0.03299999982
-0.3249999881 0.3350000083 0.03299999982
-0.3269999921 0.3330000043 0.03500000015
-0.3249999881 0.3330000043 0.03500000015
-0.3249999881 0.3350000083 0.03500000015
-0.3230000138 0.3350000083 0.03299999982
-0.3230000138 0.3350000083 0.03500000015
-0.3269999921 0.3310000002 0.03700000048
-0.3269999921 0.3330000043 0.03700000048
-0.3249999881 0.3330000043 0.03700000048
-0.3249999881 0.3350000083 0.03700000048
-0.3269999921 0.3330000043 0.0390000008
-0.3249999881 0.3330000043 0.0390000008
-0.3249999881 0.3350000083 0.0390000008
-0.3230000138 0.3350000083 0.03700000048
-0.3230000138 0.3350000083 0.0390000008
-0.3350000083 0.3230000138 0.04100000113
-0.3350000083 0.3230000138 0.04300000146
-0.3350000083 0.3249999881 0.04100000113
-0.3330000043 0.3249999881 0.04100000113
-0.3330000043 0.3269999921 0.04100000113
-0.3350000083 0.3249999881 0.04300000146
-0.3330000043 0.3249999881 0.04300000146
-0.3330000043 0.3269999921 0.04300000146
-0.3350000083 0.3230000138 0.04500000179
-0.3350000083 0.3230000138 0.04699999839
-0.3350000083 0.3249999881 0.04500000179
-0.3330000043 0.3249999881 0.04500000179
-0.3330000043 0.3269999921 0.04500000179
-0.3350000083 0.3249999881 0.04699999839
-0.3330000043 0.3249999881 0.04699999839
-0.3330000043 0.3269999921 0.04699999839
-0.3310000002 0.3269999921 0.04500000179
-0.3310000002 0.3289999962 0.04100000113
-0.3310000002 0.3310000002 0.04100000113
-0.3289999962 0.3310000002 0.04100000113
-0.3310000002 0.3289999962 0.04300000146
-0.3289999962 0.3310000002 0.04300000146
-0.3310000002 0.3289999962 0.04500000179
-0.3310000002 0.3310000002 0.04500000179
-0.3289999962 0.3310000002 0.04500000179
-0.3310000002 0.3289999962 0.04699999839
-0.3289999962 0.3310000002 0.04699999839
-0.3269999921 0.3330000043 0.04100000113
-0.3249999881 0.3330000043 0.04100000113
-0.3249999881 0.3350000083 0.04100000113
-0.3269999921 0.3330000043 0.04300000146
-0.3249999881 0.3330000043 0.04300000146
-0.3249999881 0.3350000083 0.04300000146
-0.3230000138 0.3350000083 0.04100000113
-0.3230000138 0.3350000083 0.04300000146
-0.3269999921 0.3330000043 0.04500000179
-0.3249999881 0.3330000043 0.04500000179
-0.3249999881 0.3350000083 0.04500000179
-0.3269999921 0.3330000043 0.04699999839
-0.3249999881 0.3330000043 0.04699999839
-0.3249999881 0.3350000083 0.04699999839
-0.3230000138 0.3350000083 0.04500000179
-0.3230000138 0.3350000083 0.04699999839
-0.3210000098 0.3370000124 0.03299999982
-0.3230000138 0.3370000124 0.03500000015
-0.3210000098 0.3370000124 0.03500000015
-0.3230000138 0.3370000124 0.03700000048
-0.3210000098 0.3370000124 0.03700000048
-0.3230000138 0.3370000124 0.0390000008
-0.3210000098 0.3370000124 0.0390000008
-0.3230000138 0.3370000124 0.04100000113
-0.3210000098 0.3370000124 0.04100000113
-0.3230000138 0.3370000124 0.04300000146
-0.3210000098 0.3370000124 0.04300000146
-0.3230000138 0.3370000124 0.04500000179
-0.3210000098 0.3370000124 0.04500000179
-0.3230000138 0.3370000124 0.04699999839
-0.3210000098 0.3370000124 0.04699999839
-0.3370000124 0.3210000098 0.04899999872
-0.3370000124 0.3230000138 0.04899999872
-0.3370000124 0.3210000098 0.05099999905
-0.3370000124 0.3230000138 0.05099999905
-0.3370000124 0.3210000098 0.05299999937
-0.3370000124 0.3230000138 0.05299999937
-0.3370000124 0.3210000098 0.0549999997
-0.3370000124 0.3230000138 0.0549999997
-0.3370000124 0.3210000098 0.05700000003
-0.3370000124 0.3230000138 0.05700000003
-0.3370000124 0.3210000098 0.05900000036
-0.3370000124 0.3230000138 0.05900000036
-0.3370000124 0.3210000098 0.06100000069
-0.3370000124 0.3230000138 0.06100000069
-0.3370000124 0.3210000098 0.06300000101
-0.3370000124 0.3230000138 0.06300000101
-0.3350000083 0.3230000138 0.04899999872
-0.3350000083 0.3230000138 0.05099999905
-0.3350000083 0.3249999881 0.04899999872
-0.3330000043 0.3249999881 0.04899999872
-0.3330000043 0.3269999921 0.04899999872
-0.3350000083 0.3249999881 0.05099999905
-0.3330000043 0.3249999881 0.05099999905
-0.3330000043 0.3269999921 0.05099999905
-0.3310000002 0.3269999921 0.04899999872
-0.3310000002 0.3269999921 0.05099999905
-0.3350000083 0.3230000138 0.05299999937
-0.3350000083 0.3230000138 0.0549999997
-0.3350000083 0.3249999881 0.05299999937
-0.3330000043 0.3249999881 0.05299999937
-0.3330000043 0.3269999921 0.05299999937
-0.3350000083 0.3249999881 0.0549999997
-0.3330000043 0.3249999881 0.0549999997
-0.3330000043 0.3269999921 0.0549999997
-0.3310000002 0.3289999962 0.04899999872
-0.3289999962 0.3310000002 0.04899999872
-0.3310000002 0.3289999962 0.05099999905
-0.3289999962 0.3310000002 0.05099999905
-0.3310000002 0.3289999962 0.05299999937
-0.3289999962 0.3310000002 0.05299999937
-0.3310000002 0.3289999962 0.0549999997
-0.3310000002 0.3310000002 0.0549999997
-0.3289999962 0.3310000002 0.0549999997
-0.3269999921 0.3330000043 0.04899999872
-0.3249999881 0.3330000043 0.04899999872
-0.3249999881 0.3350000083 0.04899999872
-0.3269999921 0.3330000043 0.05099999905
-0.3249999881 0.3330000043 0.05099999905
-0.3249999881 0.3350000083 0.05099999905
-0.3230000138 0.3350000083 0.04899999872
-0.3230000138 0.3350000083 0.05099999905
-0.3269999921 0.3330000043 0.05299999937
-0.3249999881 0.3330000043 0.05299999937
-0.3249999881 0.3350000083 0.05299999937
-0.3269999921 0.3330000043 0.0549999997
-0.3249999881 0.3330000043 0.0549999997
-0.3350000083 0.3230000138 0.05700000003
-0.3350000083 0.3230000138 0.05900000036
-0.3350000083 0.3249999881 0.05700000003
-0.3330000043 0.3249999881 0.05700000003
-0.3330000043 0.3269999921 0.05700000003
-0.3350000083 0.3249999881 0.05900000036
-0.3330000043 0.3249999881 0.05900000036
-0.3330000043 0.3269999921 0.05900000036
-0.3310000002 0.3269999921 0.05700000003
-0.3310000002 0.3269999921 0.05900000036
-0.3350000083 0.3230000138 0.06100000069
-0.3350000083 0.3230000138 0.06300000101
-0.3350000083 0.3249999881 0.06100000069
-0.3330000043 0.3249999881 0.06100000069
-0.3330000043 0.3269999921 0.06100000069
-0.3350000083 0.3249999881 0.06300000101
-0.3330000043 0.3249999881 0.06300000101
-0.3330000043 0.3269999921 0.06300000101
-0.3310000002 0.3289999962 0.05700000003
-0.3289999962 0.3310000002 0.05700000003
-0.3310000002 0.3289999962 0.05900000036
-0.3310000002 0.3310000002 0.05900000036
-0.3289999962 0.3310000002 0.05900000036
-0.3310000002 0.3289999962 0.06100000069
-0.3269999921 0.3330000043 0.05700000003
-0.3249999881 0.3330000043 0.05900000036
-0.3230000138 0.3350000083 0.05700000003
-0.3249999881 0.3330000043 0.06100000069
-0.3249999881 0.3330000043 0.06300000101
-0.3230000138 0.3350000083 0.06100000069
-0.3230000138 0.3370000124 0.04899999872
-0.3210000098 0.3370000124 0.05299999937
-0.3210000098 0.3370000124 0.05700000003
-0.3230000138 0.3370000124 0.06100000069
-0.3190000057 0.3370000124 0.01099999994
-0.3190000057 0.3389999866 0.01099999994
-0.3170000017 0.3389999866 0.01099999994
-0.3149999976 0.3389999866 0.01099999994
-0.3129999936 0.3409999907 0.01099999994
-0.3190000057 0.3370000124 0.01300000027
-0.3190000057 0.3389999866 0.01300000027
-0.3170000017 0.3389999866 0.01300000027
-0.3190000057 0.3370000124 0.01499999966
-0.3190000057 0.3389999866 0.01499999966
-0.3170000017 0.3389999866 0.01499999966
-0.3149999976 0.3389999866 0.01300000027
-0.3149999976 0.3389999866 0.01499999966
-0.3129999936 0.3409999907 0.01300000027
-0.3149999976 0.3409999907 0.01499999966
-0.3129999936 0.3409999907 0.01499999966
-0.3089999855 0.3409999907 0.01099999994
-0.3070000112 0.3409999907 0.01099999994
-0.3050000072 0.3429999948 0.01099999994
-0.3109999895 0.3409999907 0.01300000027
-0.3109999895 0.3409999907 0.01499999966
-0.3089999855 0.3409999907 0.01499999966
-0.3070000112 0.3409999907 0.01300000027
-0.3050000072 0.3429999948 0.01300000027
-0.3070000112 0.3409999907 0.01499999966
-0.298999995 0.3429999948 0.01099999994
-0.3030000031 0.3429999948 0.01499999966
-0.300999999 0.3429999948 0.01499999966
-0.2969999909 0.3429999948 0.01300000027
-0.2930000126 0.3409999907 0.01099999994
-0.2910000086 0.3409999907 0.01099999994
-0.2890000045 0.3409999907 0.01099999994
-0.2930000126 0.3409999907 0.01300000027
-0.2910000086 0.3409999907 0.01300000027
-0.2890000045 0.3409999907 0.01300000027
-0.2910000086 0.3409999907 0.01499999966
-0.2890000045 0.3409999907 0.01499999966
-0.3190000057 0.3370000124 0.01700000092
-0.3190000057 0.3389999866 0.01700000092
-0.3170000017 0.3389999866 0.01700000092
-0.3190000057 0.3370000124 0.01899999939
-0.3170000017 0.3389999866 0.01899999939
-0.3149999976 0.3389999866 0.01700000092
-0.3149999976 0.3389999866 0.01899999939
-0.3129999936 0.3409999907 0.01700000092
-0.3190000057 0.3370000124 0.02099999972
-0.3190000057 0.3389999866 0.02099999972
-0.3170000017 0.3389999866 0.02099999972
-0.3190000057 0.3370000124 0.02300000004
-0.3190000057 0.3389999866 0.02300000004
-0.3170000017 0.3389999866 0.02300000004
-0.3149999976 0.3389999866 0.02099999972
-0.3149999976 0.3389999866 0.02300000004
-0.3149999976 0.3409999907 0.02099999972
-0.3129999936 0.3409999907 0.02099999972
-0.3129999936 0.3409999907 0.02300000004
-0.3109999895 0.3409999907 0.01700000092
-0.3089999855 0.3409999907 0.01700000092
-0.3109999895 0.3409999907 0.01899999939
-0.3070000112 0.3409999907 0.01700000092
-0.3050000072 0.3429999948 0.01700000092
-0.3070000112 0.3409999907 0.01899999939
-0.3109999895 0.3409999907 0.02099999972
-0.3089999855 0.3409999907 0.02099999972
-0.3109999895 0.3409999907 0.02300000004
-0.3070000112 0.3409999907 0.02099999972
-0.3070000112 0.3409999907 0.02300000004
-0.3070000112 0.3429999948 0.02300000004
-0.3050000072 0.3429999948 0.02300000004
-0.3190000057 0.3370000124 0.02500000037
-0.3190000057 0.3389999866 0.02500000037
-0.3170000017 0.3389999866 0.02500000037
-0.3190000057 0.3370000124 0.0270000007
-0.3190000057 0.3389999866 0.0270000007
-0.3170000017 0.3389999866 0.0270000007
-0.3149999976 0.3389999866 0.02500000037
-0.3149999976 0.3389999866 0.0270000007
-0.3129999936 0.3409999907 0.02500000037
-0.3149999976 0.3409999907 0.0270000007
-0.3129999936 0.3409999907 0.0270000007
-0.3190000057 0.3370000124 0.02899999917
-0.3190000057 0.3389999866 0.02899999917
-0.3170000017 0.3389999866 0.02899999917
-0.3190000057 0.3370000124 0.03099999949
-0.3190000057 0.3389999866 0.03099999949
-0.3170000017 0.3389999866 0.03099999949
-0.3149999976 0.3389999866 0.02899999917
-0.3149999976 0.3389999866 0.03099999949
-0.3129999936 0.3409999907 0.02899999917
-0.3149999976 0.3409999907 0.03099999949
-0.3109999895 0.3409999907 0.02500000037
-0.3089999855 0.3409999907 0.02500000037
-0.3109999895 0.3409999907 0.0270000007
-0.3089999855 0.3409999907 0.0270000007
-0.3050000072 0.3429999948 0.02500000037
-0.3070000112 0.3409999907 0.0270000007
-0.3109999895 0.3409999907 0.02899999917
-0.3089999855 0.3409999907 0.02899999917
-0.3109999895 0.3409999907 0.03099999949
-0.3089999855 0.3409999907 0.03099999949
-0.3070000112 0.3409999907 0.02899999917
-0.3070000112 0.3429999948 0.02899999917
-0.3050000072 0.3429999948 0.02899999917
-0.3070000112 0.3409999907 0.03099999949
-0.3050000072 0.3429999948 0.03099999949
-0.3030000031 0.3429999948 0.01899999939
-0.2969999909 0.3429999948 0.01700000092
-0.3030000031 0.3429999948 0.02300000004
-0.300999999 0.3429999948 0.02300000004
-0.298999995 0.3429999948 0.02300000004
-0.2930000126 0.3409999907 0.01700000092
-0.2949999869 0.3429999948 0.01700000092
-0.2930000126 0.3409999907 0.01899999939
-0.2910000086 0.3409999907 0.01700000092
-0.2890000045 0.3409999907 0.01700000092
-0.2910000086 0.3409999907 0.01899999939
-0.2890000045 0.3409999907 0.01899999939
-0.2930000126 0.3409999907 0.02099999972
-0.2949999869 0.3429999948 0.02099999972
-0.2930000126 0.3409999907 0.02300000004
-0.2910000086 0.3409999907 0.02099999972
-0.2890000045 0.3409999907 0.02099999972
-0.2910000086 0.3409999907 0.02300000004
-0.2890000045 0.3409999907 0.02300000004
-0.3030000031 0.3429999948 0.02500000037
-0.300999999 0.3429999948 0.02500000037
-0.3030000031 0.3429999948 0.0270000007
-0.300999999 0.3429999948 0.0270000007
-0.298999995 0.3429999948 0.0270000007
-0.3030000031 0.3429999948 0.02899999917
-0.300999999 0.3429999948 0.02899999917
-0.300999999 0.3429999948 0.03099999949
-0.298999995 0.3429999948 0.02899999917
-0.2969999909 0.3429999948 0.02899999917
-0.298999995 0.3429999948 0.03099999949
-0.2969999909 0.3429999948 0.03099999949
-0.2949999869 0.3429999948 0.02500000037
-0.2930000126 0.3409999907 0.0270000007
-0.2930000126 0.3429999948 0.0270000007
-0.2910000086 0.3409999907 0.02500000037
-0.2890000045 0.3409999907 0.02500000037
-0.2910000086 0.3409999907 0.0270000007
-0.2890000045 0.3409999907 0.0270000007
-0.2930000126 0.3409999907 0.02899999917
-0.2949999869 0.3429999948 0.02899999917
-0.2930000126 0.3429999948 0.02899999917
-0.2930000126 0.3409999907 0.03099999949
-0.2949999869 0.3429999948 0.03099999949
-0.2930000126 0.3429999948 0.03099999949
-0.2910000086 0.3409999907 0.02899999917
-0.2890000045 0.3409999907 0.02899999917
-0.2910000086 0.3409999907 0.03099999949
-0.2890000045 0.3409999907 0.03099999949
-0.2910000086 0.3429999948 0.03099999949
-0.27700001 0.3350000083 0.01099999994
-0.275000006 0.3330000043 0.01099999994
-0.2730000019 0.3330000043 0.01099999994
-0.275000006 0.3350000083 0.01099999994
-0.2730000019 0.3310000002 0.01499999966
-0.27700001 0.3350000083 0.01300000027
-0.27700001 0.3350000083 0.01499999966
-0.275000006 0.3330000043 0.01300000027
-0.2730000019 0.3330000043 0.01300000027
-0.275000006 0.3350000083 0.01300000027
-0.2730000019 0.3330000043 0.01499999966
-0.275000006 0.3350000083 0.01499999966
-0.2649999857 0.3230000138 0.01099999994
-0.2649999857 0.3249999881 0.01099999994
-0.2669999897 0.3269999921 0.01099999994
-0.2649999857 0.3230000138 0.01300000027
-0.2649999857 0.3230000138 0.01499999966
-0.2669999897 0.3249999881 0.01300000027
-0.2649999857 0.3249999881 0.01300000027
-0.2669999897 0.3269999921 0.01300000027
-0.2649999857 0.3249999881 0.01499999966
-0.2669999897 0.3269999921 0.01499999966
-0.2630000114 0.3210000098 0.01099999994
-0.2630000114 0.3230000138 0.01099999994
-0.2630000114 0.3210000098 0.01300000027
-0.2630000114 0.3210000098 0.01499999966
-0.2630000114 0.3230000138 0.01499999966
-0.2689999938 0.3289999962 0.01099999994
-0.2709999979 0.3310000002 0.01099999994
-0.2689999938 0.3310000002 0.01099999994
-0.2689999938 0.3289999962 0.01300000027
-0.2709999979 0.3310000002 0.01300000027
-0.2689999938 0.3289999962 0.01499999966
-0.2709999979 0.3310000002 0.01499999966
-0.2669999897 0.3289999962 0.01499999966
-0.2709999979 0.3330000043 0.01300000027
-0.2709999979 0.3330000043 0.01499999966
-0.2849999964 0.3389999866 0.01099999994
-0.2809999883 0.3370000124 0.01099999994
-0.2829999924 0.3389999866 0.01099999994
-0.2809999883 0.3389999866 0.01099999994
-0.2870000005 0.3409999907 0.01099999994
-0.2849999964 0.3389999866 0.01300000027
-0.2849999964 0.3389999866 0.01499999966
-0.2809999883 0.3370000124 0.01300000027
-0.2829999924 0.3389999866 0.01300000027
-0.2809999883 0.3389999866 0.01300000027
-0.2829999924 0.3389999866 0.01499999966
-0.2809999883 0.3389999866 0.01499999966
-0.2870000005 0.3409999907 0.01300000027
-0.2849999964 0.3409999907 0.01300000027
-0.2870000005 0.3409999907 0.01499999966
-0.2849999964 0.3409999907 0.01499999966
-0.2790000141 0.3370000124 0.01099999994
-0.27700001 0.3370000124 0.01099999994
-0.2790000141 0.3370000124 0.01300000027
-0.2790000141 0.3370000124 0.01499999966
-0.27700001 0.3370000124 0.01499999966
-0.2730000019 0.3310000002 0.01700000092
-0.27700001 0.3350000083 0.01700000092
-0.27700001 0.3350000083 0.01899999939
-0.2730000019 0.3330000043 0.01700000092
-0.275000006 0.3350000083 0.01700000092
-0.275000006 0.3330000043 0.01899999939
-0.2730000019 0.3330000043 0.01899999939
-0.275000006 0.3350000083 0.01899999939
-0.2730000019 0.3310000002 0.02300000004
-0.27700001 0.3350000083 0.02099999972
-0.27700001 0.3350000083 0.02300000004
-0.2730000019 0.3330000043 0.02099999972
-0.275000006 0.3350000083 0.02099999972
-0.275000006 0.3330000043 0.02300000004
-0.2730000019 0.3330000043 0.02300000004
-0.275000006 0.3350000083 0.02300000004
-0.27700001 0.3350000083 0.02500000037
-0.27700001 0.3350000083 0.0270000007
-0.275000006 0.3330000043 0.02500000037
-0.2730000019 0.3330000043 0.02500000037
-0.275000006 0.3350000083 0.02500000037
-0.275000006 0.3330000043 0.0270000007
-0.2730000019 0.3330000043 0.0270000007
-0.275000006 0.3350000083 0.0270000007
-0.27700001 0.3350000083 0.02899999917
-0.27700001 0.3350000083 0.03099999949
-0.275000006 0.3330000043 0.02899999917
-0.2730000019 0.3330000043 0.02899999917
-0.275000006 0.3350000083 0.02899999917
-0.275000006 0.3330000043 0.03099999949
-0.2730000019 0.3330000043 0.03099999949
-0.275000006 0.3350000083 0.03099999949
-0.2649999857 0.3230000138 0.01700000092
-0.2649999857 0.3230000138 0.01899999939
-0.2649999857 0.3249999881 0.01700000092
-0.2669999897 0.3269999921 0.01700000092
-0.2669999897 0.3249999881 0.01899999939
-0.2649999857 0.3249999881 0.01899999939
-0.2649999857 0.3230000138 0.02099999972
-0.2649999857 0.3230000138 0.02300000004
-0.2669999897 0.3249999881 0.02099999972
-0.2649999857 0.3249999881 0.02099999972
-0.2669999897 0.3269999921 0.02099999972
-0.2669999897 0.3249999881 0.02300000004
-0.2649999857 0.3249999881 0.02300000004
-0.2669999897 0.3269999921 0.02300000004
-0.2630000114 0.3210000098 0.01700000092
-0.2630000114 0.3230000138 0.01700000092
-0.2630000114 0.3210000098 0.01899999939
-0.2630000114 0.3210000098 0.02099999972
-0.2630000114 0.3230000138 0.02099999972
-0.2630000114 0.3210000098 0.02300000004
-0.2630000114 0.3230000138 0.02300000004
-0.2689999938 0.3289999962 0.01700000092
-0.2709999979 0.3310000002 0.01700000092
-0.2689999938 0.3310000002 0.01700000092
-0.2689999938 0.3289999962 0.01899999939
-0.2709999979 0.3310000002 0.01899999939
-0.2709999979 0.3330000043 0.01899999939
-0.2689999938 0.3289999962 0.02099999972
-0.2709999979 0.3310000002 0.02099999972
-0.2689999938 0.3289999962 0.02300000004
-0.2709999979 0.3310000002 0.02300000004
-0.2689999938 0.3310000002 0.02300000004
-0.2669999897 0.3289999962 0.02099999972
-0.2709999979 0.3330000043 0.02099999972
-0.2709999979 0.3330000043 0.02300000004
-0.2649999857 0.3230000138 0.02500000037
-0.2649999857 0.3230000138 0.0270000007
-0.2669999897 0.3249999881 0.02500000037
-0.2669999897 0.3269999921 0.02500000037
-0.2669999897 0.3249999881 0.0270000007
-0.2649999857 0.3249999881 0.0270000007
-0.2669999897 0.3269999921 0.0270000007
-0.2649999857 0.3230000138 0.02899999917
-0.2649999857 0.3230000138 0.03099999949
-0.2689999938 0.3269999921 0.03099999949
-0.2649999857 0.3249999881 0.02899999917
-0.2669999897 0.3269999921 0.02899999917
-0.2669999897 0.3249999881 0.03099999949
-0.2649999857 0.3249999881 0.03099999949
-0.2669999897 0.3269999921 0.03099999949
-0.2630000114 0.3210000098 0.02500000037
-0.2630000114 0.3210000098 0.0270000007
-0.2630000114 0.3230000138 0.0270000007
-0.2630000114 0.3210000098 0.02899999917
-0.2630000114 0.3230000138 0.02899999917
-0.2630000114 0.3210000098 0.03099999949
-0.2630000114 0.3230000138 0.03099999949
-0.2689999938 0.3289999962 0.02500000037
-0.2709999979 0.3310000002 0.02500000037
-0.2689999938 0.3310000002 0.02500000037
-0.2689999938 0.3289999962 0.0270000007
-0.2709999979 0.3310000002 0.0270000007
-0.2689999938 0.3310000002 0.0270000007
-0.2669999897 0.3289999962 0.02500000037
-0.2709999979 0.3330000043 0.0270000007
-0.2689999938 0.3289999962 0.02899999917
-0.2709999979 0.3310000002 0.02899999917
-0.2689999938 0.3289999962 0.03099999949
-0.2709999979 0.3310000002 0.03099999949
-0.2689999938 0.3310000002 0.03099999949
-0.2669999897 0.3289999962 0.03099999949
-0.2709999979 0.3330000043 0.02899999917
-0.2849999964 0.3389999866 0.01700000092
-0.2849999964 0.3389999866 0.01899999939
-0.2809999883 0.3370000124 0.01700000092
-0.2829999924 0.3389999866 0.01700000092
-0.2809999883 0.3389999866 0.01700000092
-0.2809999883 0.3370000124 0.01899999939
-0.2809999883 0.3389999866 0.01899999939
-0.2870000005 0.3409999907 0.01700000092
-0.2849999964 0.3409999907 0.01700000092
-0.2870000005 0.3409999907 0.01899999939
-0.2849999964 0.3389999866 0.02099999972
-0.2849999964 0.3389999866 0.02300000004
-0.2809999883 0.3370000124 0.02099999972
-0.2829999924 0.3389999866 0.02099999972
-0.2809999883 0.3370000124 0.02300000004
-0.2829999924 0.3389999866 0.02300000004
-0.2809999883 0.3389999866 0.02300000004
-0.2870000005 0.3409999907 0.02099999972
-0.2849999964 0.3409999907 0.02099999972
-0.2870000005 0.3409999907 0.02300000004
-0.2849999964 0.3409999907 0.02300000004
-0.2790000141 0.3370000124 0.01700000092
-0.27700001 0.3370000124 0.01700000092
-0.2790000141 0.3370000124 0.01899999939
-0.2790000141 0.3370000124 0.02099999972
-0.27700001 0.3370000124 0.02099999972
-0.2790000141 0.3370000124 0.02300000004
-0.27700001 0.3370000124 0.02300000004
-0.2849999964 0.3389999866 0.02500000037
-0.2849999964 0.3389999866 0.0270000007
-0.2809999883 0.3370000124 0.02500000037
-0.2829999924 0.3389999866 0.02500000037
-0.2809999883 0.3389999866 0.02500000037
-0.2809999883 0.3370000124 0.0270000007
-0.2829999924 0.3389999866 0.0270000007
-0.2809999883 0.3389999866 0.0270000007
-0.2870000005 0.3409999907 0.02500000037
-0.2849999964 0.3409999907 0.02500000037
-0.2870000005 0.3409999907 0.0270000007
-0.2849999964 0.3409999907 0.0270000007
-0.2849999964 0.3389999866 0.02899999917
-0.2849999964 0.3389999866 0.03099999949
-0.2809999883 0.3370000124 0.02899999917
-0.2829999924 0.3389999866 0.02899999917
-0.2809999883 0.3389999866 0.02899999917
-0.2829999924 0.3389999866 0.03099999949
-0.2809999883 0.3389999866 0.03099999949
-0.2870000005 0.3409999907 0.02899999917
-0.2849999964 0.3409999907 0.02899999917
-0.2870000005 0.3409999907 0.03099999949
-0.2849999964 0.3409999907 0.03099999949
-0.2790000141 0.3370000124 0.02500000037
-0.27700001 0.3370000124 0.02500000037
-0.2790000141 0.3370000124 0.0270000007
-0.27700001 0.3370000124 0.0270000007
-0.2790000141 0.3370000124 0.02899999917
-0.27700001 0.3370000124 0.02899999917
-0.2790000141 0.3370000124 0.03099999949
-0.27700001 0.3370000124 0.03099999949
-0.3190000057 0.3370000124 0.03299999982
-0.3190000057 0.3389999866 0.03299999982
-0.3170000017 0.3389999866 0.03299999982
-0.3190000057 0.3370000124 0.03500000015
-0.3190000057 0.3389999866 0.03500000015
-0.3170000017 0.3389999866 0.03500000015
-0.3149999976 0.3389999866 0.03299999982
-0.3149999976 0.3389999866 0.03500000015
-0.3149999976 0.3409999907 0.03299999982
-0.3129999936 0.3409999907 0.03299999982
-0.3129999936 0.3409999907 0.03500000015
-0.3190000057 0.3370000124 0.03700000048
-0.3190000057 0.3389999866 0.03700000048
-0.3170000017 0.3389999866 0.03700000048
-0.3190000057 0.3370000124 0.0390000008
-0.3170000017 0.3389999866 0.0390000008
-0.3149999976 0.3389999866 0.03700000048
-0.3149999976 0.3389999866 0.0390000008
-0.3129999936 0.3409999907 0.03700000048
-0.3129999936 0.3409999907 0.0390000008
-0.3109999895 0.3409999907 0.03299999982
-0.3089999855 0.3409999907 0.03299999982
-0.3109999895 0.3409999907 0.03500000015
-0.3070000112 0.3409999907 0.03299999982
-0.3070000112 0.3429999948 0.03299999982
-0.3050000072 0.3429999948 0.03299999982
-0.3070000112 0.3409999907 0.03500000015
-0.3050000072 0.3429999948 0.03500000015
-0.3109999895 0.3409999907 0.03700000048
-0.3089999855 0.3409999907 0.03700000048
-0.3109999895 0.3409999907 0.0390000008
-0.3089999855 0.3409999907 0.0390000008
-0.3070000112 0.3409999907 0.03700000048
-0.3070000112 0.3429999948 0.03700000048
-0.3050000072 0.3429999948 0.0390000008
-0.3190000057 0.3389999866 0.04100000113
-0.3170000017 0.3389999866 0.04100000113
-0.3190000057 0.3370000124 0.04300000146
-0.3190000057 0.3389999866 0.04300000146
-0.3170000017 0.3389999866 0.04300000146
-0.3149999976 0.3389999866 0.04100000113
-0.3149999976 0.3389999866 0.04300000146
-0.3129999936 0.3409999907 0.04300000146
-0.3190000057 0.3370000124 0.04500000179
-0.3190000057 0.3389999866 0.04500000179
-0.3170000017 0.3389999866 0.04500000179
-0.3190000057 0.3370000124 0.04699999839
-0.3149999976 0.3389999866 0.04699999839
-0.3129999936 0.3409999907 0.04500000179
-0.3109999895 0.3409999907 0.04100000113
-0.3089999855 0.3409999907 0.04100000113
-0.3089999855 0.3409999907 0.04300000146
-0.3070000112 0.3409999907 0.04100000113
-0.3050000072 0.3429999948 0.04100000113
-0.3070000112 0.3409999907 0.04300000146
-0.3050000072 0.3429999948 0.04300000146
-0.3109999895 0.3409999907 0.04500000179
-0.3089999855 0.3409999907 0.04699999839
-0.3070000112 0.3409999907 0.04500000179
-0.3050000072 0.3429999948 0.04500000179
-0.3070000112 0.3409999907 0.04699999839
-0.3070000112 0.3429999948 0.04699999839
-0.3050000072 0.3429999948 0.04699999839
-0.3030000031 0.3429999948 0.03299999982
-0.300999999 0.3429999948 0.03299999982
-0.3030000031 0.3429999948 0.03500000015
-0.300999999 0.3429999948 0.03500000015
-0.298999995 0.3429999948 0.03299999982
-0.2969999909 0.3429999948 0.03299999982
-0.298999995 0.3429999948 0.03500000015
-0.2969999909 0.3429999948 0.03500000015
-0.3030000031 0.3429999948 0.03700000048
-0.300999999 0.3429999948 0.03700000048
-0.3030000031 0.3429999948 0.0390000008
-0.300999999 0.3429999948 0.0390000008
-0.298999995 0.3429999948 0.03700000048
-0.2969999909 0.3429999948 0.03700000048
-0.298999995 0.3429999948 0.0390000008
-0.2969999909 0.3429999948 0.0390000008
-0.2930000126 0.3409999907 0.03299999982
-0.2949999869 0.3429999948 0.03299999982
-0.2930000126 0.3429999948 0.03299999982
-0.2949999869 0.3429999948 0.03500000015
-0.2930000126 0.3429999948 0.03500000015
-0.2910000086 0.3409999907 0.03299999982
-0.2890000045 0.3409999907 0.03299999982
-0.2910000086 0.3409999907 0.03500000015
-0.2890000045 0.3409999907 0.03500000015
-0.2910000086 0.3429999948 0.03500000015
-0.2930000126 0.3409999907 0.03700000048
-0.2949999869 0.3429999948 0.03700000048
-0.2930000126 0.3429999948 0.03700000048
-0.2930000126 0.3409999907 0.0390000008
-0.2949999869 0.3429999948 0.0390000008
-0.2930000126 0.3429999948 0.0390000008
-0.2910000086 0.3409999907 0.03700000048
-0.2890000045 0.3409999907 0.03700000048
-0.2910000086 0.3409999907 0.0390000008
-0.2890000045 0.3409999907 0.0390000008
-0.3030000031 0.3429999948 0.04100000113
-0.300999999 0.3429999948 0.04100000113
-0.3030000031 0.3429999948 0.04300000146
-0.300999999 0.3429999948 0.04300000146
-0.298999995 0.3429999948 0.04100000113
-0.2969999909 0.3429999948 0.04100000113
-0.298999995 0.3429999948 0.04300000146
-0.2969999909 0.3429999948 0.04300000146
-0.3030000031 0.3429999948 0.04500000179
-0.300999999 0.3429999948 0.04500000179
-0.3030000031 0.3429999948 0.04699999839
-0.300999999 0.3429999948 0.04699999839
-0.298999995 0.3429999948 0.04500000179
-0.2969999909 0.3429999948 0.04500000179
-0.298999995 0.3429999948 0.04699999839
-0.2969999909 0.3429999948 0.04699999839
-0.2930000126 0.3409999907 0.04100000113
-0.2949999869 0.3429999948 0.04100000113
-0.2930000126 0.3429999948 0.04100000113
-0.2930000126 0.3409999907 0.04300000146
-0.2949999869 0.3429999948 0.04300000146
-0.2930000126 0.3429999948 0.04300000146
-0.2910000086 0.3409999907 0.04100000113
-0.2890000045 0.3409999907 0.04100000113
-0.2910000086 0.3409999907 0.04300000146
-0.2890000045 0.3409999907 0.04300000146
-0.2910000086 0.3429999948 0.04300000146
-0.2930000126 0.3409999907 0.04500000179
-0.2949999869 0.3429999948 0.04500000179
-0.2930000126 0.3429999948 0.04500000179
-0.2930000126 0.3409999907 0.04699999839
-0.2949999869 0.3429999948 0.04699999839
-0.2930000126 0.3429999948 0.04699999839
-0.2910000086 0.3409999907 0.04500000179
-0.2890000045 0.3409999907 0.04500000179
-0.2910000086 0.3409999907 0.04699999839
-0.2890000045 0.3409999907 0.04699999839
-0.3190000057 0.3370000124 0.04899999872
-0.3170000017 0.3389999866 0.04899999872
-0.3190000057 0.3370000124 0.05099999905
-0.3149999976 0.3389999866 0.05099999905
-0.3129999936 0.3409999907 0.04899999872
-0.3170000017 0.3389999866 0.05299999937
-0.3190000057 0.3370000124 0.0549999997
-0.3149999976 0.3389999866 0.05299999937
-0.3149999976 0.3389999866 0.0549999997
-0.3129999936 0.3409999907 0.05299999937
-0.3109999895 0.3409999907 0.04899999872
-0.3089999855 0.3409999907 0.05099999905
-0.3070000112 0.3409999907 0.04899999872
-0.3070000112 0.3429999948 0.04899999872
-0.3050000072 0.3429999948 0.04899999872
-0.3070000112 0.3409999907 0.05099999905
-0.3070000112 0.3429999948 0.05099999905
-0.3050000072 0.3429999948 0.05099999905
-0.3109999895 0.3409999907 0.05299999937
-0.3089999855 0.3409999907 0.05299999937
-0.3109999895 0.3409999907 0.0549999997
-0.3070000112 0.3409999907 0.05299999937
-0.3070000112 0.3429999948 0.05299999937
-0.3050000072 0.3429999948 0.05299999937
-0.3070000112 0.3409999907 0.0549999997
-0.3070000112 0.3429999948 0.0549999997
-0.3050000072 0.3429999948 0.0549999997
-0.3190000057 0.3389999866 0.05700000003
-0.3190000057 0.3370000124 0.05900000036
-0.3190000057 0.3389999866 0.05900000036
-0.3170000017 0.3389999866 0.05900000036
-0.3149999976 0.3389999866 0.05700000003
-0.3149999976 0.3409999907 0.05700000003
-0.3129999936 0.3409999907 0.05900000036
-0.3190000057 0.3370000124 0.06100000069
-0.3190000057 0.3370000124 0.06300000101
-0.3170000017 0.3389999866 0.06300000101
-0.3149999976 0.3389999866 0.06100000069
-0.3129999936 0.3409999907 0.06300000101
-0.3109999895 0.3409999907 0.05700000003
-0.3089999855 0.3409999907 0.05700000003
-0.3109999895 0.3409999907 0.05900000036
-0.3089999855 0.3409999907 0.05900000036
-0.3070000112 0.3409999907 0.05700000003
-0.3070000112 0.3429999948 0.05700000003
-0.3050000072 0.3429999948 0.05700000003
-0.3070000112 0.3409999907 0.05900000036
-0.3070000112 0.3429999948 0.05900000036
-0.3050000072 0.3429999948 0.05900000036
-0.3109999895 0.3409999907 0.06100000069
-0.3089999855 0.3409999907 0.06100000069
-0.3109999895 0.3409999907 0.06300000101
-0.3089999855 0.3409999907 0.06300000101
-0.3070000112 0.3409999907 0.06100000069
-0.3070000112 0.3429999948 0.06100000069
-0.3050000072 0.3429999948 0.06100000069
-0.3070000112 0.3429999948 0.06300000101
-0.3050000072 0.3429999948 0.06300000101
-0.3030000031 0.3429999948 0.04899999872
-0.300999999 0.3429999948 0.04899999872
-0.3030000031 0.3429999948 0.05099999905
-0.300999999 0.3429999948 0.05099999905
-0.298999995 0.3429999948 0.04899999872
-0.2969999909 0.3429999948 0.04899999872
-0.298999995 0.3429999948 0.05099999905
-0.2969999909 0.3429999948 0.05099999905
-0.3030000031 0.3429999948 0.05299999937
-0.300999999 0.3429999948 0.05299999937
-0.3030000031 0.3429999948 0.0549999997
-0.300999999 0.3429999948 0.0549999997
-0.298999995 0.3429999948 0.05299999937
-0.2969999909 0.3429999948 0.05299999937
-0.298999995 0.3429999948 0.0549999997
-0.2969999909 0.3429999948 0.0549999997
-0.2930000126 0.3409999907 0.04899999872
-0.2949999869 0.3429999948 0.04899999872
-0.2930000126 0.3429999948 0.04899999872
-0.2930000126 0.3409999907 0.05099999905
-0.2949999869 0.3429999948 0.05099999905
-0.2930000126 0.3429999948 0.05099999905
-0.2910000086 0.3409999907 0.04899999872
-0.2890000045 0.3409999907 0.04899999872
-0.2910000086 0.3429999948 0.04899999872
-0.2910000086 0.3409999907 0.05099999905
-0.2890000045 0.3409999907 0.05099999905
-0.2930000126 0.3409999907 0.05299999937
-0.2949999869 0.3429999948 0.05299999937
-0.2930000126 0.3429999948 0.05299999937
-0.2930000126 0.3409999907 0.0549999997
-0.2949999869 0.3429999948 0.0549999997
-0.2930000126 0.3429999948 0.0549999997
-0.2910000086 0.3409999907 0.05299999937
-0.2890000045 0.3409999907 0.05299999937
-0.2910000086 0.3409999907 0.0549999997
-0.2890000045 0.3409999907 0.0549999997
-0.2910000086 0.3429999948 0.0549999997
-0.3030000031 0.3429999948 0.05700000003
-0.300999999 0.3429999948 0.05700000003
-0.3030000031 0.3429999948 0.05900000036
-0.300999999 0.3429999948 0.05900000036
-0.298999995 0.3429999948 0.05700000003
-0.2969999909 0.3429999948 0.05700000003
-0.298999995 0.3429999948 0.05900000036
-0.2969999909 0.3429999948 0.05900000036
-0.3030000031 0.3429999948 0.06100000069
-0.300999999 0.3429999948 0.06100000069
-0.3030000031 0.3429999948 0.06300000101
-0.300999999 0.3429999948 0.06300000101
-0.298999995 0.3429999948 0.06100000069
-0.2969999909 0.3429999948 0.06100000069
-0.298999995 0.3429999948 0.06300000101
-0.2969999909 0.3429999948 0.06300000101
-0.2930000126 0.3409999907 0.05700000003
-0.2949999869 0.3429999948 0.05700000003
-0.2930000126 0.3429999948 0.05700000003
-0.2930000126 0.3409999907 0.05900000036
-0.2949999869 0.3429999948 0.05900000036
-0.2930000126 0.3429999948 0.05900000036
-0.2910000086 0.3409999907 0.05700000003
-0.2890000045 0.3409999907 0.05700000003
-0.2910000086 0.3409999907 0.05900000036
-0.2890000045 0.3409999907 0.05900000036
-0.2930000126 0.3409999907 0.06100000069
-0.2949999869 0.3429999948 0.06100000069
-0.2930000126 0.3429999948 0.06100000069
-0.2930000126 0.3409999907 0.06300000101
-0.2949999869 0.3429999948 0.06300000101
-0.2930000126 0.3429999948 0.06300000101
-0.2910000086 0.3409999907 0.06100000069
-0.2890000045 0.3409999907 0.06100000069
-0.2910000086 0.3429999948 0.06100000069
-0.2910000086 0.3409999907 0.06300000101
-0.2890000045 0.3409999907 0.06300000101
-0.27700001 0.3350000083 0.03299999982
-0.27700001 0.3350000083 0.03500000015
-0.275000006 0.3330000043 0.03299999982
-0.2730000019 0.3330000043 0.03299999982
-0.275000006 0.3350000083 0.03299999982
-0.275000006 0.3330000043 0.03500000015
-0.2730000019 0.3330000043 0.03500000015
-0.275000006 0.3350000083 0.03500000015
-0.27700001 0.3350000083 0.03700000048
-0.27700001 0.3350000083 0.0390000008
-0.2730000019 0.3330000043 0.03700000048
-0.275000006 0.3350000083 0.03700000048
-0.275000006 0.3330000043 0.0390000008
-0.2730000019 0.3330000043 0.0390000008
-0.275000006 0.3350000083 0.0390000008
-0.27700001 0.3350000083 0.04100000113
-0.27700001 0.3350000083 0.04300000146
-0.275000006 0.3330000043 0.04100000113
-0.2730000019 0.3330000043 0.04100000113
-0.275000006 0.3350000083 0.04100000113
-0.2730000019 0.3330000043 0.04300000146
-0.275000006 0.3350000083 0.04300000146
-0.27700001 0.3350000083 0.04500000179
-0.27700001 0.3350000083 0.04699999839
-0.275000006 0.3330000043 0.04500000179
-0.2730000019 0.3330000043 0.04500000179
-0.275000006 0.3350000083 0.04500000179
-0.275000006 0.3330000043 0.04699999839
-0.2730000019 0.3330000043 0.04699999839
-0.275000006 0.3350000083 0.04699999839
-0.2649999857 0.3230000138 0.03299999982
-0.2649999857 0.3230000138 0.03500000015
-0.2669999897 0.3249999881 0.03299999982
-0.2669999897 0.3269999921 0.03299999982
-0.2669999897 0.3249999881 0.03500000015
-0.2649999857 0.3249999881 0.03500000015
-0.2669999897 0.3269999921 0.03500000015
-0.2649999857 0.3269999921 0.03500000015
-0.2649999857 0.3230000138 0.03700000048
-0.2649999857 0.3210000098 0.0390000008
-0.2649999857 0.3230000138 0.0390000008
-0.2669999897 0.3249999881 0.03700000048
-0.2649999857 0.3249999881 0.03700000048
-0.2669999897 0.3269999921 0.03700000048
-0.2669999897 0.3249999881 0.0390000008
-0.2649999857 0.3249999881 0.0390000008
-0.2669999897 0.3269999921 0.0390000008
-0.2630000114 0.3210000098 0.03299999982
-0.2630000114 0.3230000138 0.03299999982
-0.2630000114 0.3210000098 0.03500000015
-0.2630000114 0.3230000138 0.03500000015
-0.2630000114 0.3210000098 0.03700000048
-0.2630000114 0.3230000138 0.03700000048
-0.2630000114 0.3210000098 0.0390000008
-0.2630000114 0.3230000138 0.0390000008
-0.2689999938 0.3289999962 0.03299999982
-0.2709999979 0.3310000002 0.03299999982
-0.2689999938 0.3310000002 0.03299999982
-0.2689999938 0.3289999962 0.03500000015
-0.2709999979 0.3310000002 0.03500000015
-0.2689999938 0.3310000002 0.03500000015
-0.2709999979 0.3330000043 0.03299999982
-0.2709999979 0.3330000043 0.03500000015
-0.2689999938 0.3289999962 0.03700000048
-0.2709999979 0.3310000002 0.03700000048
-0.2689999938 0.3289999962 0.0390000008
-0.2709999979 0.3310000002 0.0390000008
-0.2689999938 0.3310000002 0.0390000008
-0.2669999897 0.3289999962 0.03700000048
-0.2669999897 0.3289999962 0.0390000008
-0.2709999979 0.3330000043 0.03700000048
-0.2709999979 0.3330000043 0.0390000008
-0.2649999857 0.3230000138 0.04100000113
-0.2649999857 0.3230000138 0.04300000146
-0.2649999857 0.3249999881 0.04100000113
-0.2669999897 0.3269999921 0.04100000113
-0.2669999897 0.3249999881 0.04300000146
-0.2649999857 0.3249999881 0.04300000146
-0.2669999897 0.3269999921 0.04300000146
-0.2649999857 0.3230000138 0.04500000179
-0.2649999857 0.3230000138 0.04699999839
-0.2669999897 0.3249999881 0.04500000179
-0.2649999857 0.3249999881 0.04500000179
-0.2669999897 0.3269999921 0.04500000179
-0.2669999897 0.3249999881 0.04699999839
-0.2649999857 0.3249999881 0.04699999839
-0.2669999897 0.3269999921 0.04699999839
-0.2630000114 0.3210000098 0.04100000113
-0.2630000114 0.3210000098 0.04300000146
-0.2630000114 0.3230000138 0.04300000146
-0.2630000114 0.3210000098 0.04500000179
-0.2630000114 0.3230000138 0.04500000179
-0.2630000114 0.3210000098 0.04699999839
-0.2630000114 0.3230000138 0.04699999839
-0.2689999938 0.3289999962 0.04100000113
-0.2709999979 0.3310000002 0.04100000113
-0.2689999938 0.3310000002 0.04100000113
-0.2689999938 0.3289999962 0.04300000146
-0.2709999979 0.3310000002 0.04300000146
-0.2689999938 0.3310000002 0.04300000146
-0.2669999897 0.3289999962 0.04100000113
-0.2709999979 0.3330000043 0.04300000146
-0.2689999938 0.3289999962 0.04500000179
-0.2709999979 0.3310000002 0.04500000179
-0.2689999938 0.3289999962 0.04699999839
-0.2709999979 0.3310000002 0.04699999839
-0.2689999938 0.3310000002 0.04699999839
-0.2669999897 0.3289999962 0.04500000179
-0.2709999979 0.3330000043 0.04699999839
-0.2849999964 0.3389999866 0.03299999982
-0.2849999964 0.3389999866 0.03500000015
-0.2809999883 0.3370000124 0.03299999982
-0.2829999924 0.3389999866 0.03299999982
-0.2809999883 0.3389999866 0.03299999982
-0.2809999883 0.3370000124 0.03500000015
-0.2829999924 0.3389999866 0.03500000015
-0.2809999883 0.3389999866 0.03500000015
-0.2870000005 0.3409999907 0.03299999982
-0.2849999964 0.3409999907 0.03299999982
-0.2870000005 0.3409999907 0.03500000015
-0.2849999964 0.3389999866 0.03700000048
-0.2849999964 0.3389999866 0.0390000008
-0.2809999883 0.3370000124 0.03700000048
-0.2829999924 0.3389999866 0.03700000048
-0.2809999883 0.3389999866 0.03700000048
-0.2809999883 0.3370000124 0.0390000008
-0.2829999924 0.3389999866 0.0390000008
-0.2870000005 0.3409999907 0.03700000048
-0.2849999964 0.3409999907 0.03700000048
-0.2870000005 0.3409999907 0.0390000008
-0.2849999964 0.3409999907 0.0390000008
-0.2790000141 0.3370000124 0.03299999982
-0.27700001 0.3370000124 0.03299999982
-0.2790000141 0.3370000124 0.03500000015
-0.2790000141 0.3370000124 0.03700000048
-0.27700001 0.3370000124 0.03700000048
-0.2790000141 0.3370000124 0.0390000008
-0.27700001 0.3370000124 0.0390000008
-0.2849999964 0.3389999866 0.04100000113
-0.2849999964 0.3389999866 0.04300000146
-0.2809999883 0.3370000124 0.04100000113
-0.2829999924 0.3389999866 0.04100000113
-0.2809999883 0.3389999866 0.04100000113
-0.2809999883 0.3370000124 0.04300000146
-0.2829999924 0.3389999866 0.04300000146
-0.2809999883 0.3389999866 0.04300000146
-0.2870000005 0.3409999907 0.04100000113
-0.2849999964 0.3409999907 0.04100000113
-0.2870000005 0.3409999907 0.04300000146
-0.2849999964 0.3409999907 0.04300000146
-0.2849999964 0.3389999866 0.04500000179
-0.2849999964 0.3389999866 0.04699999839
-0.2809999883 0.3370000124 0.04500000179
-0.2829999924 0.3389999866 0.04500000179
-0.2809999883 0.3389999866 0.04500000179
-0.2829999924 0.3389999866 0.04699999839
-0.2809999883 0.3389999866 0.04699999839
-0.2870000005 0.3409999907 0.04500000179
-0.2849999964 0.3409999907 0.04500000179
-0.2870000005 0.3409999907 0.04699999839
-0.2849999964 0.3409999907 0.04699999839
-0.2790000141 0.3370000124 0.04100000113
-0.27700001 0.3370000124 0.04100000113
-0.2790000141 0.3370000124 0.04300000146
-0.27700001 0.3370000124 0.04300000146
-0.2790000141 0.3370000124 0.04500000179
-0.27700001 0.3370000124 0.04500000179
-0.2790000141 0.3370000124 0.04699999839
-0.27700001 0.3370000124 0.04699999839
-0.2730000019 0.3310000002 0.05099999905
-0.27700001 0.3350000083 0.04899999872
-0.27700001 0.3350000083 0.05099999905
-0.2730000019 0.3330000043 0.04899999872
-0.275000006 0.3350000083 0.04899999872
-0.275000006 0.3330000043 0.05099999905
-0.2730000019 0.3330000043 0.05099999905
-0.275000006 0.3350000083 0.05099999905
-0.2730000019 0.3310000002 0.0549999997
-0.27700001 0.3350000083 0.05299999937
-0.27700001 0.3350000083 0.0549999997
-0.275000006 0.3330000043 0.05299999937
-0.2730000019 0.3330000043 0.05299999937
-0.275000006 0.3350000083 0.05299999937
-0.275000006 0.3330000043 0.0549999997
-0.2730000019 0.3330000043 0.0549999997
-0.275000006 0.3350000083 0.0549999997
-0.27700001 0.3350000083 0.05700000003
-0.27700001 0.3350000083 0.05900000036
-0.275000006 0.3330000043 0.05700000003
-0.2730000019 0.3330000043 0.05700000003
-0.275000006 0.3350000083 0.05700000003
-0.275000006 0.3330000043 0.05900000036
-0.2730000019 0.3330000043 0.05900000036
-0.275000006 0.3350000083 0.05900000036
-0.27700001 0.3350000083 0.06100000069
-0.27700001 0.3350000083 0.06300000101
-0.2730000019 0.3330000043 0.06100000069
-0.275000006 0.3350000083 0.06100000069
-0.275000006 0.3330000043 0.06300000101
-0.2730000019 0.3330000043 0.06300000101
-0.275000006 0.3350000083 0.06300000101
-0.2649999857 0.3230000138 0.04899999872
-0.2649999857 0.3230000138 0.05099999905
-0.2649999857 0.3249999881 0.04899999872
-0.2669999897 0.3269999921 0.04899999872
-0.2669999897 0.3249999881 0.05099999905
-0.2649999857 0.3249999881 0.05099999905
-0.2669999897 0.3269999921 0.05099999905
-0.2649999857 0.3230000138 0.05299999937
-0.2649999857 0.3230000138 0.0549999997
-0.2649999857 0.3249999881 0.05299999937
-0.2669999897 0.3269999921 0.05299999937
-0.2669999897 0.3249999881 0.0549999997
-0.2649999857 0.3249999881 0.0549999997
-0.2669999897 0.3269999921 0.0549999997
-0.2630000114 0.3210000098 0.04899999872
-0.2630000114 0.3230000138 0.05099999905
-0.2630000114 0.3210000098 0.05299999937
-0.2630000114 0.3230000138 0.05299999937
-0.2630000114 0.3210000098 0.0549999997
-0.2630000114 0.3230000138 0.0549999997
-0.2689999938 0.3289999962 0.04899999872
-0.2709999979 0.3310000002 0.04899999872
-0.2689999938 0.3289999962 0.05099999905
-0.2709999979 0.3310000002 0.05099999905
-0.2689999938 0.3310000002 0.05099999905
-0.2669999897 0.3289999962 0.04899999872
-0.2689999938 0.3289999962 0.05299999937
-0.2709999979 0.3310000002 0.05299999937
-0.2689999938 0.3289999962 0.0549999997
-0.2709999979 0.3310000002 0.0549999997
-0.2689999938 0.3310000002 0.0549999997
-0.2669999897 0.3289999962 0.0549999997
-0.2709999979 0.3330000043 0.05299999937
-0.2649999857 0.3230000138 0.05700000003
-0.2649999857 0.3230000138 0.05900000036
-0.2689999938 0.3269999921 0.05700000003
-0.2689999938 0.3269999921 0.05900000036
-0.2649999857 0.3249999881 0.05700000003
-0.2669999897 0.3269999921 0.05700000003
-0.2649999857 0.3269999921 0.05700000003
-0.2669999897 0.3249999881 0.05900000036
-0.2649999857 0.3249999881 0.05900000036
-0.2669999897 0.3269999921 0.05900000036
-0.2649999857 0.3230000138 0.06300000101
-0.2689999938 0.3269999921 0.06300000101
-0.2669999897 0.3249999881 0.06100000069
-0.2649999857 0.3249999881 0.06100000069
-0.2669999897 0.3269999921 0.06100000069
-0.2649999857 0.3249999881 0.06300000101
-0.2669999897 0.3269999921 0.06300000101
-0.2630000114 0.3210000098 0.05700000003
-0.2630000114 0.3230000138 0.05700000003
-0.2630000114 0.3210000098 0.05900000036
-0.2630000114 0.3230000138 0.05900000036
-0.2630000114 0.3210000098 0.06100000069
-0.2630000114 0.3210000098 0.06300000101
-0.2630000114 0.3230000138 0.06300000101
-0.2689999938 0.3289999962 0.05700000003
-0.2709999979 0.3310000002 0.05700000003
-0.2689999938 0.3289999962 0.05900000036
-0.2709999979 0.3310000002 0.05900000036
-0.2669999897 0.3289999962 0.05900000036
-0.2709999979 0.3330000043 0.05700000003
-0.2689999938 0.3289999962 0.06100000069
-0.2709999979 0.3310000002 0.06100000069
-0.2689999938 0.3310000002 0.06100000069
-0.2689999938 0.3289999962 0.06300000101
-0.2709999979 0.3310000002 0.06300000101
-0.2669999897 0.3289999962 0.06300000101
-0.2709999979 0.3330000043 0.06100000069
-0.2849999964 0.3389999866 0.04899999872
-0.2849999964 0.3389999866 0.05099999905
-0.2809999883 0.3370000124 0.04899999872
-0.2829999924 0.3389999866 0.04899999872
-0.2809999883 0.3389999866 0.04899999872
-0.2809999883 0.3370000124 0.05099999905
-0.2829999924 0.3389999866 0.05099999905
-0.2809999883 0.3389999866 0.05099999905
-0.2870000005 0.3409999907 0.04899999872
-0.2849999964 0.3409999907 0.04899999872
-0.2870000005 0.3409999907 0.05099999905
-0.2849999964 0.3389999866 0.05299999937
-0.2849999964 0.3389999866 0.0549999997
-0.2829999924 0.3389999866 0.05299999937
-0.2809999883 0.3389999866 0.05299999937
-0.2809999883 0.3370000124 0.0549999997
-0.2829999924 0.3389999866 0.0549999997
-0.2809999883 0.3389999866 0.0549999997
-0.2870000005 0.3409999907 0.05299999937
-0.2849999964 0.3409999907 0.05299999937
-0.2870000005 0.3409999907 0.0549999997
-0.2849999964 0.3409999907 0.0549999997
-0.2790000141 0.3370000124 0.04899999872
-0.27700001 0.3370000124 0.04899999872
-0.2790000141 0.3370000124 0.05099999905
-0.27700001 0.3370000124 0.05099999905
-0.2790000141 0.3370000124 0.05299999937
-0.27700001 0.3370000124 0.05299999937
-0.2790000141 0.3370000124 0.0549999997
-0.27700001 0.3370000124 0.0549999997
-0.2849999964 0.3389999866 0.05700000003
-0.2849999964 0.3389999866 0.05900000036
-0.2829999924 0.3389999866 0.05700000003
-0.2809999883 0.3389999866 0.05700000003
-0.2809999883 0.3370000124 0.05900000036
-0.2829999924 0.3389999866 0.05900000036
-0.2809999883 0.3389999866 0.05900000036
-0.2870000005 0.3409999907 0.05700000003
-0.2849999964 0.3409999907 0.05700000003
-0.2870000005 0.3409999907 0.05900000036
-0.2849999964 0.3409999907 0.05900000036
-0.2849999964 0.3389999866 0.06100000069
-0.2849999964 0.3389999866 0.06300000101
-0.2809999883 0.3370000124 0.06100000069
-0.2829999924 0.3389999866 0.06100000069
-0.2809999883 0.3389999866 0.06100000069
-0.2829999924 0.3389999866 0.06300000101
-0.2809999883 0.3389999866 0.06300000101
-0.2870000005 0.3409999907 0.06100000069
-0.2849999964 0.3409999907 0.06100000069
-0.2870000005 0.3409999907 0.06300000101
-0.2849999964 0.3409999907 0.06300000101
-0.2790000141 0.3370000124 0.05700000003
-0.27700001 0.3370000124 0.05700000003
-0.2790000141 0.3370000124 0.05900000036
-0.27700001 0.3370000124 0.05900000036
-0.2790000141 0.3370000124 0.06100000069
-0.27700001 0.3370000124 0.06100000069
-0.2790000141 0.3370000124 0.06300000101
-0.27700001 0.3370000124 0.06300000101
-0.3210000098 0.2630000114 0.06499999762
-0.3210000098 0.2630000114 0.06700000167
-0.3210000098 0.2630000114 0.06899999827
-0.3210000098 0.2630000114 0.07100000232
-0.3289999962 0.2689999938 0.06499999762
-0.3310000002 0.2709999979 0.06499999762
-0.3289999962 0.2709999979 0.06499999762
-0.3289999962 0.2689999938 0.06700000167
-0.3310000002 0.2709999979 0.06700000167
-0.3289999962 0.2709999979 0.06700000167
-0.3289999962 0.2689999938 0.06899999827
-0.3310000002 0.2709999979 0.06899999827
-0.3289999962 0.2709999979 0.06899999827
-0.3289999962 0.2689999938 0.07100000232
-0.3310000002 0.2709999979 0.07100000232
-0.3289999962 0.2709999979 0.07100000232
-0.3249999881 0.2649999857 0.06499999762
-0.3269999921 0.2669999897 0.06499999762
-0.3249999881 0.2669999897 0.06499999762
-0.3269999921 0.2669999897 0.06700000167
-0.3249999881 0.2669999897 0.06700000167
-0.3230000138 0.2649999857 0.06499999762
-0.3210000098 0.2649999857 0.06499999762
-0.3230000138 0.2649999857 0.06700000167
-0.3210000098 0.2649999857 0.06700000167
-0.3230000138 0.2669999897 0.06700000167
-0.3269999921 0.2689999938 0.06499999762
-0.3249999881 0.2689999938 0.06499999762
-0.3269999921 0.2689999938 0.06700000167
-0.3249999881 0.2649999857 0.06899999827
-0.3269999921 0.2669999897 0.06899999827
-0.3249999881 0.2669999897 0.06899999827
-0.3249999881 0.2649999857 0.07100000232
-0.3269999921 0.2669999897 0.07100000232
-0.3249999881 0.2669999897 0.07100000232
-0.3230000138 0.2649999857 0.06899999827
-0.3210000098 0.2649999857 0.06899999827
-0.3230000138 0.2669999897 0.06899999827
-0.3230000138 0.2649999857 0.07100000232
-0.3210000098 0.2649999857 0.07100000232
-0.3230000138 0.2669999897 0.07100000232
-0.3269999921 0.2689999938 0.06899999827
-0.3249999881 0.2689999938 0.06899999827
-0.3269999921 0.2689999938 0.07100000232
-0.3230000138 0.2630000114 0.07299999893
-0.3210000098 0.2630000114 0.07299999893
-0.3210000098 0.2630000114 0.07500000298
-0.3210000098 0.2630000114 0.07699999958
-0.3210000098 0.2630000114 0.07900000364
-0.3289999962 0.2689999938 0.07299999893
-0.3310000002 0.2709999979 0.07299999893
-0.3289999962 0.2709999979 0.07299999893
-0.3289999962 0.2689999938 0.07500000298
-0.3310000002 0.2709999979 0.07500000298
-0.3289999962 0.2709999979 0.07500000298
-0.3289999962 0.2689999938 0.07699999958
-0.3310000002 0.2709999979 0.07699999958
-0.3289999962 0.2709999979 0.07699999958
-0.3289999962 0.2689999938 0.07900000364
-0.3310000002 0.2709999979 0.07900000364
-0.3289999962 0.2709999979 0.07900000364
-0.3269999921 0.2669999897 0.07299999893
-0.3249999881 0.2669999897 0.07299999893
-0.3249999881 0.2649999857 0.07500000298
-0.3269999921 0.2669999897 0.07500000298
-0.3249999881 0.2669999897 0.07500000298
-0.3230000138 0.2649999857 0.07299999893
-0.3210000098 0.2649999857 0.07299999893
-0.3230000138 0.2669999897 0.07299999893
-0.3230000138 0.2649999857 0.07500000298
-0.3210000098 0.2649999857 0.07500000298
-0.3230000138 0.2669999897 0.07500000298
-0.3269999921 0.2689999938 0.07299999893
-0.3269999921 0.2689999938 0.07500000298
-0.3249999881 0.2669999897 0.07699999958
-0.3249999881 0.2649999857 0.07900000364
-0.3269999921 0.2669999897 0.07900000364
-0.3249999881 0.2669999897 0.07900000364
-0.3230000138 0.2649999857 0.07699999958
-0.3210000098 0.2649999857 0.07699999958
-0.3230000138 0.2669999897 0.07699999958
-0.3230000138 0.2649999857 0.07900000364
-0.3210000098 0.2649999857 0.07900000364
-0.3230000138 0.2669999897 0.07900000364
-0.3269999921 0.2689999938 0.07699999958
-0.3249999881 0.2689999938 0.07699999958
-0.3269999921 0.2689999938 0.07900000364
-0.3370000124 0.27700001 0.06499999762
-0.3370000124 0.2790000141 0.06499999762
-0.3370000124 0.2790000141 0.06700000167
-0.3370000124 0.27700001 0.06899999827
-0.3370000124 0.2790000141 0.06899999827
-0.3370000124 0.27700001 0.07100000232
-0.3370000124 0.2790000141 0.07100000232
-0.3389999866 0.2809999883 0.06499999762
-0.3370000124 0.2809999883 0.06499999762
-0.3389999866 0.2829999924 0.06499999762
-0.3370000124 0.2829999924 0.06499999762
-0.3389999866 0.2809999883 0.06700000167
-0.3370000124 0.2809999883 0.06700000167
-0.3389999866 0.2829999924 0.06700000167
-0.3370000124 0.2829999924 0.06700000167
-0.3409999907 0.2849999964 0.06499999762
-0.3409999907 0.2870000005 0.06499999762
-0.3409999907 0.2849999964 0.06700000167
-0.3409999907 0.2870000005 0.06700000167
-0.3389999866 0.2849999964 0.06499999762
-0.3370000124 0.2849999964 0.06499999762
-0.3389999866 0.2870000005 0.06499999762
-0.3389999866 0.2849999964 0.06700000167
-0.3389999866 0.2870000005 0.06700000167
-0.3389999866 0.2809999883 0.06899999827
-0.3370000124 0.2809999883 0.06899999827
-0.3389999866 0.2829999924 0.06899999827
-0.3370000124 0.2829999924 0.06899999827
-0.3389999866 0.2809999883 0.07100000232
-0.3370000124 0.2809999883 0.07100000232
-0.3389999866 0.2829999924 0.07100000232
-0.3370000124 0.2829999924 0.07100000232
-0.3409999907 0.2849999964 0.06899999827
-0.3409999907 0.2870000005 0.06899999827
-0.3409999907 0.2849999964 0.07100000232
-0.3409999907 0.2870000005 0.07100000232
-0.3389999866 0.2849999964 0.06899999827
-0.3389999866 0.2870000005 0.06899999827
-0.3389999866 0.2849999964 0.07100000232
-0.3370000124 0.2849999964 0.07100000232
-0.3389999866 0.2870000005 0.07100000232
-0.3370000124 0.27700001 0.07299999893
-0.3370000124 0.2790000141 0.07299999893
-0.3370000124 0.27700001 0.07500000298
-0.3370000124 0.2790000141 0.07500000298
-0.3370000124 0.27700001 0.07699999958
-0.3370000124 0.2790000141 0.07699999958
-0.3370000124 0.27700001 0.07900000364
-0.3370000124 0.2790000141 0.07900000364
-0.3389999866 0.2809999883 0.07299999893
-0.3370000124 0.2809999883 0.07299999893
-0.3389999866 0.2829999924 0.07299999893
-0.3370000124 0.2829999924 0.07299999893
-0.3389999866 0.2809999883 0.07500000298
-0.3370000124 0.2809999883 0.07500000298
-0.3389999866 0.2829999924 0.07500000298
-0.3370000124 0.2829999924 0.07500000298
-0.3409999907 0.2870000005 0.07299999893
-0.3409999907 0.2849999964 0.07500000298
-0.3409999907 0.2870000005 0.07500000298
-0.3389999866 0.2849999964 0.07299999893
-0.3389999866 0.2870000005 0.07299999893
-0.3389999866 0.2849999964 0.07500000298
-0.3389999866 0.2870000005 0.07500000298
-0.3389999866 0.2809999883 0.07699999958
-0.3370000124 0.2809999883 0.07699999958
-0.3389999866 0.2829999924 0.07699999958
-0.3370000124 0.2829999924 0.07699999958
-0.3389999866 0.2809999883 0.07900000364
-0.3370000124 0.2809999883 0.07900000364
-0.3389999866 0.2829999924 0.07900000364
-0.3370000124 0.2829999924 0.07900000364
-0.3409999907 0.2849999964 0.07699999958
-0.3409999907 0.2870000005 0.07699999958
-0.3409999907 0.2849999964 0.07900000364
-0.3409999907 0.2870000005 0.07900000364
-0.3389999866 0.2849999964 0.07699999958
-0.3370000124 0.2849999964 0.07699999958
-0.3389999866 0.2870000005 0.07699999958
-0.3389999866 0.2849999964 0.07900000364
-0.3389999866 0.2870000005 0.07900000364
-0.3330000043 0.2730000019 0.06499999762
-0.3350000083 0.275000006 0.06499999762
-0.3330000043 0.275000006 0.06499999762
-0.3330000043 0.2730000019 0.06700000167
-0.3350000083 0.275000006 0.06700000167
-0.3330000043 0.275000006 0.06700000167
-0.3310000002 0.2730000019 0.06499999762
-0.3310000002 0.2730000019 0.06700000167
-0.3310000002 0.275000006 0.06700000167
-0.3350000083 0.27700001 0.06499999762
-0.3330000043 0.27700001 0.06499999762
-0.3350000083 0.2790000141 0.06499999762
-0.3350000083 0.27700001 0.06700000167
-0.3330000043 0.27700001 0.06700000167
-0.3350000083 0.2790000141 0.06700000167
-0.3330000043 0.2730000019 0.06899999827
-0.3350000083 0.275000006 0.06899999827
-0.3330000043 0.275000006 0.06899999827
-0.3330000043 0.2730000019 0.07100000232
-0.3350000083 0.275000006 0.07100000232
-0.3330000043 0.275000006 0.07100000232
-0.3310000002 0.2730000019 0.06899999827
-0.3310000002 0.2730000019 0.07100000232
-0.3350000083 0.27700001 0.06899999827
-0.3330000043 0.27700001 0.06899999827
-0.3350000083 0.2790000141 0.06899999827
-0.3350000083 0.27700001 0.07100000232
-0.3330000043 0.27700001 0.07100000232
-0.3350000083 0.2790000141 0.07100000232
-0.3330000043 0.2730000019 0.07299999893
-0.3350000083 0.275000006 0.07299999893
-0.3330000043 0.2730000019 0.07500000298
-0.3350000083 0.275000006 0.07500000298
-0.3330000043 0.275000006 0.07500000298
-0.3310000002 0.2730000019 0.07299999893
-0.3310000002 0.2730000019 0.07500000298
-0.3310000002 0.275000006 0.07500000298
-0.3350000083 0.27700001 0.07299999893
-0.3330000043 0.27700001 0.07299999893
-0.3350000083 0.2790000141 0.07299999893
-0.3350000083 0.27700001 0.07500000298
-0.3350000083 0.2790000141 0.07500000298
-0.3330000043 0.2730000019 0.07699999958
-0.3350000083 0.275000006 0.07699999958
-0.3330000043 0.275000006 0.07699999958
-0.3330000043 0.2730000019 0.07900000364
-0.3350000083 0.275000006 0.07900000364
-0.3330000043 0.275000006 0.07900000364
-0.3310000002 0.2730000019 0.07699999958
-0.3310000002 0.2730000019 0.07900000364
-0.3350000083 0.27700001 0.07699999958
-0.3330000043 0.27700001 0.07699999958
-0.3350000083 0.2790000141 0.07699999958
-0.3350000083 0.27700001 0.07900000364
-0.3330000043 0.27700001 0.07900000364
-0.3350000083 0.2790000141 0.07900000364
-0.3350000083 0.2809999883 0.07299999893
-0.3350000083 0.2809999883 0.07900000364
-0.3210000098 0.2630000114 0.08100000024
-0.3210000098 0.2630000114 0.08299999684
-0.3210000098 0.2630000114 0.08500000089
-0.3210000098 0.2630000114 0.0869999975
-0.3289999962 0.2689999938 0.08100000024
-0.3310000002 0.2709999979 0.08100000024
-0.3289999962 0.2709999979 0.08100000024
-0.3289999962 0.2689999938 0.08299999684
-0.3310000002 0.2709999979 0.08299999684
-0.3289999962 0.2709999979 0.08299999684
-0.3289999962 0.2689999938 0.08500000089
-0.3310000002 0.2709999979 0.08500000089
-0.3289999962 0.2709999979 0.08500000089
-0.3289999962 0.2689999938 0.0869999975
-0.3310000002 0.2709999979 0.0869999975
-0.3289999962 0.2709999979 0.0869999975
-0.3249999881 0.2649999857 0.08100000024
-0.3269999921 0.2669999897 0.08100000024
-0.3249999881 0.2669999897 0.08100000024
-0.3249999881 0.2649999857 0.08299999684
-0.3269999921 0.2669999897 0.08299999684
-0.3249999881 0.2669999897 0.08299999684
-0.3230000138 0.2649999857 0.08100000024
-0.3210000098 0.2649999857 0.08100000024
-0.3230000138 0.2669999897 0.08100000024
-0.3230000138 0.2649999857 0.08299999684
-0.3210000098 0.2649999857 0.08299999684
-0.3230000138 0.2669999897 0.08299999684
-0.3269999921 0.2689999938 0.08100000024
-0.3269999921 0.2689999938 0.08299999684
-0.3249999881 0.2649999857 0.08500000089
-0.3269999921 0.2669999897 0.08500000089
-0.3249999881 0.2669999897 0.08500000089
-0.3249999881 0.2649999857 0.0869999975
-0.3269999921 0.2669999897 0.0869999975
-0.3249999881 0.2669999897 0.0869999975
-0.3230000138 0.2649999857 0.08500000089
-0.3210000098 0.2649999857 0.08500000089
-0.3230000138 0.2669999897 0.08500000089
-0.3230000138 0.2649999857 0.0869999975
-0.3210000098 0.2649999857 0.0869999975
-0.3230000138 0.2669999897 0.0869999975
-0.3269999921 0.2689999938 0.08500000089
-0.3269999921 0.2689999938 0.0869999975
-0.3249999881 0.2689999938 0.0869999975
-0.3210000098 0.2630000114 0.08900000155
-0.3210000098 0.2630000114 0.09099999815
-0.3210000098 0.2630000114 0.09300000221
-0.3210000098 0.2630000114 0.09499999881
-0.3289999962 0.2689999938 0.08900000155
-0.3310000002 0.2709999979 0.08900000155
-0.3289999962 0.2709999979 0.08900000155
-0.3289999962 0.2689999938 0.09099999815
-0.3310000002 0.2709999979 0.09099999815
-0.3289999962 0.2709999979 0.09099999815
-0.3289999962 0.2689999938 0.09300000221
-0.3310000002 0.2709999979 0.09300000221
-0.3289999962 0.2709999979 0.09300000221
-0.3289999962 0.2689999938 0.09499999881
-0.3310000002 0.2709999979 0.09499999881
-0.3289999962 0.2709999979 0.09499999881
-0.3249999881 0.2649999857 0.08900000155
-0.3269999921 0.2669999897 0.08900000155
-0.3249999881 0.2669999897 0.08900000155
-0.3249999881 0.2649999857 0.09099999815
-0.3269999921 0.2669999897 0.09099999815
-0.3249999881 0.2669999897 0.09099999815
-0.3230000138 0.2649999857 0.08900000155
-0.3210000098 0.2649999857 0.08900000155
-0.3230000138 0.2669999897 0.08900000155
-0.3230000138 0.2649999857 0.09099999815
-0.3210000098 0.2649999857 0.09099999815
-0.3230000138 0.2669999897 0.09099999815
-0.3269999921 0.2689999938 0.08900000155
-0.3269999921 0.2689999938 0.09099999815
-0.3249999881 0.2689999938 0.09099999815
-0.3249999881 0.2649999857 0.09300000221
-0.3269999921 0.2669999897 0.09300000221
-0.3249999881 0.2669999897 0.09300000221
-0.3249999881 0.2649999857 0.09499999881
-0.3269999921 0.2669999897 0.09499999881
-0.3249999881 0.2669999897 0.09499999881
-0.3230000138 0.2649999857 0.09300000221
-0.3210000098 0.2649999857 0.09300000221
-0.3230000138 0.2669999897 0.09300000221
-0.3230000138 0.2649999857 0.09499999881
-0.3210000098 0.2649999857 0.09499999881
-0.3230000138 0.2669999897 0.09499999881
-0.3269999921 0.2689999938 0.09300000221
-0.3269999921 0.2689999938 0.09499999881
-0.3370000124 0.27700001 0.08100000024
-0.3370000124 0.2790000141 0.08100000024
-0.3370000124 0.27700001 0.08299999684
-0.3370000124 0.2790000141 0.08299999684
-0.3370000124 0.27700001 0.08500000089
-0.3370000124 0.2790000141 0.08500000089
-0.3370000124 0.27700001 0.0869999975
-0.3370000124 0.2790000141 0.0869999975
-0.3389999866 0.2809999883 0.08100000024
-0.3370000124 0.2809999883 0.08100000024
-0.3389999866 0.2829999924 0.08100000024
-0.3370000124 0.2829999924 0.08100000024
-0.3389999866 0.2809999883 0.08299999684
-0.3370000124 0.2809999883 0.08299999684
-0.3389999866 0.2829999924 0.08299999684
-0.3370000124 0.2829999924 0.08299999684
-0.3409999907 0.2849999964 0.08100000024
-0.3409999907 0.2870000005 0.08100000024
-0.3409999907 0.2870000005 0.08299999684
-0.3389999866 0.2849999964 0.08100000024
-0.3389999866 0.2870000005 0.08100000024
-0.3389999866 0.2849999964 0.08299999684
-0.3370000124 0.2849999964 0.08299999684
-0.3389999866 0.2870000005 0.08299999684
-0.3389999866 0.2809999883 0.08500000089
-0.3370000124 0.2809999883 0.08500000089
-0.3389999866 0.2829999924 0.08500000089
-0.3370000124 0.2829999924 0.08500000089
-0.3389999866 0.2809999883 0.0869999975
-0.3370000124 0.2809999883 0.0869999975
-0.3389999866 0.2829999924 0.0869999975
-0.3370000124 0.2829999924 0.0869999975
-0.3409999907 0.2870000005 0.08500000089
-0.3409999907 0.2849999964 0.0869999975
-0.3409999907 0.2870000005 0.0869999975
-0.3389999866 0.2849999964 0.08500000089
-0.3389999866 0.2870000005 0.08500000089
-0.3389999866 0.2849999964 0.0869999975
-0.3389999866 0.2870000005 0.0869999975
-0.3370000124 0.27700001 0.08900000155
-0.3370000124 0.2790000141 0.08900000155
-0.3370000124 0.2790000141 0.09099999815
-0.3370000124 0.2790000141 0.09300000221
-0.3370000124 0.2790000141 0.09499999881
-0.3389999866 0.2809999883 0.08900000155
-0.3370000124 0.2809999883 0.08900000155
-0.3389999866 0.2829999924 0.08900000155
-0.3370000124 0.2829999924 0.08900000155
-0.3389999866 0.2809999883 0.09099999815
-0.3370000124 0.2809999883 0.09099999815
-0.3389999866 0.2829999924 0.09099999815
-0.3370000124 0.2829999924 0.09099999815
-0.3409999907 0.2849999964 0.08900000155
-0.3409999907 0.2870000005 0.08900000155
-0.3409999907 0.2870000005 0.09099999815
-0.3389999866 0.2849999964 0.08900000155
-0.3389999866 0.2870000005 0.08900000155
-0.3389999866 0.2849999964 0.09099999815
-0.3389999866 0.2870000005 0.09099999815
-0.3389999866 0.2809999883 0.09300000221
-0.3370000124 0.2809999883 0.09300000221
-0.3389999866 0.2829999924 0.09300000221
-0.3370000124 0.2829999924 0.09300000221
-0.3370000124 0.2809999883 0.09499999881
-0.3389999866 0.2829999924 0.09499999881
-0.3370000124 0.2829999924 0.09499999881
-0.3409999907 0.2870000005 0.09300000221
-0.3409999907 0.2849999964 0.09499999881
-0.3409999907 0.2870000005 0.09499999881
-0.3389999866 0.2849999964 0.09300000221
-0.3389999866 0.2870000005 0.09300000221
-0.3389999866 0.2849999964 0.09499999881
-0.3389999866 0.2870000005 0.09499999881
-0.3330000043 0.2730000019 0.08100000024
-0.3350000083 0.275000006 0.08100000024
-0.3330000043 0.2730000019 0.08299999684
-0.3350000083 0.275000006 0.08299999684
-0.3330000043 0.275000006 0.08299999684
-0.3310000002 0.2730000019 0.08100000024
-0.3310000002 0.275000006 0.08100000024
-0.3310000002 0.2730000019 0.08299999684
-0.3350000083 0.27700001 0.08100000024
-0.3330000043 0.27700001 0.08100000024
-0.3350000083 0.2790000141 0.08100000024
-0.3350000083 0.27700001 0.08299999684
-0.3330000043 0.27700001 0.08299999684
-0.3350000083 0.2790000141 0.08299999684
-0.3330000043 0.2730000019 0.08500000089
-0.3350000083 0.275000006 0.08500000089
-0.3330000043 0.275000006 0.08500000089
-0.3330000043 0.2730000019 0.0869999975
-0.3350000083 0.275000006 0.0869999975
-0.3330000043 0.275000006 0.0869999975
-0.3310000002 0.2730000019 0.08500000089
-0.3310000002 0.275000006 0.08500000089
-0.3310000002 0.2730000019 0.0869999975
-0.3350000083 0.27700001 0.08500000089
-0.3330000043 0.27700001 0.08500000089
-0.3350000083 0.2790000141 0.08500000089
-0.3350000083 0.27700001 0.0869999975
-0.3330000043 0.27700001 0.0869999975
-0.3350000083 0.2790000141 0.0869999975
-0.3330000043 0.2730000019 0.08900000155
-0.3350000083 0.275000006 0.08900000155
-0.3330000043 0.275000006 0.08900000155
-0.3330000043 0.2730000019 0.09099999815
-0.3350000083 0.275000006 0.09099999815
-0.3330000043 0.275000006 0.09099999815
-0.3310000002 0.2730000019 0.08900000155
-0.3310000002 0.2730000019 0.09099999815
-0.3310000002 0.275000006 0.09099999815
-0.3350000083 0.27700001 0.08900000155
-0.3350000083 0.2790000141 0.08900000155
-0.3350000083 0.27700001 0.09099999815
-0.3330000043 0.27700001 0.09099999815
-0.3350000083 0.2790000141 0.09099999815
-0.3330000043 0.2730000019 0.09300000221
-0.3350000083 0.275000006 0.09300000221
-0.3330000043 0.275000006 0.09300000221
-0.3330000043 0.2730000019 0.09499999881
-0.3350000083 0.275000006 0.09499999881
-0.3330000043 0.275000006 0.09499999881
-0.3310000002 0.2730000019 0.09300000221
-0.3310000002 0.2730000019 0.09499999881
-0.3350000083 0.27700001 0.09300000221
-0.3330000043 0.27700001 0.09300000221
-0.3350000083 0.2790000141 0.09300000221
-0.3350000083 0.27700001 0.09499999881
-0.3330000043 0.27700001 0.09499999881
-0.3350000083 0.2790000141 0.09499999881
-0.3409999907 0.2890000045 0.06499999762
-0.3409999907 0.2910000086 0.06499999762
-0.3409999907 0.2890000045 0.06700000167
-0.3409999907 0.2910000086 0.06700000167
-0.3389999866 0.2890000045 0.06499999762
-0.3389999866 0.2910000086 0.06499999762
-0.3389999866 0.2890000045 0.06700000167
-0.3429999948 0.2930000126 0.06499999762
-0.3409999907 0.2930000126 0.06499999762
-0.3429999948 0.2949999869 0.06499999762
-0.3409999907 0.2949999869 0.06499999762
-0.3429999948 0.2930000126 0.06700000167
-0.3409999907 0.2930000126 0.06700000167
-0.3429999948 0.2949999869 0.06700000167
-0.3409999907 0.2949999869 0.06700000167
-0.3409999907 0.2890000045 0.06899999827
-0.3409999907 0.2910000086 0.06899999827
-0.3409999907 0.2890000045 0.07100000232
-0.3409999907 0.2910000086 0.07100000232
-0.3389999866 0.2890000045 0.06899999827
-0.3389999866 0.2910000086 0.06899999827
-0.3389999866 0.2890000045 0.07100000232
-0.3429999948 0.2930000126 0.06899999827
-0.3409999907 0.2930000126 0.06899999827
-0.3429999948 0.2949999869 0.06899999827
-0.3409999907 0.2949999869 0.06899999827
-0.3429999948 0.2930000126 0.07100000232
-0.3409999907 0.2930000126 0.07100000232
-0.3429999948 0.2949999869 0.07100000232
-0.3409999907 0.2949999869 0.07100000232
-0.3429999948 0.2969999909 0.06499999762
-0.3409999907 0.2969999909 0.06499999762
-0.3429999948 0.298999995 0.06499999762
-0.3409999907 0.298999995 0.06499999762
-0.3429999948 0.2969999909 0.06700000167
-0.3409999907 0.2969999909 0.06700000167
-0.3429999948 0.298999995 0.06700000167
-0.3409999907 0.298999995 0.06700000167
-0.3429999948 0.300999999 0.06499999762
-0.3409999907 0.300999999 0.06499999762
-0.3429999948 0.3030000031 0.06499999762
-0.3409999907 0.3030000031 0.06499999762
-0.3429999948 0.300999999 0.06700000167
-0.3409999907 0.300999999 0.06700000167
-0.3429999948 0.3030000031 0.06700000167
-0.3409999907 0.3030000031 0.06700000167
-0.3429999948 0.2969999909 0.06899999827
-0.3409999907 0.2969999909 0.06899999827
-0.3429999948 0.298999995 0.06899999827
-0.3409999907 0.298999995 0.06899999827
-0.3429999948 0.2969999909 0.07100000232
-0.3409999907 0.2969999909 0.07100000232
-0.3429999948 0.298999995 0.07100000232
-0.3409999907 0.298999995 0.07100000232
-0.3429999948 0.300999999 0.06899999827
-0.3409999907 0.300999999 0.06899999827
-0.3429999948 0.3030000031 0.06899999827
-0.3409999907 0.3030000031 0.06899999827
-0.3429999948 0.300999999 0.07100000232
-0.3409999907 0.300999999 0.07100000232
-0.3429999948 0.3030000031 0.07100000232
-0.3409999907 0.3030000031 0.07100000232
-0.3409999907 0.2890000045 0.07299999893
-0.3409999907 0.2910000086 0.07299999893
-0.3409999907 0.2890000045 0.07500000298
-0.3409999907 0.2910000086 0.07500000298
-0.3389999866 0.2890000045 0.07299999893
-0.3389999866 0.2890000045 0.07500000298
-0.3389999866 0.2910000086 0.07500000298
-0.3429999948 0.2930000126 0.07299999893
-0.3409999907 0.2930000126 0.07299999893
-0.3429999948 0.2949999869 0.07299999893
-0.3409999907 0.2949999869 0.07299999893
-0.3429999948 0.2930000126 0.07500000298
-0.3409999907 0.2930000126 0.07500000298
-0.3429999948 0.2949999869 0.07500000298
-0.3409999907 0.2949999869 0.07500000298
-0.3409999907 0.2890000045 0.07699999958
-0.3409999907 0.2910000086 0.07699999958
-0.3409999907 0.2890000045 0.07900000364
-0.3409999907 0.2910000086 0.07900000364
-0.3389999866 0.2890000045 0.07699999958
-0.3389999866 0.2890000045 0.07900000364
-0.3429999948 0.2930000126 0.07699999958
-0.3409999907 0.2930000126 0.07699999958
-0.3429999948 0.2949999869 0.07699999958
-0.3409999907 0.2949999869 0.07699999958
-0.3429999948 0.2930000126 0.07900000364
-0.3409999907 0.2930000126 0.07900000364
-0.3429999948 0.2949999869 0.07900000364
-0.3409999907 0.2949999869 0.07900000364
-0.3429999948 0.2969999909 0.07299999893
-0.3409999907 0.2969999909 0.07299999893
-0.3429999948 0.298999995 0.07299999893
-0.3409999907 0.298999995 0.07299999893
-0.3429999948 0.2969999909 0.07500000298
-0.3409999907 0.2969999909 0.07500000298
-0.3429999948 0.298999995 0.07500000298
-0.3409999907 0.298999995 0.07500000298
-0.3429999948 0.300999999 0.07299999893
-0.3409999907 0.300999999 0.07299999893
-0.3429999948 0.3030000031 0.07299999893
-0.3409999907 0.3030000031 0.07299999893
-0.3429999948 0.300999999 0.07500000298
-0.3409999907 0.300999999 0.07500000298
-0.3429999948 0.3030000031 0.07500000298
-0.3409999907 0.3030000031 0.07500000298
-0.3429999948 0.2969999909 0.07699999958
-0.3409999907 0.2969999909 0.07699999958
-0.3429999948 0.298999995 0.07699999958
-0.3409999907 0.298999995 0.07699999958
-0.3429999948 0.2969999909 0.07900000364
-0.3409999907 0.2969999909 0.07900000364
-0.3429999948 0.298999995 0.07900000364
-0.3409999907 0.298999995 0.07900000364
-0.3429999948 0.300999999 0.07699999958
-0.3409999907 0.300999999 0.07699999958
-0.3429999948 0.3030000031 0.07699999958
-0.3409999907 0.3030000031 0.07699999958
-0.3429999948 0.300999999 0.07900000364
-0.3409999907 0.300999999 0.07900000364
-0.3429999948 0.3030000031 0.07900000364
-0.3409999907 0.3030000031 0.07900000364
-0.3429999948 0.3050000072 0.06499999762
-0.3429999948 0.3070000112 0.06499999762
-0.3409999907 0.3070000112 0.06499999762
-0.3429999948 0.3050000072 0.06700000167
-0.3409999907 0.3050000072 0.06700000167
-0.3429999948 0.3070000112 0.06700000167
-0.3409999907 0.3070000112 0.06700000167
-0.3409999907 0.3089999855 0.06499999762
-0.3409999907 0.3109999895 0.06499999762
-0.3409999907 0.3089999855 0.06700000167
-0.3409999907 0.3109999895 0.06700000167
-0.3429999948 0.3050000072 0.06899999827
-0.3409999907 0.3050000072 0.06899999827
-0.3429999948 0.3070000112 0.06899999827
-0.3409999907 0.3070000112 0.06899999827
-0.3429999948 0.3050000072 0.07100000232
-0.3409999907 0.3050000072 0.07100000232
-0.3429999948 0.3070000112 0.07100000232
-0.3409999907 0.3070000112 0.07100000232
-0.3409999907 0.3089999855 0.06899999827
-0.3409999907 0.3109999895 0.06899999827
-0.3409999907 0.3089999855 0.07100000232
-0.3409999907 0.3109999895 0.07100000232
-0.3409999907 0.3129999936 0.06499999762
-0.3409999907 0.3149999976 0.06499999762
-0.3409999907 0.3129999936 0.06700000167
-0.3409999907 0.3149999976 0.06700000167
-0.3389999866 0.3149999976 0.06499999762
-0.3389999866 0.3149999976 0.06700000167
-0.3389999866 0.3170000017 0.06499999762
-0.3389999866 0.3190000057 0.06499999762
-0.3370000124 0.3190000057 0.06499999762
-0.3389999866 0.3170000017 0.06700000167
-0.3389999866 0.3190000057 0.06700000167
-0.3370000124 0.3190000057 0.06700000167
-0.3409999907 0.3129999936 0.06899999827
-0.3409999907 0.3149999976 0.06899999827
-0.3409999907 0.3129999936 0.07100000232
-0.3409999907 0.3149999976 0.07100000232
-0.3389999866 0.3149999976 0.06899999827
-0.3389999866 0.3149999976 0.07100000232
-0.3389999866 0.3170000017 0.06899999827
-0.3389999866 0.3190000057 0.06899999827
-0.3370000124 0.3190000057 0.06899999827
-0.3389999866 0.3170000017 0.07100000232
-0.3389999866 0.3190000057 0.07100000232
-0.3370000124 0.3190000057 0.07100000232
-0.3429999948 0.3050000072 0.07299999893
-0.3409999907 0.3050000072 0.07299999893
-0.3429999948 0.3070000112 0.07299999893
-0.3409999907 0.3070000112 0.07299999893
-0.3429999948 0.3050000072 0.07500000298
-0.3409999907 0.3050000072 0.07500000298
-0.3429999948 0.3070000112 0.07500000298
-0.3409999907 0.3070000112 0.07500000298
-0.3409999907 0.3089999855 0.07299999893
-0.3409999907 0.3109999895 0.07299999893
-0.3409999907 0.3089999855 0.07500000298
-0.3409999907 0.3109999895 0.07500000298
-0.3429999948 0.3050000072 0.07699999958
-0.3409999907 0.3050000072 0.07699999958
-0.3429999948 0.3070000112 0.07699999958
-0.3409999907 0.3070000112 0.07699999958
-0.3429999948 0.3050000072 0.07900000364
-0.3409999907 0.3050000072 0.07900000364
-0.3429999948 0.3070000112 0.07900000364
-0.3409999907 0.3070000112 0.07900000364
-0.3409999907 0.3089999855 0.07699999958
-0.3409999907 0.3109999895 0.07699999958
-0.3409999907 0.3089999855 0.07900000364
-0.3409999907 0.3109999895 0.07900000364
-0.3409999907 0.3129999936 0.07299999893
-0.3409999907 0.3149999976 0.07299999893
-0.3409999907 0.3129999936 0.07500000298
-0.3409999907 0.3149999976 0.07500000298
-0.3389999866 0.3149999976 0.07299999893
-0.3389999866 0.3149999976 0.07500000298
-0.3389999866 0.3170000017 0.07299999893
-0.3389999866 0.3190000057 0.07299999893
-0.3370000124 0.3190000057 0.07299999893
-0.3389999866 0.3170000017 0.07500000298
-0.3389999866 0.3190000057 0.07500000298
-0.3370000124 0.3190000057 0.07500000298
-0.3409999907 0.3129999936 0.07699999958
-0.3409999907 0.3129999936 0.07900000364
-0.3409999907 0.3149999976 0.07900000364
-0.3389999866 0.3149999976 0.07699999958
-0.3389999866 0.3149999976 0.07900000364
-0.3389999866 0.3170000017 0.07699999958
-0.3389999866 0.3190000057 0.07699999958
-0.3370000124 0.3190000057 0.07699999958
-0.3389999866 0.3170000017 0.07900000364
-0.3370000124 0.3190000057 0.07900000364
-0.3409999907 0.2890000045 0.08100000024
-0.3409999907 0.2910000086 0.08100000024
-0.3409999907 0.2890000045 0.08299999684
-0.3409999907 0.2910000086 0.08299999684
-0.3389999866 0.2890000045 0.08100000024
-0.3389999866 0.2910000086 0.08100000024
-0.3389999866 0.2890000045 0.08299999684
-0.3429999948 0.2930000126 0.08100000024
-0.3409999907 0.2930000126 0.08100000024
-0.3429999948 0.2949999869 0.08100000024
-0.3409999907 0.2949999869 0.08100000024
-0.3429999948 0.2930000126 0.08299999684
-0.3409999907 0.2930000126 0.08299999684
-0.3429999948 0.2949999869 0.08299999684
-0.3409999907 0.2949999869 0.08299999684
-0.3409999907 0.2890000045 0.08500000089
-0.3409999907 0.2910000086 0.08500000089
-0.3409999907 0.2890000045 0.0869999975
-0.3409999907 0.2910000086 0.0869999975
-0.3389999866 0.2890000045 0.08500000089
-0.3389999866 0.2910000086 0.08500000089
-0.3389999866 0.2890000045 0.0869999975
-0.3409999907 0.2930000126 0.08500000089
-0.3429999948 0.2949999869 0.08500000089
-0.3409999907 0.2949999869 0.08500000089
-0.3429999948 0.2930000126 0.0869999975
-0.3409999907 0.2930000126 0.0869999975
-0.3429999948 0.2949999869 0.0869999975
-0.3409999907 0.2949999869 0.0869999975
-0.3429999948 0.2969999909 0.08100000024
-0.3409999907 0.2969999909 0.08100000024
-0.3429999948 0.298999995 0.08100000024
-0.3409999907 0.298999995 0.08100000024
-0.3429999948 0.2969999909 0.08299999684
-0.3409999907 0.2969999909 0.08299999684
-0.3429999948 0.298999995 0.08299999684
-0.3409999907 0.298999995 0.08299999684
-0.3429999948 0.300999999 0.08100000024
-0.3409999907 0.300999999 0.08100000024
-0.3429999948 0.3030000031 0.08100000024
-0.3409999907 0.3030000031 0.08100000024
-0.3429999948 0.300999999 0.08299999684
-0.3409999907 0.300999999 0.08299999684
-0.3429999948 0.3030000031 0.08299999684
-0.3409999907 0.3030000031 0.08299999684
-0.3429999948 0.2969999909 0.08500000089
-0.3409999907 0.2969999909 0.08500000089
-0.3429999948 0.298999995 0.08500000089
-0.3409999907 0.298999995 0.08500000089
-0.3429999948 0.2969999909 0.0869999975
-0.3409999907 0.2969999909 0.0869999975
-0.3429999948 0.298999995 0.0869999975
-0.3409999907 0.298999995 0.0869999975
-0.3429999948 0.300999999 0.08500000089
-0.3409999907 0.300999999 0.08500000089
-0.3429999948 0.3030000031 0.08500000089
-0.3409999907 0.3030000031 0.08500000089
-0.3429999948 0.300999999 0.0869999975
-0.3409999907 0.300999999 0.0869999975
-0.3429999948 0.3030000031 0.0869999975
-0.3409999907 0.3030000031 0.0869999975
-0.3409999907 0.2890000045 0.08900000155
-0.3409999907 0.2910000086 0.08900000155
-0.3409999907 0.2890000045 0.09099999815
-0.3409999907 0.2910000086 0.09099999815
-0.3389999866 0.2890000045 0.08900000155
-0.3389999866 0.2890000045 0.09099999815
-0.3389999866 0.2910000086 0.09099999815
-0.3409999907 0.2930000126 0.08900000155
-0.3429999948 0.2949999869 0.08900000155
-0.3409999907 0.2949999869 0.08900000155
-0.3429999948 0.2930000126 0.09099999815
-0.3409999907 0.2930000126 0.09099999815
-0.3429999948 0.2949999869 0.09099999815
-0.3409999907 0.2949999869 0.09099999815
-0.3409999907 0.2890000045 0.09300000221
-0.3409999907 0.2910000086 0.09300000221
-0.3409999907 0.2890000045 0.09499999881
-0.3409999907 0.2910000086 0.09499999881
-0.3389999866 0.2890000045 0.09300000221
-0.3389999866 0.2890000045 0.09499999881
-0.3389999866 0.2910000086 0.09499999881
-0.3409999907 0.2930000126 0.09300000221
-0.3429999948 0.2949999869 0.09300000221
-0.3409999907 0.2949999869 0.09300000221
-0.3409999907 0.2930000126 0.09499999881
-0.3429999948 0.2949999869 0.09499999881
-0.3409999907 0.2949999869 0.09499999881
-0.3429999948 0.2969999909 0.08900000155
-0.3409999907 0.2969999909 0.08900000155
-0.3429999948 0.298999995 0.08900000155
-0.3409999907 0.298999995 0.08900000155
-0.3429999948 0.2969999909 0.09099999815
-0.3409999907 0.2969999909 0.09099999815
-0.3429999948 0.298999995 0.09099999815
-0.3409999907 0.298999995 0.09099999815
-0.3429999948 0.300999999 0.08900000155
-0.3409999907 0.300999999 0.08900000155
-0.3429999948 0.3030000031 0.08900000155
-0.3409999907 0.3030000031 0.08900000155
-0.3429999948 0.300999999 0.09099999815
-0.3409999907 0.300999999 0.09099999815
-0.3429999948 0.3030000031 0.09099999815
-0.3409999907 0.3030000031 0.09099999815
-0.3429999948 0.2969999909 0.09300000221
-0.3409999907 0.2969999909 0.09300000221
-0.3429999948 0.298999995 0.09300000221
-0.3409999907 0.298999995 0.09300000221
-0.3429999948 0.2969999909 0.09499999881
-0.3409999907 0.2969999909 0.09499999881
-0.3429999948 0.298999995 0.09499999881
-0.3409999907 0.298999995 0.09499999881
-0.3429999948 0.300999999 0.09300000221
-0.3409999907 0.300999999 0.09300000221
-0.3429999948 0.3030000031 0.09300000221
-0.3409999907 0.3030000031 0.09300000221
-0.3429999948 0.300999999 0.09499999881
-0.3409999907 0.300999999 0.09499999881
-0.3429999948 0.3030000031 0.09499999881
-0.3409999907 0.3030000031 0.09499999881
-0.3429999948 0.3050000072 0.08100000024
-0.3409999907 0.3050000072 0.08100000024
-0.3429999948 0.3070000112 0.08100000024
-0.3409999907 0.3070000112 0.08100000024
-0.3429999948 0.3050000072 0.08299999684
-0.3409999907 0.3050000072 0.08299999684
-0.3429999948 0.3070000112 0.08299999684
-0.3409999907 0.3070000112 0.08299999684
-0.3409999907 0.3089999855 0.08100000024
-0.3409999907 0.3109999895 0.08100000024
-0.3409999907 0.3089999855 0.08299999684
-0.3409999907 0.3109999895 0.08299999684
-0.3389999866 0.3109999895 0.08100000024
-0.3389999866 0.3109999895 0.08299999684
-0.3429999948 0.3050000072 0.08500000089
-0.3409999907 0.3050000072 0.08500000089
-0.3429999948 0.3070000112 0.08500000089
-0.3409999907 0.3070000112 0.08500000089
-0.3429999948 0.3050000072 0.0869999975
-0.3409999907 0.3050000072 0.0869999975
-0.3409999907 0.3070000112 0.0869999975
-0.3409999907 0.3089999855 0.08500000089
-0.3409999907 0.3109999895 0.08500000089
-0.3409999907 0.3089999855 0.0869999975
-0.3409999907 0.3109999895 0.0869999975
-0.3389999866 0.3109999895 0.08500000089
-0.3409999907 0.3129999936 0.08100000024
-0.3409999907 0.3129999936 0.08299999684
-0.3389999866 0.3129999936 0.08100000024
-0.3389999866 0.3149999976 0.08100000024
-0.3389999866 0.3129999936 0.08299999684
-0.3389999866 0.3149999976 0.08299999684
-0.3389999866 0.3170000017 0.08100000024
-0.3370000124 0.3190000057 0.08100000024
-0.3389999866 0.3170000017 0.08299999684
-0.3370000124 0.3190000057 0.08299999684
-0.3409999907 0.3129999936 0.08500000089
-0.3409999907 0.3149999976 0.08500000089
-0.3409999907 0.3129999936 0.0869999975
-0.3409999907 0.3149999976 0.0869999975
-0.3389999866 0.3129999936 0.08500000089
-0.3389999866 0.3149999976 0.08500000089
-0.3389999866 0.3149999976 0.0869999975
-0.3389999866 0.3170000017 0.08500000089
-0.3370000124 0.3190000057 0.08500000089
-0.3389999866 0.3170000017 0.0869999975
-0.3370000124 0.3190000057 0.0869999975
-0.3429999948 0.3050000072 0.08900000155
-0.3409999907 0.3050000072 0.08900000155
-0.3429999948 0.3070000112 0.08900000155
-0.3409999907 0.3070000112 0.08900000155
-0.3429999948 0.3050000072 0.09099999815
-0.3409999907 0.3050000072 0.09099999815
-0.3429999948 0.3070000112 0.09099999815
-0.3409999907 0.3070000112 0.09099999815
-0.3409999907 0.3089999855 0.08900000155
-0.3409999907 0.3109999895 0.08900000155
-0.3409999907 0.3089999855 0.09099999815
-0.3409999907 0.3109999895 0.09099999815
-0.3389999866 0.3109999895 0.08900000155
-0.3389999866 0.3109999895 0.09099999815
-0.3429999948 0.3050000072 0.09300000221
-0.3409999907 0.3050000072 0.09300000221
-0.3409999907 0.3070000112 0.09300000221
-0.3429999948 0.3050000072 0.09499999881
-0.3409999907 0.3050000072 0.09499999881
-0.3429999948 0.3070000112 0.09499999881
-0.3409999907 0.3070000112 0.09499999881
-0.3409999907 0.3089999855 0.09300000221
-0.3409999907 0.3109999895 0.09300000221
-0.3409999907 0.3089999855 0.09499999881
-0.3409999907 0.3109999895 0.09499999881
-0.3389999866 0.3109999895 0.09300000221
-0.3389999866 0.3109999895 0.09499999881
-0.3409999907 0.3129999936 0.08900000155
-0.3409999907 0.3129999936 0.09099999815
-0.3409999907 0.3149999976 0.09099999815
-0.3389999866 0.3129999936 0.08900000155
-0.3389999866 0.3149999976 0.08900000155
-0.3389999866 0.3129999936 0.09099999815
-0.3389999866 0.3149999976 0.09099999815
-0.3389999866 0.3170000017 0.08900000155
-0.3370000124 0.3190000057 0.08900000155
-0.3389999866 0.3170000017 0.09099999815
-0.3370000124 0.3190000057 0.09099999815
-0.3409999907 0.3129999936 0.09300000221
-0.3409999907 0.3149999976 0.09300000221
-0.3409999907 0.3129999936 0.09499999881
-0.3389999866 0.3129999936 0.09300000221
-0.3389999866 0.3149999976 0.09300000221
-0.3389999866 0.3129999936 0.09499999881
-0.3389999866 0.3149999976 0.09499999881
-0.3389999866 0.3170000017 0.09300000221
-0.3389999866 0.3170000017 0.09499999881
-0.3370000124 0.3170000017 0.09499999881
-0.3370000124 0.3190000057 0.09499999881
-0.3210000098 0.2630000114 0.09700000286
-0.3230000138 0.2630000114 0.09899999946
-0.3210000098 0.2630000114 0.09899999946
-0.3210000098 0.2630000114 0.1010000035
-0.3210000098 0.2630000114 0.1030000001
-0.3289999962 0.2689999938 0.09700000286
-0.3310000002 0.2709999979 0.09700000286
-0.3289999962 0.2709999979 0.09700000286
-0.3289999962 0.2689999938 0.09899999946
-0.3310000002 0.2709999979 0.09899999946
-0.3289999962 0.2709999979 0.09899999946
-0.3289999962 0.2689999938 0.1010000035
-0.3310000002 0.2709999979 0.1010000035
-0.3289999962 0.2709999979 0.1010000035
-0.3289999962 0.2689999938 0.1030000001
-0.3310000002 0.2709999979 0.1030000001
-0.3289999962 0.2709999979 0.1030000001
-0.3269999921 0.2669999897 0.09700000286
-0.3249999881 0.2669999897 0.09700000286
-0.3249999881 0.2649999857 0.09899999946
-0.3269999921 0.2669999897 0.09899999946
-0.3249999881 0.2669999897 0.09899999946
-0.3230000138 0.2649999857 0.09700000286
-0.3210000098 0.2649999857 0.09700000286
-0.3230000138 0.2669999897 0.09700000286
-0.3230000138 0.2649999857 0.09899999946
-0.3210000098 0.2649999857 0.09899999946
-0.3230000138 0.2669999897 0.09899999946
-0.3269999921 0.2689999938 0.09700000286
-0.3269999921 0.2689999938 0.09899999946
-0.3249999881 0.2689999938 0.09899999946
-0.3249999881 0.2649999857 0.1010000035
-0.3269999921 0.2669999897 0.1010000035
-0.3249999881 0.2669999897 0.1010000035
-0.3249999881 0.2649999857 0.1030000001
-0.3269999921 0.2669999897 0.1030000001
-0.3249999881 0.2669999897 0.1030000001
-0.3230000138 0.2649999857 0.1010000035
-0.3210000098 0.2649999857 0.1010000035
-0.3230000138 0.2669999897 0.1010000035
-0.3230000138 0.2649999857 0.1030000001
-0.3210000098 0.2649999857 0.1030000001
-0.3230000138 0.2669999897 0.1030000001
-0.3269999921 0.2689999938 0.1010000035
-0.3269999921 0.2689999938 0.1030000001
-0.3249999881 0.2689999938 0.1030000001
-0.3210000098 0.2630000114 0.1049999967
-0.3210000098 0.2630000114 0.1070000008
-0.3210000098 0.2630000114 0.1089999974
-0.3289999962 0.2689999938 0.1049999967
-0.3310000002 0.2709999979 0.1049999967
-0.3289999962 0.2709999979 0.1049999967
-0.3289999962 0.2689999938 0.1070000008
-0.3310000002 0.2709999979 0.1070000008
-0.3289999962 0.2709999979 0.1070000008
-0.3289999962 0.2689999938 0.1089999974
-0.3310000002 0.2709999979 0.1089999974
-0.3289999962 0.2709999979 0.1089999974
-0.3249999881 0.2649999857 0.1049999967
-0.3269999921 0.2669999897 0.1049999967
-0.3249999881 0.2669999897 0.1049999967
-0.3249999881 0.2649999857 0.1070000008
-0.3269999921 0.2669999897 0.1070000008
-0.3249999881 0.2669999897 0.1070000008
-0.3230000138 0.2649999857 0.1049999967
-0.3210000098 0.2649999857 0.1049999967
-0.3230000138 0.2669999897 0.1049999967
-0.3230000138 0.2649999857 0.1070000008
-0.3210000098 0.2649999857 0.1070000008
-0.3230000138 0.2669999897 0.1070000008
-0.3269999921 0.2689999938 0.1049999967
-0.3269999921 0.2689999938 0.1070000008
-0.3269999921 0.2669999897 0.1089999974
-0.3249999881 0.2669999897 0.1089999974
-0.3230000138 0.2649999857 0.1089999974
-0.3210000098 0.2649999857 0.1089999974
-0.3230000138 0.2669999897 0.1089999974
-0.3269999921 0.2689999938 0.1089999974
-0.3370000124 0.27700001 0.09700000286
-0.3370000124 0.2790000141 0.09700000286
-0.3370000124 0.27700001 0.09899999946
-0.3370000124 0.2790000141 0.09899999946
-0.3370000124 0.27700001 0.1010000035
-0.3370000124 0.2790000141 0.1010000035
-0.3370000124 0.2790000141 0.1030000001
-0.3370000124 0.2809999883 0.09700000286
-0.3389999866 0.2829999924 0.09700000286
-0.3370000124 0.2829999924 0.09700000286
-0.3389999866 0.2809999883 0.09899999946
-0.3370000124 0.2809999883 0.09899999946
-0.3389999866 0.2829999924 0.09899999946
-0.3370000124 0.2829999924 0.09899999946
-0.3409999907 0.2870000005 0.09700000286
-0.3409999907 0.2870000005 0.09899999946
-0.3389999866 0.2849999964 0.09700000286
-0.3389999866 0.2870000005 0.09700000286
-0.3389999866 0.2849999964 0.09899999946
-0.3389999866 0.2870000005 0.09899999946
-0.3379999995 0.2820000052 0.1019999981
-0.3409999907 0.2849999964 0.1010000035
-0.3409999907 0.2870000005 0.1010000035
-0.3409999907 0.2870000005 0.1030000001
-0.3389999866 0.2849999964 0.1010000035
-0.3370000124 0.2849999964 0.1010000035
-0.3389999866 0.2870000005 0.1010000035
-0.3389999866 0.2849999964 0.1030000001
-0.3389999866 0.2870000005 0.1030000001
-0.3370000124 0.2790000141 0.1049999967
-0.3370000124 0.27700001 0.1070000008
-0.3370000124 0.2790000141 0.1070000008
-0.3370000124 0.2790000141 0.1089999974
-0.3389999866 0.2809999883 0.1049999967
-0.3370000124 0.2809999883 0.1049999967
-0.3389999866 0.2829999924 0.1049999967
-0.3370000124 0.2829999924 0.1049999967
-0.3389999866 0.2809999883 0.1070000008
-0.3370000124 0.2809999883 0.1070000008
-0.3389999866 0.2829999924 0.1070000008
-0.3370000124 0.2829999924 0.1070000008
-0.3409999907 0.2870000005 0.1049999967
-0.3409999907 0.2870000005 0.1070000008
-0.3389999866 0.2849999964 0.1049999967
-0.3370000124 0.2849999964 0.1049999967
-0.3389999866 0.2870000005 0.1049999967
-0.3389999866 0.2849999964 0.1070000008
-0.3389999866 0.2870000005 0.1070000008
-0.3389999866 0.2809999883 0.1089999974
-0.3370000124 0.2809999883 0.1089999974
-0.3389999866 0.2829999924 0.1089999974
-0.3370000124 0.2829999924 0.1089999974
-0.3409999907 0.2870000005 0.1089999974
-0.3389999866 0.2849999964 0.1089999974
-0.3370000124 0.2849999964 0.1089999974
-0.3389999866 0.2870000005 0.1089999974
-0.3330000043 0.2730000019 0.09700000286
-0.3350000083 0.275000006 0.09700000286
-0.3330000043 0.275000006 0.09700000286
-0.3330000043 0.2730000019 0.09899999946
-0.3350000083 0.275000006 0.09899999946
-0.3330000043 0.275000006 0.09899999946
-0.3310000002 0.2730000019 0.09700000286
-0.3310000002 0.2730000019 0.09899999946
-0.3310000002 0.275000006 0.09899999946
-0.3350000083 0.27700001 0.09700000286
-0.3330000043 0.27700001 0.09700000286
-0.3350000083 0.2790000141 0.09700000286
-0.3350000083 0.27700001 0.09899999946
-0.3330000043 0.27700001 0.09899999946
-0.3350000083 0.2790000141 0.09899999946
-0.3330000043 0.2730000019 0.1010000035
-0.3350000083 0.275000006 0.1010000035
-0.3330000043 0.275000006 0.1010000035
-0.3330000043 0.2730000019 0.1030000001
-0.3350000083 0.275000006 0.1030000001
-0.3330000043 0.275000006 0.1030000001
-0.3310000002 0.2730000019 0.1010000035
-0.3310000002 0.2730000019 0.1030000001
-0.3350000083 0.27700001 0.1010000035
-0.3330000043 0.27700001 0.1010000035
-0.3350000083 0.2790000141 0.1010000035
-0.3350000083 0.27700001 0.1030000001
-0.3350000083 0.2790000141 0.1030000001
-0.3350000083 0.2809999883 0.09899999946
-0.3330000043 0.2730000019 0.1049999967
-0.3330000043 0.275000006 0.1049999967
-0.3330000043 0.2730000019 0.1070000008
-0.3330000043 0.275000006 0.1070000008
-0.3310000002 0.2730000019 0.1049999967
-0.3310000002 0.2730000019 0.1070000008
-0.3310000002 0.275000006 0.1070000008
-0.3350000083 0.27700001 0.1049999967
-0.3330000043 0.27700001 0.1049999967
-0.3350000083 0.2790000141 0.1049999967
-0.3350000083 0.27700001 0.1070000008
-0.3330000043 0.27700001 0.1070000008
-0.3350000083 0.2790000141 0.1070000008
-0.3330000043 0.275000006 0.1089999974
-0.3310000002 0.2730000019 0.1089999974
-0.3350000083 0.27700001 0.1089999974
-0.3330000043 0.27700001 0.1089999974
-0.3350000083 0.2790000141 0.1089999974
-0.3409999907 0.2890000045 0.09700000286
-0.3409999907 0.2910000086 0.09700000286
-0.3409999907 0.2890000045 0.09899999946
-0.3409999907 0.2910000086 0.09899999946
-0.3389999866 0.2890000045 0.09700000286
-0.3389999866 0.2890000045 0.09899999946
-0.3429999948 0.2930000126 0.09700000286
-0.3409999907 0.2930000126 0.09700000286
-0.3429999948 0.2949999869 0.09700000286
-0.3409999907 0.2949999869 0.09700000286
-0.3429999948 0.2930000126 0.09899999946
-0.3409999907 0.2930000126 0.09899999946
-0.3429999948 0.2949999869 0.09899999946
-0.3409999907 0.2949999869 0.09899999946
-0.3409999907 0.2890000045 0.1010000035
-0.3409999907 0.2910000086 0.1010000035
-0.3409999907 0.2890000045 0.1030000001
-0.3409999907 0.2910000086 0.1030000001
-0.3389999866 0.2890000045 0.1010000035
-0.3389999866 0.2890000045 0.1030000001
-0.3409999907 0.2930000126 0.1010000035
-0.3429999948 0.2949999869 0.1010000035
-0.3409999907 0.2949999869 0.1010000035
-0.3429999948 0.2930000126 0.1030000001
-0.3409999907 0.2930000126 0.1030000001
-0.3429999948 0.2949999869 0.1030000001
-0.3409999907 0.2949999869 0.1030000001
-0.3429999948 0.2969999909 0.09700000286
-0.3409999907 0.2969999909 0.09700000286
-0.3429999948 0.298999995 0.09700000286
-0.3409999907 0.298999995 0.09700000286
-0.3429999948 0.2969999909 0.09899999946
-0.3409999907 0.2969999909 0.09899999946
-0.3429999948 0.298999995 0.09899999946
-0.3409999907 0.298999995 0.09899999946
-0.3429999948 0.300999999 0.09700000286
-0.3409999907 0.300999999 0.09700000286
-0.3429999948 0.3030000031 0.09700000286
-0.3409999907 0.3030000031 0.09700000286
-0.3429999948 0.300999999 0.09899999946
-0.3409999907 0.300999999 0.09899999946
-0.3429999948 0.3030000031 0.09899999946
-0.3409999907 0.3030000031 0.09899999946
-0.3429999948 0.2969999909 0.1010000035
-0.3409999907 0.2969999909 0.1010000035
-0.3429999948 0.298999995 0.1010000035
-0.3409999907 0.298999995 0.1010000035
-0.3429999948 0.2969999909 0.1030000001
-0.3409999907 0.2969999909 0.1030000001
-0.3429999948 0.298999995 0.1030000001
-0.3409999907 0.298999995 0.1030000001
-0.3429999948 0.300999999 0.1010000035
-0.3409999907 0.300999999 0.1010000035
-0.3429999948 0.3030000031 0.1010000035
-0.3409999907 0.3030000031 0.1010000035
-0.3429999948 0.300999999 0.1030000001
-0.3409999907 0.300999999 0.1030000001
-0.3429999948 0.3030000031 0.1030000001
-0.3409999907 0.3030000031 0.1030000001
-0.3409999907 0.2890000045 0.1049999967
-0.3409999907 0.2910000086 0.1049999967
-0.3409999907 0.2890000045 0.1070000008
-0.3409999907 0.2910000086 0.1070000008
-0.3389999866 0.2890000045 0.1049999967
-0.3389999866 0.2890000045 0.1070000008
-0.3429999948 0.2930000126 0.1049999967
-0.3409999907 0.2930000126 0.1049999967
-0.3429999948 0.2949999869 0.1049999967
-0.3409999907 0.2949999869 0.1049999967
-0.3409999907 0.2930000126 0.1070000008
-0.3429999948 0.2949999869 0.1070000008
-0.3409999907 0.2949999869 0.1070000008
-0.3409999907 0.2890000045 0.1089999974
-0.3409999907 0.2910000086 0.1089999974
-0.3389999866 0.2890000045 0.1089999974
-0.3409999907 0.2930000126 0.1089999974
-0.3409999907 0.2949999869 0.1089999974
-0.3429999948 0.2969999909 0.1049999967
-0.3409999907 0.2969999909 0.1049999967
-0.3429999948 0.298999995 0.1049999967
-0.3409999907 0.298999995 0.1049999967
-0.3429999948 0.2969999909 0.1070000008
-0.3409999907 0.2969999909 0.1070000008
-0.3429999948 0.298999995 0.1070000008
-0.3409999907 0.298999995 0.1070000008
-0.3429999948 0.300999999 0.1049999967
-0.3409999907 0.300999999 0.1049999967
-0.3429999948 0.3030000031 0.1049999967
-0.3409999907 0.3030000031 0.1049999967
-0.3429999948 0.300999999 0.1070000008
-0.3409999907 0.300999999 0.1070000008
-0.3409999907 0.3030000031 0.1070000008
-0.3429999948 0.2969999909 0.1089999974
-0.3409999907 0.2969999909 0.1089999974
-0.3429999948 0.298999995 0.1089999974
-0.3409999907 0.298999995 0.1089999974
-0.3409999907 0.300999999 0.1089999974
-0.3409999907 0.3030000031 0.1089999974
-0.3429999948 0.3050000072 0.09700000286
-0.3409999907 0.3050000072 0.09700000286
-0.3429999948 0.3070000112 0.09700000286
-0.3409999907 0.3070000112 0.09700000286
-0.3429999948 0.3050000072 0.09899999946
-0.3409999907 0.3050000072 0.09899999946
-0.3409999907 0.3070000112 0.09899999946
-0.3409999907 0.3089999855 0.09700000286
-0.3409999907 0.3109999895 0.09700000286
-0.3409999907 0.3089999855 0.09899999946
-0.3409999907 0.3109999895 0.09899999946
-0.3389999866 0.3109999895 0.09700000286
-0.3389999866 0.3109999895 0.09899999946
-0.3429999948 0.3050000072 0.1010000035
-0.3409999907 0.3050000072 0.1010000035
-0.3429999948 0.3070000112 0.1010000035
-0.3409999907 0.3070000112 0.1010000035
-0.3429999948 0.3050000072 0.1030000001
-0.3409999907 0.3050000072 0.1030000001
-0.3429999948 0.3070000112 0.1030000001
-0.3409999907 0.3070000112 0.1030000001
-0.3409999907 0.3089999855 0.1010000035
-0.3409999907 0.3109999895 0.1010000035
-0.3409999907 0.3089999855 0.1030000001
-0.3409999907 0.3109999895 0.1030000001
-0.3389999866 0.3109999895 0.1010000035
-0.3389999866 0.3109999895 0.1030000001
-0.3409999907 0.3129999936 0.09700000286
-0.3409999907 0.3129999936 0.09899999946
-0.3389999866 0.3129999936 0.09700000286
-0.3389999866 0.3149999976 0.09700000286
-0.3389999866 0.3129999936 0.09899999946
-0.3389999866 0.3149999976 0.09899999946
-0.3389999866 0.3170000017 0.09700000286
-0.3370000124 0.3170000017 0.09700000286
-0.3370000124 0.3190000057 0.09700000286
-0.3389999866 0.3170000017 0.09899999946
-0.3389999866 0.3190000057 0.09899999946
-0.3370000124 0.3190000057 0.09899999946
-0.3409999907 0.3129999936 0.1010000035
-0.3409999907 0.3129999936 0.1030000001
-0.3389999866 0.3129999936 0.1010000035
-0.3389999866 0.3149999976 0.1010000035
-0.3389999866 0.3129999936 0.1030000001
-0.3389999866 0.3149999976 0.1030000001
-0.3389999866 0.3170000017 0.1010000035
-0.3370000124 0.3170000017 0.1010000035
-0.3370000124 0.3190000057 0.1010000035
-0.3389999866 0.3170000017 0.1030000001
-0.3370000124 0.3190000057 0.1030000001
-0.3429999948 0.3050000072 0.1049999967
-0.3409999907 0.3050000072 0.1049999967
-0.3409999907 0.3070000112 0.1049999967
-0.3409999907 0.3050000072 0.1070000008
-0.3409999907 0.3070000112 0.1070000008
-0.3409999907 0.3089999855 0.1049999967
-0.3409999907 0.3089999855 0.1070000008
-0.3409999907 0.3109999895 0.1070000008
-0.3389999866 0.3109999895 0.1049999967
-0.3389999866 0.3109999895 0.1070000008
-0.3409999907 0.3050000072 0.1089999974
-0.3409999907 0.3070000112 0.1089999974
-0.3409999907 0.3089999855 0.1089999974
-0.3409999907 0.3109999895 0.1089999974
-0.3389999866 0.3109999895 0.1089999974
-0.3409999907 0.3129999936 0.1049999967
-0.3389999866 0.3129999936 0.1049999967
-0.3389999866 0.3149999976 0.1049999967
-0.3389999866 0.3129999936 0.1070000008
-0.3389999866 0.3149999976 0.1070000008
-0.3389999866 0.3170000017 0.1049999967
-0.3370000124 0.3170000017 0.1049999967
-0.3370000124 0.3190000057 0.1049999967
-0.3389999866 0.3170000017 0.1070000008
-0.3370000124 0.3170000017 0.1070000008
-0.3389999866 0.3129999936 0.1089999974
-0.3389999866 0.3149999976 0.1089999974
-0.3389999866 0.3170000017 0.1089999974
-0.3370000124 0.3170000017 0.1089999974
-0.3370000124 0.3190000057 0.1089999974
-0.3190000057 0.2610000074 0.06499999762
-0.3170000017 0.2610000074 0.06499999762
-0.3190000057 0.2630000114 0.06499999762
-0.3170000017 0.2630000114 0.06499999762
-0.3170000017 0.2610000074 0.06700000167
-0.3190000057 0.2630000114 0.06700000167
-0.3170000017 0.2630000114 0.06700000167
-0.3149999976 0.2610000074 0.06499999762
-0.3129999936 0.2610000074 0.06499999762
-0.3149999976 0.2610000074 0.06700000167
-0.3129999936 0.2610000074 0.06700000167
-0.3149999976 0.2630000114 0.06700000167
-0.3129999936 0.2590000033 0.07100000232
-0.3170000017 0.2610000074 0.06899999827
-0.3190000057 0.2630000114 0.06899999827
-0.3170000017 0.2630000114 0.06899999827
-0.3170000017 0.2610000074 0.07100000232
-0.3190000057 0.2630000114 0.07100000232
-0.3170000017 0.2630000114 0.07100000232
-0.3149999976 0.2610000074 0.06899999827
-0.3129999936 0.2610000074 0.06899999827
-0.3149999976 0.2610000074 0.07100000232
-0.3129999936 0.2610000074 0.07100000232
-0.3109999895 0.2590000033 0.06499999762
-0.3089999855 0.2590000033 0.06499999762
-0.3109999895 0.2590000033 0.06700000167
-0.3089999855 0.2590000033 0.06700000167
-0.3050000072 0.2569999993 0.06499999762
-0.3070000112 0.2590000033 0.06499999762
-0.3050000072 0.2590000033 0.06499999762
-0.3050000072 0.2569999993 0.06700000167
-0.3070000112 0.2590000033 0.06700000167
-0.3050000072 0.2590000033 0.06700000167
-0.3109999895 0.2610000074 0.06499999762
-0.3089999855 0.2610000074 0.06499999762
-0.3109999895 0.2610000074 0.06700000167
-0.3109999895 0.2590000033 0.06899999827
-0.3089999855 0.2590000033 0.06899999827
-0.3109999895 0.2590000033 0.07100000232
-0.3089999855 0.2590000033 0.07100000232
-0.3050000072 0.2569999993 0.06899999827
-0.3070000112 0.2590000033 0.06899999827
-0.3050000072 0.2590000033 0.06899999827
-0.3070000112 0.2590000033 0.07100000232
-0.3050000072 0.2590000033 0.07100000232
-0.3109999895 0.2610000074 0.06899999827
-0.3089999855 0.2610000074 0.06899999827
-0.3109999895 0.2610000074 0.07100000232
-0.3149999976 0.2590000033 0.07500000298
-0.3129999936 0.2590000033 0.07500000298
-0.3170000017 0.2610000074 0.07299999893
-0.3190000057 0.2630000114 0.07299999893
-0.3170000017 0.2630000114 0.07299999893
-0.3170000017 0.2610000074 0.07500000298
-0.3190000057 0.2630000114 0.07500000298
-0.3170000017 0.2630000114 0.07500000298
-0.3149999976 0.2610000074 0.07299999893
-0.3129999936 0.2610000074 0.07299999893
-0.3149999976 0.2610000074 0.07500000298
-0.3129999936 0.2610000074 0.07500000298
-0.3129999936 0.2590000033 0.07699999958
-0.3129999936 0.2590000033 0.07900000364
-0.3190000057 0.2610000074 0.07699999958
-0.3170000017 0.2610000074 0.07699999958
-0.3190000057 0.2630000114 0.07699999958
-0.3170000017 0.2630000114 0.07699999958
-0.3190000057 0.2610000074 0.07900000364
-0.3170000017 0.2610000074 0.07900000364
-0.3190000057 0.2630000114 0.07900000364
-0.3170000017 0.2630000114 0.07900000364
-0.3149999976 0.2610000074 0.07699999958
-0.3129999936 0.2610000074 0.07699999958
-0.3149999976 0.2610000074 0.07900000364
-0.3129999936 0.2610000074 0.07900000364
-0.3109999895 0.2590000033 0.07299999893
-0.3089999855 0.2590000033 0.07299999893
-0.3109999895 0.2590000033 0.07500000298
-0.3089999855 0.2590000033 0.07500000298
-0.3070000112 0.2590000033 0.07299999893
-0.3050000072 0.2590000033 0.07299999893
-0.3070000112 0.2569999993 0.07500000298
-0.3070000112 0.2590000033 0.07500000298
-0.3050000072 0.2590000033 0.07500000298
-0.3109999895 0.2610000074 0.07299999893
-0.3109999895 0.2610000074 0.07500000298
-0.3089999855 0.2610000074 0.07500000298
-0.3109999895 0.2590000033 0.07699999958
-0.3089999855 0.2590000033 0.07699999958
-0.3109999895 0.2590000033 0.07900000364
-0.3089999855 0.2590000033 0.07900000364
-0.3070000112 0.2590000033 0.07699999958
-0.3050000072 0.2590000033 0.07699999958
-0.3070000112 0.2590000033 0.07900000364
-0.3050000072 0.2590000033 0.07900000364
-0.3109999895 0.2610000074 0.07699999958
-0.3109999895 0.2610000074 0.07900000364
-0.3089999855 0.2610000074 0.07900000364
-0.3030000031 0.2590000033 0.06499999762
-0.300999999 0.2590000033 0.06499999762
-0.3030000031 0.2569999993 0.06700000167
-0.300999999 0.2569999993 0.06700000167
-0.3030000031 0.2590000033 0.06700000167
-0.300999999 0.2590000033 0.06700000167
-0.298999995 0.2590000033 0.06499999762
-0.2969999909 0.2590000033 0.06499999762
-0.298999995 0.2590000033 0.06700000167
-0.2969999909 0.2590000033 0.06700000167
-0.3030000031 0.2590000033 0.06899999827
-0.300999999 0.2590000033 0.06899999827
-0.3030000031 0.2569999993 0.07100000232
-0.3030000031 0.2590000033 0.07100000232
-0.300999999 0.2590000033 0.07100000232
-0.298999995 0.2569999993 0.06899999827
-0.298999995 0.2590000033 0.06899999827
-0.2969999909 0.2590000033 0.06899999827
-0.298999995 0.2569999993 0.07100000232
-0.298999995 0.2590000033 0.07100000232
-0.2969999909 0.2590000033 0.07100000232
-0.2949999869 0.2590000033 0.06499999762
-0.2930000126 0.2590000033 0.06499999762
-0.2949999869 0.2590000033 0.06700000167
-0.2930000126 0.2590000033 0.06700000167
-0.2910000086 0.2590000033 0.06499999762
-0.2910000086 0.2590000033 0.06700000167
-0.2890000045 0.2610000074 0.06499999762
-0.2890000045 0.2610000074 0.06700000167
-0.2949999869 0.2590000033 0.06899999827
-0.2930000126 0.2590000033 0.06899999827
-0.2949999869 0.2590000033 0.07100000232
-0.2930000126 0.2590000033 0.07100000232
-0.2910000086 0.2590000033 0.06899999827
-0.2910000086 0.2590000033 0.07100000232
-0.2890000045 0.2610000074 0.06899999827
-0.2890000045 0.2610000074 0.07100000232
-0.3030000031 0.2569999993 0.07299999893
-0.3030000031 0.2590000033 0.07299999893
-0.300999999 0.2590000033 0.07299999893
-0.3030000031 0.2569999993 0.07500000298
-0.300999999 0.2569999993 0.07500000298
-0.3030000031 0.2590000033 0.07500000298
-0.300999999 0.2590000033 0.07500000298
-0.2969999909 0.2569999993 0.07299999893
-0.298999995 0.2590000033 0.07299999893
-0.2969999909 0.2590000033 0.07299999893
-0.298999995 0.2590000033 0.07500000298
-0.2969999909 0.2590000033 0.07500000298
-0.300999999 0.2569999993 0.07699999958
-0.3030000031 0.2590000033 0.07699999958
-0.300999999 0.2590000033 0.07699999958
-0.300999999 0.2569999993 0.07900000364
-0.3030000031 0.2590000033 0.07900000364
-0.300999999 0.2590000033 0.07900000364
-0.298999995 0.2590000033 0.07699999958
-0.2969999909 0.2590000033 0.07699999958
-0.298999995 0.2590000033 0.07900000364
-0.2969999909 0.2590000033 0.07900000364
-0.2949999869 0.2590000033 0.07299999893
-0.2930000126 0.2590000033 0.07299999893
-0.2949999869 0.2569999993 0.07500000298
-0.2949999869 0.2590000033 0.07500000298
-0.2930000126 0.2590000033 0.07500000298
-0.2910000086 0.2590000033 0.07299999893
-0.2910000086 0.2590000033 0.07500000298
-0.2890000045 0.2590000033 0.07500000298
-0.2890000045 0.2610000074 0.07500000298
-0.2949999869 0.2590000033 0.07699999958
-0.2930000126 0.2590000033 0.07699999958
-0.2949999869 0.2590000033 0.07900000364
-0.2930000126 0.2590000033 0.07900000364
-0.2910000086 0.2590000033 0.07699999958
-0.2910000086 0.2590000033 0.07900000364
-0.2890000045 0.2610000074 0.07699999958
-0.2890000045 0.2610000074 0.07900000364
-0.3129999936 0.2590000033 0.08100000024
-0.3129999936 0.2590000033 0.08299999684
-0.3190000057 0.2610000074 0.08100000024
-0.3170000017 0.2610000074 0.08100000024
-0.3190000057 0.2630000114 0.08100000024
-0.3170000017 0.2630000114 0.08100000024
-0.3190000057 0.2610000074 0.08299999684
-0.3170000017 0.2610000074 0.08299999684
-0.3190000057 0.2630000114 0.08299999684
-0.3170000017 0.2630000114 0.08299999684
-0.3149999976 0.2610000074 0.08100000024
-0.3129999936 0.2610000074 0.08100000024
-0.3149999976 0.2630000114 0.08100000024
-0.3149999976 0.2610000074 0.08299999684
-0.3129999936 0.2610000074 0.08299999684
-0.3149999976 0.2630000114 0.08299999684
-0.3129999936 0.2590000033 0.08500000089
-0.3129999936 0.2590000033 0.0869999975
-0.3190000057 0.2610000074 0.08500000089
-0.3170000017 0.2610000074 0.08500000089
-0.3190000057 0.2630000114 0.08500000089
-0.3170000017 0.2630000114 0.08500000089
-0.3190000057 0.2610000074 0.0869999975
-0.3170000017 0.2610000074 0.0869999975
-0.3190000057 0.2630000114 0.0869999975
-0.3170000017 0.2630000114 0.0869999975
-0.3149999976 0.2610000074 0.08500000089
-0.3129999936 0.2610000074 0.08500000089
-0.3149999976 0.2610000074 0.0869999975
-0.3129999936 0.2610000074 0.0869999975
-0.3149999976 0.2630000114 0.0869999975
-0.3109999895 0.2590000033 0.08100000024
-0.3089999855 0.2590000033 0.08100000024
-0.3109999895 0.2590000033 0.08299999684
-0.3089999855 0.2590000033 0.08299999684
-0.3070000112 0.2590000033 0.08100000024
-0.3050000072 0.2590000033 0.08100000024
-0.3050000072 0.2569999993 0.08299999684
-0.3070000112 0.2590000033 0.08299999684
-0.3050000072 0.2590000033 0.08299999684
-0.3109999895 0.2610000074 0.08100000024
-0.3109999895 0.2610000074 0.08299999684
-0.3109999895 0.2590000033 0.08500000089
-0.3089999855 0.2590000033 0.08500000089
-0.3109999895 0.2590000033 0.0869999975
-0.3089999855 0.2590000033 0.0869999975
-0.3050000072 0.2569999993 0.08500000089
-0.3070000112 0.2590000033 0.08500000089
-0.3050000072 0.2590000033 0.08500000089
-0.3070000112 0.2569999993 0.0869999975
-0.3050000072 0.2569999993 0.0869999975
-0.3070000112 0.2590000033 0.0869999975
-0.3050000072 0.2590000033 0.0869999975
-0.3109999895 0.2610000074 0.08500000089
-0.3109999895 0.2610000074 0.0869999975
-0.3190000057 0.2649999857 0.08100000024
-0.3129999936 0.2590000033 0.08900000155
-0.3129999936 0.2590000033 0.09099999815
-0.3190000057 0.2610000074 0.08900000155
-0.3170000017 0.2610000074 0.08900000155
-0.3190000057 0.2630000114 0.08900000155
-0.3170000017 0.2630000114 0.08900000155
-0.3190000057 0.2610000074 0.09099999815
-0.3170000017 0.2610000074 0.09099999815
-0.3190000057 0.2630000114 0.09099999815
-0.3170000017 0.2630000114 0.09099999815
-0.3149999976 0.2610000074 0.08900000155
-0.3129999936 0.2610000074 0.08900000155
-0.3149999976 0.2610000074 0.09099999815
-0.3129999936 0.2610000074 0.09099999815
-0.3149999976 0.2630000114 0.09099999815
-0.3129999936 0.2590000033 0.09300000221
-0.3149999976 0.2590000033 0.09499999881
-0.3129999936 0.2590000033 0.09499999881
-0.3170000017 0.2610000074 0.09300000221
-0.3190000057 0.2630000114 0.09300000221
-0.3170000017 0.2630000114 0.09300000221
-0.3170000017 0.2610000074 0.09499999881
-0.3190000057 0.2630000114 0.09499999881
-0.3170000017 0.2630000114 0.09499999881
-0.3149999976 0.2610000074 0.09300000221
-0.3129999936 0.2610000074 0.09300000221
-0.3149999976 0.2610000074 0.09499999881
-0.3129999936 0.2610000074 0.09499999881
-0.3149999976 0.2630000114 0.09499999881
-0.3109999895 0.2590000033 0.08900000155
-0.3089999855 0.2590000033 0.08900000155
-0.3109999895 0.2590000033 0.09099999815
-0.3089999855 0.2590000033 0.09099999815
-0.3050000072 0.2569999993 0.08900000155
-0.3070000112 0.2590000033 0.08900000155
-0.3050000072 0.2590000033 0.08900000155
-0.3050000072 0.2569999993 0.09099999815
-0.3070000112 0.2590000033 0.09099999815
-0.3050000072 0.2590000033 0.09099999815
-0.3109999895 0.2610000074 0.08900000155
-0.3109999895 0.2610000074 0.09099999815
-0.3109999895 0.2590000033 0.09300000221
-0.3089999855 0.2590000033 0.09300000221
-0.3109999895 0.2590000033 0.09499999881
-0.3089999855 0.2590000033 0.09499999881
-0.3070000112 0.2590000033 0.09300000221
-0.3050000072 0.2590000033 0.09300000221
-0.3050000072 0.2569999993 0.09499999881
-0.3070000112 0.2590000033 0.09499999881
-0.3050000072 0.2590000033 0.09499999881
-0.3109999895 0.2610000074 0.09300000221
-0.3109999895 0.2610000074 0.09499999881
-0.3030000031 0.2569999993 0.08100000024
-0.3030000031 0.2590000033 0.08100000024
-0.300999999 0.2590000033 0.08100000024
-0.3030000031 0.2590000033 0.08299999684
-0.300999999 0.2590000033 0.08299999684
-0.298999995 0.2590000033 0.08100000024
-0.2969999909 0.2590000033 0.08100000024
-0.2969999909 0.2569999993 0.08299999684
-0.298999995 0.2590000033 0.08299999684
-0.2969999909 0.2590000033 0.08299999684
-0.300999999 0.2569999993 0.08500000089
-0.3030000031 0.2590000033 0.08500000089
-0.300999999 0.2590000033 0.08500000089
-0.300999999 0.2569999993 0.0869999975
-0.3030000031 0.2590000033 0.0869999975
-0.300999999 0.2590000033 0.0869999975
-0.298999995 0.2590000033 0.08500000089
-0.2969999909 0.2590000033 0.08500000089
-0.298999995 0.2590000033 0.0869999975
-0.2969999909 0.2590000033 0.0869999975
-0.2949999869 0.2590000033 0.08100000024
-0.2930000126 0.2590000033 0.08100000024
-0.2949999869 0.2590000033 0.08299999684
-0.2930000126 0.2590000033 0.08299999684
-0.2910000086 0.2590000033 0.08100000024
-0.2890000045 0.2590000033 0.08100000024
-0.2910000086 0.2590000033 0.08299999684
-0.2890000045 0.2590000033 0.08299999684
-0.2890000045 0.2610000074 0.08100000024
-0.2890000045 0.2610000074 0.08299999684
-0.2949999869 0.2590000033 0.08500000089
-0.2930000126 0.2590000033 0.08500000089
-0.2949999869 0.2590000033 0.0869999975
-0.2930000126 0.2590000033 0.0869999975
-0.2910000086 0.2590000033 0.08500000089
-0.2910000086 0.2590000033 0.0869999975
-0.2890000045 0.2590000033 0.0869999975
-0.2890000045 0.2610000074 0.08500000089
-0.2890000045 0.2610000074 0.0869999975
-0.3030000031 0.2569999993 0.08900000155
-0.3030000031 0.2590000033 0.08900000155
-0.300999999 0.2590000033 0.08900000155
-0.3030000031 0.2569999993 0.09099999815
-0.3030000031 0.2590000033 0.09099999815
-0.300999999 0.2590000033 0.09099999815
-0.298999995 0.2590000033 0.08900000155
-0.2969999909 0.2590000033 0.08900000155
-0.298999995 0.2569999993 0.09099999815
-0.2969999909 0.2569999993 0.09099999815
-0.298999995 0.2590000033 0.09099999815
-0.2969999909 0.2590000033 0.09099999815
-0.3030000031 0.2569999993 0.09300000221
-0.3030000031 0.2590000033 0.09300000221
-0.300999999 0.2590000033 0.09300000221
-0.3030000031 0.2590000033 0.09499999881
-0.300999999 0.2590000033 0.09499999881
-0.2969999909 0.2569999993 0.09300000221
-0.298999995 0.2590000033 0.09300000221
-0.2969999909 0.2590000033 0.09300000221
-0.298999995 0.2590000033 0.09499999881
-0.2969999909 0.2590000033 0.09499999881
-0.2949999869 0.2590000033 0.08900000155
-0.2930000126 0.2590000033 0.08900000155
-0.2949999869 0.2590000033 0.09099999815
-0.2930000126 0.2590000033 0.09099999815
-0.2910000086 0.2590000033 0.08900000155
-0.2890000045 0.2590000033 0.08900000155
-0.2910000086 0.2590000033 0.09099999815
-0.2890000045 0.2590000033 0.09099999815
-0.2890000045 0.2610000074 0.08900000155
-0.2890000045 0.2610000074 0.09099999815
-0.2949999869 0.2590000033 0.09300000221
-0.2930000126 0.2590000033 0.09300000221
-0.2949999869 0.2590000033 0.09499999881
-0.2930000126 0.2590000033 0.09499999881
-0.2910000086 0.2590000033 0.09300000221
-0.2890000045 0.2590000033 0.09300000221
-0.2910000086 0.2590000033 0.09499999881
-0.2890000045 0.2590000033 0.09499999881
-0.2890000045 0.2610000074 0.09300000221
-0.2890000045 0.2610000074 0.09499999881
-0.2870000005 0.2590000033 0.06499999762
-0.2870000005 0.2610000074 0.06499999762
-0.2849999964 0.2610000074 0.06499999762
-0.2870000005 0.2610000074 0.06700000167
-0.2849999964 0.2610000074 0.06700000167
-0.2829999924 0.2630000114 0.06499999762
-0.2809999883 0.2630000114 0.06499999762
-0.2829999924 0.2610000074 0.06700000167
-0.2829999924 0.2630000114 0.06700000167
-0.2809999883 0.2630000114 0.06700000167
-0.2870000005 0.2610000074 0.06899999827
-0.2849999964 0.2610000074 0.06899999827
-0.2870000005 0.2610000074 0.07100000232
-0.2849999964 0.2610000074 0.07100000232
-0.2829999924 0.2610000074 0.06899999827
-0.2809999883 0.2630000114 0.06899999827
-0.2829999924 0.2630000114 0.07100000232
-0.2809999883 0.2630000114 0.07100000232
-0.2790000141 0.2630000114 0.06700000167
-0.27700001 0.2649999857 0.06499999762
-0.27700001 0.2669999897 0.06499999762
-0.2790000141 0.2649999857 0.06700000167
-0.275000006 0.2669999897 0.06499999762
-0.2730000019 0.2669999897 0.06499999762
-0.275000006 0.2649999857 0.06700000167
-0.275000006 0.2669999897 0.06700000167
-0.2730000019 0.2669999897 0.06700000167
-0.2730000019 0.2689999938 0.06499999762
-0.2730000019 0.2689999938 0.06700000167
-0.2790000141 0.2649999857 0.06899999827
-0.27700001 0.2649999857 0.06899999827
-0.27700001 0.2669999897 0.06899999827
-0.2790000141 0.2649999857 0.07100000232
-0.2730000019 0.2669999897 0.06899999827
-0.275000006 0.2669999897 0.07100000232
-0.2730000019 0.2669999897 0.07100000232
-0.2730000019 0.2689999938 0.06899999827
-0.2870000005 0.2610000074 0.07299999893
-0.2849999964 0.2610000074 0.07299999893
-0.2870000005 0.2610000074 0.07500000298
-0.2849999964 0.2610000074 0.07500000298
-0.2809999883 0.2610000074 0.07299999893
-0.2809999883 0.2630000114 0.07299999893
-0.2829999924 0.2630000114 0.07500000298
-0.2809999883 0.2630000114 0.07500000298
-0.2870000005 0.2590000033 0.07900000364
-0.2870000005 0.2610000074 0.07699999958
-0.2849999964 0.2610000074 0.07699999958
-0.2870000005 0.2610000074 0.07900000364
-0.2849999964 0.2610000074 0.07900000364
-0.2829999924 0.2630000114 0.07699999958
-0.2809999883 0.2630000114 0.07699999958
-0.2829999924 0.2630000114 0.07900000364
-0.2809999883 0.2630000114 0.07900000364
-0.2790000141 0.2630000114 0.07699999958
-0.2790000141 0.2630000114 0.07900000364
-0.2790000141 0.2649999857 0.07299999893
-0.27700001 0.2649999857 0.07299999893
-0.2790000141 0.2649999857 0.07500000298
-0.27700001 0.2649999857 0.07500000298
-0.27700001 0.2669999897 0.07500000298
-0.2730000019 0.2669999897 0.07299999893
-0.275000006 0.2669999897 0.07500000298
-0.2730000019 0.2669999897 0.07500000298
-0.2730000019 0.2689999938 0.07299999893
-0.2790000141 0.2649999857 0.07699999958
-0.27700001 0.2649999857 0.07699999958
-0.27700001 0.2649999857 0.07900000364
-0.275000006 0.2669999897 0.07699999958
-0.2730000019 0.2669999897 0.07699999958
-0.275000006 0.2669999897 0.07900000364
-0.2730000019 0.2689999938 0.07699999958
-0.2709999979 0.2709999979 0.06499999762
-0.2689999938 0.2709999979 0.06499999762
-0.2689999938 0.2709999979 0.06700000167
-0.2709999979 0.2689999938 0.06899999827
-0.2709999979 0.2709999979 0.06899999827
-0.2689999938 0.2709999979 0.06899999827
-0.2689999938 0.2689999938 0.07100000232
-0.2709999979 0.2709999979 0.07299999893
-0.2709999979 0.2689999938 0.07500000298
-0.2689999938 0.2689999938 0.07500000298
-0.2689999938 0.2709999979 0.07500000298
-0.2709999979 0.2689999938 0.07699999958
-0.2709999979 0.2709999979 0.07699999958
-0.2709999979 0.2709999979 0.07900000364
-0.2689999938 0.2709999979 0.07900000364
-0.2689999938 0.2730000019 0.06499999762
-0.2669999897 0.2730000019 0.06700000167
-0.2649999857 0.275000006 0.06700000167
-0.2649999857 0.27700001 0.06499999762
-0.2689999938 0.2730000019 0.06899999827
-0.2669999897 0.275000006 0.06899999827
-0.2649999857 0.275000006 0.06899999827
-0.2669999897 0.2730000019 0.07100000232
-0.2669999897 0.275000006 0.07100000232
-0.2649999857 0.27700001 0.06899999827
-0.2649999857 0.2790000141 0.06899999827
-0.2649999857 0.27700001 0.07100000232
-0.2630000114 0.2790000141 0.06700000167
-0.2630000114 0.2790000141 0.07100000232
-0.2630000114 0.2809999883 0.06499999762
-0.2630000114 0.2809999883 0.06700000167
-0.2610000074 0.2829999924 0.06700000167
-0.2610000074 0.2849999964 0.06499999762
-0.2610000074 0.2870000005 0.06499999762
-0.2610000074 0.2849999964 0.06700000167
-0.2590000033 0.2870000005 0.06499999762
-0.2630000114 0.2809999883 0.06899999827
-0.2630000114 0.2809999883 0.07100000232
-0.2630000114 0.2829999924 0.07100000232
-0.2610000074 0.2849999964 0.07100000232
-0.2590000033 0.2870000005 0.07100000232
-0.2689999938 0.2730000019 0.07299999893
-0.2689999938 0.2730000019 0.07500000298
-0.2669999897 0.2730000019 0.07299999893
-0.2649999857 0.275000006 0.07299999893
-0.2669999897 0.275000006 0.07500000298
-0.2649999857 0.27700001 0.07299999893
-0.2649999857 0.27700001 0.07500000298
-0.2689999938 0.2730000019 0.07900000364
-0.2669999897 0.2730000019 0.07699999958
-0.2669999897 0.275000006 0.07699999958
-0.2669999897 0.2730000019 0.07900000364
-0.2669999897 0.275000006 0.07900000364
-0.2649999857 0.27700001 0.07699999958
-0.2630000114 0.2790000141 0.07299999893
-0.2630000114 0.2790000141 0.07500000298
-0.2630000114 0.2790000141 0.07699999958
-0.2630000114 0.2809999883 0.07299999893
-0.2630000114 0.2809999883 0.07500000298
-0.2610000074 0.2829999924 0.07500000298
-0.2610000074 0.2849999964 0.07299999893
-0.2610000074 0.2870000005 0.07299999893
-0.2630000114 0.2809999883 0.07900000364
-0.2610000074 0.2849999964 0.07699999958
-0.2610000074 0.2849999964 0.07900000364
-0.2590000033 0.2870000005 0.07900000364
-0.2870000005 0.2610000074 0.08100000024
-0.2849999964 0.2610000074 0.08100000024
-0.2870000005 0.2610000074 0.08299999684
-0.2849999964 0.2610000074 0.08299999684
-0.2829999924 0.2630000114 0.08100000024
-0.2809999883 0.2630000114 0.08100000024
-0.2829999924 0.2630000114 0.08299999684
-0.2809999883 0.2630000114 0.08299999684
-0.2870000005 0.2610000074 0.08500000089
-0.2849999964 0.2610000074 0.08500000089
-0.2870000005 0.2610000074 0.0869999975
-0.2849999964 0.2610000074 0.0869999975
-0.2829999924 0.2630000114 0.08500000089
-0.2809999883 0.2630000114 0.08500000089
-0.2829999924 0.2630000114 0.0869999975
-0.2809999883 0.2630000114 0.0869999975
-0.2790000141 0.2630000114 0.08100000024
-0.2790000141 0.2630000114 0.08299999684
-0.2790000141 0.2630000114 0.08500000089
-0.2790000141 0.2630000114 0.0869999975
-0.2790000141 0.2649999857 0.08100000024
-0.27700001 0.2649999857 0.08100000024
-0.27700001 0.2649999857 0.08299999684
-0.275000006 0.2669999897 0.08100000024
-0.2730000019 0.2669999897 0.08100000024
-0.275000006 0.2669999897 0.08299999684
-0.2730000019 0.2689999938 0.08100000024
-0.2730000019 0.2689999938 0.08299999684
-0.2790000141 0.2649999857 0.08500000089
-0.2790000141 0.2649999857 0.0869999975
-0.27700001 0.2649999857 0.0869999975
-0.27700001 0.2669999897 0.0869999975
-0.275000006 0.2669999897 0.08500000089
-0.2730000019 0.2669999897 0.08500000089
-0.275000006 0.2669999897 0.0869999975
-0.2730000019 0.2669999897 0.0869999975
-0.2730000019 0.2689999938 0.08500000089
-0.2730000019 0.2689999938 0.0869999975
-0.2870000005 0.2610000074 0.08900000155
-0.2849999964 0.2610000074 0.08900000155
-0.2870000005 0.2610000074 0.09099999815
-0.2849999964 0.2610000074 0.09099999815
-0.2829999924 0.2630000114 0.08900000155
-0.2809999883 0.2630000114 0.08900000155
-0.2829999924 0.2630000114 0.09099999815
-0.2809999883 0.2630000114 0.09099999815
-0.2870000005 0.2610000074 0.09300000221
-0.2849999964 0.2610000074 0.09300000221
-0.2870000005 0.2610000074 0.09499999881
-0.2849999964 0.2610000074 0.09499999881
-0.2829999924 0.2610000074 0.09300000221
-0.2829999924 0.2630000114 0.09300000221
-0.2809999883 0.2630000114 0.09300000221
-0.2829999924 0.2630000114 0.09499999881
-0.2809999883 0.2630000114 0.09499999881
-0.2790000141 0.2630000114 0.08900000155
-0.2790000141 0.2630000114 0.09099999815
-0.2790000141 0.2630000114 0.09499999881
-0.2790000141 0.2649999857 0.08900000155
-0.27700001 0.2649999857 0.08900000155
-0.2790000141 0.2649999857 0.09099999815
-0.27700001 0.2649999857 0.09099999815
-0.275000006 0.2669999897 0.08900000155
-0.275000006 0.2669999897 0.09099999815
-0.2730000019 0.2669999897 0.09099999815
-0.2730000019 0.2689999938 0.08900000155
-0.2730000019 0.2689999938 0.09099999815
-0.27700001 0.2649999857 0.09300000221
-0.27700001 0.2669999897 0.09300000221
-0.2790000141 0.2649999857 0.09499999881
-0.27700001 0.2649999857 0.09499999881
-0.275000006 0.2669999897 0.09300000221
-0.2730000019 0.2669999897 0.09300000221
-0.275000006 0.2669999897 0.09499999881
-0.2730000019 0.2689999938 0.09300000221
-0.2730000019 0.2689999938 0.09499999881
-0.2709999979 0.2689999938 0.08100000024
-0.2709999979 0.2689999938 0.08299999684
-0.2709999979 0.2709999979 0.08299999684
-0.2709999979 0.2689999938 0.0869999975
-0.2709999979 0.2709999979 0.0869999975
-0.2689999938 0.2709999979 0.0869999975
-0.2709999979 0.2709999979 0.08900000155
-0.2709999979 0.2689999938 0.09099999815
-0.2709999979 0.2709999979 0.09099999815
-0.2709999979 0.2689999938 0.09300000221
-0.2709999979 0.2709999979 0.09300000221
-0.2689999938 0.2709999979 0.09300000221
-0.2709999979 0.2689999938 0.09499999881
-0.2689999938 0.2709999979 0.09499999881
-0.2689999938 0.2730000019 0.08299999684
-0.2669999897 0.2730000019 0.08100000024
-0.2669999897 0.2730000019 0.08299999684
-0.2669999897 0.275000006 0.08299999684
-0.2649999857 0.27700001 0.08100000024
-0.2649999857 0.27700001 0.08299999684
-0.2689999938 0.2730000019 0.08500000089
-0.2689999938 0.2730000019 0.0869999975
-0.2669999897 0.275000006 0.08500000089
-0.2669999897 0.2730000019 0.0869999975
-0.2669999897 0.275000006 0.0869999975
-0.2649999857 0.27700001 0.08500000089
-0.2649999857 0.2790000141 0.08500000089
-0.2649999857 0.27700001 0.0869999975
-0.2630000114 0.2790000141 0.08100000024
-0.2630000114 0.2790000141 0.08299999684
-0.2630000114 0.2790000141 0.0869999975
-0.2630000114 0.2809999883 0.08100000024
-0.2610000074 0.2829999924 0.08100000024
-0.2610000074 0.2849999964 0.08299999684
-0.2630000114 0.2809999883 0.08500000089
-0.2610000074 0.2829999924 0.08500000089
-0.2610000074 0.2829999924 0.0869999975
-0.2610000074 0.2849999964 0.08500000089
-0.2610000074 0.2870000005 0.08500000089
-0.2610000074 0.2849999964 0.0869999975
-0.2610000074 0.2870000005 0.0869999975
-0.2590000033 0.2849999964 0.08500000089
-0.2590000033 0.2870000005 0.08500000089
-0.2590000033 0.2870000005 0.0869999975
-0.2689999938 0.2730000019 0.08900000155
-0.2689999938 0.2730000019 0.09099999815
-0.2669999897 0.275000006 0.08900000155
-0.2669999897 0.275000006 0.09099999815
-0.2649999857 0.2790000141 0.08900000155
-0.2649999857 0.27700001 0.09099999815
-0.2649999857 0.2790000141 0.09099999815
-0.2689999938 0.2730000019 0.09300000221
-0.2669999897 0.275000006 0.09300000221
-0.2669999897 0.2730000019 0.09499999881
-0.2669999897 0.275000006 0.09499999881
-0.2649999857 0.27700001 0.09300000221
-0.2649999857 0.2790000141 0.09300000221
-0.2649999857 0.2790000141 0.09499999881
-0.2630000114 0.2790000141 0.08900000155
-0.2630000114 0.2790000141 0.09499999881
-0.2630000114 0.2829999924 0.08900000155
-0.2630000114 0.2809999883 0.09099999815
-0.2630000114 0.2829999924 0.09099999815
-0.2610000074 0.2829999924 0.09099999815
-0.2610000074 0.2849999964 0.08900000155
-0.2610000074 0.2870000005 0.08900000155
-0.2610000074 0.2849999964 0.09099999815
-0.2610000074 0.2870000005 0.09099999815
-0.2590000033 0.2870000005 0.08900000155
-0.2590000033 0.2870000005 0.09099999815
-0.2630000114 0.2809999883 0.09300000221
-0.2630000114 0.2829999924 0.09300000221
-0.2610000074 0.2829999924 0.09300000221
-0.2630000114 0.2829999924 0.09499999881
-0.2610000074 0.2870000005 0.09300000221
-0.2610000074 0.2849999964 0.09499999881
-0.2610000074 0.2870000005 0.09499999881
-0.2590000033 0.2870000005 0.09300000221
-0.2590000033 0.2849999964 0.09499999881
-0.2590000033 0.2870000005 0.09499999881
-0.2590000033 0.2910000086 0.06499999762
-0.2590000033 0.2910000086 0.06700000167
-0.2590000033 0.2930000126 0.06499999762
-0.2590000033 0.2930000126 0.06700000167
-0.2590000033 0.2910000086 0.06899999827
-0.2590000033 0.2890000045 0.07100000232
-0.2590000033 0.2930000126 0.06899999827
-0.2569999993 0.2949999869 0.06899999827
-0.2590000033 0.2930000126 0.07100000232
-0.2569999993 0.2949999869 0.07100000232
-0.2569999993 0.298999995 0.06499999762
-0.2569999993 0.2969999909 0.06700000167
-0.2569999993 0.298999995 0.06700000167
-0.2569999993 0.300999999 0.06499999762
-0.2590000033 0.3030000031 0.06499999762
-0.2569999993 0.300999999 0.06700000167
-0.2569999993 0.3030000031 0.06700000167
-0.2590000033 0.2969999909 0.06899999827
-0.2569999993 0.2969999909 0.06899999827
-0.2569999993 0.298999995 0.07100000232
-0.2590000033 0.300999999 0.06899999827
-0.2569999993 0.3030000031 0.06899999827
-0.2569999993 0.300999999 0.07100000232
-0.2569999993 0.3030000031 0.07100000232
-0.2590000033 0.2910000086 0.07299999893
-0.2590000033 0.2910000086 0.07500000298
-0.2590000033 0.2930000126 0.07299999893
-0.2590000033 0.2949999869 0.07299999893
-0.2590000033 0.2930000126 0.07500000298
-0.2569999993 0.2949999869 0.07500000298
-0.2590000033 0.2890000045 0.07699999958
-0.2590000033 0.2910000086 0.07900000364
-0.2590000033 0.2930000126 0.07699999958
-0.2569999993 0.2949999869 0.07699999958
-0.2590000033 0.2930000126 0.07900000364
-0.2569999993 0.2969999909 0.07299999893
-0.2590000033 0.298999995 0.07299999893
-0.2590000033 0.2969999909 0.07500000298
-0.2569999993 0.2969999909 0.07500000298
-0.2569999993 0.298999995 0.07500000298
-0.2569999993 0.300999999 0.07299999893
-0.2569999993 0.3030000031 0.07299999893
-0.2569999993 0.3030000031 0.07500000298
-0.2569999993 0.2969999909 0.07699999958
-0.2569999993 0.298999995 0.07699999958
-0.2569999993 0.2969999909 0.07900000364
-0.2590000033 0.298999995 0.07900000364
-0.2590000033 0.3030000031 0.07699999958
-0.2569999993 0.3030000031 0.07699999958
-0.2569999993 0.300999999 0.07900000364
-0.2569999993 0.3030000031 0.07900000364
-0.2569999993 0.3050000072 0.06499999762
-0.2590000033 0.3070000112 0.06499999762
-0.2569999993 0.3050000072 0.06700000167
-0.2590000033 0.3070000112 0.06700000167
-0.2569999993 0.3070000112 0.06700000167
-0.2590000033 0.3089999855 0.06499999762
-0.2590000033 0.3109999895 0.06499999762
-0.2590000033 0.3089999855 0.06700000167
-0.2590000033 0.3109999895 0.06700000167
-0.2569999993 0.3050000072 0.06899999827
-0.2590000033 0.3070000112 0.06899999827
-0.2569999993 0.3070000112 0.06899999827
-0.2569999993 0.3050000072 0.07100000232
-0.2590000033 0.3070000112 0.07100000232
-0.2569999993 0.3070000112 0.07100000232
-0.2590000033 0.3089999855 0.06899999827
-0.2590000033 0.3109999895 0.06899999827
-0.2590000033 0.3089999855 0.07100000232
-0.2590000033 0.3109999895 0.07100000232
-0.2610000074 0.3149999976 0.06499999762
-0.2610000074 0.3149999976 0.06700000167
-0.2590000033 0.3129999936 0.06499999762
-0.2590000033 0.3149999976 0.06499999762
-0.2590000033 0.3129999936 0.06700000167
-0.2610000074 0.3170000017 0.06499999762
-0.2630000114 0.3190000057 0.06499999762
-0.2610000074 0.3190000057 0.06499999762
-0.2610000074 0.3170000017 0.06700000167
-0.2630000114 0.3190000057 0.06700000167
-0.2610000074 0.3190000057 0.06700000167
-0.2610000074 0.3149999976 0.06899999827
-0.2610000074 0.3129999936 0.07100000232
-0.2610000074 0.3149999976 0.07100000232
-0.2590000033 0.3129999936 0.06899999827
-0.2590000033 0.3129999936 0.07100000232
-0.2590000033 0.3149999976 0.07100000232
-0.2610000074 0.3170000017 0.06899999827
-0.2630000114 0.3190000057 0.06899999827
-0.2610000074 0.3190000057 0.06899999827
-0.2610000074 0.3170000017 0.07100000232
-0.2630000114 0.3190000057 0.07100000232
-0.2610000074 0.3190000057 0.07100000232
-0.2569999993 0.3050000072 0.07299999893
-0.2590000033 0.3070000112 0.07299999893
-0.2569999993 0.3070000112 0.07299999893
-0.2590000033 0.3050000072 0.07500000298
-0.2590000033 0.3070000112 0.07500000298
-0.2569999993 0.3070000112 0.07500000298
-0.2590000033 0.3089999855 0.07299999893
-0.2590000033 0.3109999895 0.07299999893
-0.2590000033 0.3089999855 0.07500000298
-0.2590000033 0.3109999895 0.07500000298
-0.2569999993 0.3050000072 0.07699999958
-0.2590000033 0.3070000112 0.07699999958
-0.2569999993 0.3070000112 0.07699999958
-0.2569999993 0.3050000072 0.07900000364
-0.2590000033 0.3070000112 0.07900000364
-0.2590000033 0.3089999855 0.07699999958
-0.2590000033 0.3109999895 0.07699999958
-0.2590000033 0.3089999855 0.07900000364
-0.2569999993 0.3089999855 0.07900000364
-0.2590000033 0.3109999895 0.07900000364
-0.2610000074 0.3149999976 0.07299999893
-0.2610000074 0.3149999976 0.07500000298
-0.2590000033 0.3129999936 0.07299999893
-0.2590000033 0.3149999976 0.07299999893
-0.2590000033 0.3129999936 0.07500000298
-0.2590000033 0.3149999976 0.07500000298
-0.2630000114 0.3170000017 0.07299999893
-0.2610000074 0.3170000017 0.07299999893
-0.2630000114 0.3190000057 0.07299999893
-0.2610000074 0.3190000057 0.07299999893
-0.2610000074 0.3170000017 0.07500000298
-0.2610000074 0.3190000057 0.07500000298
-0.2610000074 0.3149999976 0.07699999958
-0.2610000074 0.3149999976 0.07900000364
-0.2590000033 0.3129999936 0.07699999958
-0.2590000033 0.3149999976 0.07699999958
-0.2590000033 0.3129999936 0.07900000364
-0.2590000033 0.3149999976 0.07900000364
-0.2610000074 0.3170000017 0.07699999958
-0.2630000114 0.3190000057 0.07699999958
-0.2610000074 0.3190000057 0.07699999958
-0.2610000074 0.3170000017 0.07900000364
-0.2630000114 0.3190000057 0.07900000364
-0.2610000074 0.3190000057 0.07900000364
-0.2610000074 0.2890000045 0.08100000024
-0.2590000033 0.2890000045 0.08100000024
-0.2590000033 0.2910000086 0.08100000024
-0.2590000033 0.2890000045 0.08299999684
-0.2590000033 0.2910000086 0.08299999684
-0.2590000033 0.2949999869 0.08100000024
-0.2569999993 0.2949999869 0.08100000024
-0.2590000033 0.2930000126 0.08299999684
-0.2569999993 0.2949999869 0.08299999684
-0.2610000074 0.2890000045 0.0869999975
-0.2590000033 0.2890000045 0.0869999975
-0.2590000033 0.2910000086 0.0869999975
-0.2590000033 0.2930000126 0.08500000089
-0.2590000033 0.2949999869 0.08500000089
-0.2590000033 0.2949999869 0.0869999975
-0.2569999993 0.2949999869 0.0869999975
-0.2569999993 0.298999995 0.08100000024
-0.2590000033 0.2969999909 0.08299999684
-0.2569999993 0.2969999909 0.08299999684
-0.2590000033 0.298999995 0.08299999684
-0.2569999993 0.298999995 0.08299999684
-0.2569999993 0.300999999 0.08100000024
-0.2569999993 0.3030000031 0.08100000024
-0.2590000033 0.300999999 0.08299999684
-0.2569999993 0.300999999 0.08299999684
-0.2590000033 0.3030000031 0.08299999684
-0.2569999993 0.3030000031 0.08299999684
-0.2590000033 0.2969999909 0.08500000089
-0.2569999993 0.2969999909 0.08500000089
-0.2590000033 0.298999995 0.08500000089
-0.2590000033 0.2969999909 0.0869999975
-0.2590000033 0.298999995 0.0869999975
-0.2569999993 0.298999995 0.0869999975
-0.2590000033 0.300999999 0.08500000089
-0.2569999993 0.300999999 0.08500000089
-0.2590000033 0.3030000031 0.08500000089
-0.2569999993 0.3030000031 0.08500000089
-0.2590000033 0.300999999 0.0869999975
-0.2569999993 0.300999999 0.0869999975
-0.2590000033 0.3030000031 0.0869999975
-0.2610000074 0.2890000045 0.08900000155
-0.2610000074 0.2890000045 0.09099999815
-0.2590000033 0.2890000045 0.08900000155
-0.2590000033 0.2910000086 0.08900000155
-0.2590000033 0.2890000045 0.09099999815
-0.2590000033 0.2910000086 0.09099999815
-0.2590000033 0.2930000126 0.08900000155
-0.2590000033 0.2949999869 0.08900000155
-0.2569999993 0.2949999869 0.08900000155
-0.2590000033 0.2930000126 0.09099999815
-0.2590000033 0.2949999869 0.09099999815
-0.2610000074 0.2890000045 0.09300000221
-0.2590000033 0.2910000086 0.09300000221
-0.2590000033 0.2890000045 0.09499999881
-0.2590000033 0.2930000126 0.09300000221
-0.2590000033 0.2949999869 0.09300000221
-0.2569999993 0.2949999869 0.09300000221
-0.2590000033 0.2930000126 0.09499999881
-0.2590000033 0.2949999869 0.09499999881
-0.2569999993 0.2949999869 0.09499999881
-0.2590000033 0.2969999909 0.08900000155
-0.2569999993 0.2969999909 0.08900000155
-0.2590000033 0.298999995 0.08900000155
-0.2590000033 0.2969999909 0.09099999815
-0.2569999993 0.2969999909 0.09099999815
-0.2590000033 0.298999995 0.09099999815
-0.2569999993 0.298999995 0.09099999815
-0.2590000033 0.300999999 0.08900000155
-0.2569999993 0.300999999 0.08900000155
-0.2590000033 0.3030000031 0.08900000155
-0.2569999993 0.3030000031 0.08900000155
-0.2590000033 0.300999999 0.09099999815
-0.2569999993 0.300999999 0.09099999815
-0.2590000033 0.3030000031 0.09099999815
-0.2569999993 0.3030000031 0.09099999815
-0.2590000033 0.2969999909 0.09300000221
-0.2590000033 0.298999995 0.09300000221
-0.2569999993 0.298999995 0.09300000221
-0.2590000033 0.2969999909 0.09499999881
-0.2569999993 0.2969999909 0.09499999881
-0.2590000033 0.298999995 0.09499999881
-0.2569999993 0.298999995 0.09499999881
-0.2590000033 0.300999999 0.09300000221
-0.2569999993 0.300999999 0.09300000221
-0.2590000033 0.3030000031 0.09300000221
-0.2569999993 0.3030000031 0.09300000221
-0.2590000033 0.300999999 0.09499999881
-0.2569999993 0.300999999 0.09499999881
-0.2590000033 0.3030000031 0.09499999881
-0.2569999993 0.3030000031 0.09499999881
-0.2569999993 0.3050000072 0.08100000024
-0.2590000033 0.3070000112 0.08100000024
-0.2569999993 0.3070000112 0.08100000024
-0.2590000033 0.3050000072 0.08299999684
-0.2569999993 0.3050000072 0.08299999684
-0.2590000033 0.3070000112 0.08299999684
-0.2569999993 0.3070000112 0.08299999684
-0.2610000074 0.3109999895 0.08299999684
-0.2590000033 0.3089999855 0.08100000024
-0.2590000033 0.3109999895 0.08100000024
-0.2590000033 0.3089999855 0.08299999684
-0.2590000033 0.3109999895 0.08299999684
-0.2590000033 0.3050000072 0.08500000089
-0.2569999993 0.3050000072 0.08500000089
-0.2590000033 0.3070000112 0.08500000089
-0.2590000033 0.3050000072 0.0869999975
-0.2569999993 0.3050000072 0.0869999975
-0.2590000033 0.3070000112 0.0869999975
-0.2569999993 0.3070000112 0.0869999975
-0.2610000074 0.3109999895 0.08500000089
-0.2610000074 0.3109999895 0.0869999975
-0.2590000033 0.3089999855 0.08500000089
-0.2569999993 0.3089999855 0.08500000089
-0.2590000033 0.3109999895 0.08500000089
-0.2590000033 0.3089999855 0.0869999975
-0.2590000033 0.3109999895 0.0869999975
-0.2610000074 0.3149999976 0.08100000024
-0.2610000074 0.3129999936 0.08299999684
-0.2610000074 0.3149999976 0.08299999684
-0.2590000033 0.3129999936 0.08100000024
-0.2590000033 0.3149999976 0.08100000024
-0.2590000033 0.3129999936 0.08299999684
-0.2590000033 0.3149999976 0.08299999684
-0.2610000074 0.3170000017 0.08100000024
-0.2630000114 0.3190000057 0.08100000024
-0.2610000074 0.3190000057 0.08100000024
-0.2630000114 0.3170000017 0.08299999684
-0.2610000074 0.3170000017 0.08299999684
-0.2630000114 0.3190000057 0.08299999684
-0.2610000074 0.3190000057 0.08299999684
-0.2610000074 0.3129999936 0.08500000089
-0.2610000074 0.3149999976 0.08500000089
-0.2610000074 0.3129999936 0.0869999975
-0.2610000074 0.3149999976 0.0869999975
-0.2590000033 0.3129999936 0.08500000089
-0.2590000033 0.3129999936 0.0869999975
-0.2590000033 0.3149999976 0.0869999975
-0.2630000114 0.3170000017 0.08500000089
-0.2610000074 0.3170000017 0.08500000089
-0.2630000114 0.3190000057 0.08500000089
-0.2610000074 0.3190000057 0.08500000089
-0.2630000114 0.3170000017 0.0869999975
-0.2610000074 0.3170000017 0.0869999975
-0.2630000114 0.3190000057 0.0869999975
-0.2610000074 0.3190000057 0.0869999975
-0.2590000033 0.3050000072 0.08900000155
-0.2569999993 0.3050000072 0.08900000155
-0.2590000033 0.3070000112 0.08900000155
-0.2569999993 0.3070000112 0.08900000155
-0.2590000033 0.3050000072 0.09099999815
-0.2569999993 0.3050000072 0.09099999815
-0.2590000033 0.3070000112 0.09099999815
-0.2569999993 0.3070000112 0.09099999815
-0.2610000074 0.3109999895 0.08900000155
-0.2610000074 0.3109999895 0.09099999815
-0.2590000033 0.3089999855 0.08900000155
-0.2590000033 0.3109999895 0.08900000155
-0.2590000033 0.3089999855 0.09099999815
-0.2590000033 0.3109999895 0.09099999815
-0.2590000033 0.3050000072 0.09300000221
-0.2569999993 0.3050000072 0.09300000221
-0.2590000033 0.3070000112 0.09300000221
-0.2569999993 0.3070000112 0.09300000221
-0.2590000033 0.3050000072 0.09499999881
-0.2569999993 0.3050000072 0.09499999881
-0.2590000033 0.3070000112 0.09499999881
-0.2569999993 0.3070000112 0.09499999881
-0.2610000074 0.3109999895 0.09300000221
-0.2610000074 0.3109999895 0.09499999881
-0.2590000033 0.3089999855 0.09300000221
-0.2590000033 0.3109999895 0.09300000221
-0.2590000033 0.3089999855 0.09499999881
-0.2590000033 0.3109999895 0.09499999881
-0.2610000074 0.3129999936 0.08900000155
-0.2610000074 0.3149999976 0.08900000155
-0.2610000074 0.3129999936 0.09099999815
-0.2610000074 0.3149999976 0.09099999815
-0.2590000033 0.3129999936 0.08900000155
-0.2590000033 0.3149999976 0.08900000155
-0.2590000033 0.3129999936 0.09099999815
-0.2630000114 0.3170000017 0.08900000155
-0.2610000074 0.3170000017 0.08900000155
-0.2630000114 0.3190000057 0.08900000155
-0.2610000074 0.3190000057 0.08900000155
-0.2630000114 0.3170000017 0.09099999815
-0.2610000074 0.3170000017 0.09099999815
-0.2630000114 0.3190000057 0.09099999815
-0.2610000074 0.3190000057 0.09099999815
-0.2610000074 0.3129999936 0.09300000221
-0.2610000074 0.3149999976 0.09300000221
-0.2610000074 0.3129999936 0.09499999881
-0.2610000074 0.3149999976 0.09499999881
-0.2590000033 0.3129999936 0.09300000221
-0.2590000033 0.3149999976 0.09300000221
-0.2590000033 0.3129999936 0.09499999881
-0.2590000033 0.3149999976 0.09499999881
-0.2630000114 0.3170000017 0.09300000221
-0.2610000074 0.3170000017 0.09300000221
-0.2630000114 0.3190000057 0.09300000221
-0.2610000074 0.3190000057 0.09300000221
-0.2610000074 0.3170000017 0.09499999881
-0.2630000114 0.3190000057 0.09499999881
-0.2610000074 0.3190000057 0.09499999881
-0.3149999976 0.2590000033 0.09700000286
-0.3129999936 0.2590000033 0.09700000286
-0.3129999936 0.2590000033 0.09899999946
-0.3190000057 0.2610000074 0.09700000286
-0.3170000017 0.2610000074 0.09700000286
-0.3190000057 0.2630000114 0.09700000286
-0.3170000017 0.2630000114 0.09700000286
-0.3190000057 0.2610000074 0.09899999946
-0.3170000017 0.2610000074 0.09899999946
-0.3190000057 0.2630000114 0.09899999946
-0.3170000017 0.2630000114 0.09899999946
-0.3149999976 0.2610000074 0.09700000286
-0.3129999936 0.2610000074 0.09700000286
-0.3149999976 0.2610000074 0.09899999946
-0.3129999936 0.2610000074 0.09899999946
-0.3129999936 0.2590000033 0.1010000035
-0.3129999936 0.2590000033 0.1030000001
-0.3190000057 0.2610000074 0.1010000035
-0.3170000017 0.2610000074 0.1010000035
-0.3190000057 0.2630000114 0.1010000035
-0.3170000017 0.2630000114 0.1010000035
-0.3190000057 0.2610000074 0.1030000001
-0.3170000017 0.2610000074 0.1030000001
-0.3190000057 0.2630000114 0.1030000001
-0.3170000017 0.2630000114 0.1030000001
-0.3149999976 0.2610000074 0.1010000035
-0.3129999936 0.2610000074 0.1010000035
-0.3149999976 0.2610000074 0.1030000001
-0.3129999936 0.2610000074 0.1030000001
-0.3109999895 0.2590000033 0.09700000286
-0.3089999855 0.2590000033 0.09700000286
-0.3109999895 0.2590000033 0.09899999946
-0.3089999855 0.2590000033 0.09899999946
-0.3050000072 0.2569999993 0.09700000286
-0.3070000112 0.2590000033 0.09700000286
-0.3050000072 0.2590000033 0.09700000286
-0.3070000112 0.2590000033 0.09899999946
-0.3050000072 0.2590000033 0.09899999946
-0.3109999895 0.2610000074 0.09700000286
-0.3109999895 0.2610000074 0.09899999946
-0.3089999855 0.2590000033 0.1010000035
-0.3109999895 0.2590000033 0.1030000001
-0.3089999855 0.2590000033 0.1030000001
-0.3070000112 0.2590000033 0.1010000035
-0.3050000072 0.2590000033 0.1010000035
-0.3050000072 0.2569999993 0.1030000001
-0.3070000112 0.2590000033 0.1030000001
-0.3050000072 0.2590000033 0.1030000001
-0.3109999895 0.2610000074 0.1010000035
-0.3109999895 0.2610000074 0.1030000001
-0.3190000057 0.2649999857 0.09700000286
-0.3190000057 0.2649999857 0.1010000035
-0.3129999936 0.2590000033 0.1049999967
-0.3129999936 0.2590000033 0.1070000008
-0.3179999888 0.2619999945 0.1059999987
-0.3149999976 0.2610000074 0.1049999967
-0.3129999936 0.2610000074 0.1049999967
-0.3149999976 0.2610000074 0.1070000008
-0.3129999936 0.2610000074 0.1070000008
-0.3149999976 0.2630000114 0.1070000008
-0.3170000017 0.2610000074 0.1089999974
-0.3190000057 0.2630000114 0.1089999974
-0.3170000017 0.2630000114 0.1089999974
-0.3149999976 0.2610000074 0.1089999974
-0.3129999936 0.2610000074 0.1089999974
-0.3109999895 0.2590000033 0.1049999967
-0.3089999855 0.2590000033 0.1049999967
-0.3109999895 0.2590000033 0.1070000008
-0.3089999855 0.2590000033 0.1070000008
-0.3050000072 0.2569999993 0.1049999967
-0.3070000112 0.2590000033 0.1049999967
-0.3050000072 0.2590000033 0.1049999967
-0.3050000072 0.2569999993 0.1070000008
-0.3070000112 0.2590000033 0.1070000008
-0.3050000072 0.2590000033 0.1070000008
-0.3109999895 0.2610000074 0.1049999967
-0.3109999895 0.2610000074 0.1070000008
-0.3109999895 0.2590000033 0.1089999974
-0.3089999855 0.2590000033 0.1089999974
-0.3070000112 0.2590000033 0.1089999974
-0.3050000072 0.2590000033 0.1089999974
-0.3109999895 0.2610000074 0.1089999974
-0.3030000031 0.2590000033 0.09700000286
-0.300999999 0.2590000033 0.09700000286
-0.3030000031 0.2569999993 0.09899999946
-0.3030000031 0.2590000033 0.09899999946
-0.300999999 0.2590000033 0.09899999946
-0.298999995 0.2590000033 0.09700000286
-0.2969999909 0.2590000033 0.09700000286
-0.298999995 0.2569999993 0.09899999946
-0.298999995 0.2590000033 0.09899999946
-0.2969999909 0.2590000033 0.09899999946
-0.3030000031 0.2590000033 0.1010000035
-0.300999999 0.2590000033 0.1010000035
-0.300999999 0.2569999993 0.1030000001
-0.3030000031 0.2590000033 0.1030000001
-0.300999999 0.2590000033 0.1030000001
-0.298999995 0.2569999993 0.1010000035
-0.2969999909 0.2569999993 0.1010000035
-0.298999995 0.2590000033 0.1010000035
-0.2969999909 0.2590000033 0.1010000035
-0.298999995 0.2590000033 0.1030000001
-0.2969999909 0.2590000033 0.1030000001
-0.2949999869 0.2590000033 0.09700000286
-0.2930000126 0.2590000033 0.09700000286
-0.2949999869 0.2590000033 0.09899999946
-0.2930000126 0.2590000033 0.09899999946
-0.2910000086 0.2590000033 0.09700000286
-0.2890000045 0.2590000033 0.09700000286
-0.2910000086 0.2590000033 0.09899999946
-0.2890000045 0.2590000033 0.09899999946
-0.2890000045 0.2610000074 0.09700000286
-0.2890000045 0.2610000074 0.09899999946
-0.2949999869 0.2590000033 0.1010000035
-0.2930000126 0.2590000033 0.1010000035
-0.2949999869 0.2569999993 0.1030000001
-0.2949999869 0.2590000033 0.1030000001
-0.2930000126 0.2590000033 0.1030000001
-0.2910000086 0.2590000033 0.1010000035
-0.2890000045 0.2590000033 0.1010000035
-0.2910000086 0.2590000033 0.1030000001
-0.2890000045 0.2590000033 0.1030000001
-0.2890000045 0.2610000074 0.1010000035
-0.2890000045 0.2610000074 0.1030000001
-0.300999999 0.2569999993 0.1049999967
-0.3030000031 0.2590000033 0.1049999967
-0.300999999 0.2590000033 0.1049999967
-0.300999999 0.2569999993 0.1070000008
-0.3030000031 0.2590000033 0.1070000008
-0.300999999 0.2590000033 0.1070000008
-0.298999995 0.2590000033 0.1049999967
-0.2969999909 0.2590000033 0.1049999967
-0.298999995 0.2569999993 0.1070000008
-0.298999995 0.2590000033 0.1070000008
-0.2969999909 0.2590000033 0.1070000008
-0.300999999 0.2569999993 0.1089999974
-0.3030000031 0.2590000033 0.1089999974
-0.300999999 0.2590000033 0.1089999974
-0.298999995 0.2590000033 0.1089999974
-0.2969999909 0.2590000033 0.1089999974
-0.2949999869 0.2569999993 0.1049999967
-0.2949999869 0.2590000033 0.1049999967
-0.2930000126 0.2590000033 0.1049999967
-0.2949999869 0.2590000033 0.1070000008
-0.2930000126 0.2590000033 0.1070000008
-0.2910000086 0.2590000033 0.1049999967
-0.2890000045 0.2590000033 0.1049999967
-0.2910000086 0.2590000033 0.1070000008
-0.2890000045 0.2610000074 0.1049999967
-0.2890000045 0.2610000074 0.1070000008
-0.2949999869 0.2590000033 0.1089999974
-0.2930000126 0.2590000033 0.1089999974
-0.2910000086 0.2590000033 0.1089999974
-0.2890000045 0.2590000033 0.1089999974
-0.2890000045 0.2610000074 0.1089999974
-0.2870000005 0.2610000074 0.09700000286
-0.2849999964 0.2610000074 0.09700000286
-0.2870000005 0.2610000074 0.09899999946
-0.2849999964 0.2610000074 0.09899999946
-0.2829999924 0.2630000114 0.09700000286
-0.2809999883 0.2630000114 0.09700000286
-0.2829999924 0.2630000114 0.09899999946
-0.2809999883 0.2630000114 0.09899999946
-0.2870000005 0.2610000074 0.1010000035
-0.2849999964 0.2610000074 0.1010000035
-0.2870000005 0.2610000074 0.1030000001
-0.2849999964 0.2610000074 0.1030000001
-0.2829999924 0.2610000074 0.1010000035
-0.2829999924 0.2630000114 0.1010000035
-0.2809999883 0.2630000114 0.1010000035
-0.2829999924 0.2610000074 0.1030000001
-0.2829999924 0.2630000114 0.1030000001
-0.2809999883 0.2630000114 0.1030000001
-0.2790000141 0.2630000114 0.09700000286
-0.2790000141 0.2630000114 0.09899999946
-0.2790000141 0.2630000114 0.1010000035
-0.2790000141 0.2630000114 0.1030000001
-0.2790000141 0.2649999857 0.09700000286
-0.27700001 0.2649999857 0.09700000286
-0.27700001 0.2669999897 0.09700000286
-0.2790000141 0.2649999857 0.09899999946
-0.27700001 0.2649999857 0.09899999946
-0.275000006 0.2669999897 0.09700000286
-0.2730000019 0.2669999897 0.09700000286
-0.275000006 0.2669999897 0.09899999946
-0.2730000019 0.2689999938 0.09700000286
-0.2730000019 0.2689999938 0.09899999946
-0.2790000141 0.2649999857 0.1010000035
-0.27700001 0.2649999857 0.1010000035
-0.2790000141 0.2649999857 0.1030000001
-0.27700001 0.2649999857 0.1030000001
-0.27700001 0.2669999897 0.1030000001
-0.275000006 0.2669999897 0.1010000035
-0.2730000019 0.2669999897 0.1010000035
-0.275000006 0.2669999897 0.1030000001
-0.2730000019 0.2669999897 0.1030000001
-0.2730000019 0.2689999938 0.1010000035
-0.2730000019 0.2689999938 0.1030000001
-0.2849999964 0.2590000033 0.1049999967
-0.2870000005 0.2590000033 0.1070000008
-0.2870000005 0.2610000074 0.1049999967
-0.2849999964 0.2610000074 0.1049999967
-0.2870000005 0.2610000074 0.1070000008
-0.2849999964 0.2610000074 0.1070000008
-0.2829999924 0.2610000074 0.1049999967
-0.2829999924 0.2630000114 0.1049999967
-0.2809999883 0.2630000114 0.1049999967
-0.2829999924 0.2630000114 0.1070000008
-0.2809999883 0.2630000114 0.1070000008
-0.2870000005 0.2610000074 0.1089999974
-0.2849999964 0.2610000074 0.1089999974
-0.2829999924 0.2610000074 0.1089999974
-0.2829999924 0.2630000114 0.1089999974
-0.2809999883 0.2630000114 0.1089999974
-0.2790000141 0.2630000114 0.1049999967
-0.2790000141 0.2630000114 0.1070000008
-0.2790000141 0.2630000114 0.1089999974
-0.2790000141 0.2649999857 0.1049999967
-0.27700001 0.2649999857 0.1049999967
-0.2790000141 0.2649999857 0.1070000008
-0.27700001 0.2649999857 0.1070000008
-0.275000006 0.2669999897 0.1049999967
-0.2730000019 0.2669999897 0.1049999967
-0.275000006 0.2669999897 0.1070000008
-0.2730000019 0.2669999897 0.1070000008
-0.2730000019 0.2689999938 0.1070000008
-0.2790000141 0.2649999857 0.1089999974
-0.27700001 0.2649999857 0.1089999974
-0.275000006 0.2649999857 0.1089999974
-0.275000006 0.2669999897 0.1089999974
-0.2730000019 0.2669999897 0.1089999974
-0.2730000019 0.2689999938 0.1089999974
-0.2709999979 0.2689999938 0.09700000286
-0.2709999979 0.2709999979 0.09700000286
-0.2709999979 0.2689999938 0.09899999946
-0.2709999979 0.2709999979 0.09899999946
-0.2689999938 0.2709999979 0.09899999946
-0.2709999979 0.2689999938 0.1010000035
-0.2709999979 0.2709999979 0.1010000035
-0.2689999938 0.2709999979 0.1010000035
-0.2709999979 0.2689999938 0.1030000001
-0.2709999979 0.2709999979 0.1030000001
-0.2689999938 0.2709999979 0.1030000001
-0.2709999979 0.2689999938 0.1049999967
-0.2709999979 0.2709999979 0.1049999967
-0.2689999938 0.2709999979 0.1049999967
-0.2709999979 0.2709999979 0.1070000008
-0.2689999938 0.2709999979 0.1070000008
-0.2709999979 0.2689999938 0.1089999974
-0.2709999979 0.2709999979 0.1089999974
-0.2689999938 0.2709999979 0.1089999974
-0.2689999938 0.2730000019 0.09700000286
-0.2689999938 0.2730000019 0.09899999946
-0.2669999897 0.275000006 0.09700000286
-0.2669999897 0.275000006 0.09899999946
-0.2649999857 0.27700001 0.09700000286
-0.2649999857 0.2790000141 0.09700000286
-0.2649999857 0.27700001 0.09899999946
-0.2649999857 0.2790000141 0.09899999946
-0.2689999938 0.2730000019 0.1010000035
-0.2689999938 0.2730000019 0.1030000001
-0.2669999897 0.275000006 0.1010000035
-0.2669999897 0.2730000019 0.1030000001
-0.2669999897 0.275000006 0.1030000001
-0.2649999857 0.2790000141 0.1010000035
-0.2649999857 0.27700001 0.1030000001
-0.2649999857 0.2790000141 0.1030000001
-0.2630000114 0.2790000141 0.09899999946
-0.2630000114 0.2790000141 0.1010000035
-0.2630000114 0.2809999883 0.09700000286
-0.2630000114 0.2829999924 0.09700000286
-0.2610000074 0.2829999924 0.09700000286
-0.2630000114 0.2809999883 0.09899999946
-0.2610000074 0.2809999883 0.09899999946
-0.2630000114 0.2829999924 0.09899999946
-0.2610000074 0.2829999924 0.09899999946
-0.2610000074 0.2849999964 0.09700000286
-0.2610000074 0.2870000005 0.09700000286
-0.2610000074 0.2870000005 0.09899999946
-0.2590000033 0.2849999964 0.09700000286
-0.2590000033 0.2870000005 0.09700000286
-0.2590000033 0.2870000005 0.09899999946
-0.2630000114 0.2809999883 0.1010000035
-0.2630000114 0.2829999924 0.1010000035
-0.2630000114 0.2809999883 0.1030000001
-0.2610000074 0.2809999883 0.1030000001
-0.2630000114 0.2829999924 0.1030000001
-0.2610000074 0.2829999924 0.1030000001
-0.2610000074 0.2870000005 0.1010000035
-0.2610000074 0.2849999964 0.1030000001
-0.2610000074 0.2870000005 0.1030000001
-0.2590000033 0.2849999964 0.1010000035
-0.2590000033 0.2870000005 0.1010000035
-0.2689999938 0.2730000019 0.1049999967
-0.2669999897 0.2730000019 0.1049999967
-0.2669999897 0.275000006 0.1049999967
-0.2669999897 0.2730000019 0.1070000008
-0.2669999897 0.27700001 0.1049999967
-0.2649999857 0.2790000141 0.1049999967
-0.2649999857 0.27700001 0.1070000008
-0.2689999938 0.2730000019 0.1089999974
-0.2669999897 0.2730000019 0.1089999974
-0.2669999897 0.275000006 0.1089999974
-0.2649999857 0.275000006 0.1089999974
-0.2649999857 0.27700001 0.1089999974
-0.2649999857 0.2790000141 0.1089999974
-0.2630000114 0.2809999883 0.1049999967
-0.2630000114 0.2829999924 0.1049999967
-0.2610000074 0.2829999924 0.1049999967
-0.2630000114 0.2809999883 0.1070000008
-0.2610000074 0.2849999964 0.1049999967
-0.2610000074 0.2849999964 0.1070000008
-0.2630000114 0.2809999883 0.1089999974
-0.2610000074 0.2829999924 0.1089999974
-0.2610000074 0.2849999964 0.1089999974
-0.2610000074 0.2870000005 0.1089999974
-0.2590000033 0.2870000005 0.1089999974
-0.2610000074 0.2890000045 0.09700000286
-0.2610000074 0.2890000045 0.09899999946
-0.2590000033 0.2890000045 0.09700000286
-0.2590000033 0.2910000086 0.09899999946
-0.2590000033 0.2930000126 0.09700000286
-0.2590000033 0.2949999869 0.09700000286
-0.2569999993 0.2949999869 0.09700000286
-0.2590000033 0.2930000126 0.09899999946
-0.2590000033 0.2949999869 0.09899999946
-0.2610000074 0.2890000045 0.1030000001
-0.2590000033 0.2890000045 0.1010000035
-0.2590000033 0.2910000086 0.1010000035
-0.2590000033 0.2890000045 0.1030000001
-0.2590000033 0.2910000086 0.1030000001
-0.2590000033 0.2930000126 0.1010000035
-0.2590000033 0.2949999869 0.1010000035
-0.2569999993 0.2949999869 0.1010000035
-0.2590000033 0.2930000126 0.1030000001
-0.2569999993 0.2930000126 0.1030000001
-0.2569999993 0.2949999869 0.1030000001
-0.2590000033 0.2969999909 0.09700000286
-0.2590000033 0.298999995 0.09700000286
-0.2569999993 0.298999995 0.09700000286
-0.2590000033 0.2969999909 0.09899999946
-0.2569999993 0.2969999909 0.09899999946
-0.2569999993 0.298999995 0.09899999946
-0.2590000033 0.300999999 0.09700000286
-0.2569999993 0.300999999 0.09700000286
-0.2590000033 0.3030000031 0.09700000286
-0.2569999993 0.3030000031 0.09700000286
-0.2569999993 0.300999999 0.09899999946
-0.2590000033 0.3030000031 0.09899999946
-0.2569999993 0.3030000031 0.09899999946
-0.2569999993 0.2969999909 0.1010000035
-0.2569999993 0.2969999909 0.1030000001
-0.2569999993 0.300999999 0.1010000035
-0.2569999993 0.3030000031 0.1010000035
-0.2590000033 0.2890000045 0.1049999967
-0.2590000033 0.2910000086 0.1049999967
-0.2590000033 0.2890000045 0.1070000008
-0.2590000033 0.2910000086 0.1070000008
-0.2569999993 0.2910000086 0.1070000008
-0.2590000033 0.2930000126 0.1049999967
-0.2569999993 0.2930000126 0.1049999967
-0.2569999993 0.2949999869 0.1049999967
-0.2569999993 0.2930000126 0.1070000008
-0.2590000033 0.2890000045 0.1089999974
-0.2569999993 0.2890000045 0.1089999974
-0.2569999993 0.2910000086 0.1089999974
-0.2569999993 0.2930000126 0.1089999974
-0.2590000033 0.3050000072 0.09700000286
-0.2569999993 0.3050000072 0.09700000286
-0.2590000033 0.3070000112 0.09700000286
-0.2569999993 0.3070000112 0.09700000286
-0.2590000033 0.3050000072 0.09899999946
-0.2569999993 0.3050000072 0.09899999946
-0.2590000033 0.3070000112 0.09899999946
-0.2569999993 0.3070000112 0.09899999946
-0.2610000074 0.3109999895 0.09700000286
-0.2610000074 0.3109999895 0.09899999946
-0.2590000033 0.3089999855 0.09700000286
-0.2590000033 0.3109999895 0.09700000286
-0.2590000033 0.3089999855 0.09899999946
-0.2590000033 0.3109999895 0.09899999946
-0.2590000033 0.3050000072 0.1010000035
-0.2569999993 0.3050000072 0.1010000035
-0.2590000033 0.3070000112 0.1010000035
-0.2569999993 0.3070000112 0.1010000035
-0.2590000033 0.3050000072 0.1030000001
-0.2569999993 0.3050000072 0.1030000001
-0.2590000033 0.3070000112 0.1030000001
-0.2569999993 0.3070000112 0.1030000001
-0.2590000033 0.3089999855 0.1010000035
-0.2569999993 0.3089999855 0.1010000035
-0.2590000033 0.3109999895 0.1010000035
-0.2590000033 0.3089999855 0.1030000001
-0.2590000033 0.3109999895 0.1030000001
-0.2610000074 0.3129999936 0.09700000286
-0.2610000074 0.3149999976 0.09700000286
-0.2610000074 0.3129999936 0.09899999946
-0.2610000074 0.3149999976 0.09899999946
-0.2590000033 0.3129999936 0.09700000286
-0.2590000033 0.3129999936 0.09899999946
-0.2590000033 0.3149999976 0.09899999946
-0.2630000114 0.3170000017 0.09700000286
-0.2610000074 0.3170000017 0.09700000286
-0.2630000114 0.3190000057 0.09700000286
-0.2610000074 0.3190000057 0.09700000286
-0.2630000114 0.3170000017 0.09899999946
-0.2610000074 0.3170000017 0.09899999946
-0.2630000114 0.3190000057 0.09899999946
-0.2610000074 0.3190000057 0.09899999946
-0.2610000074 0.3129999936 0.1010000035
-0.2610000074 0.3149999976 0.1010000035
-0.2610000074 0.3129999936 0.1030000001
-0.2610000074 0.3149999976 0.1030000001
-0.2590000033 0.3129999936 0.1010000035
-0.2590000033 0.3149999976 0.1010000035
-0.2590000033 0.3129999936 0.1030000001
-0.2590000033 0.3149999976 0.1030000001
-0.2619999945 0.3179999888 0.1019999981
-0.2569999993 0.3070000112 0.1049999967
-0.2569999993 0.3070000112 0.1070000008
-0.2610000074 0.3109999895 0.1049999967
-0.2610000074 0.3109999895 0.1070000008
-0.2590000033 0.3089999855 0.1049999967
-0.2569999993 0.3089999855 0.1049999967
-0.2590000033 0.3109999895 0.1049999967
-0.2590000033 0.3089999855 0.1070000008
-0.2569999993 0.3089999855 0.1070000008
-0.2590000033 0.3109999895 0.1070000008
-0.2569999993 0.3089999855 0.1089999974
-0.2590000033 0.3109999895 0.1089999974
-0.2569999993 0.3109999895 0.1089999974
-0.2610000074 0.3129999936 0.1049999967
-0.2610000074 0.3149999976 0.1049999967
-0.2610000074 0.3129999936 0.1070000008
-0.2610000074 0.3149999976 0.1070000008
-0.2590000033 0.3129999936 0.1049999967
-0.2590000033 0.3149999976 0.1049999967
-0.2590000033 0.3129999936 0.1070000008
-0.2590000033 0.3149999976 0.1070000008
-0.2630000114 0.3170000017 0.1049999967
-0.2610000074 0.3170000017 0.1049999967
-0.2630000114 0.3190000057 0.1049999967
-0.2610000074 0.3190000057 0.1049999967
-0.2630000114 0.3170000017 0.1070000008
-0.2610000074 0.3170000017 0.1070000008
-0.2630000114 0.3190000057 0.1070000008
-0.2610000074 0.3190000057 0.1070000008
-0.2610000074 0.3149999976 0.1089999974
-0.2590000033 0.3129999936 0.1089999974
-0.2590000033 0.3149999976 0.1089999974
-0.2610000074 0.3170000017 0.1089999974
-0.2630000114 0.3190000057 0.1089999974
-0.2610000074 0.3190000057 0.1089999974
-0.3370000124 0.3210000098 0.06499999762
-0.3370000124 0.3230000138 0.06499999762
-0.3370000124 0.3210000098 0.06700000167
-0.3370000124 0.3230000138 0.06700000167
-0.3370000124 0.3210000098 0.06899999827
-0.3370000124 0.3230000138 0.06899999827
-0.3370000124 0.3210000098 0.07100000232
-0.3370000124 0.3210000098 0.07299999893
-0.3370000124 0.3210000098 0.07500000298
-0.3370000124 0.3230000138 0.07500000298
-0.3370000124 0.3210000098 0.07699999958
-0.3370000124 0.3210000098 0.07900000364
-0.3350000083 0.3230000138 0.06499999762
-0.3350000083 0.3230000138 0.06700000167
-0.3350000083 0.3249999881 0.06499999762
-0.3330000043 0.3249999881 0.06499999762
-0.3330000043 0.3249999881 0.06700000167
-0.3330000043 0.3269999921 0.06700000167
-0.3310000002 0.3269999921 0.06700000167
-0.3350000083 0.3230000138 0.06899999827
-0.3350000083 0.3230000138 0.07100000232
-0.3330000043 0.3249999881 0.06899999827
-0.3330000043 0.3249999881 0.07100000232
-0.3310000002 0.3289999962 0.06499999762
-0.3310000002 0.3289999962 0.06899999827
-0.3289999962 0.3310000002 0.06899999827
-0.3249999881 0.3330000043 0.06499999762
-0.3249999881 0.3330000043 0.06700000167
-0.3249999881 0.3350000083 0.06700000167
-0.3230000138 0.3350000083 0.06499999762
-0.3249999881 0.3330000043 0.06899999827
-0.3269999921 0.3330000043 0.07100000232
-0.3230000138 0.3350000083 0.07100000232
-0.3350000083 0.3230000138 0.07299999893
-0.3350000083 0.3230000138 0.07500000298
-0.3330000043 0.3249999881 0.07299999893
-0.3330000043 0.3269999921 0.07299999893
-0.3330000043 0.3249999881 0.07500000298
-0.3350000083 0.3230000138 0.07699999958
-0.3350000083 0.3230000138 0.07900000364
-0.3330000043 0.3249999881 0.07699999958
-0.3330000043 0.3269999921 0.07699999958
-0.3330000043 0.3249999881 0.07900000364
-0.3310000002 0.3269999921 0.07699999958
-0.3249999881 0.3330000043 0.07299999893
-0.3249999881 0.3330000043 0.07500000298
-0.3230000138 0.3350000083 0.07500000298
-0.3249999881 0.3330000043 0.07699999958
-0.3249999881 0.3330000043 0.07900000364
-0.3230000138 0.3350000083 0.07699999958
-0.3210000098 0.3370000124 0.06700000167
-0.3210000098 0.3370000124 0.07100000232
-0.3370000124 0.3230000138 0.08100000024
-0.3350000083 0.3230000138 0.08100000024
-0.3350000083 0.3230000138 0.08299999684
-0.3330000043 0.3249999881 0.08100000024
-0.3330000043 0.3249999881 0.08299999684
-0.3330000043 0.3249999881 0.08500000089
-0.3330000043 0.3249999881 0.0869999975
-0.3330000043 0.3269999921 0.0869999975
-0.3310000002 0.3269999921 0.08500000089
-0.3269999921 0.3310000002 0.08299999684
-0.3249999881 0.3330000043 0.08100000024
-0.3249999881 0.3350000083 0.08100000024
-0.3249999881 0.3330000043 0.08299999684
-0.3230000138 0.3350000083 0.08299999684
-0.3249999881 0.3330000043 0.0869999975
-0.3230000138 0.3350000083 0.0869999975
-0.3330000043 0.3249999881 0.09099999815
-0.3310000002 0.3269999921 0.09099999815
-0.3350000083 0.3230000138 0.09300000221
-0.3350000083 0.3230000138 0.09499999881
-0.3330000043 0.3249999881 0.09300000221
-0.3330000043 0.3249999881 0.09499999881
-0.3310000002 0.3269999921 0.09300000221
-0.3310000002 0.3289999962 0.09099999815
-0.3289999962 0.3310000002 0.09300000221
-0.3249999881 0.3330000043 0.08900000155
-0.3249999881 0.3350000083 0.09099999815
-0.3230000138 0.3350000083 0.08900000155
-0.3230000138 0.3350000083 0.09099999815
-0.3269999921 0.3310000002 0.09300000221
-0.3269999921 0.3330000043 0.09300000221
-0.3249999881 0.3330000043 0.09300000221
-0.3249999881 0.3330000043 0.09499999881
-0.3230000138 0.3350000083 0.09499999881
-0.3210000098 0.3350000083 0.09499999881
-0.3210000098 0.3370000124 0.08100000024
-0.3210000098 0.3370000124 0.08500000089
-0.3210000098 0.3370000124 0.0869999975
-0.3230000138 0.3370000124 0.08900000155
-0.3210000098 0.3370000124 0.08900000155
-0.3210000098 0.3370000124 0.09099999815
-0.3210000098 0.3370000124 0.09300000221
-0.3230000138 0.3370000124 0.09499999881
-0.3370000124 0.3210000098 0.09899999946
-0.3370000124 0.3210000098 0.1010000035
-0.3370000124 0.3210000098 0.1089999974
-0.3350000083 0.3230000138 0.09700000286
-0.3350000083 0.3230000138 0.09899999946
-0.3330000043 0.3249999881 0.09700000286
-0.3330000043 0.3249999881 0.09899999946
-0.3350000083 0.3210000098 0.1010000035
-0.3350000083 0.3230000138 0.1010000035
-0.3350000083 0.3210000098 0.1030000001
-0.3330000043 0.3249999881 0.1010000035
-0.3310000002 0.3269999921 0.1010000035
-0.3310000002 0.3289999962 0.09700000286
-0.3289999962 0.3310000002 0.09899999946
-0.3310000002 0.3289999962 0.1030000001
-0.3249999881 0.3350000083 0.09700000286
-0.3269999921 0.3330000043 0.09899999946
-0.3230000138 0.3350000083 0.09700000286
-0.3230000138 0.3350000083 0.09899999946
-0.3210000098 0.3350000083 0.09899999946
-0.3269999921 0.3310000002 0.1010000035
-0.3269999921 0.3310000002 0.1030000001
-0.3249999881 0.3330000043 0.1010000035
-0.3249999881 0.3330000043 0.1030000001
-0.3249999881 0.3350000083 0.1030000001
-0.3230000138 0.3350000083 0.1010000035
-0.3210000098 0.3350000083 0.1010000035
-0.3230000138 0.3330000043 0.1030000001
-0.3210000098 0.3350000083 0.1030000001
-0.3350000083 0.3210000098 0.1049999967
-0.3350000083 0.3210000098 0.1070000008
-0.3350000083 0.3230000138 0.1070000008
-0.3330000043 0.3230000138 0.1070000008
-0.3350000083 0.3210000098 0.1089999974
-0.3350000083 0.3230000138 0.1089999974
-0.3330000043 0.3249999881 0.1089999974
-0.3330000043 0.3269999921 0.1089999974
-0.3310000002 0.3269999921 0.1089999974
-0.3289999962 0.3310000002 0.1049999967
-0.3310000002 0.3289999962 0.1089999974
-0.3289999962 0.3289999962 0.1089999974
-0.3289999962 0.3310000002 0.1089999974
-0.3269999921 0.3330000043 0.1049999967
-0.3230000138 0.3350000083 0.1049999967
-0.3230000138 0.3350000083 0.1070000008
-0.3269999921 0.3330000043 0.1089999974
-0.3249999881 0.3330000043 0.1089999974
-0.3249999881 0.3350000083 0.1089999974
-0.3230000138 0.3350000083 0.1089999974
-0.3230000138 0.3370000124 0.09700000286
-0.3210000098 0.3370000124 0.09899999946
-0.3230000138 0.3370000124 0.1010000035
-0.3210000098 0.3370000124 0.1030000001
-0.3210000098 0.3370000124 0.1049999967
-0.3230000138 0.3370000124 0.1070000008
-0.3230000138 0.3370000124 0.1089999974
-0.3210000098 0.3370000124 0.1089999974
-0.3190000057 0.3370000124 0.06499999762
-0.3170000017 0.3389999866 0.06700000167
-0.3149999976 0.3389999866 0.06499999762
-0.3149999976 0.3389999866 0.06700000167
-0.3129999936 0.3409999907 0.06700000167
-0.3190000057 0.3370000124 0.06899999827
-0.3190000057 0.3389999866 0.06899999827
-0.3190000057 0.3370000124 0.07100000232
-0.3149999976 0.3389999866 0.06899999827
-0.3149999976 0.3389999866 0.07100000232
-0.3129999936 0.3409999907 0.06899999827
-0.3149999976 0.3409999907 0.07100000232
-0.3129999936 0.3409999907 0.07100000232
-0.3109999895 0.3409999907 0.06499999762
-0.3089999855 0.3409999907 0.06499999762
-0.3109999895 0.3409999907 0.06700000167
-0.3089999855 0.3409999907 0.06700000167
-0.3070000112 0.3409999907 0.06499999762
-0.3070000112 0.3429999948 0.06499999762
-0.3050000072 0.3429999948 0.06499999762
-0.3070000112 0.3409999907 0.06700000167
-0.3070000112 0.3429999948 0.06700000167
-0.3050000072 0.3429999948 0.06700000167
-0.3109999895 0.3409999907 0.06899999827
-0.3089999855 0.3409999907 0.06899999827
-0.3109999895 0.3409999907 0.07100000232
-0.3089999855 0.3409999907 0.07100000232
-0.3070000112 0.3409999907 0.06899999827
-0.3070000112 0.3429999948 0.06899999827
-0.3050000072 0.3429999948 0.06899999827
-0.3070000112 0.3409999907 0.07100000232
-0.3070000112 0.3429999948 0.07100000232
-0.3050000072 0.3429999948 0.07100000232
-0.3190000057 0.3370000124 0.07299999893
-0.3170000017 0.3389999866 0.07299999893
-0.3190000057 0.3370000124 0.07500000298
-0.3149999976 0.3389999866 0.07500000298
-0.3149999976 0.3409999907 0.07299999893
-0.3129999936 0.3409999907 0.07299999893
-0.3149999976 0.3409999907 0.07500000298
-0.3129999936 0.3409999907 0.07500000298
-0.3190000057 0.3370000124 0.07699999958
-0.3170000017 0.3389999866 0.07699999958
-0.3190000057 0.3370000124 0.07900000364
-0.3170000017 0.3389999866 0.07900000364
-0.3149999976 0.3389999866 0.07699999958
-0.3149999976 0.3389999866 0.07900000364
-0.3129999936 0.3409999907 0.07699999958
-0.3149999976 0.3409999907 0.07900000364
-0.3129999936 0.3409999907 0.07900000364
-0.3109999895 0.3409999907 0.07299999893
-0.3089999855 0.3409999907 0.07299999893
-0.3109999895 0.3409999907 0.07500000298
-0.3089999855 0.3409999907 0.07500000298
-0.3070000112 0.3429999948 0.07299999893
-0.3050000072 0.3429999948 0.07299999893
-0.3070000112 0.3409999907 0.07500000298
-0.3070000112 0.3429999948 0.07500000298
-0.3050000072 0.3429999948 0.07500000298
-0.3109999895 0.3409999907 0.07699999958
-0.3089999855 0.3409999907 0.07699999958
-0.3109999895 0.3409999907 0.07900000364
-0.3089999855 0.3409999907 0.07900000364
-0.3070000112 0.3409999907 0.07699999958
-0.3070000112 0.3429999948 0.07699999958
-0.3050000072 0.3429999948 0.07699999958
-0.3070000112 0.3409999907 0.07900000364
-0.3070000112 0.3429999948 0.07900000364
-0.3050000072 0.3429999948 0.07900000364
-0.3030000031 0.3429999948 0.06499999762
-0.300999999 0.3429999948 0.06499999762
-0.3030000031 0.3429999948 0.06700000167
-0.300999999 0.3429999948 0.06700000167
-0.298999995 0.3429999948 0.06499999762
-0.2969999909 0.3429999948 0.06499999762
-0.298999995 0.3429999948 0.06700000167
-0.2969999909 0.3429999948 0.06700000167
-0.3030000031 0.3429999948 0.06899999827
-0.300999999 0.3429999948 0.06899999827
-0.3030000031 0.3429999948 0.07100000232
-0.300999999 0.3429999948 0.07100000232
-0.298999995 0.3429999948 0.06899999827
-0.2969999909 0.3429999948 0.06899999827
-0.298999995 0.3429999948 0.07100000232
-0.2969999909 0.3429999948 0.07100000232
-0.2930000126 0.3409999907 0.06499999762
-0.2949999869 0.3429999948 0.06499999762
-0.2930000126 0.3429999948 0.06499999762
-0.2930000126 0.3409999907 0.06700000167
-0.2949999869 0.3429999948 0.06700000167
-0.2930000126 0.3429999948 0.06700000167
-0.2910000086 0.3409999907 0.06499999762
-0.2890000045 0.3409999907 0.06499999762
-0.2910000086 0.3409999907 0.06700000167
-0.2890000045 0.3409999907 0.06700000167
-0.2910000086 0.3429999948 0.06700000167
-0.2930000126 0.3409999907 0.06899999827
-0.2949999869 0.3429999948 0.06899999827
-0.2930000126 0.3429999948 0.06899999827
-0.2930000126 0.3409999907 0.07100000232
-0.2949999869 0.3429999948 0.07100000232
-0.2930000126 0.3429999948 0.07100000232
-0.2910000086 0.3409999907 0.06899999827
-0.2890000045 0.3409999907 0.06899999827
-0.2910000086 0.3409999907 0.07100000232
-0.2890000045 0.3409999907 0.07100000232
-0.2910000086 0.3429999948 0.07100000232
-0.3030000031 0.3429999948 0.07299999893
-0.300999999 0.3429999948 0.07299999893
-0.3030000031 0.3429999948 0.07500000298
-0.300999999 0.3429999948 0.07500000298
-0.298999995 0.3429999948 0.07299999893
-0.2969999909 0.3429999948 0.07299999893
-0.298999995 0.3429999948 0.07500000298
-0.2969999909 0.3429999948 0.07500000298
-0.3030000031 0.3429999948 0.07699999958
-0.300999999 0.3429999948 0.07699999958
-0.3030000031 0.3429999948 0.07900000364
-0.300999999 0.3429999948 0.07900000364
-0.298999995 0.3429999948 0.07699999958
-0.2969999909 0.3429999948 0.07699999958
-0.298999995 0.3429999948 0.07900000364
-0.2969999909 0.3429999948 0.07900000364
-0.2930000126 0.3409999907 0.07299999893
-0.2949999869 0.3429999948 0.07299999893
-0.2930000126 0.3429999948 0.07299999893
-0.2930000126 0.3409999907 0.07500000298
-0.2949999869 0.3429999948 0.07500000298
-0.2930000126 0.3429999948 0.07500000298
-0.2910000086 0.3409999907 0.07299999893
-0.2890000045 0.3409999907 0.07299999893
-0.2910000086 0.3409999907 0.07500000298
-0.2890000045 0.3409999907 0.07500000298
-0.2930000126 0.3409999907 0.07699999958
-0.2949999869 0.3429999948 0.07699999958
-0.2930000126 0.3429999948 0.07699999958
-0.2930000126 0.3409999907 0.07900000364
-0.2949999869 0.3429999948 0.07900000364
-0.2930000126 0.3429999948 0.07900000364
-0.2910000086 0.3409999907 0.07699999958
-0.2890000045 0.3409999907 0.07699999958
-0.2910000086 0.3429999948 0.07699999958
-0.2910000086 0.3409999907 0.07900000364
-0.2890000045 0.3409999907 0.07900000364
-0.3190000057 0.3389999866 0.08100000024
-0.3170000017 0.3389999866 0.08100000024
-0.3190000057 0.3370000124 0.08299999684
-0.3190000057 0.3389999866 0.08299999684
-0.3149999976 0.3389999866 0.08299999684
-0.3149999976 0.3409999907 0.08100000024
-0.3129999936 0.3409999907 0.08100000024
-0.3129999936 0.3409999907 0.08299999684
-0.3190000057 0.3370000124 0.08500000089
-0.3170000017 0.3389999866 0.08500000089
-0.3190000057 0.3370000124 0.0869999975
-0.3170000017 0.3389999866 0.0869999975
-0.3149999976 0.3389999866 0.08500000089
-0.3149999976 0.3389999866 0.0869999975
-0.3149999976 0.3409999907 0.08500000089
-0.3129999936 0.3409999907 0.08500000089
-0.3149999976 0.3409999907 0.0869999975
-0.3129999936 0.3409999907 0.0869999975
-0.3109999895 0.3409999907 0.08100000024
-0.3089999855 0.3409999907 0.08100000024
-0.3109999895 0.3409999907 0.08299999684
-0.3089999855 0.3409999907 0.08299999684
-0.3070000112 0.3409999907 0.08100000024
-0.3070000112 0.3429999948 0.08100000024
-0.3050000072 0.3429999948 0.08100000024
-0.3070000112 0.3409999907 0.08299999684
-0.3070000112 0.3429999948 0.08299999684
-0.3050000072 0.3429999948 0.08299999684
-0.3109999895 0.3409999907 0.08500000089
-0.3089999855 0.3409999907 0.08500000089
-0.3109999895 0.3409999907 0.0869999975
-0.3089999855 0.3409999907 0.0869999975
-0.3070000112 0.3429999948 0.08500000089
-0.3050000072 0.3429999948 0.08500000089
-0.3070000112 0.3409999907 0.0869999975
-0.3070000112 0.3429999948 0.0869999975
-0.3050000072 0.3429999948 0.0869999975
-0.3190000057 0.3370000124 0.08900000155
-0.3190000057 0.3389999866 0.08900000155
-0.3170000017 0.3389999866 0.08900000155
-0.3190000057 0.3370000124 0.09099999815
-0.3190000057 0.3389999866 0.09099999815
-0.3170000017 0.3389999866 0.09099999815
-0.3149999976 0.3389999866 0.08900000155
-0.3149999976 0.3389999866 0.09099999815
-0.3129999936 0.3409999907 0.08900000155
-0.3149999976 0.3409999907 0.09099999815
-0.3129999936 0.3409999907 0.09099999815
-0.3190000057 0.3389999866 0.09300000221
-0.3170000017 0.3389999866 0.09300000221
-0.3190000057 0.3370000124 0.09499999881
-0.3190000057 0.3389999866 0.09499999881
-0.3170000017 0.3389999866 0.09499999881
-0.3149999976 0.3389999866 0.09300000221
-0.3129999936 0.3389999866 0.09300000221
-0.3149999976 0.3389999866 0.09499999881
-0.3149999976 0.3409999907 0.09300000221
-0.3129999936 0.3409999907 0.09300000221
-0.3129999936 0.3409999907 0.09499999881
-0.3109999895 0.3409999907 0.08900000155
-0.3089999855 0.3409999907 0.08900000155
-0.3109999895 0.3409999907 0.09099999815
-0.3089999855 0.3409999907 0.09099999815
-0.3070000112 0.3409999907 0.08900000155
-0.3070000112 0.3429999948 0.08900000155
-0.3050000072 0.3429999948 0.08900000155
-0.3070000112 0.3409999907 0.09099999815
-0.3070000112 0.3429999948 0.09099999815
-0.3050000072 0.3429999948 0.09099999815
-0.3109999895 0.3409999907 0.09300000221
-0.3089999855 0.3409999907 0.09300000221
-0.3109999895 0.3409999907 0.09499999881
-0.3089999855 0.3409999907 0.09499999881
-0.3070000112 0.3409999907 0.09300000221
-0.3070000112 0.3429999948 0.09300000221
-0.3050000072 0.3429999948 0.09300000221
-0.3070000112 0.3409999907 0.09499999881
-0.3050000072 0.3409999907 0.09499999881
-0.3070000112 0.3429999948 0.09499999881
-0.3050000072 0.3429999948 0.09499999881
-0.3030000031 0.3429999948 0.08100000024
-0.300999999 0.3429999948 0.08100000024
-0.3030000031 0.3429999948 0.08299999684
-0.300999999 0.3429999948 0.08299999684
-0.298999995 0.3429999948 0.08100000024
-0.2969999909 0.3429999948 0.08100000024
-0.298999995 0.3429999948 0.08299999684
-0.2969999909 0.3429999948 0.08299999684
-0.3030000031 0.3429999948 0.08500000089
-0.300999999 0.3429999948 0.08500000089
-0.3030000031 0.3429999948 0.0869999975
-0.300999999 0.3429999948 0.0869999975
-0.298999995 0.3429999948 0.08500000089
-0.2969999909 0.3429999948 0.08500000089
-0.298999995 0.3429999948 0.0869999975
-0.2969999909 0.3429999948 0.0869999975
-0.2930000126 0.3409999907 0.08100000024
-0.2949999869 0.3429999948 0.08100000024
-0.2930000126 0.3429999948 0.08100000024
-0.2930000126 0.3409999907 0.08299999684
-0.2949999869 0.3429999948 0.08299999684
-0.2930000126 0.3429999948 0.08299999684
-0.2910000086 0.3409999907 0.08100000024
-0.2890000045 0.3409999907 0.08100000024
-0.2910000086 0.3409999907 0.08299999684
-0.2890000045 0.3409999907 0.08299999684
-0.2930000126 0.3409999907 0.08500000089
-0.2949999869 0.3429999948 0.08500000089
-0.2930000126 0.3429999948 0.08500000089
-0.2930000126 0.3409999907 0.0869999975
-0.2949999869 0.3429999948 0.0869999975
-0.2930000126 0.3429999948 0.0869999975
-0.2910000086 0.3409999907 0.08500000089
-0.2890000045 0.3409999907 0.08500000089
-0.2910000086 0.3409999907 0.0869999975
-0.2890000045 0.3409999907 0.0869999975
-0.2910000086 0.3429999948 0.0869999975
-0.3030000031 0.3429999948 0.08900000155
-0.300999999 0.3429999948 0.08900000155
-0.3030000031 0.3409999907 0.09099999815
-0.300999999 0.3409999907 0.09099999815
-0.3030000031 0.3429999948 0.09099999815
-0.300999999 0.3429999948 0.09099999815
-0.298999995 0.3429999948 0.08900000155
-0.2969999909 0.3429999948 0.08900000155
-0.2969999909 0.3409999907 0.09099999815
-0.298999995 0.3429999948 0.09099999815
-0.2969999909 0.3429999948 0.09099999815
-0.3030000031 0.3429999948 0.09300000221
-0.300999999 0.3429999948 0.09300000221
-0.3030000031 0.3409999907 0.09499999881
-0.3030000031 0.3429999948 0.09499999881
-0.300999999 0.3429999948 0.09499999881
-0.2969999909 0.3409999907 0.09300000221
-0.298999995 0.3429999948 0.09300000221
-0.2969999909 0.3429999948 0.09300000221
-0.298999995 0.3409999907 0.09499999881
-0.2969999909 0.3409999907 0.09499999881
-0.298999995 0.3429999948 0.09499999881
-0.2969999909 0.3429999948 0.09499999881
-0.2890000045 0.3389999866 0.08900000155
-0.2930000126 0.3409999907 0.08900000155
-0.2949999869 0.3429999948 0.08900000155
-0.2930000126 0.3429999948 0.08900000155
-0.2949999869 0.3409999907 0.09099999815
-0.2930000126 0.3409999907 0.09099999815
-0.2949999869 0.3429999948 0.09099999815
-0.2930000126 0.3429999948 0.09099999815
-0.2910000086 0.3409999907 0.08900000155
-0.2890000045 0.3409999907 0.08900000155
-0.2910000086 0.3409999907 0.09099999815
-0.2890000045 0.3409999907 0.09099999815
-0.2910000086 0.3429999948 0.09099999815
-0.2890000045 0.3389999866 0.09300000221
-0.2890000045 0.3389999866 0.09499999881
-0.2930000126 0.3409999907 0.09300000221
-0.2949999869 0.3429999948 0.09300000221
-0.2930000126 0.3429999948 0.09300000221
-0.2930000126 0.3409999907 0.09499999881
-0.2949999869 0.3429999948 0.09499999881
-0.2930000126 0.3429999948 0.09499999881
-0.2910000086 0.3409999907 0.09300000221
-0.2890000045 0.3409999907 0.09300000221
-0.2910000086 0.3409999907 0.09499999881
-0.2890000045 0.3409999907 0.09499999881
-0.2910000086 0.3429999948 0.09499999881
-0.27700001 0.3350000083 0.06499999762
-0.27700001 0.3350000083 0.06700000167
-0.2730000019 0.3330000043 0.06499999762
-0.275000006 0.3350000083 0.06499999762
-0.2730000019 0.3330000043 0.06700000167
-0.275000006 0.3350000083 0.06700000167
-0.27700001 0.3350000083 0.06899999827
-0.27700001 0.3350000083 0.07100000232
-0.275000006 0.3330000043 0.06899999827
-0.2730000019 0.3330000043 0.06899999827
-0.275000006 0.3350000083 0.06899999827
-0.275000006 0.3330000043 0.07100000232
-0.2730000019 0.3330000043 0.07100000232
-0.275000006 0.3350000083 0.07100000232
-0.2730000019 0.3310000002 0.07500000298
-0.27700001 0.3350000083 0.07299999893
-0.27700001 0.3350000083 0.07500000298
-0.275000006 0.3330000043 0.07299999893
-0.2730000019 0.3330000043 0.07299999893
-0.275000006 0.3350000083 0.07299999893
-0.2730000019 0.3330000043 0.07500000298
-0.275000006 0.3350000083 0.07500000298
-0.27700001 0.3350000083 0.07699999958
-0.27700001 0.3350000083 0.07900000364
-0.275000006 0.3330000043 0.07699999958
-0.2730000019 0.3330000043 0.07699999958
-0.275000006 0.3350000083 0.07699999958
-0.275000006 0.3330000043 0.07900000364
-0.2730000019 0.3330000043 0.07900000364
-0.275000006 0.3350000083 0.07900000364
-0.2649999857 0.3230000138 0.06499999762
-0.2649999857 0.3230000138 0.06700000167
-0.2669999897 0.3249999881 0.06499999762
-0.2649999857 0.3249999881 0.06499999762
-0.2669999897 0.3269999921 0.06499999762
-0.2669999897 0.3249999881 0.06700000167
-0.2649999857 0.3249999881 0.06700000167
-0.2669999897 0.3269999921 0.06700000167
-0.2649999857 0.3230000138 0.06899999827
-0.2649999857 0.3230000138 0.07100000232
-0.2649999857 0.3249999881 0.06899999827
-0.2669999897 0.3269999921 0.06899999827
-0.2669999897 0.3249999881 0.07100000232
-0.2649999857 0.3249999881 0.07100000232
-0.2669999897 0.3269999921 0.07100000232
-0.2630000114 0.3210000098 0.06499999762
-0.2630000114 0.3230000138 0.06499999762
-0.2630000114 0.3210000098 0.06700000167
-0.2630000114 0.3230000138 0.06700000167
-0.2630000114 0.3210000098 0.06899999827
-0.2630000114 0.3230000138 0.06899999827
-0.2630000114 0.3210000098 0.07100000232
-0.2630000114 0.3230000138 0.07100000232
-0.2689999938 0.3289999962 0.06499999762
-0.2709999979 0.3310000002 0.06499999762
-0.2689999938 0.3310000002 0.06499999762
-0.2689999938 0.3289999962 0.06700000167
-0.2709999979 0.3310000002 0.06700000167
-0.2689999938 0.3310000002 0.06700000167
-0.2709999979 0.3330000043 0.06700000167
-0.2689999938 0.3289999962 0.06899999827
-0.2709999979 0.3310000002 0.06899999827
-0.2689999938 0.3310000002 0.06899999827
-0.2689999938 0.3289999962 0.07100000232
-0.2709999979 0.3310000002 0.07100000232
-0.2669999897 0.3289999962 0.06899999827
-0.2669999897 0.3289999962 0.07100000232
-0.2709999979 0.3330000043 0.07100000232
-0.2649999857 0.3230000138 0.07299999893
-0.2649999857 0.3230000138 0.07500000298
-0.2669999897 0.3249999881 0.07299999893
-0.2649999857 0.3249999881 0.07299999893
-0.2669999897 0.3269999921 0.07299999893
-0.2649999857 0.3249999881 0.07500000298
-0.2669999897 0.3269999921 0.07500000298
-0.2649999857 0.3210000098 0.07699999958
-0.2649999857 0.3230000138 0.07699999958
-0.2649999857 0.3230000138 0.07900000364
-0.2669999897 0.3249999881 0.07699999958
-0.2649999857 0.3249999881 0.07699999958
-0.2669999897 0.3269999921 0.07699999958
-0.2649999857 0.3269999921 0.07699999958
-0.2669999897 0.3249999881 0.07900000364
-0.2649999857 0.3249999881 0.07900000364
-0.2669999897 0.3269999921 0.07900000364
-0.2630000114 0.3210000098 0.07299999893
-0.2630000114 0.3230000138 0.07299999893
-0.2630000114 0.3210000098 0.07500000298
-0.2630000114 0.3230000138 0.07500000298
-0.2630000114 0.3210000098 0.07699999958
-0.2630000114 0.3230000138 0.07699999958
-0.2630000114 0.3210000098 0.07900000364
-0.2630000114 0.3230000138 0.07900000364
-0.2689999938 0.3289999962 0.07299999893
-0.2709999979 0.3310000002 0.07299999893
-0.2689999938 0.3310000002 0.07299999893
-0.2689999938 0.3289999962 0.07500000298
-0.2709999979 0.3310000002 0.07500000298
-0.2689999938 0.3310000002 0.07500000298
-0.2669999897 0.3289999962 0.07299999893
-0.2669999897 0.3289999962 0.07500000298
-0.2709999979 0.3330000043 0.07500000298
-0.2689999938 0.3289999962 0.07699999958
-0.2709999979 0.3310000002 0.07699999958
-0.2689999938 0.3310000002 0.07699999958
-0.2689999938 0.3289999962 0.07900000364
-0.2709999979 0.3310000002 0.07900000364
-0.2689999938 0.3310000002 0.07900000364
-0.2669999897 0.3289999962 0.07900000364
-0.2709999979 0.3330000043 0.07900000364
-0.2849999964 0.3389999866 0.06499999762
-0.2849999964 0.3389999866 0.06700000167
-0.2809999883 0.3370000124 0.06499999762
-0.2829999924 0.3389999866 0.06499999762
-0.2809999883 0.3389999866 0.06499999762
-0.2809999883 0.3370000124 0.06700000167
-0.2829999924 0.3389999866 0.06700000167
-0.2809999883 0.3389999866 0.06700000167
-0.2870000005 0.3409999907 0.06499999762
-0.2849999964 0.3409999907 0.06499999762
-0.2870000005 0.3409999907 0.06700000167
-0.2849999964 0.3409999907 0.06700000167
-0.2849999964 0.3389999866 0.06899999827
-0.2849999964 0.3389999866 0.07100000232
-0.2829999924 0.3389999866 0.06899999827
-0.2809999883 0.3389999866 0.06899999827
-0.2809999883 0.3370000124 0.07100000232
-0.2829999924 0.3389999866 0.07100000232
-0.2809999883 0.3389999866 0.07100000232
-0.2870000005 0.3409999907 0.06899999827
-0.2849999964 0.3409999907 0.06899999827
-0.2870000005 0.3409999907 0.07100000232
-0.2849999964 0.3409999907 0.07100000232
-0.2790000141 0.3370000124 0.06499999762
-0.27700001 0.3370000124 0.06499999762
-0.2790000141 0.3370000124 0.06700000167
-0.27700001 0.3370000124 0.06700000167
-0.2790000141 0.3370000124 0.06899999827
-0.27700001 0.3370000124 0.06899999827
-0.2790000141 0.3370000124 0.07100000232
-0.27700001 0.3370000124 0.07100000232
-0.2849999964 0.3389999866 0.07299999893
-0.2849999964 0.3389999866 0.07500000298
-0.2809999883 0.3370000124 0.07299999893
-0.2829999924 0.3389999866 0.07299999893
-0.2809999883 0.3389999866 0.07299999893
-0.2809999883 0.3370000124 0.07500000298
-0.2829999924 0.3389999866 0.07500000298
-0.2809999883 0.3389999866 0.07500000298
-0.2870000005 0.3409999907 0.07299999893
-0.2849999964 0.3409999907 0.07299999893
-0.2870000005 0.3409999907 0.07500000298
-0.2849999964 0.3409999907 0.07500000298
-0.2849999964 0.3389999866 0.07699999958
-0.2849999964 0.3389999866 0.07900000364
-0.2829999924 0.3389999866 0.07699999958
-0.2809999883 0.3389999866 0.07699999958
-0.2809999883 0.3370000124 0.07900000364
-0.2829999924 0.3389999866 0.07900000364
-0.2809999883 0.3389999866 0.07900000364
-0.2870000005 0.3409999907 0.07699999958
-0.2849999964 0.3409999907 0.07699999958
-0.2870000005 0.3409999907 0.07900000364
-0.2849999964 0.3409999907 0.07900000364
-0.2790000141 0.3370000124 0.07299999893
-0.27700001 0.3370000124 0.07299999893
-0.2790000141 0.3370000124 0.07500000298
-0.27700001 0.3370000124 0.07500000298
-0.2790000141 0.3370000124 0.07699999958
-0.27700001 0.3370000124 0.07699999958
-0.2790000141 0.3370000124 0.07900000364
-0.27700001 0.3370000124 0.07900000364
-0.27700001 0.3350000083 0.08100000024
-0.27700001 0.3350000083 0.08299999684
-0.2730000019 0.3330000043 0.08100000024
-0.275000006 0.3350000083 0.08100000024
-0.275000006 0.3330000043 0.08299999684
-0.2730000019 0.3330000043 0.08299999684
-0.275000006 0.3350000083 0.08299999684
-0.2730000019 0.3310000002 0.0869999975
-0.27700001 0.3350000083 0.08500000089
-0.27700001 0.3350000083 0.0869999975
-0.2730000019 0.3330000043 0.08500000089
-0.275000006 0.3350000083 0.08500000089
-0.275000006 0.3330000043 0.0869999975
-0.2730000019 0.3330000043 0.0869999975
-0.275000006 0.3350000083 0.0869999975
-0.2730000019 0.3310000002 0.08900000155
-0.2730000019 0.3310000002 0.09099999815
-0.27700001 0.3330000043 0.08900000155
-0.2790000141 0.3350000083 0.08900000155
-0.27700001 0.3350000083 0.08900000155
-0.27700001 0.3330000043 0.09099999815
-0.2790000141 0.3350000083 0.09099999815
-0.27700001 0.3350000083 0.09099999815
-0.275000006 0.3330000043 0.08900000155
-0.2730000019 0.3330000043 0.08900000155
-0.275000006 0.3350000083 0.08900000155
-0.275000006 0.3330000043 0.09099999815
-0.2730000019 0.3330000043 0.09099999815
-0.275000006 0.3350000083 0.09099999815
-0.2730000019 0.3350000083 0.09099999815
-0.2730000019 0.3310000002 0.09300000221
-0.2730000019 0.3310000002 0.09499999881
-0.2790000141 0.3350000083 0.09300000221
-0.27700001 0.3350000083 0.09300000221
-0.2790000141 0.3350000083 0.09499999881
-0.27700001 0.3350000083 0.09499999881
-0.275000006 0.3330000043 0.09300000221
-0.2730000019 0.3330000043 0.09300000221
-0.275000006 0.3350000083 0.09300000221
-0.275000006 0.3330000043 0.09499999881
-0.2730000019 0.3330000043 0.09499999881
-0.275000006 0.3350000083 0.09499999881
-0.2730000019 0.3350000083 0.09499999881
-0.2649999857 0.3230000138 0.08100000024
-0.2649999857 0.3230000138 0.08299999684
-0.2669999897 0.3249999881 0.08100000024
-0.2649999857 0.3249999881 0.08100000024
-0.2669999897 0.3269999921 0.08100000024
-0.2669999897 0.3249999881 0.08299999684
-0.2649999857 0.3249999881 0.08299999684
-0.2669999897 0.3269999921 0.08299999684
-0.2649999857 0.3210000098 0.08500000089
-0.2669999897 0.3230000138 0.08500000089
-0.2649999857 0.3230000138 0.08500000089
-0.2649999857 0.3210000098 0.0869999975
-0.2649999857 0.3230000138 0.0869999975
-0.2689999938 0.3269999921 0.08500000089
-0.2689999938 0.3269999921 0.0869999975
-0.2669999897 0.3249999881 0.08500000089
-0.2649999857 0.3249999881 0.08500000089
-0.2669999897 0.3269999921 0.08500000089
-0.2669999897 0.3249999881 0.0869999975
-0.2649999857 0.3249999881 0.0869999975
-0.2669999897 0.3269999921 0.0869999975
-0.2630000114 0.3210000098 0.08100000024
-0.2630000114 0.3230000138 0.08100000024
-0.2630000114 0.3210000098 0.08299999684
-0.2630000114 0.3230000138 0.08299999684
-0.2630000114 0.3210000098 0.08500000089
-0.2630000114 0.3230000138 0.08500000089
-0.2630000114 0.3210000098 0.0869999975
-0.2630000114 0.3230000138 0.0869999975
-0.2689999938 0.3289999962 0.08100000024
-0.2709999979 0.3310000002 0.08100000024
-0.2689999938 0.3310000002 0.08100000024
-0.2689999938 0.3289999962 0.08299999684
-0.2709999979 0.3310000002 0.08299999684
-0.2689999938 0.3310000002 0.08299999684
-0.2669999897 0.3289999962 0.08299999684
-0.2709999979 0.3330000043 0.08299999684
-0.2709999979 0.3289999962 0.08500000089
-0.2689999938 0.3289999962 0.08500000089
-0.2709999979 0.3310000002 0.08500000089
-0.2689999938 0.3310000002 0.08500000089
-0.2709999979 0.3289999962 0.0869999975
-0.2689999938 0.3289999962 0.0869999975
-0.2709999979 0.3310000002 0.0869999975
-0.2689999938 0.3310000002 0.0869999975
-0.2669999897 0.3289999962 0.0869999975
-0.2709999979 0.3330000043 0.0869999975
-0.2649999857 0.3210000098 0.08900000155
-0.2669999897 0.3230000138 0.08900000155
-0.2649999857 0.3230000138 0.08900000155
-0.2649999857 0.3210000098 0.09099999815
-0.2649999857 0.3230000138 0.09099999815
-0.2689999938 0.3269999921 0.08900000155
-0.2689999938 0.3269999921 0.09099999815
-0.2669999897 0.3249999881 0.08900000155
-0.2649999857 0.3249999881 0.08900000155
-0.2669999897 0.3269999921 0.08900000155
-0.2669999897 0.3249999881 0.09099999815
-0.2649999857 0.3249999881 0.09099999815
-0.2669999897 0.3269999921 0.09099999815
-0.2649999857 0.3210000098 0.09300000221
-0.2649999857 0.3230000138 0.09300000221
-0.2649999857 0.3210000098 0.09499999881
-0.2649999857 0.3230000138 0.09499999881
-0.2689999938 0.3269999921 0.09300000221
-0.2689999938 0.3269999921 0.09499999881
-0.2669999897 0.3249999881 0.09300000221
-0.2649999857 0.3249999881 0.09300000221
-0.2669999897 0.3269999921 0.09300000221
-0.2669999897 0.3249999881 0.09499999881
-0.2649999857 0.3249999881 0.09499999881
-0.2669999897 0.3269999921 0.09499999881
-0.2630000114 0.3210000098 0.08900000155
-0.2630000114 0.3230000138 0.08900000155
-0.2630000114 0.3210000098 0.09099999815
-0.2630000114 0.3230000138 0.09099999815
-0.2630000114 0.3210000098 0.09300000221
-0.2630000114 0.3230000138 0.09300000221
-0.2630000114 0.3210000098 0.09499999881
-0.2630000114 0.3230000138 0.09499999881
-0.2709999979 0.3289999962 0.08900000155
-0.2689999938 0.3289999962 0.08900000155
-0.2709999979 0.3310000002 0.08900000155
-0.2689999938 0.3310000002 0.08900000155
-0.2709999979 0.3289999962 0.09099999815
-0.2689999938 0.3289999962 0.09099999815
-0.2709999979 0.3310000002 0.09099999815
-0.2689999938 0.3310000002 0.09099999815
-0.2669999897 0.3289999962 0.09099999815
-0.2709999979 0.3330000043 0.09099999815
-0.2709999979 0.3289999962 0.09300000221
-0.2689999938 0.3289999962 0.09300000221
-0.2709999979 0.3310000002 0.09300000221
-0.2689999938 0.3310000002 0.09300000221
-0.2709999979 0.3289999962 0.09499999881
-0.2689999938 0.3289999962 0.09499999881
-0.2709999979 0.3310000002 0.09499999881
-0.2669999897 0.3289999962 0.09300000221
-0.2669999897 0.3289999962 0.09499999881
-0.2709999979 0.3330000043 0.09499999881
-0.2849999964 0.3389999866 0.08100000024
-0.2849999964 0.3389999866 0.08299999684
-0.2809999883 0.3370000124 0.08100000024
-0.2829999924 0.3389999866 0.08100000024
-0.2809999883 0.3389999866 0.08100000024
-0.2829999924 0.3389999866 0.08299999684
-0.2809999883 0.3389999866 0.08299999684
-0.2870000005 0.3409999907 0.08100000024
-0.2849999964 0.3409999907 0.08100000024
-0.2870000005 0.3409999907 0.08299999684
-0.2849999964 0.3409999907 0.08299999684
-0.2849999964 0.3389999866 0.08500000089
-0.2849999964 0.3389999866 0.0869999975
-0.2809999883 0.3370000124 0.08500000089
-0.2829999924 0.3389999866 0.08500000089
-0.2809999883 0.3389999866 0.08500000089
-0.2809999883 0.3370000124 0.0869999975
-0.2829999924 0.3389999866 0.0869999975
-0.2809999883 0.3389999866 0.0869999975
-0.2870000005 0.3409999907 0.08500000089
-0.2849999964 0.3409999907 0.08500000089
-0.2870000005 0.3409999907 0.0869999975
-0.2849999964 0.3409999907 0.0869999975
-0.2790000141 0.3370000124 0.08100000024
-0.27700001 0.3370000124 0.08100000024
-0.2790000141 0.3370000124 0.08299999684
-0.27700001 0.3370000124 0.08299999684
-0.2790000141 0.3370000124 0.08500000089
-0.27700001 0.3370000124 0.08500000089
-0.2790000141 0.3370000124 0.0869999975
-0.27700001 0.3370000124 0.0869999975
-0.2870000005 0.3389999866 0.08900000155
-0.2849999964 0.3389999866 0.08900000155
-0.2870000005 0.3389999866 0.09099999815
-0.2849999964 0.3389999866 0.09099999815
-0.2809999883 0.3370000124 0.08900000155
-0.2829999924 0.3389999866 0.08900000155
-0.2809999883 0.3389999866 0.08900000155
-0.2829999924 0.3389999866 0.09099999815
-0.2809999883 0.3389999866 0.09099999815
-0.2870000005 0.3409999907 0.08900000155
-0.2849999964 0.3409999907 0.08900000155
-0.2870000005 0.3409999907 0.09099999815
-0.2849999964 0.3409999907 0.09099999815
-0.2849999964 0.3389999866 0.09300000221
-0.2870000005 0.3389999866 0.09499999881
-0.2849999964 0.3389999866 0.09499999881
-0.2809999883 0.3370000124 0.09300000221
-0.2829999924 0.3389999866 0.09300000221
-0.2809999883 0.3389999866 0.09300000221
-0.2829999924 0.3370000124 0.09499999881
-0.2809999883 0.3370000124 0.09499999881
-0.2829999924 0.3389999866 0.09499999881
-0.2809999883 0.3389999866 0.09499999881
-0.2870000005 0.3409999907 0.09300000221
-0.2849999964 0.3409999907 0.09300000221
-0.2870000005 0.3409999907 0.09499999881
-0.2849999964 0.3409999907 0.09499999881
-0.2790000141 0.3370000124 0.08900000155
-0.27700001 0.3370000124 0.08900000155
-0.2790000141 0.3370000124 0.09099999815
-0.27700001 0.3370000124 0.09099999815
-0.2790000141 0.3370000124 0.09300000221
-0.27700001 0.3370000124 0.09300000221
-0.2790000141 0.3370000124 0.09499999881
-0.27700001 0.3370000124 0.09499999881
-0.3190000057 0.3370000124 0.09700000286
-0.3170000017 0.3389999866 0.09700000286
-0.3190000057 0.3370000124 0.09899999946
-0.3190000057 0.3389999866 0.09899999946
-0.3170000017 0.3389999866 0.09899999946
-0.3149999976 0.3389999866 0.09700000286
-0.3149999976 0.3389999866 0.09899999946
-0.3149999976 0.3409999907 0.09700000286
-0.3129999936 0.3409999907 0.09700000286
-0.3149999976 0.3409999907 0.09899999946
-0.3129999936 0.3409999907 0.09899999946
-0.3190000057 0.3370000124 0.1010000035
-0.3190000057 0.3389999866 0.1010000035
-0.3170000017 0.3389999866 0.1010000035
-0.3190000057 0.3370000124 0.1030000001
-0.3170000017 0.3389999866 0.1030000001
-0.3149999976 0.3389999866 0.1010000035
-0.3129999936 0.3389999866 0.1010000035
-0.3149999976 0.3389999866 0.1030000001
-0.3129999936 0.3389999866 0.1030000001
-0.3129999936 0.3409999907 0.1010000035
-0.3149999976 0.3409999907 0.1030000001
-0.3129999936 0.3409999907 0.1030000001
-0.3109999895 0.3389999866 0.09700000286
-0.3109999895 0.3389999866 0.09899999946
-0.3109999895 0.3409999907 0.09700000286
-0.3089999855 0.3409999907 0.09700000286
-0.3109999895 0.3409999907 0.09899999946
-0.3089999855 0.3409999907 0.09899999946
-0.3070000112 0.3409999907 0.09700000286
-0.3050000072 0.3409999907 0.09700000286
-0.3070000112 0.3429999948 0.09700000286
-0.3050000072 0.3429999948 0.09700000286
-0.3070000112 0.3409999907 0.09899999946
-0.3050000072 0.3409999907 0.09899999946
-0.3070000112 0.3429999948 0.09899999946
-0.3050000072 0.3429999948 0.09899999946
-0.3109999895 0.3389999866 0.1010000035
-0.3109999895 0.3409999907 0.1010000035
-0.3089999855 0.3409999907 0.1010000035
-0.3109999895 0.3409999907 0.1030000001
-0.3089999855 0.3409999907 0.1030000001
-0.3070000112 0.3409999907 0.1010000035
-0.3050000072 0.3409999907 0.1010000035
-0.3070000112 0.3429999948 0.1010000035
-0.3050000072 0.3429999948 0.1010000035
-0.3070000112 0.3409999907 0.1030000001
-0.3050000072 0.3409999907 0.1030000001
-0.3070000112 0.3429999948 0.1030000001
-0.3050000072 0.3429999948 0.1030000001
-0.3190000057 0.3370000124 0.1049999967
-0.3170000017 0.3370000124 0.1049999967
-0.3190000057 0.3389999866 0.1049999967
-0.3170000017 0.3389999866 0.1049999967
-0.3190000057 0.3389999866 0.1070000008
-0.3170000017 0.3389999866 0.1070000008
-0.3149999976 0.3389999866 0.1049999967
-0.3149999976 0.3389999866 0.1070000008
-0.3129999936 0.3409999907 0.1049999967
-0.3129999936 0.3409999907 0.1070000008
-0.3190000057 0.3370000124 0.1089999974
-0.3190000057 0.3389999866 0.1089999974
-0.3170000017 0.3389999866 0.1089999974
-0.3149999976 0.3389999866 0.1089999974
-0.3129999936 0.3389999866 0.1089999974
-0.3149999976 0.3409999907 0.1089999974
-0.3129999936 0.3409999907 0.1089999974
-0.3109999895 0.3409999907 0.1049999967
-0.3089999855 0.3409999907 0.1049999967
-0.3109999895 0.3409999907 0.1070000008
-0.3089999855 0.3409999907 0.1070000008
-0.3070000112 0.3409999907 0.1049999967
-0.3070000112 0.3429999948 0.1049999967
-0.3050000072 0.3429999948 0.1049999967
-0.3070000112 0.3409999907 0.1070000008
-0.3050000072 0.3409999907 0.1070000008
-0.3070000112 0.3429999948 0.1070000008
-0.3050000072 0.3429999948 0.1070000008
-0.3109999895 0.3409999907 0.1089999974
-0.3089999855 0.3409999907 0.1089999974
-0.3070000112 0.3409999907 0.1089999974
-0.3050000072 0.3409999907 0.1089999974
-0.3070000112 0.3429999948 0.1089999974
-0.3050000072 0.3429999948 0.1089999974
-0.3030000031 0.3409999907 0.09700000286
-0.300999999 0.3409999907 0.09700000286
-0.3030000031 0.3429999948 0.09700000286
-0.300999999 0.3429999948 0.09700000286
-0.3030000031 0.3409999907 0.09899999946
-0.300999999 0.3409999907 0.09899999946
-0.3030000031 0.3429999948 0.09899999946
-0.300999999 0.3429999948 0.09899999946
-0.298999995 0.3409999907 0.09700000286
-0.2969999909 0.3409999907 0.09700000286
-0.298999995 0.3429999948 0.09700000286
-0.2969999909 0.3429999948 0.09700000286
-0.298999995 0.3409999907 0.09899999946
-0.298999995 0.3429999948 0.09899999946
-0.2969999909 0.3429999948 0.09899999946
-0.3030000031 0.3409999907 0.1010000035
-0.300999999 0.3409999907 0.1010000035
-0.3030000031 0.3429999948 0.1010000035
-0.300999999 0.3429999948 0.1010000035
-0.3030000031 0.3409999907 0.1030000001
-0.300999999 0.3409999907 0.1030000001
-0.3030000031 0.3429999948 0.1030000001
-0.300999999 0.3429999948 0.1030000001
-0.2969999909 0.3409999907 0.1010000035
-0.298999995 0.3429999948 0.1010000035
-0.2969999909 0.3429999948 0.1010000035
-0.298999995 0.3409999907 0.1030000001
-0.2969999909 0.3409999907 0.1030000001
-0.298999995 0.3429999948 0.1030000001
-0.2969999909 0.3429999948 0.1030000001
-0.2949999869 0.3409999907 0.09700000286
-0.2930000126 0.3409999907 0.09700000286
-0.2949999869 0.3429999948 0.09700000286
-0.2930000126 0.3429999948 0.09700000286
-0.2949999869 0.3409999907 0.09899999946
-0.2930000126 0.3409999907 0.09899999946
-0.2949999869 0.3429999948 0.09899999946
-0.2930000126 0.3429999948 0.09899999946
-0.2910000086 0.3409999907 0.09700000286
-0.2890000045 0.3409999907 0.09700000286
-0.2910000086 0.3409999907 0.09899999946
-0.2890000045 0.3409999907 0.09899999946
-0.2890000045 0.3389999866 0.1010000035
-0.2890000045 0.3389999866 0.1030000001
-0.2949999869 0.3409999907 0.1010000035
-0.2930000126 0.3409999907 0.1010000035
-0.2949999869 0.3429999948 0.1010000035
-0.2930000126 0.3429999948 0.1010000035
-0.2949999869 0.3409999907 0.1030000001
-0.2930000126 0.3409999907 0.1030000001
-0.2949999869 0.3429999948 0.1030000001
-0.2930000126 0.3429999948 0.1030000001
-0.2910000086 0.3409999907 0.1010000035
-0.2890000045 0.3409999907 0.1010000035
-0.2910000086 0.3429999948 0.1010000035
-0.2910000086 0.3409999907 0.1030000001
-0.2890000045 0.3409999907 0.1030000001
-0.300999999 0.3409999907 0.1049999967
-0.3030000031 0.3429999948 0.1049999967
-0.300999999 0.3429999948 0.1049999967
-0.3030000031 0.3409999907 0.1070000008
-0.300999999 0.3409999907 0.1070000008
-0.3030000031 0.3429999948 0.1070000008
-0.300999999 0.3429999948 0.1070000008
-0.298999995 0.3409999907 0.1049999967
-0.2969999909 0.3409999907 0.1049999967
-0.298999995 0.3429999948 0.1049999967
-0.2969999909 0.3429999948 0.1049999967
-0.2969999909 0.3409999907 0.1070000008
-0.298999995 0.3429999948 0.1070000008
-0.2969999909 0.3429999948 0.1070000008
-0.3030000031 0.3409999907 0.1089999974
-0.3030000031 0.3429999948 0.1089999974
-0.300999999 0.3429999948 0.1089999974
-0.2969999909 0.3409999907 0.1089999974
-0.298999995 0.3429999948 0.1089999974
-0.2969999909 0.3429999948 0.1089999974
-0.2949999869 0.3409999907 0.1049999967
-0.2930000126 0.3409999907 0.1049999967
-0.2949999869 0.3429999948 0.1049999967
-0.2930000126 0.3429999948 0.1049999967
-0.2949999869 0.3409999907 0.1070000008
-0.2930000126 0.3409999907 0.1070000008
-0.2949999869 0.3429999948 0.1070000008
-0.2930000126 0.3429999948 0.1070000008
-0.2910000086 0.3409999907 0.1049999967
-0.2890000045 0.3409999907 0.1049999967
-0.2910000086 0.3429999948 0.1049999967
-0.2910000086 0.3409999907 0.1070000008
-0.2890000045 0.3409999907 0.1070000008
-0.2949999869 0.3409999907 0.1089999974
-0.2930000126 0.3409999907 0.1089999974
-0.2949999869 0.3429999948 0.1089999974
-0.2930000126 0.3429999948 0.1089999974
-0.2910000086 0.3409999907 0.1089999974
-0.2890000045 0.3409999907 0.1089999974
-0.2910000086 0.3429999948 0.1089999974
-0.2730000019 0.3310000002 0.09700000286
-0.2730000019 0.3310000002 0.09899999946
-0.27700001 0.3330000043 0.09700000286
-0.2790000141 0.3350000083 0.09700000286
-0.27700001 0.3350000083 0.09700000286
-0.27700001 0.3330000043 0.09899999946
-0.2790000141 0.3350000083 0.09899999946
-0.27700001 0.3350000083 0.09899999946
-0.275000006 0.3330000043 0.09700000286
-0.2730000019 0.3330000043 0.09700000286
-0.275000006 0.3350000083 0.09700000286
-0.2730000019 0.3350000083 0.09700000286
-0.275000006 0.3330000043 0.09899999946
-0.2730000019 0.3330000043 0.09899999946
-0.275000006 0.3350000083 0.09899999946
-0.2730000019 0.3310000002 0.1010000035
-0.2730000019 0.3310000002 0.1030000001
-0.2790000141 0.3350000083 0.1010000035
-0.27700001 0.3350000083 0.1010000035
-0.2790000141 0.3350000083 0.1030000001
-0.27700001 0.3350000083 0.1030000001
-0.275000006 0.3330000043 0.1010000035
-0.2730000019 0.3330000043 0.1010000035
-0.275000006 0.3350000083 0.1010000035
-0.2730000019 0.3350000083 0.1010000035
-0.275000006 0.3330000043 0.1030000001
-0.2730000019 0.3330000043 0.1030000001
-0.275000006 0.3350000083 0.1030000001
-0.2730000019 0.3310000002 0.1049999967
-0.2730000019 0.3310000002 0.1070000008
-0.2790000141 0.3350000083 0.1049999967
-0.27700001 0.3350000083 0.1049999967
-0.27700001 0.3350000083 0.1070000008
-0.275000006 0.3330000043 0.1049999967
-0.2730000019 0.3330000043 0.1049999967
-0.275000006 0.3350000083 0.1049999967
-0.2730000019 0.3350000083 0.1049999967
-0.275000006 0.3330000043 0.1070000008
-0.2730000019 0.3330000043 0.1070000008
-0.275000006 0.3350000083 0.1070000008
-0.27700001 0.3350000083 0.1089999974
-0.2730000019 0.3330000043 0.1089999974
-0.275000006 0.3350000083 0.1089999974
-0.2730000019 0.3350000083 0.1089999974
-0.2649999857 0.3210000098 0.09700000286
-0.2649999857 0.3230000138 0.09700000286
-0.2669999897 0.3230000138 0.09899999946
-0.2649999857 0.3230000138 0.09899999946
-0.2689999938 0.3269999921 0.09700000286
-0.2689999938 0.3269999921 0.09899999946
-0.2669999897 0.3249999881 0.09700000286
-0.2649999857 0.3249999881 0.09700000286
-0.2669999897 0.3269999921 0.09700000286
-0.2649999857 0.3269999921 0.09700000286
-0.2649999857 0.3249999881 0.09899999946
-0.2669999897 0.3269999921 0.09899999946
-0.2649999857 0.3210000098 0.1010000035
-0.2669999897 0.3230000138 0.1010000035
-0.2649999857 0.3230000138 0.1010000035
-0.2649999857 0.3210000098 0.1030000001
-0.2649999857 0.3230000138 0.1030000001
-0.2689999938 0.3269999921 0.1010000035
-0.2689999938 0.3269999921 0.1030000001
-0.2669999897 0.3249999881 0.1010000035
-0.2649999857 0.3249999881 0.1010000035
-0.2669999897 0.3269999921 0.1010000035
-0.2669999897 0.3249999881 0.1030000001
-0.2649999857 0.3249999881 0.1030000001
-0.2669999897 0.3269999921 0.1030000001
-0.2630000114 0.3210000098 0.09700000286
-0.2630000114 0.3230000138 0.09700000286
-0.2630000114 0.3210000098 0.09899999946
-0.2630000114 0.3230000138 0.09899999946
-0.2630000114 0.3210000098 0.1010000035
-0.2630000114 0.3230000138 0.1010000035
-0.2630000114 0.3210000098 0.1030000001
-0.2630000114 0.3230000138 0.1030000001
-0.2709999979 0.3289999962 0.09700000286
-0.2689999938 0.3289999962 0.09700000286
-0.2709999979 0.3310000002 0.09700000286
-0.2689999938 0.3310000002 0.09700000286
-0.2709999979 0.3289999962 0.09899999946
-0.2689999938 0.3289999962 0.09899999946
-0.2709999979 0.3310000002 0.09899999946
-0.2669999897 0.3289999962 0.09700000286
-0.2709999979 0.3330000043 0.09899999946
-0.2709999979 0.3289999962 0.1010000035
-0.2689999938 0.3289999962 0.1010000035
-0.2709999979 0.3310000002 0.1010000035
-0.2689999938 0.3310000002 0.1010000035
-0.2709999979 0.3289999962 0.1030000001
-0.2689999938 0.3289999962 0.1030000001
-0.2709999979 0.3310000002 0.1030000001
-0.2689999938 0.3310000002 0.1030000001
-0.2669999897 0.3289999962 0.1010000035
-0.2709999979 0.3330000043 0.1010000035
-0.2709999979 0.3330000043 0.1030000001
-0.2649999857 0.3210000098 0.1049999967
-0.2649999857 0.3230000138 0.1049999967
-0.2649999857 0.3210000098 0.1070000008
-0.2649999857 0.3230000138 0.1070000008
-0.2689999938 0.3269999921 0.1049999967
-0.2689999938 0.3269999921 0.1070000008
-0.2669999897 0.3249999881 0.1049999967
-0.2649999857 0.3249999881 0.1049999967
-0.2669999897 0.3269999921 0.1049999967
-0.2669999897 0.3249999881 0.1070000008
-0.2649999857 0.3249999881 0.1070000008
-0.2669999897 0.3269999921 0.1070000008
-0.2649999857 0.3210000098 0.1089999974
-0.2649999857 0.3230000138 0.1089999974
-0.2689999938 0.3269999921 0.1089999974
-0.2669999897 0.3249999881 0.1089999974
-0.2649999857 0.3249999881 0.1089999974
-0.2669999897 0.3269999921 0.1089999974
-0.2630000114 0.3210000098 0.1049999967
-0.2630000114 0.3230000138 0.1049999967
-0.2630000114 0.3210000098 0.1070000008
-0.2630000114 0.3230000138 0.1070000008
-0.2630000114 0.3210000098 0.1089999974
-0.2630000114 0.3230000138 0.1089999974
-0.2709999979 0.3289999962 0.1049999967
-0.2689999938 0.3289999962 0.1049999967
-0.2709999979 0.3310000002 0.1049999967
-0.2689999938 0.3310000002 0.1049999967
-0.2709999979 0.3289999962 0.1070000008
-0.2689999938 0.3289999962 0.1070000008
-0.2709999979 0.3310000002 0.1070000008
-0.2689999938 0.3310000002 0.1070000008
-0.2669999897 0.3289999962 0.1049999967
-0.2709999979 0.3330000043 0.1049999967
-0.2709999979 0.3330000043 0.1070000008
-0.2709999979 0.3289999962 0.1089999974
-0.2689999938 0.3289999962 0.1089999974
-0.2709999979 0.3310000002 0.1089999974
-0.2689999938 0.3310000002 0.1089999974
-0.2669999897 0.3289999962 0.1089999974
-0.2709999979 0.3330000043 0.1089999974
-0.2870000005 0.3389999866 0.09700000286
-0.2849999964 0.3389999866 0.09700000286
-0.2870000005 0.3389999866 0.09899999946
-0.2849999964 0.3389999866 0.09899999946
-0.2829999924 0.3370000124 0.09700000286
-0.2809999883 0.3370000124 0.09700000286
-0.2829999924 0.3389999866 0.09700000286
-0.2809999883 0.3389999866 0.09700000286
-0.2829999924 0.3370000124 0.09899999946
-0.2809999883 0.3370000124 0.09899999946
-0.2829999924 0.3389999866 0.09899999946
-0.2809999883 0.3389999866 0.09899999946
-0.2870000005 0.3409999907 0.09700000286
-0.2849999964 0.3409999907 0.09700000286
-0.2870000005 0.3409999907 0.09899999946
-0.2849999964 0.3409999907 0.09899999946
-0.2870000005 0.3389999866 0.1010000035
-0.2849999964 0.3389999866 0.1010000035
-0.2870000005 0.3389999866 0.1030000001
-0.2849999964 0.3389999866 0.1030000001
-0.2829999924 0.3370000124 0.1010000035
-0.2809999883 0.3370000124 0.1010000035
-0.2829999924 0.3389999866 0.1010000035
-0.2809999883 0.3389999866 0.1010000035
-0.2829999924 0.3370000124 0.1030000001
-0.2809999883 0.3370000124 0.1030000001
-0.2829999924 0.3389999866 0.1030000001
-0.2809999883 0.3389999866 0.1030000001
-0.2870000005 0.3409999907 0.1010000035
-0.2849999964 0.3409999907 0.1010000035
-0.2870000005 0.3409999907 0.1030000001
-0.2849999964 0.3409999907 0.1030000001
-0.2790000141 0.3370000124 0.09700000286
-0.27700001 0.3370000124 0.09700000286
-0.2790000141 0.3370000124 0.09899999946
-0.27700001 0.3370000124 0.09899999946
-0.2790000141 0.3370000124 0.1010000035
-0.27700001 0.3370000124 0.1010000035
-0.2790000141 0.3370000124 0.1030000001
-0.27700001 0.3370000124 0.1030000001
-0.2870000005 0.3389999866 0.1049999967
-0.2849999964 0.3389999866 0.1049999967
-0.2870000005 0.3389999866 0.1070000008
-0.2849999964 0.3389999866 0.1070000008
-0.2829999924 0.3370000124 0.1049999967
-0.2809999883 0.3370000124 0.1049999967
-0.2829999924 0.3389999866 0.1049999967
-0.2809999883 0.3389999866 0.1049999967
-0.2829999924 0.3370000124 0.1070000008
-0.2809999883 0.3370000124 0.1070000008
-0.2829999924 0.3389999866 0.1070000008
-0.2809999883 0.3389999866 0.1070000008
-0.2870000005 0.3409999907 0.1049999967
-0.2849999964 0.3409999907 0.1049999967
-0.2870000005 0.3409999907 0.1070000008
-0.2849999964 0.3409999907 0.1070000008
-0.2849999964 0.3389999866 0.1089999974
-0.2829999924 0.3370000124 0.1089999974
-0.2809999883 0.3370000124 0.1089999974
-0.2829999924 0.3389999866 0.1089999974
-0.2809999883 0.3389999866 0.1089999974
-0.2870000005 0.3409999907 0.1089999974
-0.2849999964 0.3409999907 0.1089999974
-0.2790000141 0.3370000124 0.1049999967
-0.27700001 0.3370000124 0.1049999967
-0.2790000141 0.3370000124 0.1070000008
-0.27700001 0.3370000124 0.1070000008
-0.2790000141 0.3370000124 0.1089999974
-0.27700001 0.3370000124 0.1089999974
-0.2549999952 0.300999999 0.09700000286
-0.2549999952 0.300999999 0.09899999946
-0.2529999912 0.300999999 0.09899999946
-0.2549999952 0.3030000031 0.09899999946
-0.2549999952 0.298999995 0.1010000035
-0.2549999952 0.2969999909 0.1030000001
-0.2549999952 0.298999995 0.1030000001
-0.2529999912 0.298999995 0.1030000001
-0.2549999952 0.300999999 0.1010000035
-0.2529999912 0.300999999 0.1010000035
-0.2549999952 0.3030000031 0.1010000035
-0.2549999952 0.300999999 0.1030000001
-0.2529999912 0.300999999 0.1030000001
-0.2549999952 0.3030000031 0.1030000001
-0.2529999912 0.3030000031 0.1030000001
-0.2509999871 0.300999999 0.1030000001
-0.2549999952 0.2949999869 0.1049999967
-0.2549999952 0.2949999869 0.1070000008
-0.2549999952 0.2910000086 0.1089999974
-0.2549999952 0.2930000126 0.1089999974
-0.2549999952 0.2949999869 0.1089999974
-0.2529999912 0.2949999869 0.1089999974
-0.2549999952 0.2969999909 0.1049999967
-0.2529999912 0.2969999909 0.1049999967
-0.2529999912 0.298999995 0.1049999967
-0.2549999952 0.2969999909 0.1070000008
-0.2529999912 0.2969999909 0.1070000008
-0.2529999912 0.298999995 0.1070000008
-0.2509999871 0.298999995 0.1070000008
-0.2529999912 0.300999999 0.1049999967
-0.2549999952 0.3030000031 0.1049999967
-0.2529999912 0.3030000031 0.1049999967
-0.2529999912 0.300999999 0.1070000008
-0.2529999912 0.3030000031 0.1070000008
-0.2509999871 0.300999999 0.1049999967
-0.2509999871 0.3030000031 0.1049999967
-0.2509999871 0.300999999 0.1070000008
-0.248999998 0.300999999 0.1070000008
-0.2509999871 0.3030000031 0.1070000008
-0.2529999912 0.2969999909 0.1089999974
-0.2509999871 0.2969999909 0.1089999974
-0.2509999871 0.298999995 0.1089999974
-0.248999998 0.298999995 0.1089999974
-0.248999998 0.300999999 0.1089999974
-0.2509999871 0.3030000031 0.1089999974
-0.248999998 0.3030000031 0.1089999974
-0.2469999939 0.300999999 0.1089999974
-0.2549999952 0.3050000072 0.1030000001
-0.2549999952 0.3050000072 0.1049999967
-0.2529999912 0.3050000072 0.1049999967
-0.2549999952 0.3070000112 0.1049999967
-0.2549999952 0.3050000072 0.1070000008
-0.2529999912 0.3050000072 0.1070000008
-0.2549999952 0.3070000112 0.1070000008
-0.2529999912 0.3050000072 0.1089999974
-0.2549999952 0.3070000112 0.1089999974
-0.2529999912 0.3070000112 0.1089999974
-0.2509999871 0.3050000072 0.1089999974
-0.2549999952 0.3089999855 0.1089999974
-0.2549999952 0.3109999895 0.1089999974
