-0.2718831226223569 0.32707482809509186 0.07684333291643289 -0.6020287227397851 -0.24336820628218186 0.7050528758432967 -0.28501539507962265
-0.3278156295424838 0.2687325752309427 0.07684333291643289 -0.24336820628218186 0.6020287227397851 0.28501539507962265 0.7050528758432967
-0.2706782496504352 0.26993744820307125 0.07684333291550881 -0.5977859009637061 0.2536112832262681 0.7000839885090754 0.2970113510668587
-0.3290205025144055 0.3258699551229633 0.07684333291550881 0.2536112832262681 0.5977859009637061 -0.2970113510668587 0.7000839885090754
-0.26817738776727174 0.2704886421556317 0.07084333565732247 -0.5977859009637061 0.2536112832262681 0.7000839885090754 0.2970113510668587
-0.27243431657491735 0.3295756899782553 0.07084333565824655 -0.6020287227397851 -0.24336820628218186 0.7050528758432967 -0.28501539507962265
-0.32726443558992335 0.26623171334777923 0.07084333565824655 -0.24336820628218186 0.6020287227397851 0.28501539507962265 0.7050528758432967
-0.33152136439756896 0.32531876117040287 0.07084333565732247 0.2536112832262681 0.5977859009637061 -0.2970113510668587 0.7000839885090754
-0.3343274105769433 0.32015776838211024 0.07493000297965693 0.19697492231095293 0.652840623500824 -0.2112814426028433 0.7002572043894378
-0.2775953093702297 0.3323817361620357 0.07493000297862654 -0.6009103332453556 -0.322345731468724 0.6445551577981256 -0.34575807923847945
-0.2653713415878974 0.2756496349439243 0.07493000297965693 -0.652840623500824 0.19697492231095293 0.7002572043894378 0.2112814426028433
-0.322103442794611 0.26342566716399884 0.07493000297862654 -0.322345731468724 0.6009103332453556 0.34575807923847945 0.6445551577981256
-0.2725904874109985 0.3277546864686527 0.06482999761662957 -0.5861146541459126 -0.2673380118933679 0.6958833812457442 -0.31740560691063585
-0.3271082647538422 0.26805271685738186 0.06482999761662957 -0.2673380118933679 0.5861146541459126 0.31740560691063585 0.6958833812457442
-0.26999839126932773 0.27064481299959214 0.06482999761888353 -0.6034821693331546 0.2254091232217698 0.7165035159936337 0.2676241955319125
-0.32970036089551297 0.3251625903264424 0.06482999761888353 0.2254091232217698 0.6034821693331546 -0.2676241955319125 0.7165035159936337
-0.31166071980740695 0.25957066694514846 0.06100333401903641 -0.42544314840992226 0.5662727207473002 0.42402736018457715 0.5643882803738948
-0.26151634136933244 0.2860923579215369 0.06100333401906061 -0.7012490152458153 0.09958155160655932 0.6989154012080386 0.09925016448656908
-0.28803803235743375 0.3362367363808861 0.06100333401903641 -0.5662727207473002 -0.42544314840992226 0.5643882803738948 -0.42402736018457715
-0.33818241079550826 0.3097150454044976 0.06100333401906061 0.09958155160655931 0.7012490152458153 -0.09925016448656908 0.6989154012080386
-0.3368995476968673 0.27943523928553554 0.07689666625227717 -0.13898207067687943 0.6549941364510142 0.154168850968655 0.7265663291373761
-0.3183178384654381 0.33495387327489273 0.07689666625129771 0.364875629123744 0.5614259608680933 -0.40474613643580737 0.6227738199179356
-0.2813809136994026 0.2608535300511418 0.07689666625129771 -0.5614259608680933 0.364875629123744 0.6227738199179356 0.40474613643580737
-0.2627992044679734 0.316372164040499 0.07689666625227717 -0.6549941364510142 -0.13898207067687943 0.7265663291373761 -0.154168850968655
-0.32048165049878374 0.26158318247379037 0.06491666427943991 -0.3458237008762764 0.5820131439452964 0.375949999793327 0.6327149957465407
-0.33616989527394847 0.31853597607516193 0.0649166642794874 0.16701115531289185 0.6560797252145908 -0.18156026802997746 0.7132338587281755
-0.27921710166605695 0.3342242208522442 0.06491666427943991 -0.5820131439452964 -0.3458237008762764 0.6327149957465407 -0.375949999793327
-0.2635288568908922 0.2772714272508726 0.0649166642794874 -0.6560797252145908 0.16701115531289185 0.7132338587281755 0.18156026802997746
-0.26170621196526445 0.2854372432708106 0.05500333303558397 -0.7012490152458153 0.09958155160655932 0.6989154012080386 0.09925016448656908
-0.31231583445813327 0.25976053754108047 0.05500333303555977 -0.42544314840992226 0.5662727207473002 0.42402736018457715 0.5643882803738948
-0.33799254019957625 0.31037016005522394 0.05500333303558397 0.09958155160655931 0.7012490152458153 -0.09925016448656908 0.6989154012080386
-0.28738291770670743 0.3360468657849541 0.05500333303555977 -0.5662727207473002 -0.42544314840992226 0.5643882803738948 -0.42402736018457715
-0.30703374807386136 0.2597044601566353 0.06086333401834113 -0.42886514663548025 0.4977362277805259 0.49209398731109466 0.5711189378828271
-0.33804861758883775 0.30508807365500895 0.06086333401918519 0.04869920987754435 0.6552061155263992 -0.055879077273577146 0.751805069055246
-0.26165013457600295 0.2907193296710256 0.06086333401918519 -0.6552061155263992 0.04869920987754435 0.751805069055246 0.055879077273577146
-0.29266500409097934 0.33610294316939926 0.06086333401834113 -0.497736227780526 -0.42886514663548037 0.5711189378828272 -0.49209398731109477
-0.33999810670550645 0.3054258531769511 0.07086333565831293 0.04869920987754435 0.6552061155263992 -0.055879077273577146 0.751805069055246
-0.25970064545933425 0.29038155014908346 0.07086333565831293 -0.6552061155263992 0.04869920987754435 0.751805069055246 0.055879077273577146
-0.3073715275958035 0.2577549710399666 0.07086333565746887 -0.42886514663548025 0.4977362277805259 0.49209398731109466 0.5711189378828271
-0.2923272245690372 0.33805243228606796 0.07086333565746887 -0.497736227780526 -0.42886514663548037 0.5711189378828272 -0.49209398731109477
-0.27414945865814844 0.2643607496753845 0.06496999761698143 -0.6346544310011053 0.2867294086665586 0.6539884242613058 0.29546427931072045
-0.26630642410193045 0.32360361909539054 0.06496999761680522 -0.6515167596248855 -0.2460201463770633 0.6713644438936768 -0.2535148575129906
-0.32554929350669226 0.33144665365065007 0.06496999761698143 0.2867294086665586 0.6346544310011053 -0.29546427931072045 0.6539884242613058
-0.33339232806291025 0.272203784230644 0.06496999761680522 -0.2460201463770633 0.6515167596248855 0.2535148575129906 0.6713644438936768
-0.33668027931747924 0.28116516337932945 0.08489666756357936 -0.13898207067687937 0.6549941364510142 0.15416885096865496 0.7265663291373761
-0.28008183046652296 0.26143083083811386 0.08489666756259989 -0.5614259608680933 0.364875629123744 0.6227738199179356 0.40474613643580737
-0.2603474979282719 0.3180292796809627 0.08489666756357936 -0.6549941364510142 -0.1389820706768794 0.7265663291373761 -0.15416885096865499
-0.31694594677922816 0.3377636122221783 0.08489666756259989 0.364875629123744 0.5614259608680933 -0.40474613643580737 0.6227738199179356
-0.29218101437540317 0.3380305871837578 0.054863333034864493 -0.497736227780526 -0.42886514663548037 0.5711189378828272 -0.49209398731109477
-0.30751773778943753 0.25777681614227677 0.054863333034864493 -0.42886514663548025 0.4977362277805259 0.49209398731109466 0.5711189378828271
-0.2597224905616444 0.2902353399554494 0.054863333035708554 -0.6552061155263992 0.04869920987754435 0.751805069055246 0.055879077273577146
-0.3399762616031963 0.3055720633705851 0.054863333035708554 0.04869920987754435 0.6552061155263992 -0.055879077273577146 0.751805069055246
-0.33750159935626084 0.3214501848559981 0.08491666755774287 0.1670111553128919 0.6560797252145908 -0.18156026802997752 0.7132338587281755
-0.32036685195294634 0.26060951079906197 0.08491666755769538 -0.3458237008762764 0.5820131439452964 0.375949999793327 0.6327149957465407
-0.2595261778894903 0.27774425820429405 0.08491666755774287 -0.6560797252145908 0.16701115531289187 0.7132338587281755 0.1815602680299775
-0.2766609252928048 0.3385849322612302 0.08491666755769538 -0.5820131439452964 -0.34582370087627634 0.6327149957465407 -0.37594999979332694
-0.339668808151863 0.3070531380724418 0.09486333214163889 0.048699209877544405 0.6552061155263992 -0.0558790772735772 0.751805069055246
-0.2573589690938881 0.29214130498785035 0.09486333214163889 -0.6552061155263992 0.04869920987754437 0.751805069055246 0.05587907727357716
-0.30596980516462063 0.258442302001194 0.09486333214079483 -0.42886514663548025 0.4977362277805259 0.49209398731109466 0.5711189378828271
-0.2910579720811305 0.3407521410590982 0.09486333214079483 -0.497736227780526 -0.42886514663548037 0.5711189378828272 -0.49209398731109477
-0.26143882552880204 0.2863597443579993 0.07500333631383943 -0.7012490152458153 0.09958155160655932 0.6989154012080386 0.09925016448656908
-0.31139333337094455 0.25949315110461807 0.07500333631381523 -0.42544314840992226 0.5662727207473002 0.42402736018457715 0.5643882803738948
-0.33825992663603865 0.3094476589680352 0.07500333631383943 0.09958155160655931 0.7012490152458153 -0.09925016448656908 0.6989154012080386
-0.28830541879389615 0.3363142522214165 0.07500333631381523 -0.5662727207473002 -0.42544314840992226 0.5643882803738948 -0.42402736018457715
-0.27859169993075117 0.33388372931896476 0.07491666964385794 -0.5820131439452964 -0.3458237008762764 0.6327149957465407 -0.375949999793327
-0.26386934842417165 0.27664602551556683 0.07491666964390543 -0.6560797252145908 0.16701115531289185 0.7132338587281755 0.18156026802997746
-0.32110705223408953 0.2619236740070698 0.07491666964385794 -0.3458237008762764 0.5820131439452964 0.375949999793327 0.6327149957465407
-0.33582940374066905 0.3191613778104677 0.07491666964390543 0.16701115531289185 0.6560797252145908 -0.18156026802997746 0.7132338587281755
-0.28854828018202655 0.2600909284462185 0.09103666481764366 -0.5761000273080333 0.4317894061107921 0.5553498046828976 0.4162370259177342
-0.3084794970637246 0.3391035146140737 0.09103666481764366 0.43178940611079203 0.5761000273080332 -0.41623702591773415 0.5553498046828975
-0.33802018170623316 0.28963161308734114 0.09103666481759534 -0.1020430198901287 0.7126854528902407 0.09836758960856967 0.6870156363904213
-0.25900759553951797 0.309562829972951 0.09103666481759534 -0.7126854528902407 -0.10204301989012875 0.6870156363904213 -0.09836758960856971
-0.27479109916361555 0.3301698831122997 0.06091666734907912 -0.5820131439452964 -0.3458237008762764 0.6327149957465407 -0.375949999793327
-0.32490765300122515 0.2656375202137348 0.06091666734907912 -0.3458237008762764 0.5820131439452964 0.375949999793327 0.6327149957465407
-0.332115557534004 0.32296197857760334 0.06091666734912662 0.16701115531289185 0.6560797252145908 -0.18156026802997746 0.7132338587281755
-0.2675831946308367 0.2728454247484312 0.06091666734912662 -0.6560797252145908 0.16701115531289185 0.7132338587281755 0.18156026802997746
-0.3333494046263815 0.32617741287302643 0.09505666547582411 0.22598105534501683 0.6908443360002718 -0.21351855373482517 0.6527453510002844
-0.27193369728045697 0.3344327375340122 0.0950566654755141 -0.6482934511944481 -0.32870797821454195 0.6125410813433918 -0.31058024705890164
-0.2636783726193696 0.2730170301872657 0.09505666547582411 -0.690844336000272 0.22598105534501683 0.6527453510002845 0.21351855373482517
-0.32509407996529416 0.26476170552628 0.0950566654755141 -0.32870797821454195 0.648293451194448 0.31058024705890164 0.6125410813433917
-0.2979608504712395 0.2580697251438933 0.0949499988077101 -0.5036301369757978 0.47048558429694753 0.5294739009873172 0.4946285356424272
-0.25698639223629577 0.30015025967699216 0.09494999880772474 -0.6888038322216019 -0.023436736668234547 0.7241497776377911 -0.024639392003798048
-0.34004138500945535 0.29904418338329997 0.09494999880772474 -0.023436736668234502 0.6888038322216019 0.024639392003798003 0.7241497776377911
-0.29906692677451163 0.34112471791639887 0.0949499988077101 0.47048558429694753 0.5036301369757978 -0.4946285356424272 0.5294739009873172
-0.3295834966397522 0.27020155370850185 0.06083000068626878 -0.2673380118933679 0.5861146541459126 0.31740560691063585 0.6958833812457442
-0.2721472281204477 0.2681695811136821 0.06083000068852273 -0.6034821693331546 0.2254091232217698 0.7165035159936337 0.2676241955319125
-0.32755152404439297 0.32763782221235244 0.06083000068852273 0.2254091232217698 0.6034821693331546 -0.2676241955319125 0.7165035159936337
-0.27011525552508847 0.3256058496175327 0.06083000068626878 -0.5861146541459126 -0.2673380118933679 0.6958833812457442 -0.31740560691063585
-0.2683152534777793 0.3317490081262044 0.09482999880872246 -0.5861146541459126 -0.26733801189336787 0.6958833812457442 -0.3174056069106358
-0.330665675226391 0.3297958566672456 0.09482999881097642 0.22540912322176984 0.6034821693331546 -0.2676241955319126 0.7165035159936337
-0.32871252376797183 0.2674454349340878 0.09482999880872246 -0.2673380118933679 0.5861146541459126 0.31740560691063585 0.6958833812457442
-0.2663621020193601 0.26939858639304654 0.09482999881097642 -0.6034821693331546 0.2254091232217698 0.7165035159936337 0.2676241955319126
-0.27440179322397606 0.3339750152279449 0.0949299988063014 -0.6009103332453556 -0.322345731468724 0.6445551577981256 -0.34575807923847945
-0.32262598402177506 0.2652194278323472 0.0949299988063014 -0.322345731468724 0.6009103332453556 0.34575807923847945 0.6445551577981256
-0.2641360949295722 0.2754851261243442 0.0949299988073318 -0.652840623500824 0.19697492231095293 0.7002572043894378 0.2112814426028433
-0.33289168231617894 0.32370931693594795 0.0949299988073318 0.19697492231095295 0.652840623500824 -0.21128144260284334 0.7002572043894378
-0.33773191386757384 0.2830309973770559 0.10089667018618373 -0.13898207067687937 0.6549941364510142 0.15416885096865496 0.7265663291373761
-0.2592958633781773 0.31616344568323623 0.10089667018618373 -0.6549941364510142 -0.1389820706768794 0.7265663291373761 -0.15416885096865499
-0.2819476644642494 0.26037919628801925 0.10089667018520426 -0.5614259608680933 0.364875629123744 0.6227738199179356 0.40474613643580737
-0.3150801127815017 0.3388152467722729 0.10089667018520426 0.364875629123744 0.5614259608680933 -0.40474613643580737 0.6227738199179356
-0.3003004274444468 0.25400693760201964 0.06896333160368066 -0.4859364200434157 0.495512322534034 0.5040930657473741 0.5140267648262393
-0.2993983247203939 0.3418004657240149 0.06896333160368066 -0.4955123225340341 -0.4859364200434158 0.5140267648262394 -0.5040930657473742
-0.25595261202131786 0.29745265030638585 0.06896333160366763 -0.6939890612762152 0.0067711838052552835 0.7199194362835203 0.00702418394203513
-0.34374614014352284 0.2983547530196487 0.06896333160366763 0.0067711838052552835 0.6939890612762152 -0.00702418394203513 0.7199194362835203
-0.3355669837623645 0.2826598988586843 0.0908966648217657 -0.13898207067687937 0.6549941364510142 0.15416885096865496 0.7265663291373761
-0.3154512112998733 0.3366503166670636 0.09089666482078623 0.364875629123744 0.5614259608680933 -0.40474613643580737 0.6227738199179356
-0.2815765659458778 0.2625441263932286 0.09089666482078623 -0.5614259608680933 0.364875629123744 0.6227738199179356 0.40474613643580737
-0.26146079348338663 0.3165345442016078 0.0908966648217657 -0.6549941364510142 -0.1389820706768794 0.7265663291373761 -0.15416885096865499
-0.29178738392156933 0.34256221491163724 0.10486333005463226 -0.497736227780526 -0.42886514663548037 0.5711189378828272 -0.49209398731109477
-0.25554889524134905 0.2928707168282892 0.10486333005547632 -0.6552061155263992 0.04869920987754437 0.751805069055246 0.05587907727357716
-0.3052403933241818 0.25663222814865494 0.10486333005463226 -0.42886514663548025 0.4977362277805259 0.49209398731109466 0.5711189378828271
-0.3414788820044021 0.30632372623200294 0.10486333005547632 0.048699209877544405 0.6552061155263992 -0.0558790772735772 0.751805069055246
-0.30978334866818624 0.3407223469638509 0.1010366701820617 0.43178940611079203 0.5761000273080332 -0.41623702591773415 0.5553498046828975
-0.2872444285775649 0.2584720960964413 0.1010366701820617 -0.5761000273080333 0.4317894061107921 0.5553498046828976 0.4162370259177342
-0.25738876318974074 0.31086668157741265 0.10103667018201337 -0.7126854528902407 -0.10204301989012875 0.6870156363904213 -0.09836758960856971
-0.3396390140560104 0.2883277614828795 0.10103667018201337 -0.1020430198901287 0.7126854528902407 0.09836758960856967 0.6870156363904213
-0.28448717367216986 0.34020933214541715 0.10500333005532753 -0.5662727207473002 -0.42544314840992226 0.5643882803738948 -0.42402736018457715
-0.31254060357358127 0.258985110914875 0.10500333005532753 -0.42544314840992226 0.5662727207473002 0.42402736018457715 0.5643882803738948
-0.25790177801238545 0.28557050656294664 0.10500333005535173 -0.7012490152458153 0.09958155160655933 0.6989154012080386 0.09925016448656909
-0.33912599923336567 0.3136239364973455 0.10500333005535173 0.09958155160655938 0.7012490152458153 -0.09925016448656913 0.6989154012080386
-0.26071859644664347 0.3188643705565883 0.10489666339125422 -0.6549941364510142 -0.1389820706768794 0.7265663291373761 -0.15416885096865499
-0.33630918079910765 0.28033007250370384 0.10489666339125422 -0.13898207067687937 0.6549941364510142 0.15416885096865496 0.7265663291373761
-0.31778103765485377 0.33739251370380674 0.10489666339027476 0.364875629123744 0.5614259608680933 -0.40474613643580737 0.6227738199179356
-0.27924673959089735 0.26180192935648544 0.10489666339027476 -0.5614259608680933 0.364875629123744 0.6227738199179356 0.40474613643580737
-0.2766207219599038 0.3374742593104856 0.09491666547153281 -0.5820131439452964 -0.34582370087627634 0.6327149957465407 -0.37594999979332694
-0.3363909264055162 0.3214903881888991 0.0949166654715803 0.1670111553128919 0.6560797252145908 -0.18156026802997752 0.7132338587281755
-0.2606368508402349 0.27770405487139305 0.0949166654715803 -0.6560797252145908 0.16701115531289187 0.7132338587281755 0.1815602680299775
-0.32040705528584734 0.2617201837498066 0.09491666547153281 -0.3458237008762764 0.5820131439452964 0.375949999793327 0.6327149957465407
-0.2950662747206276 0.3409976157423162 0.1050899967255299 -0.5388841275444328 -0.5045828960372719 0.49238275912147905 -0.46104144784090173
-0.30196150252512355 0.258196827317976 0.1050899967255299 -0.5045828960372719 0.5388841275444328 0.46104144784090173 0.49238275912147905
-0.257113494410876 0.29614960762562226 0.10508999672575814 -0.7378426083671986 0.02425463429303667 0.6741727219818747 0.02216165446778804
-0.3399142828348751 0.30304483543466987 0.10508999672575814 0.024254634293036714 0.7378426083671986 -0.022161654467788082 0.6741727219818747
-0.25790177801238545 0.28557050656294664 0.0910033314858632 -0.7012490152458153 0.09958155160655933 0.6989154012080386 0.09925016448656909
-0.28448717367216986 0.34020933214541715 0.091003331485839 -0.5662727207473002 -0.42544314840992226 0.5643882803738948 -0.42402736018457715
-0.33912599923336567 0.3136239364973455 0.0910033314858632 0.09958155160655938 0.7012490152458153 -0.09925016448656913 0.6989154012080386
-0.31254060357358127 0.258985110914875 0.091003331485839 -0.42544314840992226 0.5662727207473002 0.42402736018457715 0.5643882803738948
-0.25675471642600545 0.28552788924193223 0.08500333422767686 -0.7012490152458153 0.09958155160655933 0.6989154012080386 0.09925016448656909
-0.28444455635115545 0.34135639373179716 0.08500333422765266 -0.5662727207473002 -0.42544314840992226 0.5643882803738948 -0.42402736018457715
-0.31258322089459567 0.257838049328495 0.08500333422765266 -0.42544314840992226 0.5662727207473002 0.42402736018457715 0.5643882803738948
-0.3402730608197457 0.3136665538183599 0.08500333422767686 0.09958155160655938 0.7012490152458153 -0.09925016448656913 0.6989154012080386
-0.3271082647538422 0.26805271685738186 0.0708300023253965 -0.2673380118933679 0.5861146541459126 0.31740560691063585 0.6958833812457442
-0.2725904874109985 0.3277546864686527 0.0708300023253965 -0.5861146541459126 -0.2673380118933679 0.6958833812457442 -0.31740560691063585
-0.32970036089551297 0.3251625903264424 0.07083000232765047 0.2254091232217698 0.6034821693331546 -0.2676241955319125 0.7165035159936337
-0.26999839126932773 0.27064481299959214 0.07083000232765047 -0.6034821693331546 0.2254091232217698 0.7165035159936337 0.2676241955319125
-0.2700874829777106 0.3305875430977316 0.10107000352285794 -0.6662190240915866 -0.30191425112174247 0.6211072703087871 -0.28147070127744866
-0.3295042101807598 0.3280236271863022 0.10107000352355393 0.2576023805568551 0.6845736023039355 -0.24015932564745587 0.6382190022747785
-0.2675235670649913 0.27117081587399 0.10107000352355393 -0.6845736023039356 0.25760238055685514 0.6382190022747786 0.24015932564745587
-0.3269402942680405 0.26860689996256054 0.10107000352285794 -0.3019142511217424 0.6662190240915866 0.28147070127744855 0.6211072703087871
-0.3073715275958035 0.2577549710399666 0.0808633335713063 -0.42886514663548025 0.4977362277805259 0.49209398731109466 0.5711189378828271
-0.2566716381326607 0.2907395825566675 0.08086333357215036 -0.6552061155263992 0.04869920987754437 0.751805069055246 0.05587907727357716
-0.28965624964994763 0.3414394720203256 0.0808633335713063 -0.497736227780526 -0.42886514663548037 0.5711189378828272 -0.49209398731109477
-0.34035613911309043 0.30845486050362464 0.08086333357215036 0.048699209877544405 0.6552061155263992 -0.0558790772735772 0.751805069055246
-0.3321751850998494 0.32463658745204454 0.07507000298711212 0.2576023805568551 0.6845736023039355 -0.24015932564745585 0.6382190022747785
-0.3265822618604565 0.265577892635887 0.07507000298641614 -0.30191425112174247 0.6662190240915866 0.28147070127744866 0.6211072703087871
-0.2731164903043842 0.33022951069014755 0.07507000298641614 -0.6662190240915866 -0.30191425112174247 0.6211072703087871 -0.28147070127744866
-0.2675235670649913 0.27117081587399 0.07507000298711212 -0.6845736023039356 0.25760238055685514 0.6382190022747786 0.24015932564745587
-0.3317874052001349 0.27659860342911785 0.10098333684871458 -0.2187657756990028 0.6661893134861024 0.22244276905020668 0.6773865576441607
-0.26524037204561624 0.3225958396311743 0.10098333684871458 -0.6661893134861024 -0.21876577569900282 0.6773865576441607 -0.22244276905020674
-0.275515270532015 0.2663237049453999 0.10098333684880645 -0.6257577425816269 0.31637622171293134 0.6362754168153727 0.32169384185933736
-0.3215125067137361 0.33287073811489226 0.10098333684880645 0.31637622171293134 0.6257577425816269 -0.3216938418593374 0.6362754168153727
-0.2652164589184485 0.27588295732589757 0.10093000351609874 -0.652840623500824 0.19697492231095293 0.7002572043894378 0.2112814426028433
-0.3318113183273026 0.3233114857343946 0.10093000351609874 0.19697492231095295 0.652840623500824 -0.21128144260284334 0.7002572043894378
-0.2747996244255294 0.3328946512390686 0.10093000351506834 -0.6009103332453556 -0.322345731468724 0.6445551577981256 -0.34575807923847945
-0.3222281528202217 0.26629979182122354 0.10093000351506834 -0.322345731468724 0.6009103332453556 0.34575807923847945 0.6445551577981256
-0.33632741463005916 0.32015776838211024 0.06693000166835475 0.19697492231095293 0.652840623500824 -0.2112814426028433 0.7002572043894378
-0.2775953093702297 0.33438174021515155 0.06693000166732435 -0.6009103332453556 -0.322345731468724 0.6445551577981256 -0.34575807923847945
-0.322103442794611 0.261425663110883 0.06693000166732435 -0.322345731468724 0.6009103332453556 0.34575807923847945 0.6445551577981256
-0.26337133753478154 0.2756496349439243 0.06693000166835475 -0.652840623500824 0.19697492231095293 0.7002572043894378 0.2112814426028433
-0.2967898338110123 0.3378115032655964 0.06508999761959958 -0.5388841275444328 -0.5045828960372719 0.49238275912147905 -0.46104144784090173
-0.339757177684829 0.30096324393670115 0.06508999761982781 0.024254634293036644 0.7378426083671986 -0.02216165446778802 0.6741727219818747
-0.3029089183538284 0.25799590006043815 0.06508999761959958 -0.5045828960372719 0.5388841275444328 0.46104144784090173 0.49238275912147905
-0.2599415744800117 0.2948441593893334 0.06508999761982781 -0.7378426083671986 0.024254634293036644 0.6741727219818747 0.02216165446778802
-0.2573009461026017 0.2898221021707208 0.0708766689908674 -0.6574667063192892 0.07791574439606441 0.7442362877471321 0.08819872367126809
-0.29176777657842856 0.34045213164001153 0.07087666899076653 -0.5199939199036149 -0.40980441231880693 0.588620444555372 -0.46388860641186974
-0.30793097558641214 0.255355271686023 0.07087666899076653 -0.409804412318807 0.5199939199036149 0.4638886064118698 0.5886204445553719
-0.342397806062239 0.30598530115531375 0.0708766689908674 0.07791574439606441 0.6574667063192892 -0.08819872367126809 0.7442362877471321
-0.3074401313366868 0.2552372842916901 0.06487666428199959 -0.409804412318807 0.5199939199036149 0.4638886064118698 0.5886204445553719
-0.2571829587082688 0.29031294642044614 0.06487666428210047 -0.6574667063192892 0.07791574439606441 0.7442362877471321 0.08819872367126809
-0.3425157934565719 0.3054944569055884 0.06487666428210047 0.07791574439606441 0.6574667063192892 -0.08819872367126809 0.7442362877471321
-0.2922586208281539 0.3405701190343444 0.06487666428199959 -0.5199939199036149 -0.40980441231880693 0.588620444555372 -0.46388860641186974
-0.26538774442456065 0.27087367696346504 0.08105666690633559 -0.690844336000272 0.22598105534501683 0.6527453510002845 0.21351855373482517
-0.3272374331890948 0.266471077331471 0.08105666690602557 -0.32870797821454195 0.648293451194448 0.31058024705890164 0.6125410813433917
-0.2697903440566563 0.33272336572882116 0.08105666690602557 -0.6482934511944481 -0.32870797821454195 0.6125410813433918 -0.31058024705890164
-0.3316400328211905 0.3283207660968271 0.08105666690633559 0.22598105534501683 0.6908443360002718 -0.21351855373482517 0.6527453510002844
-0.32086428251591936 0.26088029470027657 0.10091667018029975 -0.3458237008762764 0.5820131439452964 0.375949999793327 0.6327149957465407
-0.33723081545504624 0.3219476154189711 0.10091667018034724 0.1670111553128919 0.6560797252145908 -0.18156026802997752 0.7132338587281755
-0.27616349472983176 0.3383141483600156 0.10091667018029975 -0.5820131439452964 -0.34582370087627634 0.6327149957465407 -0.37594999979332694
-0.2597969617907049 0.277246827641321 0.10091667018034724 -0.6560797252145908 0.16701115531289187 0.7132338587281755 0.1815602680299775
-0.3029089183538284 0.2559958960073223 0.055089999705762144 -0.5045828960372719 0.5388841275444328 0.46104144784090173 0.49238275912147905
-0.25794157042689586 0.2948441593893334 0.05508999970599038 -0.7378426083671986 0.024254634293036644 0.6741727219818747 0.02216165446778802
-0.34175718173794484 0.30096324393670115 0.05508999970599038 0.024254634293036644 0.7378426083671986 -0.02216165446778802 0.6741727219818747
-0.2967898338110123 0.33981150731871224 0.055089999705762144 -0.5388841275444328 -0.5045828960372719 0.49238275912147905 -0.46104144784090173
-0.2637726671674043 0.27288828415455085 0.10105667018459105 -0.690844336000272 0.22598105534501683 0.6527453510002845 0.21351855373482517
-0.33325511007834685 0.3263061589057413 0.10105667018459105 0.22598105534501683 0.6908443360002718 -0.21351855373482517 0.6527453510002844
-0.2718049512477421 0.33433844298597754 0.10105667018428104 -0.6482934511944481 -0.32870797821454195 0.6125410813433918 -0.31058024705890164
-0.325222825998009 0.26485600007431465 0.10105667018428104 -0.32870797821454195 0.648293451194448 0.31058024705890164 0.6125410813433917
-0.28493247699381163 0.3365951912069034 0.07101666899329631 -0.5882154497453357 -0.4029093186294866 0.5784922095223117 -0.3962492008375653
-0.3385408656267956 0.3128206007503583 0.07101666899341115 0.13103122145948318 0.7008310448445031 -0.1288652667684818 0.6892462612199548
-0.31476627517102906 0.25921221211913115 0.07101666899329631 -0.4029093186294866 0.5882154497453357 0.3962492008375653 0.5784922095223117
-0.2611578865380451 0.28298680257567627 0.07101666899341115 -0.7008310448445031 0.13103122145948318 0.6892462612199548 0.1288652667684818
-0.2739749789298169 0.3304452406082873 0.07105666899218814 -0.6482934511944481 -0.328707978214542 0.6125410813433918 -0.3105802470589017
-0.33239091502733026 0.3237780988160825 0.07105666899249816 0.2259810553450168 0.6908443360002718 -0.21351855373482514 0.6527453510002844
-0.3257237732350238 0.26536216271774726 0.07105666899218814 -0.32870797821454195 0.648293451194448 0.31058024705890164 0.6125410813433917
-0.26730783713751044 0.27202930450995205 0.07105666899249816 -0.690844336000272 0.22598105534501683 0.6527453510002845 0.21351855373482517
-0.32554929350669226 0.33144665365065007 0.07097000232574836 0.2867294086665586 0.6346544310011053 -0.29546427931072045 0.6539884242613058
-0.33339232806291025 0.272203784230644 0.07097000232557216 -0.2460201463770633 0.6515167596248855 0.2535148575129906 0.6713644438936768
-0.26630642410193045 0.32360361909539054 0.07097000232557216 -0.6515167596248855 -0.2460201463770633 0.6713644438936768 -0.2535148575129906
-0.27414945865814844 0.2643607496753845 0.07097000232574836 -0.6346544310011053 0.2867294086665586 0.6539884242613058 0.29546427931072045
-0.3186161285304794 0.33702141518543516 0.09489666547643733 0.364875629123744 0.5614259608680933 -0.40474613643580737 0.6227738199179356
-0.3359380822807361 0.27949498162807823 0.09489666547741679 -0.13898207067687937 0.6549941364510142 0.15416885096865496 0.7265663291373761
-0.27841164871527174 0.262173027874857 0.09489666547643733 -0.5614259608680933 0.364875629123744 0.6227738199179356 0.40474613643580737
-0.26108969496501505 0.3196994614322139 0.09489666547741679 -0.6549941364510142 -0.1389820706768794 0.7265663291373761 -0.15416885096865499
-0.29695127632356405 0.25181373854556155 0.07083666899842353 -0.46341087994815766 0.4512024969643538 0.5464394874697638 0.5320437478371383
-0.25375941296540133 0.3008018014388432 0.07083666899852255 -0.646729320944723 -0.00863263581293971 0.762602808959181 -0.010179331847705185
-0.34593933919943937 0.2950056018871913 0.07083666899852255 -0.00863263581293971 0.646729320944723 0.010179331847705185 0.762602808959181
-0.30274747584127665 0.343993664780473 0.07083666899842353 0.4512024969643538 0.46341087994815766 -0.5320437478371383 0.5464394874697638
-0.3356990058866411 0.32192448881679825 0.10591666541197566 0.1670111553128919 0.6560797252145908 -0.18156026802997752 0.7132338587281755
-0.3208411559137465 0.2624121042686817 0.10591666541192817 -0.3458237008762764 0.5820131439452964 0.375949999793327 0.6327149957465407
-0.26132877135911003 0.2772699542434939 0.10591666541197566 -0.6560797252145908 0.16701115531289187 0.7132338587281755 0.1815602680299775
-0.2761866213320046 0.33678233879161046 0.10591666541192817 -0.5820131439452964 -0.34582370087627634 0.6327149957465407 -0.37594999979332694
-0.2778522433279305 0.33523351209712193 0.08091666690204428 -0.5820131439452964 -0.34582370087627634 0.6327149957465407 -0.37594999979332694
-0.26287759805359856 0.2789355762394198 0.08091666690209177 -0.6560797252145908 0.16701115531289187 0.7132338587281755 0.1815602680299775
-0.33415017919215256 0.32025886682087235 0.08091666690209177 0.1670111553128919 0.6560797252145908 -0.18156026802997752 0.7132338587281755
-0.3191755339178206 0.26396093096317025 0.08091666690204428 -0.3458237008762764 0.5820131439452964 0.375949999793327 0.6327149957465407
-0.2630943153354313 0.2834922593980557 0.09294333553716927 -0.648193984694242 0.22696084266874425 0.6860273189403223 0.24020793444190758
-0.28240892649103705 0.33501679481782226 0.09294333553759625 -0.6188279131323768 -0.2978568113043972 0.6549472284260477 -0.3152419100704137
-0.3339334619103198 0.3157021836622364 0.09294333553716927 0.22696084266874417 0.6481939846942419 -0.24020793444190752 0.6860273189403222
-0.3146188507547141 0.2641776482424699 0.09294333553759625 -0.2978568113043972 0.6188279131323768 0.3152419100704137 0.6549472284260477
-0.32636240737713634 0.33407478993888673 0.09496999880907432 0.2867294086665586 0.6346544310011052 -0.29546427931072045 0.6539884242613057
-0.33299145702447336 0.2717487027677839 0.09496999880889812 -0.2460201463770633 0.6515167596248855 0.2535148575129906 0.6713644438936768
-0.2706653698686148 0.2651196531214054 0.09496999880907432 -0.6346544310011053 0.2867294086665586 0.6539884242613058 0.29546427931072045
-0.26403632022127776 0.3274457402925083 0.09496999880889812 -0.6515167596248855 -0.24602014637706324 0.6713644438936768 -0.2535148575129906
-0.26105359844651443 0.3235227797455733 0.09510999881328538 -0.7129777383724227 -0.21601561812629985 0.6384244061824943 -0.1934276994160543
-0.27458833041815184 0.2621369313464899 0.09510999881213 -0.6568974996666519 0.3514052888662141 0.588208262929073 0.31466019339998563
-0.3359741787992367 0.2756716633147189 0.09510999881328538 -0.21601561812629988 0.7129777383724227 0.19342769941605437 0.6384244061824943
-0.3224394468275993 0.3370575117138022 0.09510999881213 0.35140528886621414 0.6568974996666519 -0.3146601933999857 0.588208262929073
-0.33819675597661014 0.31860352162508604 0.10514333005385952 0.15608671674744973 0.7397997045907044 -0.13510936360455608 0.6403739484152051
-0.2795075885351122 0.33928008888709416 0.10514333005358163 -0.6334873620195967 -0.41274741438317775 0.548349507265422 -0.3572760164959619
-0.258831021269141 0.2805909214352061 0.10514333005385952 -0.7397997045907045 0.1560867167474497 0.6403739484152051 0.13510936360455605
-0.3175201887106389 0.259914354173198 0.10514333005358163 -0.41274741438317775 0.6334873620195967 0.3572760164959619 0.548349507265422
-0.301978758069786 0.255934682037138 0.0750900029840176 -0.5045828960372719 0.5388841275444328 0.46104144784090173 0.49238275912147905
-0.34181839570812916 0.3000330836526588 0.07509000298424584 0.024254634293036644 0.7378426083671986 -0.02216165446778802 0.6741727219818747
-0.25788035645671153 0.29577431967337575 0.07509000298424584 -0.7378426083671986 0.024254634293036644 0.6741727219818747 0.02216165446778802
-0.2977199940950547 0.33987272128889656 0.0750900029840176 -0.5388841275444328 -0.5045828960372719 0.49238275912147905 -0.46104144784090173
-0.3017379016936012 0.33773767818214123 0.05494999970177978 0.47048558429694753 0.5036301369757978 -0.4946285356424272 0.5294739009873172
-0.2979608504712395 0.2580697251438933 0.05494999970177978 -0.5036301369757978 0.47048558429694753 0.5294739009873172 0.4946285356424272
-0.2600153995629693 0.29979222726940813 0.05494999970179442 -0.6888038322216019 -0.023436736668234565 0.7241497776377911 -0.024639392003798066
-0.3396833526018714 0.2960151760566264 0.05494999970179442 -0.023436736668234565 0.6888038322216019 0.024639392003798066 0.7241497776377911
-0.33144931913001585 0.3232971565111286 0.09094333148405342 0.22696084266874417 0.6481939846942419 -0.24020793444190752 0.6860273189403222
-0.27481395364214484 0.3325326520375183 0.0909433314844804 -0.6188279131323768 -0.2978568113043972 0.6549472284260477 -0.3152419100704137
-0.3222138236036063 0.2666617910227739 0.0909433314844804 -0.2978568113043972 0.6188279131323768 0.3152419100704137 0.6549472284260477
-0.26557845811573527 0.2758972865491635 0.09094333148405342 -0.648193984694242 0.22696084266874425 0.6860273189403223 0.24020793444190758
-0.29906692677451163 0.34112471791639887 0.08495000089387267 0.47048558429694753 0.5036301369757978 -0.4946285356424272 0.5294739009873172
-0.2979608504712395 0.2580697251438933 0.08495000089387267 -0.5036301369757978 0.47048558429694753 0.5294739009873172 0.4946285356424272
-0.25698639223629577 0.30015025967699216 0.08495000089388731 -0.6888038322216019 -0.023436736668234547 0.7241497776377911 -0.024639392003798048
-0.34004138500945535 0.29904418338329997 0.08495000089388731 -0.023436736668234502 0.6888038322216019 0.024639392003798003 0.7241497776377911
-0.26686665926111375 0.32913556191047977 0.08695666416268251 -0.6357135240346594 -0.2723997951508574 0.6638847175668686 -0.284470998068985
-0.3301611179846374 0.27005888114981236 0.08695666416268251 -0.27239979515085744 0.6357135240346594 0.28447099806898507 0.6638847175668686
-0.2689755482479536 0.26794999216269083 0.08695666416288271 -0.642133084999924 0.256901604291166 0.670588756529476 0.2682860161792944
-0.3280522289977975 0.33124445089760135 0.08695666416288271 0.25690160429116593 0.642133084999924 -0.2682860161792943 0.670588756529476
-0.2824360371682062 0.3371596046970222 0.1010166701853892 -0.5882154497453357 -0.4029093186294866 0.5784922095223117 -0.3962492008375653
-0.3145917400775449 0.2620348383632699 0.1010166701853892 -0.4029093186294865 0.5882154497453358 0.3962492008375652 0.5784922095223118
-0.3360762717902408 0.3156750729835478 0.10101667018550405 0.13103122145948323 0.7008310448445031 -0.12886526676848187 0.6892462612199548
-0.2609515054555103 0.2835193700767444 0.10101667018550405 -0.7008310448445031 0.13103122145948318 0.6892462612199548 0.1288652667684818
-0.2596670998212243 0.3006796808254689 0.06095000068527106 -0.6888038322216019 -0.023436736668234565 0.7241497776377911 -0.024639392003798066
-0.3400316523436164 0.2951277225005656 0.06095000068527106 -0.023436736668234565 0.6888038322216019 0.024639392003798066 0.7241497776377911
-0.302625355249662 0.3380859779238862 0.06095000068525642 0.47048558429694753 0.5036301369757978 -0.4946285356424272 0.5294739009873172
-0.2970733969151787 0.2577214254021483 0.06095000068525642 -0.5036301369757978 0.47048558429694753 0.5294739009873172 0.4946285356424272
-0.2673903303762217 0.3249389631238478 0.10508333005662049 -0.683007311379428 -0.2741672482996827 0.6282753464707231 -0.25219718788899725
-0.2731721470244702 0.2684736632879955 0.10508333005663628 -0.6768246230758339 0.28909357835158533 0.6225881003756283 0.26592741457923813
-0.32963744686952945 0.2742554799364444 0.10508333005662049 -0.27416724829968264 0.683007311379428 0.2521971878889972 0.6282753464707231
-0.32385563022128094 0.33072077977229664 0.10508333005663628 0.2890935783515853 0.6768246230758339 -0.26592741457923813 0.6225881003756283
-0.3309119832573657 0.32546456020909614 0.10494333005354195 0.22696084266874417 0.6481939846942419 -0.24020793444190752 0.6860273189403222
-0.2726465499441773 0.33199531616486816 0.10494333005396893 -0.6188279131323768 -0.2978568113043972 0.6549472284260477 -0.3152419100704137
-0.2661157939883854 0.273729882851196 0.10494333005354195 -0.648193984694242 0.22696084266874425 0.6860273189403223 0.24020793444190758
-0.3243812273015738 0.267199126895424 0.10494333005396893 -0.2978568113043972 0.6188279131323768 0.3152419100704137 0.6549472284260477
-0.3286361611508464 0.32771596061755726 0.09508333214279885 0.2890935783515853 0.6768246230758339 -0.26592741457923813 0.6225881003756283
-0.27039514953096105 0.3297194940534132 0.09508333214278306 -0.683007311379428 -0.2741672482996827 0.6282753464707231 -0.25219718788899725
-0.32663262771479007 0.26947494900687896 0.09508333214278306 -0.27416724829968264 0.683007311379428 0.2521971878889972 0.6282753464707231
-0.26839161609490475 0.27147848244273487 0.09508333214279885 -0.6768246230758339 0.28909357835158533 0.6225881003756283 0.26592741457923813
-0.34204535750185205 0.3030534781081623 0.08509000089808327 0.024254634293036714 0.7378426083671986 -0.022161654467788082 0.6741727219818747
-0.25498241974389907 0.2961409649521298 0.08509000089808327 -0.7378426083671986 0.02425463429303667 0.6741727219818747 0.02216165446778804
-0.29505763204713514 0.3431286904092931 0.08509000089785504 -0.5388841275444328 -0.5045828960372719 0.49238275912147905 -0.46104144784090173
-0.301970145198616 0.25606575265099907 0.08509000089785504 -0.5045828960372719 0.5388841275444328 0.46104144784090173 0.49238275912147905
-0.33273502535997307 0.27060560475401463 0.08095666690449617 -0.27239979515085744 0.6357135240346594 0.28447099806898507 0.6638847175668686
-0.2695222718521559 0.26537608478735514 0.08095666690469637 -0.642133084999924 0.256901604291166 0.670588756529476 0.2682860161792944
-0.26429275188577805 0.3285888383062775 0.08095666690449617 -0.6357135240346594 -0.2723997951508574 0.6638847175668686 -0.284470998068985
-0.32750550539359524 0.33381835827293704 0.08095666690469637 0.25690160429116593 0.642133084999924 -0.2682860161792943 0.670588756529476
-0.3006397141912489 0.2589965503116125 0.09496333214012247 -0.4859364200434157 0.49551232253403404 0.5040930657473742 0.5140267648262394
-0.2963880630545022 0.3401978927486796 0.09496333214012247 -0.4955123225340341 -0.4859364200434158 0.5140267648262394 -0.5040930657473742
-0.25791321740423717 0.2974713959671677 0.09496333214010944 -0.6939890612762152 0.0067711838052552835 0.7199194362835203 0.00702418394203513
-0.33911455984151395 0.3017230470931245 0.09496333214010944 0.006771183805255325 0.6939890612762152 -0.0070241839420351745 0.7199194362835203
-0.34029404690018944 0.3142761094592271 0.1011300035226759 0.1228448446254028 0.7415585932007591 -0.10778971913181516 0.6506776263623609
-0.2838350006828591 0.3413773798039074 0.10113000352142819 -0.6112255344272093 -0.4374966839202823 0.5363174062156433 -0.38387971737649
-0.2567337303455617 0.28491833360106505 0.1011300035226759 -0.7415585932007591 0.12284484462540286 0.6506776263623609 0.10778971913181522
-0.313192776562892 0.2578170632563847 0.10113000352142819 -0.4374966839202823 0.6112255344272092 0.38387971737649 0.5363174062156432
-0.3260905096997977 0.26456337970113386 0.10094333684889843 -0.2978568113043972 0.6188279131323768 0.3152419100704137 0.6549472284260477
-0.33354773045165587 0.32717384260732 0.10094333684847145 0.22696084266874417 0.6481939846942419 -0.24020793444190752 0.6860273189403222
-0.27093726754595343 0.3346310633591583 0.10094333684889843 -0.6188279131323768 -0.2978568113043972 0.6549472284260477 -0.3152419100704137
-0.26348004679409526 0.2720206004529721 0.10094333684847145 -0.648193984694242 0.22696084266874425 0.6860273189403223 0.24020793444190758
-0.2701102769903705 0.2684191986913525 0.10484333005448586 -0.5977859009637061 0.2536112832262681 0.7000839885090754 0.2970113510668587
-0.32691750025538063 0.3307752443689397 0.10484333005448586 0.2536112832262681 0.597785900963706 -0.2970113510668587 0.7000839885090753
-0.2673358657839646 0.3280008331627406 0.10484333005540994 -0.6020287227397851 -0.24336820628218186 0.7050528758432967 -0.28501539507962265
-0.3296919114617865 0.27119360989755154 0.10484333005540994 -0.24336820628218186 0.6020287227397851 0.28501539507962265 0.7050528758432967
-0.2636354491828409 0.3269906588296482 0.10097000351766505 -0.6515167596248855 -0.24602014637706324 0.6713644438936768 -0.2535148575129906
-0.33339232806291025 0.272203784230644 0.10097000351766505 -0.2460201463770633 0.6515167596248855 0.2535148575129906 0.6713644438936768
-0.32590732591427624 0.3344756609773236 0.10097000351784126 0.2867294086665586 0.6346544310011052 -0.29546427931072045 0.6539884242613057
-0.2711204513314749 0.2647187820829685 0.10097000351784126 -0.6346544310011053 0.2867294086665586 0.6539884242613058 0.29546427931072045
-0.3204604337682486 0.26485863130902876 0.10094333684889843 -0.2978568113043972 0.6188279131323768 0.3152419100704137 0.6549472284260477
-0.2765673434775025 0.3343358117512634 0.10094333684889843 -0.6188279131323768 -0.2978568113043972 0.6549472284260477 -0.3152419100704137
-0.33325247884376097 0.32154376667577095 0.10094333684847145 0.22696084266874417 0.6481939846942419 -0.24020793444190752 0.6860273189403222
-0.26377529840199015 0.2776506763845212 0.10094333684847145 -0.648193984694242 0.22696084266874425 0.6860273189403223 0.24020793444190758
-0.29150396905463954 0.3402586894863505 0.1009633368488894 -0.4955123225340341 -0.4859364200434158 0.5140267648262394 -0.5040930657473742
-0.2578524206665663 0.29258730196730504 0.10096333684887637 -0.6939890612762152 0.0067711838052552835 0.7199194362835203 0.00702418394203513
-0.3055238081911116 0.2589357535739416 0.1009633368488894 -0.4859364200434157 0.49551232253403404 0.5040930657473742 0.5140267648262394
-0.33917535657918485 0.30660714109298715 0.10096333684887637 0.006771183805255325 0.6939890612762152 -0.0070241839420351745 0.7199194362835203
-0.27708193902313044 0.261470504506838 0.07111000232880405 -0.6568974996666519 0.3514052888662141 0.588208262929073 0.31466019339998563
-0.32261681314171026 0.33433689881919654 0.07111000232880405 0.3514052888662141 0.6568974996666518 -0.31466019339998563 0.588208262929073
-0.33628257323130456 0.2751362645930239 0.07111000232995943 -0.21601561812629988 0.7129777383724227 0.19342769941605437 0.6384244061824943
-0.26341617893353614 0.3206711387330106 0.07111000232995943 -0.7129777383724227 -0.21601561812629988 0.6384244061824943 -0.19342769941605437
-0.26718882416565976 0.2727155470427257 0.10108333685156579 -0.6768246230758339 0.28909357835158533 0.6225881003756283 0.26592741457923813
-0.32983895308009137 0.3264788960175664 0.10108333685156579 0.2890935783515853 0.6768246230758339 -0.26592741457923813 0.6225881003756283
-0.3253955631147992 0.26827215707763397 0.10108333685154999 -0.27416724829968264 0.683007311379428 0.2521971878889972 0.6282753464707231
-0.2716322141309519 0.3309222859826582 0.10108333685154999 -0.683007311379428 -0.2741672482996827 0.6282753464707231 -0.25219718788899725
-0.26560976583090223 0.3253252876419291 0.07085666899281942 -0.616920449170107 -0.21850055724160483 0.7127047675487265 -0.2524253953035973
-0.27242779011005175 0.26366409140605773 0.07085666899357934 -0.5907318577343603 0.28172541020789793 0.6824500813653237 0.3254666679482961
-0.32727096205478895 0.3321433119199768 0.07085666899357934 0.2817254102078979 0.5907318577343602 -0.32546666794829604 0.6824500813653236
-0.33408898633393846 0.27048211568410546 0.07085666899281942 -0.21850055724160483 0.616920449170107 0.2524253953035973 0.7127047675487265
-0.32836643582111585 0.33049580973606263 0.06285666768227716 0.2817254102078979 0.5907318577343602 -0.32546666794829604 0.6824500813653236
-0.3324414841500243 0.26938664191777856 0.06285666768151724 -0.21850055724160483 0.616920449170107 0.2524253953035973 0.7127047675487265
-0.2672572680148164 0.326420761408256 0.06285666768151724 -0.616920449170107 -0.21850055724160483 0.7127047675487265 -0.2524253953035973
-0.27133231634372484 0.2653115935899719 0.06285666768227716 -0.5907318577343603 0.28172541020789793 0.6824500813653237 0.3254666679482961
-0.3312835373355261 0.27591416329316204 0.09498333213994764 -0.2187657756990028 0.6661893134861024 0.22244276905020668 0.6773865576441607
-0.2748308303960592 0.2668275728100087 0.09498333214003951 -0.6257577425816269 0.31637622171293134 0.6362754168153727 0.32169384185933736
-0.265744239910225 0.3232802797671301 0.09498333213994764 -0.6661893134861024 -0.21876577569900282 0.6773865576441607 -0.22244276905020674
-0.3221969468496919 0.3323668702502835 0.09498333214003951 0.31637622171293134 0.6257577425816269 -0.3216938418593374 0.6362754168153727
-0.31337840985553006 0.3407113821808637 0.08502333422876315 0.4035482990852503 0.5906059918864217 -0.3942395066716311 0.5769822735860836
-0.28364936739022106 0.2584830608794284 0.08502333422876315 -0.5906059918864218 0.4035482990852503 0.5769822735860837 0.3942395066716311
-0.33962804926986623 0.28473270028795783 0.08502333422906724 -0.13226976672058832 0.7029732401097976 0.12921865314570588 0.6867575060968929
-0.2573997279758849 0.31446174277233435 0.08502333422906724 -0.7029732401097976 -0.1322697667205883 0.6867575060968929 -0.12921865314570583
-0.27497483673719786 0.26321026198728276 0.10111000352089694 -0.6568974996666519 0.3514052888662141 0.588208262929073 0.31466019339998563
-0.2621269290873073 0.3231362734265273 0.10111000352205232 -0.7129777383724227 -0.21601561812629985 0.6384244061824943 -0.1934276994160543
-0.33490084815844384 0.2760581696337649 0.10111000352205232 -0.21601561812629988 0.7129777383724227 0.19342769941605437 0.6384244061824943
-0.32205294050855326 0.33598418107300937 0.10111000352089694 0.35140528886621414 0.6568974996666519 -0.3146601933999857 0.588208262929073
-0.33700813602151986 0.2733929556157804 0.06499666428239238 -0.19068709189963814 0.6796850493220719 0.19132377845619064 0.6819544548634888
-0.26269061614332084 0.3224144477102541 0.06499666428239238 -0.6796850493220719 -0.19068709189963817 0.6819544548634889 -0.19132377845619067
-0.27533863002740644 0.26074494172865426 0.06499666428241334 -0.6154460447976028 0.34577376887576694 0.6175009622129359 0.346928275536217
-0.32436012213743426 0.3350624615973803 0.06499666428241334 0.34577376887576694 0.6154460447976028 -0.346928275536217 0.6175009622129359
-0.2650527306231538 0.3251067472118601 0.10485666338998281 -0.616920449170107 -0.21850055724160483 0.7127047675487265 -0.2524253953035973
-0.3319750466225973 0.27408769584843207 0.10485666338998281 -0.21850055724160478 0.616920449170107 0.2524253953035973 0.7127047675487265
-0.2730043629477047 0.26613606352498287 0.10485666339074273 -0.5907318577343603 0.28172541020789793 0.6824500813653237 0.32546666794829615
-0.32402341429804643 0.33305837953530926 0.10485666339074273 0.2817254102078979 0.5907318577343602 -0.32546666794829604 0.6824500813653236
-0.31442824749846227 0.25799159567958063 0.10090333685436971 -0.3682506014442031 0.562190504530109 0.4057483533635791 0.6194365220867336
-0.2569082627726649 0.2836828626538417 0.10090333685397365 -0.6579212152289095 0.13713622133310815 0.7249151775821929 0.15110035294852717
-0.28259952974728886 0.3412028473807115 0.10090333685436971 -0.5621905045301091 -0.36825060144420296 0.6194365220867337 -0.40574835336357906
-0.34011951447308625 0.3155115804064505 0.10090333685397365 0.13713622133310813 0.6579212152289095 -0.1511003529485271 0.7249151775821929
-0.3046298123394824 0.34039749803781477 0.06093666734615876 0.4448438186910016 0.5200454858231928 -0.473968789318786 0.5540940862335666
-0.2573555797072843 0.30268413791791965 0.060936667346156374 -0.6822797703778444 -0.05317560798556871 0.7269502308476945 -0.056657140053172565
-0.3423431724575564 0.2931232654081149 0.060936667346156374 -0.05317560798556871 0.6822797703778444 0.056657140053172565 0.7269502308476945
-0.2950689398253583 0.2554099052882198 0.06093666734615876 -0.5200454858231928 0.4448438186910016 0.5540940862335666 0.473968789318786
-0.3077406480537411 0.3378297374589804 0.06516333093988906 0.4713853746366069 0.5995519081915537 -0.39976084792338357 0.5084531467403363
-0.33977541187711346 0.2900124296867828 0.06516333094033964 -0.09062742485505368 0.7572670150791347 0.07685706497485882 0.6422042738107009
-0.25992334028772723 0.30579497363925173 0.06516333094033964 -0.7572670150791347 -0.09062742485505368 0.6422042738107009 -0.07685706497485882
-0.2919581041110996 0.2579776658670542 0.06516333093988906 -0.5995519081915538 0.47138537463660696 0.5084531467403364 0.3997608479233836
-0.32871704165552934 0.3269762619777836 0.10485666339074273 0.2817254102078979 0.5907318577343602 -0.32546666794829604 0.6824500813653236
-0.27113484818067946 0.329800374569343 0.10485666338998281 -0.616920449170107 -0.21850055724160483 0.7127047675487265 -0.2524253953035973
-0.2683107355902218 0.2722181810825085 0.10485666339074273 -0.5907318577343603 0.28172541020789793 0.6824500813653237 0.32546666794829615
-0.32589292906507167 0.26939406849094916 0.10485666338998281 -0.21850055724160478 0.616920449170107 0.2524253953035973 0.7127047675487265
-0.3168617859353519 0.25982238214617914 0.09490333214560277 -0.3682506014442031 0.562190504530109 0.4057483533635791 0.6194365220867336
-0.2587390492392634 0.28124932421695203 0.09490333214520671 -0.6579212152289095 0.13713622133310815 0.7249151775821929 0.15110035294852717
-0.2801659913103992 0.339372060914113 0.09490333214560277 -0.5621905045301091 -0.36825060144420296 0.6194365220867337 -0.40574835336357906
-0.33828872800648774 0.31794511884334015 0.09490333214520671 0.13713622133310813 0.6579212152289095 -0.1511003529485271 0.7249151775821929
-0.33813970040025826 0.2779670458581663 0.07099666899115932 -0.19068709189963814 0.6796850493220719 0.19132377845619064 0.6819544548634888
-0.3197860318950484 0.3361940259761187 0.07099666899118028 0.34577376887576694 0.6154460447976028 -0.346928275536217 0.6175009622129359
-0.2799127202697923 0.25961337734991585 0.07099666899118028 -0.6154460447976028 0.34577376887576694 0.6175009622129359 0.346928275536217
-0.26155905176458244 0.31784035746786826 0.07099666899115932 -0.6796850493220719 -0.19068709189963817 0.6819544548634889 -0.19132377845619067
-0.3141858441759799 0.34090754106681953 0.10202333142734485 0.4035482990852503 0.5906059918864217 -0.3942395066716311 0.5769822735860836
-0.33982420815582204 0.283925265967508 0.10202333142764894 -0.13226976672058832 0.7029732401097976 0.12921865314570588 0.6867575060968929
-0.28284193306977123 0.2582869019934726 0.10202333142734485 -0.5906059918864218 0.4035482990852503 0.5769822735860837 0.3942395066716311
-0.2572035690899291 0.3152691770927842 0.10202333142764894 -0.7029732401097976 -0.1322697667205883 0.6867575060968929 -0.12921865314570583
-0.3022036633567698 0.2559660230664972 0.0749633363124476 -0.4859364200434157 0.495512322534034 0.5040930657473741 0.5140267648262393
-0.3417870546790453 0.3002579889319717 0.07496333631243457 0.0067711838052552835 0.6939890612762152 -0.00702418394203513 0.7199194362835203
-0.2579116974857954 0.29554941439406285 0.07496333631243457 -0.6939890612762152 0.0067711838052552835 0.7199194362835203 0.00702418394203513
-0.2974950888080709 0.33984138025953736 0.0749633363124476 -0.4955123225340341 -0.4859364200434158 0.5140267648262394 -0.5040930657473742
-0.3156747234285433 0.33677506916212985 0.10499666338834367 0.34577376887576694 0.6154460447976028 -0.346928275536217 0.6175009622129359
-0.3356917362595958 0.28243638673225546 0.10499666338832271 -0.19068709189963812 0.6796850493220719 0.1913237784561906 0.6819544548634888
-0.2813530538172078 0.2624193738981623 0.10499666338834367 -0.6154460447976027 0.34577376887576694 0.6175009622129358 0.346928275536217
-0.2613360409861553 0.3167580563280367 0.10499666338832271 -0.6796850493220719 -0.19068709189963817 0.6819544548634889 -0.19132377845619067
-0.314541147463486 0.3418183000389875 0.0910233314869495 0.4035482990852503 0.5906059918864217 -0.3942395066716311 0.5769822735860836
-0.34073496712799 0.2835699626800019 0.09102333148725358 -0.13226976672058832 0.7029732401097976 0.12921865314570588 0.6867575060968929
-0.28248662978226513 0.2573761430213046 0.0910233314869495 -0.5906059918864218 0.4035482990852503 0.5769822735860837 0.3942395066716311
-0.2562928101177611 0.3156244803802903 0.09102333148725358 -0.7029732401097976 -0.1322697667205883 0.6867575060968929 -0.12921865314570583
-0.29651649975014854 0.3417442287416693 0.054963333034192145 -0.4955123225340341 -0.4859364200434158 0.5140267648262394 -0.5040930657473742
-0.30318225241469215 0.2540631745843652 0.054963333034192145 -0.4859364200434157 0.495512322534034 0.5040930657473741 0.5140267648262393
-0.34368990316117726 0.30123657798989406 0.05496333303417911 0.0067711838052552835 0.6939890612762152 -0.00702418394203513 0.7199194362835203
-0.25600884900366344 0.2945708253361405 0.05496333303417911 -0.6939890612762152 0.0067711838052552835 0.7199194362835203 0.00702418394203513
-0.2557782828986975 0.3091116798926744 0.09116333147678145 -0.7572670150791347 -0.09062742485505362 0.6422042738107009 -0.0768570649748588
-0.28899943026526104 0.256861615804698 0.09116333147633086 -0.5995519081915538 0.47138537463660696 0.5084531467403364 0.3997608479233836
-0.3080283469804901 0.3423328272555941 0.09116333147633086 0.47138537463660707 0.5995519081915537 -0.3997608479233837 0.5084531467403363
-0.34124949434705365 0.2900827631676178 0.09116333147678145 -0.09062742485505368 0.7572670150791347 0.07685706497485882 0.6422042738107009
-0.32126291643941896 0.3386700108720761 0.08087000024427925 0.3096851598685294 0.5823187311838222 -0.3529392740676892 0.6636519162107795
-0.33758667796528713 0.2768481937143829 0.0808700002439976 -0.19278104641136382 0.6307420002933433 0.2197070163222894 0.7188385244192531
-0.259441099280464 0.3223462493459092 0.0808700002439976 -0.6307420002933433 -0.1927810464113638 0.7188385244192531 -0.21970701632228937
-0.27576486080633217 0.2605244321882161 0.08087000024427925 -0.5823187311838222 0.30968515986852946 0.6636519162107795 0.35293927406768927
-0.340359494869717 0.2994212461582958 0.10498999672186458 0.06834450383392912 0.700234981171117 -0.06903140052970516 0.7072726954159102
-0.2986898639921945 0.34144282777648854 0.10498999672185853 -0.5434677663168535 -0.44681404077263276 0.5489298910756042 -0.45130474695789274
-0.2566682823760341 0.2997731969019964 0.10498999672186458 -0.700234981171117 0.06834450383392915 0.7072726954159102 0.0690314005297052
-0.29833791325355663 0.2577516152838036 0.10498999672185853 -0.4468140407726328 0.5434677663168533 0.4513047469578928 0.5489298910756042
-0.2573397705985163 0.27987093700419874 0.08090333357571819 -0.6579212152289095 0.13713622133310815 0.7249151775821929 0.15110035294852717
-0.3182401731481052 0.2584231035054321 0.08090333357611425 -0.3682506014442031 0.562190504530109 0.4057483533635791 0.6194365220867336
-0.3396880066472348 0.31932350605609344 0.08090333357571819 0.13713622133310813 0.6579212152289095 -0.1511003529485271 0.7249151775821929
-0.2787876040976459 0.34077133955486005 0.08090333357611425 -0.5621905045301091 -0.36825060144420296 0.6194365220867337 -0.40574835336357906
-0.338322118704327 0.29961096774261586 0.09498999880802715 0.06834450383392912 0.700234981171117 -0.06903140052970516 0.7072726954159102
-0.2985276348378767 0.2597889914491936 0.0949899988080211 -0.4468140407726328 0.5434677663168533 0.4513047469578928 0.5489298910756042
-0.25870565854142413 0.2995834753176763 0.09498999880802715 -0.700234981171117 0.06834450383392915 0.7072726954159102 0.0690314005297052
-0.2985001424078744 0.33940545161109853 0.0949899988080211 -0.5434677663168535 -0.44681404077263276 0.5489298910756042 -0.45130474695789274
-0.26645167577445134 0.274022338734589 0.05492999970140148 -0.652840623500824 0.19697492231095293 0.7002572043894378 0.2112814426028433
-0.33324707639038936 0.32178506459144557 0.05492999970140148 0.19697492231095293 0.652840623500824 -0.2112814426028433 0.7002572043894378
-0.32373073900394633 0.2645060013505528 0.05492999970037108 -0.322345731468724 0.6009103332453556 0.34575807923847945 0.6445551577981256
-0.27596801316089437 0.33130140197548175 0.05492999970037108 -0.6009103332453556 -0.322345731468724 0.6445551577981256 -0.34575807923847945
-0.34365891518865077 0.29276009430749844 0.100936670177377 -0.05317560798556871 0.6822797703778444 0.056657140053172565 0.7269502308476945
-0.25336886205710035 0.30643434875279374 0.100936670177377 -0.6822797703778444 -0.05317560798556867 0.7269502308476945 -0.056657140053172524
-0.2916767613980683 0.25445219496470944 0.1009366701773794 -0.5200454858231928 0.4448438186910016 0.5540940862335666 0.473968789318786
-0.3053510158476828 0.3447422480955827 0.1009366701773794 0.44484381869100165 0.5200454858231927 -0.473968789318786 0.5540940862335665
-0.2932271676156434 0.2542090676186706 0.09093666481296137 -0.5200454858231928 0.4448438186910016 0.5540940862335666 0.473968789318786
-0.25312573471106153 0.30488394253521867 0.09093666481295896 -0.6822797703778444 -0.05317560798556867 0.7269502308476945 -0.056657140053172524
-0.30380060963010774 0.3449853754416215 0.09093666481296137 0.44484381869100165 0.5200454858231927 -0.473968789318786 0.5540940862335665
-0.3439020425346896 0.2943105005250735 0.09093666481295896 -0.05317560798556871 0.6822797703778444 0.056657140053172565 0.7269502308476945
-0.3019444412973036 0.25567406558783495 0.08099000023853258 -0.4468140407726328 0.5434677663168533 0.4513047469578928 0.5489298910756042
-0.29508333594844754 0.3435203774724572 0.08099000023853258 -0.5434677663168535 -0.44681404077263276 0.5489298910756042 -0.45130474695789274
-0.2545907326800655 0.29616666885824944 0.08099000023853863 -0.700234981171117 0.06834450383392915 0.7072726954159102 0.0690314005297052
-0.34243704456568563 0.30302777420204274 0.08099000023853863 0.06834450383392912 0.700234981171117 -0.06903140052970516 0.7072726954159102
-0.31657602560731035 0.2615629469596165 0.10912999738214978 -0.4374966839202823 0.6112255344272092 0.38387971737649 0.5363174062156432
-0.2604796140487935 0.2815350845566467 0.10912999738339749 -0.7415585932007591 0.12284484462540286 0.6506776263623609 0.10778971913181522
-0.33654816319695763 0.31765935850364546 0.10912999738339749 0.1228448446254028 0.7415585932007591 -0.10778971913181516 0.6506776263623609
-0.28045175163844077 0.3376314961006756 0.10912999738214978 -0.6112255344272093 -0.4374966839202823 0.5363174062156433 -0.38387971737649
-0.2535244651896785 0.2915769621989324 0.09498999880802715 -0.700234981171117 0.06834450383392915 0.7072726954159102 0.0690314005297052
-0.3435033120560726 0.30761748086135976 0.09498999880802715 0.06834450383392912 0.700234981171117 -0.06903140052970516 0.7072726954159102
-0.3065341479566206 0.254607798097448 0.0949899988080211 -0.4468140407726328 0.5434677663168533 0.4513047469578928 0.5489298910756042
-0.29049362928913053 0.34458664496284414 0.0949899988080211 -0.5434677663168535 -0.44681404077263276 0.5489298910756042 -0.45130474695789274
-0.3435033120560726 0.30761748086135976 0.08499000089418972 0.06834450383392912 0.700234981171117 -0.06903140052970516 0.7072726954159102
-0.3065341479566206 0.254607798097448 0.08499000089418367 -0.4468140407726328 0.5434677663168533 0.4513047469578928 0.5489298910756042
-0.2535244651896785 0.2915769621989324 0.08499000089418972 -0.700234981171117 0.06834450383392915 0.7072726954159102 0.0690314005297052
-0.29049362928913053 0.34458664496284414 0.08499000089418367 -0.5434677663168535 -0.44681404077263276 0.5489298910756042 -0.45130474695789274
-0.26005935802449054 0.2829134708219072 0.10104333684942388 -0.6956395934461829 0.19429931138567041 0.6661209187313175 0.18605444163907855
-0.3151976393252865 0.2611426909282156 0.10104333684914261 -0.35450111491492503 0.6292818333293618 0.33945826377878996 0.6025789748389849
-0.3369684192212606 0.31628097223838497 0.10104333684942388 0.19429931138567036 0.6956395934461829 -0.1860544416390785 0.6661209187313175
-0.28183013792046463 0.3380517521320765 0.10104333684914261 -0.6292818333293618 -0.354501114914925 0.6025789748389849 -0.3394582637787899
-0.3435033120560726 0.30761748086135976 0.10099000351679409 0.06834450383392912 0.700234981171117 -0.06903140052970516 0.7072726954159102
-0.3065341479566206 0.254607798097448 0.10099000351678804 -0.4468140407726328 0.5434677663168533 0.4513047469578928 0.5489298910756042
-0.2535244651896785 0.2915769621989324 0.10099000351679409 -0.700234981171117 0.06834450383392915 0.7072726954159102 0.0690314005297052
-0.29049362928913053 0.34458664496284414 0.10099000351678804 -0.5434677663168535 -0.44681404077263276 0.5489298910756042 -0.45130474695789274
-0.31115047198281415 0.33571647487981604 0.07503666964561989 0.43178940611079203 0.5761000273080332 -0.41623702591773415 0.5553498046828975
-0.2620366028661915 0.30920479756536695 0.07503666964557157 -0.7126854528902405 -0.10204301989012876 0.6870156363904212 -0.09836758960856971
-0.3376621492986492 0.2866026057606676 0.07503666964557157 -0.10204301989012876 0.7126854528902405 0.09836758960856971 0.6870156363904212
-0.28854828018202655 0.2600909284462185 0.07503666964561989 -0.5761000273080333 0.4317894061107921 0.5553498046828976 0.4162370259177342
-0.3133294954766727 0.25751273196345514 0.09090333148995168 -0.3682506014442031 0.562190504530109 0.4057483533635791 0.6194365220867336
-0.34059837818921174 0.31441282838466095 0.09090333148955562 0.13713622133310813 0.6579212152289095 -0.1511003529485271 0.7249151775821929
-0.2836982817690784 0.341681711096837 0.09090333148995168 -0.5621905045301091 -0.36825060144420296 0.6194365220867337 -0.40574835336357906
-0.2564293990565394 0.28478161467563123 0.09090333148955562 -0.6579212152289095 0.13713622133310815 0.7249151775821929 0.15110035294852717
-0.2825045506603859 0.26213175165835007 0.06489666428434443 -0.5614259608680933 0.364875629123744 0.6227738199179356 0.40474613643580737
-0.26407742607518164 0.31524852707951573 0.0648966642853239 -0.6549941364510142 -0.13898207067687943 0.7265663291373761 -0.154168850968655
-0.3171942015044548 0.3336756516676845 0.06489666428434443 0.364875629123744 0.5614259608680933 -0.40474613643580737 0.6227738199179356
-0.33562132608965906 0.2805588762465188 0.0648966642853239 -0.13898207067687943 0.6549941364510142 0.154168850968655 0.7265663291373761
-0.2985276348378767 0.2597889914491936 0.08499000089418367 -0.4468140407726328 0.5434677663168533 0.4513047469578928 0.5489298910756042
-0.25870565854142413 0.2995834753176763 0.08499000089418972 -0.700234981171117 0.06834450383392915 0.7072726954159102 0.0690314005297052
-0.2985001424078744 0.33940545161109853 0.08499000089418367 -0.5434677663168535 -0.44681404077263276 0.5489298910756042 -0.45130474695789274
-0.338322118704327 0.29961096774261586 0.08499000089418972 0.06834450383392912 0.700234981171117 -0.06903140052970516 0.7072726954159102
-0.25755784772269696 0.2982250399781489 0.05107666571529373 -0.7336683728644166 -0.008003320717062867 0.6794201457808979 -0.007411546602616865
-0.30017071439334425 0.34019523002283264 0.05107666571529163 0.5131226800172349 0.5244410831875262 -0.4751818388282507 0.48566334591445837
-0.29952803777149645 0.2556121733032019 0.05107666571529163 -0.5244410831875264 0.5131226800172349 0.4856633459144585 0.47518183882825077
-0.34214090444214373 0.2975823633478856 0.05107666571529373 -0.008003320717062867 0.7336683728644166 0.007411546602616865 0.6794201457808979
-0.33413327516808466 0.3248655760250076 0.050943332378123096 0.22696084266874417 0.6481939846942419 -0.24020793444190752 0.6860273189403222
-0.26556547699675603 0.27094182730102695 0.050943332378123096 -0.648193984694242 0.2269608426687442 0.6860273189403223 0.24020793444190755
-0.2728875017206818 0.33218760074891357 0.050943332378550074 -0.6188279131323768 -0.2978568113043972 0.6549472284260477 -0.3152419100704137
-0.3268112504441589 0.263619802577121 0.050943332378550074 -0.2978568113043972 0.6188279131323768 0.3152419100704137 0.6549472284260477
-0.31442824749846227 0.25799159567958063 0.08490333423176534 -0.3682506014442031 0.562190504530109 0.4057483533635791 0.6194365220867336
-0.28259952974728886 0.3412028473807115 0.08490333423176534 -0.5621905045301091 -0.36825060144420296 0.6194365220867337 -0.40574835336357906
-0.34011951447308625 0.3155115804064505 0.08490333423136928 0.13713622133310813 0.6579212152289095 -0.1511003529485271 0.7249151775821929
-0.2569082627726649 0.2836828626538417 0.08490333423136928 -0.6579212152289095 0.13713622133310815 0.7249151775821929 0.15110035294852717
-0.2976162187903258 0.2576539006076605 0.05907666702659382 -0.5244410831875264 0.5131226800172349 0.4856633459144585 0.47518183882825077
-0.2595995750271556 0.3001368589593196 0.05907666702659591 -0.7336683728644166 -0.008003320717062867 0.6794201457808979 -0.007411546602616865
-0.3020825333745149 0.338153502718374 0.05907666702659382 0.5131226800172349 0.5244410831875262 -0.4751818388282507 0.48566334591445837
-0.3400991771376851 0.29567054436671497 0.05907666702659591 -0.008003320717062867 0.7336683728644166 0.007411546602616865 0.6794201457808979
-0.3015071503966185 0.25365624688489746 0.06107666735441936 -0.5244410831875264 0.5131226800172349 0.4856633459144585 0.47518183882825077
-0.2556019213043925 0.29624592735302685 0.06107666735442146 -0.7336683728644166 -0.008003320717062867 0.6794201457808979 -0.007411546602616865
-0.2981916017682222 0.3421511564411371 0.06107666735441936 0.5131226800172349 0.5244410831875262 -0.4751818388282507 0.48566334591445837
-0.3440968308604482 0.2995614759730077 0.06107666735442146 -0.008003320717062867 0.7336683728644166 0.007411546602616865 0.6794201457808979
-0.2577950024527255 0.2803898790490396 0.06090333402275303 -0.6579212152289095 0.13713622133310813 0.7249151775821929 0.1511003529485271
-0.3419037497121152 0.31541752427699493 0.06090333402275303 0.13713622133310813 0.6579212152289095 -0.1511003529485271 0.7249151775821929
-0.28233555346916045 0.3399580752930669 0.06090333402314908 -0.562190504530109 -0.3682506014442031 0.6194365220867336 -0.4057483533635791
-0.31736319869568025 0.25584932803296767 0.06090333402314908 -0.3682506014442031 0.562190504530109 0.4057483533635791 0.6194365220867336
-0.2910299347740789 0.3409455873412945 0.06099000068556741 -0.5434677663168533 -0.4468140407726328 0.5489298910756042 -0.4513047469578928
-0.2568074904036442 0.28908426035720713 0.060990000685573455 -0.700234981171117 0.06834450383392912 0.7072726954159102 0.06903140052970516
-0.3086688173907618 0.25486181598474006 0.06099000068556741 -0.4468140407726328 0.5434677663168533 0.4513047469578928 0.5489298910756042
-0.3428912617611965 0.3067231429688274 0.060990000685573455 0.06834450383392912 0.700234981171117 -0.06903140052970516 0.7072726954159102
-0.327574141080439 0.33151761216144715 0.05085666571532388 0.2817254102078979 0.5907318577343602 -0.32546666794829604 0.6824500813653236
-0.3334632865754088 0.27017893665845544 0.05085666571456396 -0.21850055724160483 0.616920449170107 0.2524253953035973 0.7127047675487265
-0.2662354655894319 0.3256284666675791 0.05085666571456396 -0.616920449170107 -0.21850055724160483 0.7127047675487265 -0.2524253953035973
-0.2721246110844017 0.2642897911645874 0.05085666571532388 -0.5907318577343603 0.28172541020789793 0.6824500813653237 0.3254666679482961
-0.33813970040025826 0.2779670458581663 0.05499666636855495 -0.19068709189963814 0.6796850493220719 0.19132377845619064 0.6819544548634888
-0.26155905176458244 0.31784035746786826 0.05499666636855495 -0.6796850493220719 -0.19068709189963817 0.6819544548634889 -0.19132377845619067
-0.2799127202697923 0.25961337734991585 0.054996666368575906 -0.6154460447976028 0.34577376887576694 0.6175009622129359 0.346928275536217
-0.3197860318950484 0.3361940259761187 0.054996666368575906 0.34577376887576694 0.6154460447976028 -0.346928275536217 0.6175009622129359
-0.2718831226223569 0.32707482809509186 0.07684333291643289 -0.2433682062821819 0.6020287227397851 -0.2850153950796226 -0.7050528758432967
-0.3278156295424838 0.2687325752309427 0.07684333291643289 0.6020287227397851 0.2433682062821819 0.7050528758432967 -0.2850153950796226
-0.2706782496504352 0.26993744820307125 0.07684333291550881 0.253611283226268 0.5977859009637061 0.2970113510668588 -0.7000839885090754
-0.3290205025144055 0.3258699551229633 0.07684333291550881 0.5977859009637061 -0.253611283226268 0.7000839885090754 0.2970113510668588
-0.26817738776727174 0.2704886421556317 0.07084333565732247 0.253611283226268 0.5977859009637061 0.2970113510668588 -0.7000839885090754
-0.27243431657491735 0.3295756899782553 0.07084333565824655 -0.2433682062821819 0.6020287227397851 -0.2850153950796226 -0.7050528758432967
-0.32726443558992335 0.26623171334777923 0.07084333565824655 0.6020287227397851 0.2433682062821819 0.7050528758432967 -0.2850153950796226
-0.33152136439756896 0.32531876117040287 0.07084333565732247 0.5977859009637061 -0.253611283226268 0.7000839885090754 0.2970113510668588
-0.3343274105769433 0.32015776838211024 0.07493000297965693 0.652840623500824 -0.1969749223109529 0.7002572043894378 0.21128144260284334
-0.2775953093702297 0.3323817361620357 0.07493000297862654 -0.32234573146872403 0.6009103332453556 -0.3457580792384794 -0.6445551577981256
-0.2653713415878974 0.2756496349439243 0.07493000297965693 0.1969749223109529 0.652840623500824 0.21128144260284334 -0.7002572043894378
-0.322103442794611 0.26342566716399884 0.07493000297862654 0.6009103332453556 0.32234573146872403 0.6445551577981256 -0.3457580792384794
-0.2725904874109985 0.3277546864686527 0.06482999761662957 -0.267338011893368 0.5861146541459126 -0.3174056069106358 -0.6958833812457442
-0.3271082647538422 0.26805271685738186 0.06482999761662957 0.5861146541459126 0.267338011893368 0.6958833812457442 -0.3174056069106358
-0.26999839126932773 0.27064481299959214 0.06482999761888353 0.2254091232217698 0.6034821693331547 0.26762419553191263 -0.7165035159936338
-0.32970036089551297 0.3251625903264424 0.06482999761888353 0.6034821693331547 -0.2254091232217698 0.7165035159936338 0.26762419553191263
-0.31166071980740695 0.25957066694514846 0.06100333401903641 0.5662727207473002 0.4254431484099223 0.5643882803738948 -0.4240273601845771
-0.26151634136933244 0.2860923579215369 0.06100333401906061 0.09958155160655928 0.7012490152458153 0.09925016448656912 -0.6989154012080386
-0.28803803235743375 0.3362367363808861 0.06100333401903641 -0.4254431484099223 0.5662727207473002 -0.4240273601845771 -0.5643882803738948
-0.33818241079550826 0.3097150454044976 0.06100333401906061 0.7012490152458153 -0.09958155160655927 0.6989154012080386 0.09925016448656912
-0.3368995476968673 0.27943523928553554 0.07689666625227717 0.6549941364510142 0.13898207067687945 0.7265663291373761 -0.15416885096865496
-0.3183178384654381 0.33495387327489273 0.07689666625129771 0.5614259608680933 -0.36487562912374394 0.6227738199179356 0.4047461364358074
-0.2813809136994026 0.2608535300511418 0.07689666625129771 0.36487562912374394 0.5614259608680933 0.4047461364358074 -0.6227738199179356
-0.2627992044679734 0.316372164040499 0.07689666625227717 -0.13898207067687945 0.6549941364510142 -0.15416885096865496 -0.7265663291373761
-0.32048165049878374 0.26158318247379037 0.06491666427943991 0.5820131439452964 0.34582370087627645 0.6327149957465407 -0.37594999979332694
-0.33616989527394847 0.31853597607516193 0.0649166642794874 0.6560797252145908 -0.16701115531289182 0.7132338587281755 0.18156026802997752
-0.27921710166605695 0.3342242208522442 0.06491666427943991 -0.34582370087627645 0.5820131439452964 -0.37594999979332694 -0.6327149957465407
-0.2635288568908922 0.2772714272508726 0.0649166642794874 0.16701115531289182 0.6560797252145908 0.18156026802997752 -0.7132338587281755
-0.26170621196526445 0.2854372432708106 0.05500333303558397 0.09958155160655928 0.7012490152458153 0.09925016448656912 -0.6989154012080386
-0.31231583445813327 0.25976053754108047 0.05500333303555977 0.5662727207473002 0.4254431484099223 0.5643882803738948 -0.4240273601845771
-0.33799254019957625 0.31037016005522394 0.05500333303558397 0.7012490152458153 -0.09958155160655927 0.6989154012080386 0.09925016448656912
-0.28738291770670743 0.3360468657849541 0.05500333303555977 -0.4254431484099223 0.5662727207473002 -0.4240273601845771 -0.5643882803738948
-0.30703374807386136 0.2597044601566353 0.06086333401834113 0.49773622778052595 0.42886514663548037 0.5711189378828272 -0.49209398731109466
-0.33804861758883775 0.30508807365500895 0.06086333401918519 0.6552061155263992 -0.04869920987754431 0.751805069055246 0.055879077273577195
-0.26165013457600295 0.2907193296710256 0.06086333401918519 0.04869920987754431 0.6552061155263992 0.055879077273577195 -0.751805069055246
-0.29266500409097934 0.33610294316939926 0.06086333401834113 -0.4288651466354804 0.497736227780526 -0.4920939873110947 -0.5711189378828272
-0.33999810670550645 0.3054258531769511 0.07086333565831293 0.6552061155263992 -0.04869920987754431 0.751805069055246 0.055879077273577195
-0.25970064545933425 0.29038155014908346 0.07086333565831293 0.04869920987754431 0.6552061155263992 0.055879077273577195 -0.751805069055246
-0.3073715275958035 0.2577549710399666 0.07086333565746887 0.49773622778052595 0.42886514663548037 0.5711189378828272 -0.49209398731109466
-0.2923272245690372 0.33805243228606796 0.07086333565746887 -0.4288651466354804 0.497736227780526 -0.4920939873110947 -0.5711189378828272
-0.27414945865814844 0.2643607496753845 0.06496999761698143 0.28672940866655855 0.6346544310011053 0.2954642793107205 -0.6539884242613058
-0.26630642410193045 0.32360361909539054 0.06496999761680522 -0.24602014637706332 0.6515167596248855 -0.2535148575129905 -0.6713644438936768
-0.32554929350669226 0.33144665365065007 0.06496999761698143 0.6346544310011053 -0.28672940866655855 0.6539884242613058 0.2954642793107205
-0.33339232806291025 0.272203784230644 0.06496999761680522 0.6515167596248854 0.24602014637706326 0.6713644438936767 -0.25351485751299047
-0.33668027931747924 0.28116516337932945 0.08489666756357936 0.6549941364510142 0.1389820706768794 0.7265663291373761 -0.1541688509686549
-0.28008183046652296 0.26143083083811386 0.08489666756259989 0.36487562912374394 0.5614259608680933 0.4047461364358074 -0.6227738199179356
-0.2603474979282719 0.3180292796809627 0.08489666756357936 -0.13898207067687943 0.6549941364510142 -0.15416885096865493 -0.7265663291373761
-0.31694594677922816 0.3377636122221783 0.08489666756259989 0.5614259608680933 -0.36487562912374394 0.6227738199179356 0.4047461364358074
-0.29218101437540317 0.3380305871837578 0.054863333034864493 -0.4288651466354804 0.497736227780526 -0.4920939873110947 -0.5711189378828272
-0.30751773778943753 0.25777681614227677 0.054863333034864493 0.49773622778052595 0.42886514663548037 0.5711189378828272 -0.49209398731109466
-0.2597224905616444 0.2902353399554494 0.054863333035708554 0.04869920987754431 0.6552061155263992 0.055879077273577195 -0.751805069055246
-0.3399762616031963 0.3055720633705851 0.054863333035708554 0.6552061155263992 -0.04869920987754431 0.751805069055246 0.055879077273577195
-0.33750159935626084 0.3214501848559981 0.08491666755774287 0.6560797252145908 -0.16701115531289187 0.7132338587281755 0.18156026802997757
-0.32036685195294634 0.26060951079906197 0.08491666755769538 0.5820131439452964 0.34582370087627645 0.6327149957465407 -0.37594999979332694
-0.2595261778894903 0.27774425820429405 0.08491666755774287 0.16701115531289185 0.6560797252145908 0.18156026802997755 -0.7132338587281755
-0.2766609252928048 0.3385849322612302 0.08491666755769538 -0.3458237008762764 0.5820131439452964 -0.3759499997933269 -0.6327149957465407
-0.339668808151863 0.3070531380724418 0.09486333214163889 0.6552061155263992 -0.048699209877544364 0.751805069055246 0.05587907727357725
-0.2573589690938881 0.29214130498785035 0.09486333214163889 0.04869920987754433 0.6552061155263992 0.05587907727357721 -0.751805069055246
-0.30596980516462063 0.258442302001194 0.09486333214079483 0.49773622778052595 0.42886514663548037 0.5711189378828272 -0.49209398731109466
-0.2910579720811305 0.3407521410590982 0.09486333214079483 -0.4288651466354804 0.497736227780526 -0.4920939873110947 -0.5711189378828272
-0.26143882552880204 0.2863597443579993 0.07500333631383943 0.09958155160655928 0.7012490152458153 0.09925016448656912 -0.6989154012080386
-0.31139333337094455 0.25949315110461807 0.07500333631381523 0.5662727207473002 0.4254431484099223 0.5643882803738948 -0.4240273601845771
-0.33825992663603865 0.3094476589680352 0.07500333631383943 0.7012490152458153 -0.09958155160655927 0.6989154012080386 0.09925016448656912
-0.28830541879389615 0.3363142522214165 0.07500333631381523 -0.4254431484099223 0.5662727207473002 -0.4240273601845771 -0.5643882803738948
-0.27859169993075117 0.33388372931896476 0.07491666964385794 -0.34582370087627645 0.5820131439452964 -0.37594999979332694 -0.6327149957465407
-0.26386934842417165 0.27664602551556683 0.07491666964390543 0.16701115531289182 0.6560797252145908 0.18156026802997752 -0.7132338587281755
-0.32110705223408953 0.2619236740070698 0.07491666964385794 0.5820131439452964 0.34582370087627645 0.6327149957465407 -0.37594999979332694
-0.33582940374066905 0.3191613778104677 0.07491666964390543 0.6560797252145908 -0.16701115531289182 0.7132338587281755 0.18156026802997752
-0.28854828018202655 0.2600909284462185 0.09103666481764366 0.4317894061107919 0.5761000273080332 0.41623702591773415 -0.5553498046828975
-0.3084794970637246 0.3391035146140737 0.09103666481764366 0.5761000273080332 -0.431789406110792 0.5553498046828975 0.4162370259177342
-0.33802018170623316 0.28963161308734114 0.09103666481759534 0.7126854528902407 0.10204301989012875 0.6870156363904213 -0.09836758960856963
-0.25900759553951797 0.309562829972951 0.09103666481759534 -0.10204301989012879 0.7126854528902407 -0.09836758960856967 -0.6870156363904213
-0.27479109916361555 0.3301698831122997 0.06091666734907912 -0.34582370087627645 0.5820131439452964 -0.37594999979332694 -0.6327149957465407
-0.32490765300122515 0.2656375202137348 0.06091666734907912 0.5820131439452964 0.34582370087627645 0.6327149957465407 -0.37594999979332694
-0.332115557534004 0.32296197857760334 0.06091666734912662 0.6560797252145908 -0.16701115531289182 0.7132338587281755 0.18156026802997752
-0.2675831946308367 0.2728454247484312 0.06091666734912662 0.16701115531289182 0.6560797252145908 0.18156026802997752 -0.7132338587281755
-0.3333494046263815 0.32617741287302643 0.09505666547582411 0.690844336000272 -0.2259810553450168 0.6527453510002845 0.21351855373482523
-0.27193369728045697 0.3344327375340122 0.0950566654755141 -0.328707978214542 0.6482934511944481 -0.3105802470589016 -0.6125410813433918
-0.2636783726193696 0.2730170301872657 0.09505666547582411 0.22598105534501678 0.690844336000272 0.2135185537348252 -0.6527453510002845
-0.32509407996529416 0.26476170552628 0.0950566654755141 0.6482934511944481 0.32870797821454206 0.6125410813433918 -0.31058024705890164
-0.2979608504712395 0.2580697251438933 0.0949499988077101 0.4704855842969475 0.5036301369757978 0.49462853564242726 -0.5294739009873172
-0.25698639223629577 0.30015025967699216 0.09494999880772474 -0.02343673666823459 0.6888038322216019 -0.024639392003798003 -0.7241497776377911
-0.34004138500945535 0.29904418338329997 0.09494999880772474 0.6888038322216019 0.023436736668234544 0.7241497776377911 -0.024639392003797958
-0.29906692677451163 0.34112471791639887 0.0949499988077101 0.5036301369757978 -0.4704855842969475 0.5294739009873172 0.49462853564242726
-0.3295834966397522 0.27020155370850185 0.06083000068626878 0.5861146541459126 0.267338011893368 0.6958833812457442 -0.3174056069106358
-0.2721472281204477 0.2681695811136821 0.06083000068852273 0.2254091232217698 0.6034821693331547 0.26762419553191263 -0.7165035159936338
-0.32755152404439297 0.32763782221235244 0.06083000068852273 0.6034821693331547 -0.2254091232217698 0.7165035159936338 0.26762419553191263
-0.27011525552508847 0.3256058496175327 0.06083000068626878 -0.267338011893368 0.5861146541459126 -0.3174056069106358 -0.6958833812457442
-0.2683152534777793 0.3317490081262044 0.09482999880872246 -0.2673380118933679 0.5861146541459126 -0.31740560691063574 -0.6958833812457442
-0.330665675226391 0.3297958566672456 0.09482999881097642 0.6034821693331546 -0.2254091232217698 0.7165035159936337 0.26762419553191263
-0.32871252376797183 0.2674454349340878 0.09482999880872246 0.5861146541459126 0.267338011893368 0.6958833812457442 -0.3174056069106358
-0.2663621020193601 0.26939858639304654 0.09482999881097642 0.22540912322176979 0.6034821693331546 0.26762419553191263 -0.7165035159936337
-0.27440179322397606 0.3339750152279449 0.0949299988063014 -0.32234573146872403 0.6009103332453556 -0.3457580792384794 -0.6445551577981256
-0.32262598402177506 0.2652194278323472 0.0949299988063014 0.6009103332453556 0.32234573146872403 0.6445551577981256 -0.3457580792384794
-0.2641360949295722 0.2754851261243442 0.0949299988073318 0.1969749223109529 0.652840623500824 0.21128144260284334 -0.7002572043894378
-0.33289168231617894 0.32370931693594795 0.0949299988073318 0.652840623500824 -0.19697492231095293 0.7002572043894378 0.2112814426028434
-0.33773191386757384 0.2830309973770559 0.10089667018618373 0.6549941364510142 0.1389820706768794 0.7265663291373761 -0.1541688509686549
-0.2592958633781773 0.31616344568323623 0.10089667018618373 -0.13898207067687943 0.6549941364510142 -0.15416885096865493 -0.7265663291373761
-0.2819476644642494 0.26037919628801925 0.10089667018520426 0.36487562912374394 0.5614259608680933 0.4047461364358074 -0.6227738199179356
-0.3150801127815017 0.3388152467722729 0.10089667018520426 0.5614259608680933 -0.36487562912374394 0.6227738199179356 0.4047461364358074
-0.3003004274444468 0.25400693760201964 0.06896333160368066 0.49551232253403393 0.48593642004341575 0.5140267648262393 -0.5040930657473741
-0.2993983247203939 0.3418004657240149 0.06896333160368066 -0.48593642004341575 0.49551232253403393 -0.5040930657473741 -0.5140267648262393
-0.25595261202131786 0.29745265030638585 0.06896333160366763 0.006771183805255241 0.6939890612762152 0.0070241839420351745 -0.7199194362835203
-0.34374614014352284 0.2983547530196487 0.06896333160366763 0.6939890612762152 -0.006771183805255241 0.7199194362835203 0.0070241839420351745
-0.3355669837623645 0.2826598988586843 0.0908966648217657 0.6549941364510142 0.1389820706768794 0.7265663291373761 -0.1541688509686549
-0.3154512112998733 0.3366503166670636 0.09089666482078623 0.5614259608680933 -0.36487562912374394 0.6227738199179356 0.4047461364358074
-0.2815765659458778 0.2625441263932286 0.09089666482078623 0.36487562912374394 0.5614259608680933 0.4047461364358074 -0.6227738199179356
-0.26146079348338663 0.3165345442016078 0.0908966648217657 -0.13898207067687943 0.6549941364510142 -0.15416885096865493 -0.7265663291373761
-0.29178738392156933 0.34256221491163724 0.10486333005463226 -0.4288651466354804 0.497736227780526 -0.4920939873110947 -0.5711189378828272
-0.25554889524134905 0.2928707168282892 0.10486333005547632 0.04869920987754433 0.6552061155263992 0.05587907727357721 -0.751805069055246
-0.3052403933241818 0.25663222814865494 0.10486333005463226 0.49773622778052595 0.42886514663548037 0.5711189378828272 -0.49209398731109466
-0.3414788820044021 0.30632372623200294 0.10486333005547632 0.6552061155263992 -0.048699209877544364 0.751805069055246 0.05587907727357725
-0.30978334866818624 0.3407223469638509 0.1010366701820617 0.5761000273080332 -0.431789406110792 0.5553498046828975 0.4162370259177342
-0.2872444285775649 0.2584720960964413 0.1010366701820617 0.4317894061107919 0.5761000273080332 0.41623702591773415 -0.5553498046828975
-0.25738876318974074 0.31086668157741265 0.10103667018201337 -0.10204301989012879 0.7126854528902407 -0.09836758960856967 -0.6870156363904213
-0.3396390140560104 0.2883277614828795 0.10103667018201337 0.7126854528902407 0.10204301989012875 0.6870156363904213 -0.09836758960856963
-0.28448717367216986 0.34020933214541715 0.10500333005532753 -0.4254431484099223 0.5662727207473002 -0.4240273601845771 -0.5643882803738948
-0.31254060357358127 0.258985110914875 0.10500333005532753 0.5662727207473002 0.4254431484099223 0.5643882803738948 -0.4240273601845771
-0.25790177801238545 0.28557050656294664 0.10500333005535173 0.0995815516065593 0.7012490152458153 0.09925016448656913 -0.6989154012080386
-0.33912599923336567 0.3136239364973455 0.10500333005535173 0.7012490152458153 -0.09958155160655933 0.6989154012080386 0.09925016448656918
-0.26071859644664347 0.3188643705565883 0.10489666339125422 -0.13898207067687943 0.6549941364510142 -0.15416885096865493 -0.7265663291373761
-0.33630918079910765 0.28033007250370384 0.10489666339125422 0.6549941364510142 0.1389820706768794 0.7265663291373761 -0.1541688509686549
-0.31778103765485377 0.33739251370380674 0.10489666339027476 0.5614259608680933 -0.36487562912374394 0.6227738199179356 0.4047461364358074
-0.27924673959089735 0.26180192935648544 0.10489666339027476 0.36487562912374394 0.5614259608680933 0.4047461364358074 -0.6227738199179356
-0.2766207219599038 0.3374742593104856 0.09491666547153281 -0.3458237008762764 0.5820131439452964 -0.3759499997933269 -0.6327149957465407
-0.3363909264055162 0.3214903881888991 0.0949166654715803 0.6560797252145908 -0.16701115531289187 0.7132338587281755 0.18156026802997757
-0.2606368508402349 0.27770405487139305 0.0949166654715803 0.16701115531289185 0.6560797252145908 0.18156026802997755 -0.7132338587281755
-0.32040705528584734 0.2617201837498066 0.09491666547153281 0.5820131439452964 0.34582370087627645 0.6327149957465407 -0.37594999979332694
-0.2950662747206276 0.3409976157423162 0.1050899967255299 -0.5045828960372719 0.5388841275444328 -0.4610414478409017 -0.4923827591214791
-0.30196150252512355 0.258196827317976 0.1050899967255299 0.5388841275444328 0.5045828960372719 0.4923827591214791 -0.4610414478409017
-0.257113494410876 0.29614960762562226 0.10508999672575814 0.024254634293036623 0.7378426083671986 0.022161654467788082 -0.6741727219818747
-0.3399142828348751 0.30304483543466987 0.10508999672575814 0.7378426083671986 -0.02425463429303667 0.6741727219818747 0.022161654467788124
-0.25790177801238545 0.28557050656294664 0.0910033314858632 0.0995815516065593 0.7012490152458153 0.09925016448656913 -0.6989154012080386
-0.28448717367216986 0.34020933214541715 0.091003331485839 -0.4254431484099223 0.5662727207473002 -0.4240273601845771 -0.5643882803738948
-0.33912599923336567 0.3136239364973455 0.0910033314858632 0.7012490152458153 -0.09958155160655933 0.6989154012080386 0.09925016448656918
-0.31254060357358127 0.258985110914875 0.091003331485839 0.5662727207473002 0.4254431484099223 0.5643882803738948 -0.4240273601845771
-0.25675471642600545 0.28552788924193223 0.08500333422767686 0.0995815516065593 0.7012490152458153 0.09925016448656913 -0.6989154012080386
-0.28444455635115545 0.34135639373179716 0.08500333422765266 -0.4254431484099223 0.5662727207473002 -0.4240273601845771 -0.5643882803738948
-0.31258322089459567 0.257838049328495 0.08500333422765266 0.5662727207473002 0.4254431484099223 0.5643882803738948 -0.4240273601845771
-0.3402730608197457 0.3136665538183599 0.08500333422767686 0.7012490152458153 -0.09958155160655933 0.6989154012080386 0.09925016448656918
-0.3271082647538422 0.26805271685738186 0.0708300023253965 0.5861146541459126 0.267338011893368 0.6958833812457442 -0.3174056069106358
-0.2725904874109985 0.3277546864686527 0.0708300023253965 -0.267338011893368 0.5861146541459126 -0.3174056069106358 -0.6958833812457442
-0.32970036089551297 0.3251625903264424 0.07083000232765047 0.6034821693331547 -0.2254091232217698 0.7165035159936338 0.26762419553191263
-0.26999839126932773 0.27064481299959214 0.07083000232765047 0.2254091232217698 0.6034821693331547 0.26762419553191263 -0.7165035159936338
-0.2700874829777106 0.3305875430977316 0.10107000352285794 -0.3019142511217425 0.6662190240915866 -0.2814707012774486 -0.6211072703087871
-0.3295042101807598 0.3280236271863022 0.10107000352355393 0.6845736023039355 -0.257602380556855 0.6382190022747785 0.2401593256474559
-0.2675235670649913 0.27117081587399 0.10107000352355393 0.257602380556855 0.6845736023039355 0.24015932564745585 -0.6382190022747785
-0.3269402942680405 0.26860689996256054 0.10107000352285794 0.6662190240915866 0.30191425112174247 0.6211072703087871 -0.2814707012774485
-0.3073715275958035 0.2577549710399666 0.0808633335713063 0.49773622778052595 0.42886514663548037 0.5711189378828272 -0.49209398731109466
-0.2566716381326607 0.2907395825566675 0.08086333357215036 0.04869920987754433 0.6552061155263992 0.05587907727357721 -0.751805069055246
-0.28965624964994763 0.3414394720203256 0.0808633335713063 -0.4288651466354804 0.497736227780526 -0.4920939873110947 -0.5711189378828272
-0.34035613911309043 0.30845486050362464 0.08086333357215036 0.6552061155263992 -0.048699209877544364 0.751805069055246 0.05587907727357725
-0.3321751850998494 0.32463658745204454 0.07507000298711212 0.6845736023039355 -0.257602380556855 0.6382190022747785 0.24015932564745587
-0.3265822618604565 0.265577892635887 0.07507000298641614 0.6662190240915866 0.3019142511217425 0.6211072703087871 -0.2814707012774486
-0.2731164903043842 0.33022951069014755 0.07507000298641614 -0.3019142511217425 0.6662190240915866 -0.2814707012774486 -0.6211072703087871
-0.2675235670649913 0.27117081587399 0.07507000298711212 0.257602380556855 0.6845736023039355 0.24015932564745585 -0.6382190022747785
-0.3317874052001349 0.27659860342911785 0.10098333684871458 0.6661893134861024 0.21876577569900282 0.6773865576441607 -0.22244276905020666
-0.26524037204561624 0.3225958396311743 0.10098333684871458 -0.21876577569900285 0.6661893134861024 -0.2224427690502067 -0.6773865576441607
-0.275515270532015 0.2663237049453999 0.10098333684880645 0.3163762217129313 0.6257577425816269 0.3216938418593374 -0.6362754168153727
-0.3215125067137361 0.33287073811489226 0.10098333684880645 0.6257577425816269 -0.3163762217129313 0.6362754168153727 0.32169384185933747
-0.2652164589184485 0.27588295732589757 0.10093000351609874 0.1969749223109529 0.652840623500824 0.21128144260284334 -0.7002572043894378
-0.3318113183273026 0.3233114857343946 0.10093000351609874 0.652840623500824 -0.19697492231095293 0.7002572043894378 0.2112814426028434
-0.2747996244255294 0.3328946512390686 0.10093000351506834 -0.32234573146872403 0.6009103332453556 -0.3457580792384794 -0.6445551577981256
-0.3222281528202217 0.26629979182122354 0.10093000351506834 0.6009103332453556 0.32234573146872403 0.6445551577981256 -0.3457580792384794
-0.33632741463005916 0.32015776838211024 0.06693000166835475 0.652840623500824 -0.1969749223109529 0.7002572043894378 0.21128144260284334
-0.2775953093702297 0.33438174021515155 0.06693000166732435 -0.32234573146872403 0.6009103332453556 -0.3457580792384794 -0.6445551577981256
-0.322103442794611 0.261425663110883 0.06693000166732435 0.6009103332453556 0.32234573146872403 0.6445551577981256 -0.3457580792384794
-0.26337133753478154 0.2756496349439243 0.06693000166835475 0.1969749223109529 0.652840623500824 0.21128144260284334 -0.7002572043894378
-0.2967898338110123 0.3378115032655964 0.06508999761959958 -0.5045828960372719 0.5388841275444328 -0.4610414478409017 -0.4923827591214791
-0.339757177684829 0.30096324393670115 0.06508999761982781 0.7378426083671986 -0.0242546342930366 0.6741727219818747 0.02216165446778806
-0.3029089183538284 0.25799590006043815 0.06508999761959958 0.5388841275444328 0.5045828960372719 0.4923827591214791 -0.4610414478409017
-0.2599415744800117 0.2948441593893334 0.06508999761982781 0.0242546342930366 0.7378426083671986 0.02216165446778806 -0.6741727219818747
-0.2573009461026017 0.2898221021707208 0.0708766689908674 0.07791574439606437 0.6574667063192892 0.08819872367126813 -0.7442362877471321
-0.29176777657842856 0.34045213164001153 0.07087666899076653 -0.409804412318807 0.5199939199036149 -0.4638886064118697 -0.588620444555372
-0.30793097558641214 0.255355271686023 0.07087666899076653 0.5199939199036149 0.40980441231880704 0.5886204445553719 -0.46388860641186974
-0.342397806062239 0.30598530115531375 0.0708766689908674 0.6574667063192892 -0.07791574439606437 0.7442362877471321 0.08819872367126813
-0.3074401313366868 0.2552372842916901 0.06487666428199959 0.5199939199036149 0.40980441231880704 0.5886204445553719 -0.46388860641186974
-0.2571829587082688 0.29031294642044614 0.06487666428210047 0.07791574439606437 0.6574667063192892 0.08819872367126813 -0.7442362877471321
-0.3425157934565719 0.3054944569055884 0.06487666428210047 0.6574667063192892 -0.07791574439606437 0.7442362877471321 0.08819872367126813
-0.2922586208281539 0.3405701190343444 0.06487666428199959 -0.409804412318807 0.5199939199036149 -0.4638886064118697 -0.588620444555372
-0.26538774442456065 0.27087367696346504 0.08105666690633559 0.22598105534501678 0.690844336000272 0.2135185537348252 -0.6527453510002845
-0.3272374331890948 0.266471077331471 0.08105666690602557 0.6482934511944481 0.32870797821454206 0.6125410813433918 -0.31058024705890164
-0.2697903440566563 0.33272336572882116 0.08105666690602557 -0.328707978214542 0.6482934511944481 -0.3105802470589016 -0.6125410813433918
-0.3316400328211905 0.3283207660968271 0.08105666690633559 0.690844336000272 -0.2259810553450168 0.6527453510002845 0.21351855373482523
-0.32086428251591936 0.26088029470027657 0.10091667018029975 0.5820131439452964 0.34582370087627645 0.6327149957465407 -0.37594999979332694
-0.33723081545504624 0.3219476154189711 0.10091667018034724 0.6560797252145908 -0.16701115531289187 0.7132338587281755 0.18156026802997757
-0.27616349472983176 0.3383141483600156 0.10091667018029975 -0.3458237008762764 0.5820131439452964 -0.3759499997933269 -0.6327149957465407
-0.2597969617907049 0.277246827641321 0.10091667018034724 0.16701115531289185 0.6560797252145908 0.18156026802997755 -0.7132338587281755
-0.3029089183538284 0.2559958960073223 0.055089999705762144 0.5388841275444328 0.5045828960372719 0.4923827591214791 -0.4610414478409017
-0.25794157042689586 0.2948441593893334 0.05508999970599038 0.0242546342930366 0.7378426083671986 0.02216165446778806 -0.6741727219818747
-0.34175718173794484 0.30096324393670115 0.05508999970599038 0.7378426083671986 -0.0242546342930366 0.6741727219818747 0.02216165446778806
-0.2967898338110123 0.33981150731871224 0.055089999705762144 -0.5045828960372719 0.5388841275444328 -0.4610414478409017 -0.4923827591214791
-0.2637726671674043 0.27288828415455085 0.10105667018459105 0.22598105534501678 0.690844336000272 0.2135185537348252 -0.6527453510002845
-0.33325511007834685 0.3263061589057413 0.10105667018459105 0.690844336000272 -0.2259810553450168 0.6527453510002845 0.21351855373482523
-0.2718049512477421 0.33433844298597754 0.10105667018428104 -0.328707978214542 0.6482934511944481 -0.3105802470589016 -0.6125410813433918
-0.325222825998009 0.26485600007431465 0.10105667018428104 0.6482934511944481 0.32870797821454206 0.6125410813433918 -0.31058024705890164
-0.28493247699381163 0.3365951912069034 0.07101666899329631 -0.40290931862948665 0.5882154497453357 -0.39624920083756526 -0.5784922095223117
-0.3385408656267956 0.3128206007503583 0.07101666899341115 0.7008310448445031 -0.13103122145948312 0.6892462612199548 0.12886526676848187
-0.31476627517102906 0.25921221211913115 0.07101666899329631 0.5882154497453357 0.40290931862948665 0.5784922095223117 -0.39624920083756526
-0.2611578865380451 0.28298680257567627 0.07101666899341115 0.13103122145948312 0.7008310448445031 0.12886526676848187 -0.6892462612199548
-0.2739749789298169 0.3304452406082873 0.07105666899218814 -0.32870797821454206 0.6482934511944481 -0.31058024705890164 -0.6125410813433918
-0.33239091502733026 0.3237780988160825 0.07105666899249816 0.690844336000272 -0.22598105534501678 0.6527453510002845 0.2135185537348252
-0.3257237732350238 0.26536216271774726 0.07105666899218814 0.6482934511944481 0.32870797821454206 0.6125410813433918 -0.31058024705890164
-0.26730783713751044 0.27202930450995205 0.07105666899249816 0.22598105534501678 0.690844336000272 0.2135185537348252 -0.6527453510002845
-0.32554929350669226 0.33144665365065007 0.07097000232574836 0.6346544310011053 -0.28672940866655855 0.6539884242613058 0.2954642793107205
-0.33339232806291025 0.272203784230644 0.07097000232557216 0.6515167596248854 0.24602014637706326 0.6713644438936767 -0.25351485751299047
-0.26630642410193045 0.32360361909539054 0.07097000232557216 -0.24602014637706332 0.6515167596248855 -0.2535148575129905 -0.6713644438936768
-0.27414945865814844 0.2643607496753845 0.07097000232574836 0.28672940866655855 0.6346544310011053 0.2954642793107205 -0.6539884242613058
-0.3186161285304794 0.33702141518543516 0.09489666547643733 0.5614259608680933 -0.36487562912374394 0.6227738199179356 0.4047461364358074
-0.3359380822807361 0.27949498162807823 0.09489666547741679 0.6549941364510142 0.1389820706768794 0.7265663291373761 -0.1541688509686549
-0.27841164871527174 0.262173027874857 0.09489666547643733 0.36487562912374394 0.5614259608680933 0.4047461364358074 -0.6227738199179356
-0.26108969496501505 0.3196994614322139 0.09489666547741679 -0.13898207067687943 0.6549941364510142 -0.15416885096865493 -0.7265663291373761
-0.29695127632356405 0.25181373854556155 0.07083666899842353 0.45120249696435377 0.46341087994815766 0.5320437478371383 -0.5464394874697638
-0.25375941296540133 0.3008018014388432 0.07083666899852255 -0.00863263581293975 0.646729320944723 -0.010179331847705139 -0.762602808959181
-0.34593933919943937 0.2950056018871913 0.07083666899852255 0.646729320944723 0.00863263581293975 0.762602808959181 -0.010179331847705139
-0.30274747584127665 0.343993664780473 0.07083666899842353 0.4634108799481577 -0.4512024969643538 0.5464394874697639 0.5320437478371384
-0.3356990058866411 0.32192448881679825 0.10591666541197566 0.6560797252145908 -0.16701115531289187 0.7132338587281755 0.18156026802997757
-0.3208411559137465 0.2624121042686817 0.10591666541192817 0.5820131439452964 0.34582370087627645 0.6327149957465407 -0.37594999979332694
-0.26132877135911003 0.2772699542434939 0.10591666541197566 0.16701115531289185 0.6560797252145908 0.18156026802997755 -0.7132338587281755
-0.2761866213320046 0.33678233879161046 0.10591666541192817 -0.3458237008762764 0.5820131439452964 -0.3759499997933269 -0.6327149957465407
-0.2778522433279305 0.33523351209712193 0.08091666690204428 -0.3458237008762764 0.5820131439452964 -0.3759499997933269 -0.6327149957465407
-0.26287759805359856 0.2789355762394198 0.08091666690209177 0.16701115531289185 0.6560797252145908 0.18156026802997755 -0.7132338587281755
-0.33415017919215256 0.32025886682087235 0.08091666690209177 0.6560797252145908 -0.16701115531289187 0.7132338587281755 0.18156026802997757
-0.3191755339178206 0.26396093096317025 0.08091666690204428 0.5820131439452964 0.34582370087627645 0.6327149957465407 -0.37594999979332694
-0.2630943153354313 0.2834922593980557 0.09294333553716927 0.22696084266874417 0.6481939846942419 0.24020793444190758 -0.6860273189403222
-0.28240892649103705 0.33501679481782226 0.09294333553759625 -0.29785681130439723 0.6188279131323768 -0.31524191007041363 -0.6549472284260477
-0.3339334619103198 0.3157021836622364 0.09294333553716927 0.648193984694242 -0.22696084266874417 0.6860273189403223 0.2402079344419076
-0.3146188507547141 0.2641776482424699 0.09294333553759625 0.6188279131323768 0.29785681130439723 0.6549472284260477 -0.31524191007041363
-0.32636240737713634 0.33407478993888673 0.09496999880907432 0.6346544310011053 -0.2867294086665586 0.6539884242613058 0.29546427931072056
-0.33299145702447336 0.2717487027677839 0.09496999880889812 0.6515167596248854 0.24602014637706326 0.6713644438936767 -0.25351485751299047
-0.2706653698686148 0.2651196531214054 0.09496999880907432 0.28672940866655855 0.6346544310011053 0.2954642793107205 -0.6539884242613058
-0.26403632022127776 0.3274457402925083 0.09496999880889812 -0.24602014637706326 0.6515167596248855 -0.2535148575129905 -0.6713644438936768
-0.26105359844651443 0.3235227797455733 0.09510999881328538 -0.2160156181262999 0.7129777383724227 -0.19342769941605428 -0.6384244061824943
-0.27458833041815184 0.2621369313464899 0.09510999881213 0.351405288866214 0.6568974996666519 0.3146601933999857 -0.588208262929073
-0.3359741787992367 0.2756716633147189 0.09510999881328538 0.7129777383724227 0.21601561812629994 0.6384244061824943 -0.19342769941605434
-0.3224394468275993 0.3370575117138022 0.09510999881213 0.6568974996666519 -0.3514052888662141 0.588208262929073 0.31466019339998574
-0.33819675597661014 0.31860352162508604 0.10514333005385952 0.7397997045907044 -0.15608671674744967 0.6403739484152051 0.1351093636045561
-0.2795075885351122 0.33928008888709416 0.10514333005358163 -0.4127474143831778 0.6334873620195967 -0.35727601649596186 -0.548349507265422
-0.258831021269141 0.2805909214352061 0.10514333005385952 0.15608671674744964 0.7397997045907045 0.13510936360455608 -0.6403739484152051
-0.3175201887106389 0.259914354173198 0.10514333005358163 0.6334873620195967 0.4127474143831778 0.548349507265422 -0.35727601649596186
-0.301978758069786 0.255934682037138 0.0750900029840176 0.5388841275444328 0.5045828960372719 0.4923827591214791 -0.4610414478409017
-0.34181839570812916 0.3000330836526588 0.07509000298424584 0.7378426083671986 -0.0242546342930366 0.6741727219818747 0.02216165446778806
-0.25788035645671153 0.29577431967337575 0.07509000298424584 0.0242546342930366 0.7378426083671986 0.02216165446778806 -0.6741727219818747
-0.2977199940950547 0.33987272128889656 0.0750900029840176 -0.5045828960372719 0.5388841275444328 -0.4610414478409017 -0.4923827591214791
-0.3017379016936012 0.33773767818214123 0.05494999970177978 0.5036301369757978 -0.4704855842969475 0.5294739009873172 0.49462853564242726
-0.2979608504712395 0.2580697251438933 0.05494999970177978 0.4704855842969475 0.5036301369757978 0.49462853564242726 -0.5294739009873172
-0.2600153995629693 0.29979222726940813 0.05494999970179442 -0.023436736668234606 0.6888038322216019 -0.02463939200379802 -0.7241497776377911
-0.3396833526018714 0.2960151760566264 0.05494999970179442 0.6888038322216019 0.023436736668234606 0.7241497776377911 -0.02463939200379802
-0.33144931913001585 0.3232971565111286 0.09094333148405342 0.648193984694242 -0.22696084266874417 0.6860273189403223 0.2402079344419076
-0.27481395364214484 0.3325326520375183 0.0909433314844804 -0.29785681130439723 0.6188279131323768 -0.31524191007041363 -0.6549472284260477
-0.3222138236036063 0.2666617910227739 0.0909433314844804 0.6188279131323768 0.29785681130439723 0.6549472284260477 -0.31524191007041363
-0.26557845811573527 0.2758972865491635 0.09094333148405342 0.22696084266874417 0.6481939846942419 0.24020793444190758 -0.6860273189403222
-0.29906692677451163 0.34112471791639887 0.08495000089387267 0.5036301369757978 -0.4704855842969475 0.5294739009873172 0.49462853564242726
-0.2979608504712395 0.2580697251438933 0.08495000089387267 0.4704855842969475 0.5036301369757978 0.49462853564242726 -0.5294739009873172
-0.25698639223629577 0.30015025967699216 0.08495000089388731 -0.02343673666823459 0.6888038322216019 -0.024639392003798003 -0.7241497776377911
-0.34004138500945535 0.29904418338329997 0.08495000089388731 0.6888038322216019 0.023436736668234544 0.7241497776377911 -0.024639392003797958
-0.26686665926111375 0.32913556191047977 0.08695666416268251 -0.2723997951508575 0.6357135240346595 -0.284470998068985 -0.6638847175668687
-0.3301611179846374 0.27005888114981236 0.08695666416268251 0.6357135240346594 0.2723997951508575 0.6638847175668686 -0.284470998068985
-0.2689755482479536 0.26794999216269083 0.08695666416288271 0.25690160429116593 0.642133084999924 0.26828601617929443 -0.670588756529476
-0.3280522289977975 0.33124445089760135 0.08695666416288271 0.642133084999924 -0.2569016042911659 0.670588756529476 0.2682860161792944
-0.2824360371682062 0.3371596046970222 0.1010166701853892 -0.40290931862948665 0.5882154497453357 -0.39624920083756526 -0.5784922095223117
-0.3145917400775449 0.2620348383632699 0.1010166701853892 0.5882154497453358 0.40290931862948653 0.5784922095223118 -0.39624920083756515
-0.3360762717902408 0.3156750729835478 0.10101667018550405 0.7008310448445031 -0.13103122145948318 0.6892462612199548 0.12886526676848192
-0.2609515054555103 0.2835193700767444 0.10101667018550405 0.13103122145948312 0.7008310448445031 0.12886526676848187 -0.6892462612199548
-0.2596670998212243 0.3006796808254689 0.06095000068527106 -0.023436736668234606 0.6888038322216019 -0.02463939200379802 -0.7241497776377911
-0.3400316523436164 0.2951277225005656 0.06095000068527106 0.6888038322216019 0.023436736668234606 0.7241497776377911 -0.02463939200379802
-0.302625355249662 0.3380859779238862 0.06095000068525642 0.5036301369757978 -0.4704855842969475 0.5294739009873172 0.49462853564242726
-0.2970733969151787 0.2577214254021483 0.06095000068525642 0.4704855842969475 0.5036301369757978 0.49462853564242726 -0.5294739009873172
-0.2673903303762217 0.3249389631238478 0.10508333005662049 -0.27416724829968275 0.683007311379428 -0.2521971878889972 -0.6282753464707231
-0.2731721470244702 0.2684736632879955 0.10508333005663628 0.2890935783515853 0.6768246230758339 0.2659274145792382 -0.6225881003756283
-0.32963744686952945 0.2742554799364444 0.10508333005662049 0.683007311379428 0.2741672482996827 0.6282753464707231 -0.25219718788899714
-0.32385563022128094 0.33072077977229664 0.10508333005663628 0.6768246230758339 -0.2890935783515852 0.6225881003756283 0.2659274145792382
-0.3309119832573657 0.32546456020909614 0.10494333005354195 0.648193984694242 -0.22696084266874417 0.6860273189403223 0.2402079344419076
-0.2726465499441773 0.33199531616486816 0.10494333005396893 -0.29785681130439723 0.6188279131323768 -0.31524191007041363 -0.6549472284260477
-0.2661157939883854 0.273729882851196 0.10494333005354195 0.22696084266874417 0.6481939846942419 0.24020793444190758 -0.6860273189403222
-0.3243812273015738 0.267199126895424 0.10494333005396893 0.6188279131323768 0.29785681130439723 0.6549472284260477 -0.31524191007041363
-0.3286361611508464 0.32771596061755726 0.09508333214279885 0.6768246230758339 -0.2890935783515852 0.6225881003756283 0.2659274145792382
-0.27039514953096105 0.3297194940534132 0.09508333214278306 -0.27416724829968275 0.683007311379428 -0.2521971878889972 -0.6282753464707231
-0.32663262771479007 0.26947494900687896 0.09508333214278306 0.683007311379428 0.2741672482996827 0.6282753464707231 -0.25219718788899714
-0.26839161609490475 0.27147848244273487 0.09508333214279885 0.2890935783515853 0.6768246230758339 0.2659274145792382 -0.6225881003756283
-0.34204535750185205 0.3030534781081623 0.08509000089808327 0.7378426083671986 -0.02425463429303667 0.6741727219818747 0.022161654467788124
-0.25498241974389907 0.2961409649521298 0.08509000089808327 0.024254634293036623 0.7378426083671986 0.022161654467788082 -0.6741727219818747
-0.29505763204713514 0.3431286904092931 0.08509000089785504 -0.5045828960372719 0.5388841275444328 -0.4610414478409017 -0.4923827591214791
-0.301970145198616 0.25606575265099907 0.08509000089785504 0.5388841275444328 0.5045828960372719 0.4923827591214791 -0.4610414478409017
-0.33273502535997307 0.27060560475401463 0.08095666690449617 0.6357135240346594 0.2723997951508575 0.6638847175668686 -0.284470998068985
-0.2695222718521559 0.26537608478735514 0.08095666690469637 0.25690160429116593 0.642133084999924 0.26828601617929443 -0.670588756529476
-0.26429275188577805 0.3285888383062775 0.08095666690449617 -0.2723997951508575 0.6357135240346595 -0.284470998068985 -0.6638847175668687
-0.32750550539359524 0.33381835827293704 0.08095666690469637 0.642133084999924 -0.2569016042911659 0.670588756529476 0.2682860161792944
-0.3006397141912489 0.2589965503116125 0.09496333214012247 0.495512322534034 0.48593642004341575 0.5140267648262394 -0.5040930657473742
-0.2963880630545022 0.3401978927486796 0.09496333214012247 -0.48593642004341575 0.49551232253403393 -0.5040930657473741 -0.5140267648262393
-0.25791321740423717 0.2974713959671677 0.09496333214010944 0.006771183805255241 0.6939890612762152 0.0070241839420351745 -0.7199194362835203
-0.33911455984151395 0.3017230470931245 0.09496333214010944 0.6939890612762152 -0.006771183805255283 0.7199194362835203 0.007024183942035219
-0.34029404690018944 0.3142761094592271 0.1011300035226759 0.7415585932007591 -0.12284484462540275 0.6506776263623609 0.1077897191318152
-0.2838350006828591 0.3413773798039074 0.10113000352142819 -0.43749668392028235 0.6112255344272093 -0.38387971737648996 -0.5363174062156433
-0.2567337303455617 0.28491833360106505 0.1011300035226759 0.12284484462540282 0.7415585932007591 0.10778971913181526 -0.6506776263623609
-0.313192776562892 0.2578170632563847 0.10113000352142819 0.6112255344272092 0.43749668392028235 0.5363174062156432 -0.38387971737648996
-0.3260905096997977 0.26456337970113386 0.10094333684889843 0.6188279131323768 0.29785681130439723 0.6549472284260477 -0.31524191007041363
-0.33354773045165587 0.32717384260732 0.10094333684847145 0.648193984694242 -0.22696084266874417 0.6860273189403223 0.2402079344419076
-0.27093726754595343 0.3346310633591583 0.10094333684889843 -0.29785681130439723 0.6188279131323768 -0.31524191007041363 -0.6549472284260477
-0.26348004679409526 0.2720206004529721 0.10094333684847145 0.22696084266874417 0.6481939846942419 0.24020793444190758 -0.6860273189403222
-0.2701102769903705 0.2684191986913525 0.10484333005448586 0.253611283226268 0.5977859009637061 0.2970113510668588 -0.7000839885090754
-0.32691750025538063 0.3307752443689397 0.10484333005448586 0.5977859009637061 -0.2536112832262681 0.7000839885090754 0.29701135106685883
-0.2673358657839646 0.3280008331627406 0.10484333005540994 -0.2433682062821819 0.6020287227397851 -0.2850153950796226 -0.7050528758432967
-0.3296919114617865 0.27119360989755154 0.10484333005540994 0.6020287227397851 0.2433682062821819 0.7050528758432967 -0.2850153950796226
-0.2636354491828409 0.3269906588296482 0.10097000351766505 -0.24602014637706326 0.6515167596248855 -0.2535148575129905 -0.6713644438936768
-0.33339232806291025 0.272203784230644 0.10097000351766505 0.6515167596248854 0.24602014637706326 0.6713644438936767 -0.25351485751299047
-0.32590732591427624 0.3344756609773236 0.10097000351784126 0.6346544310011053 -0.2867294086665586 0.6539884242613058 0.29546427931072056
-0.2711204513314749 0.2647187820829685 0.10097000351784126 0.28672940866655855 0.6346544310011053 0.2954642793107205 -0.6539884242613058
-0.3204604337682486 0.26485863130902876 0.10094333684889843 0.6188279131323768 0.29785681130439723 0.6549472284260477 -0.31524191007041363
-0.2765673434775025 0.3343358117512634 0.10094333684889843 -0.29785681130439723 0.6188279131323768 -0.31524191007041363 -0.6549472284260477
-0.33325247884376097 0.32154376667577095 0.10094333684847145 0.648193984694242 -0.22696084266874417 0.6860273189403223 0.2402079344419076
-0.26377529840199015 0.2776506763845212 0.10094333684847145 0.22696084266874417 0.6481939846942419 0.24020793444190758 -0.6860273189403222
-0.29150396905463954 0.3402586894863505 0.1009633368488894 -0.48593642004341575 0.49551232253403393 -0.5040930657473741 -0.5140267648262393
-0.2578524206665663 0.29258730196730504 0.10096333684887637 0.006771183805255241 0.6939890612762152 0.0070241839420351745 -0.7199194362835203
-0.3055238081911116 0.2589357535739416 0.1009633368488894 0.495512322534034 0.48593642004341575 0.5140267648262394 -0.5040930657473742
-0.33917535657918485 0.30660714109298715 0.10096333684887637 0.6939890612762152 -0.006771183805255283 0.7199194362835203 0.007024183942035219
-0.27708193902313044 0.261470504506838 0.07111000232880405 0.351405288866214 0.6568974996666519 0.3146601933999857 -0.588208262929073
-0.32261681314171026 0.33433689881919654 0.07111000232880405 0.6568974996666518 -0.351405288866214 0.588208262929073 0.3146601933999857
-0.33628257323130456 0.2751362645930239 0.07111000232995943 0.7129777383724227 0.21601561812629994 0.6384244061824943 -0.19342769941605434
-0.26341617893353614 0.3206711387330106 0.07111000232995943 -0.21601561812629988 0.7129777383724226 -0.19342769941605428 -0.6384244061824942
-0.26718882416565976 0.2727155470427257 0.10108333685156579 0.2890935783515853 0.6768246230758339 0.2659274145792382 -0.6225881003756283
-0.32983895308009137 0.3264788960175664 0.10108333685156579 0.6768246230758339 -0.2890935783515852 0.6225881003756283 0.2659274145792382
-0.3253955631147992 0.26827215707763397 0.10108333685154999 0.683007311379428 0.2741672482996827 0.6282753464707231 -0.25219718788899714
-0.2716322141309519 0.3309222859826582 0.10108333685154999 -0.27416724829968275 0.683007311379428 -0.2521971878889972 -0.6282753464707231
-0.26560976583090223 0.3253252876419291 0.07085666899281942 -0.21850055724160486 0.616920449170107 -0.25242539530359726 -0.7127047675487265
-0.27242779011005175 0.26366409140605773 0.07085666899357934 0.2817254102078979 0.5907318577343603 0.32546666794829615 -0.6824500813653237
-0.32727096205478895 0.3321433119199768 0.07085666899357934 0.5907318577343603 -0.2817254102078979 0.6824500813653237 0.32546666794829615
-0.33408898633393846 0.27048211568410546 0.07085666899281942 0.616920449170107 0.21850055724160486 0.7127047675487265 -0.25242539530359726
-0.32836643582111585 0.33049580973606263 0.06285666768227716 0.5907318577343603 -0.2817254102078979 0.6824500813653237 0.32546666794829615
-0.3324414841500243 0.26938664191777856 0.06285666768151724 0.616920449170107 0.21850055724160486 0.7127047675487265 -0.25242539530359726
-0.2672572680148164 0.326420761408256 0.06285666768151724 -0.21850055724160486 0.616920449170107 -0.25242539530359726 -0.7127047675487265
-0.27133231634372484 0.2653115935899719 0.06285666768227716 0.2817254102078979 0.5907318577343603 0.32546666794829615 -0.6824500813653237
-0.3312835373355261 0.27591416329316204 0.09498333213994764 0.6661893134861024 0.21876577569900282 0.6773865576441607 -0.22244276905020666
-0.2748308303960592 0.2668275728100087 0.09498333214003951 0.3163762217129313 0.6257577425816269 0.3216938418593374 -0.6362754168153727
-0.265744239910225 0.3232802797671301 0.09498333213994764 -0.21876577569900285 0.6661893134861024 -0.2224427690502067 -0.6773865576441607
-0.3221969468496919 0.3323668702502835 0.09498333214003951 0.6257577425816269 -0.3163762217129313 0.6362754168153727 0.32169384185933747
-0.31337840985553006 0.3407113821808637 0.08502333422876315 0.5906059918864218 -0.4035482990852503 0.5769822735860837 0.3942395066716312
-0.28364936739022106 0.2584830608794284 0.08502333422876315 0.40354829908525025 0.5906059918864218 0.39423950667163116 -0.5769822735860837
-0.33962804926986623 0.28473270028795783 0.08502333422906724 0.7029732401097976 0.13226976672058838 0.6867575060968929 -0.12921865314570583
-0.2573997279758849 0.31446174277233435 0.08502333422906724 -0.13226976672058835 0.7029732401097976 -0.12921865314570577 -0.6867575060968929
-0.27497483673719786 0.26321026198728276 0.10111000352089694 0.351405288866214 0.6568974996666519 0.3146601933999857 -0.588208262929073
-0.2621269290873073 0.3231362734265273 0.10111000352205232 -0.2160156181262999 0.7129777383724227 -0.19342769941605428 -0.6384244061824943
-0.33490084815844384 0.2760581696337649 0.10111000352205232 0.7129777383724227 0.21601561812629994 0.6384244061824943 -0.19342769941605434
-0.32205294050855326 0.33598418107300937 0.10111000352089694 0.6568974996666519 -0.3514052888662141 0.588208262929073 0.31466019339998574
-0.33700813602151986 0.2733929556157804 0.06499666428239238 0.6796850493220719 0.19068709189963817 0.6819544548634888 -0.19132377845619059
-0.26269061614332084 0.3224144477102541 0.06499666428239238 -0.1906870918996382 0.6796850493220719 -0.1913237784561906 -0.6819544548634889
-0.27533863002740644 0.26074494172865426 0.06499666428241334 0.3457737688757669 0.6154460447976028 0.3469282755362171 -0.6175009622129359
-0.32436012213743426 0.3350624615973803 0.06499666428241334 0.6154460447976028 -0.3457737688757669 0.6175009622129359 0.3469282755362171
-0.2650527306231538 0.3251067472118601 0.10485666338998281 -0.21850055724160486 0.616920449170107 -0.25242539530359726 -0.7127047675487265
-0.3319750466225973 0.27408769584843207 0.10485666338998281 0.616920449170107 0.2185005572416048 0.7127047675487265 -0.25242539530359726
-0.2730043629477047 0.26613606352498287 0.10485666339074273 0.2817254102078978 0.5907318577343602 0.32546666794829615 -0.6824500813653236
-0.32402341429804643 0.33305837953530926 0.10485666339074273 0.5907318577343603 -0.2817254102078979 0.6824500813653237 0.32546666794829615
-0.31442824749846227 0.25799159567958063 0.10090333685436971 0.562190504530109 0.36825060144420313 0.6194365220867336 -0.40574835336357906
-0.2569082627726649 0.2836828626538417 0.10090333685397365 0.13713622133310813 0.6579212152289095 0.15110035294852722 -0.7249151775821929
-0.28259952974728886 0.3412028473807115 0.10090333685436971 -0.368250601444203 0.5621905045301091 -0.405748353363579 -0.6194365220867337
-0.34011951447308625 0.3155115804064505 0.10090333685397365 0.6579212152289095 -0.1371362213331081 0.7249151775821929 0.15110035294852717
-0.3046298123394824 0.34039749803781477 0.06093666734615876 0.5200454858231928 -0.44484381869100154 0.5540940862335666 0.47396878931878605
-0.2573555797072843 0.30268413791791965 0.060936667346156374 -0.05317560798556875 0.6822797703778444 -0.056657140053172524 -0.7269502308476945
-0.3423431724575564 0.2931232654081149 0.060936667346156374 0.6822797703778444 0.05317560798556875 0.7269502308476945 -0.056657140053172524
-0.2950689398253583 0.2554099052882198 0.06093666734615876 0.44484381869100154 0.5200454858231928 0.47396878931878605 -0.5540940862335666
-0.3077406480537411 0.3378297374589804 0.06516333093988906 0.5995519081915537 -0.47138537463660685 0.5084531467403363 0.3997608479233836
-0.33977541187711346 0.2900124296867828 0.06516333094033964 0.7572670150791347 0.09062742485505372 0.6422042738107009 -0.07685706497485878
-0.25992334028772723 0.30579497363925173 0.06516333094033964 -0.09062742485505372 0.7572670150791347 -0.07685706497485878 -0.6422042738107009
-0.2919581041110996 0.2579776658670542 0.06516333093988906 0.4713853746366069 0.5995519081915538 0.3997608479233837 -0.5084531467403364
-0.32871704165552934 0.3269762619777836 0.10485666339074273 0.5907318577343603 -0.2817254102078979 0.6824500813653237 0.32546666794829615
-0.27113484818067946 0.329800374569343 0.10485666338998281 -0.21850055724160486 0.616920449170107 -0.25242539530359726 -0.7127047675487265
-0.2683107355902218 0.2722181810825085 0.10485666339074273 0.2817254102078978 0.5907318577343602 0.32546666794829615 -0.6824500813653236
-0.32589292906507167 0.26939406849094916 0.10485666338998281 0.616920449170107 0.2185005572416048 0.7127047675487265 -0.25242539530359726
-0.3168617859353519 0.25982238214617914 0.09490333214560277 0.562190504530109 0.36825060144420313 0.6194365220867336 -0.40574835336357906
-0.2587390492392634 0.28124932421695203 0.09490333214520671 0.13713622133310813 0.6579212152289095 0.15110035294852722 -0.7249151775821929
-0.2801659913103992 0.339372060914113 0.09490333214560277 -0.368250601444203 0.5621905045301091 -0.405748353363579 -0.6194365220867337
-0.33828872800648774 0.31794511884334015 0.09490333214520671 0.6579212152289095 -0.1371362213331081 0.7249151775821929 0.15110035294852717
-0.33813970040025826 0.2779670458581663 0.07099666899115932 0.6796850493220719 0.19068709189963817 0.6819544548634888 -0.19132377845619059
-0.3197860318950484 0.3361940259761187 0.07099666899118028 0.6154460447976028 -0.3457737688757669 0.6175009622129359 0.3469282755362171
-0.2799127202697923 0.25961337734991585 0.07099666899118028 0.3457737688757669 0.6154460447976028 0.3469282755362171 -0.6175009622129359
-0.26155905176458244 0.31784035746786826 0.07099666899115932 -0.1906870918996382 0.6796850493220719 -0.1913237784561906 -0.6819544548634889
-0.3141858441759799 0.34090754106681953 0.10202333142734485 0.5906059918864218 -0.4035482990852503 0.5769822735860837 0.3942395066716312
-0.33982420815582204 0.283925265967508 0.10202333142764894 0.7029732401097976 0.13226976672058838 0.6867575060968929 -0.12921865314570583
-0.28284193306977123 0.2582869019934726 0.10202333142734485 0.40354829908525025 0.5906059918864218 0.39423950667163116 -0.5769822735860837
-0.2572035690899291 0.3152691770927842 0.10202333142764894 -0.13226976672058835 0.7029732401097976 -0.12921865314570577 -0.6867575060968929
-0.3022036633567698 0.2559660230664972 0.0749633363124476 0.49551232253403393 0.48593642004341575 0.5140267648262393 -0.5040930657473741
-0.3417870546790453 0.3002579889319717 0.07496333631243457 0.6939890612762152 -0.006771183805255241 0.7199194362835203 0.0070241839420351745
-0.2579116974857954 0.29554941439406285 0.07496333631243457 0.006771183805255241 0.6939890612762152 0.0070241839420351745 -0.7199194362835203
-0.2974950888080709 0.33984138025953736 0.0749633363124476 -0.48593642004341575 0.49551232253403393 -0.5040930657473741 -0.5140267648262393
-0.3156747234285433 0.33677506916212985 0.10499666338834367 0.6154460447976028 -0.3457737688757669 0.6175009622129359 0.3469282755362171
-0.3356917362595958 0.28243638673225546 0.10499666338832271 0.6796850493220719 0.19068709189963814 0.6819544548634888 -0.19132377845619056
-0.2813530538172078 0.2624193738981623 0.10499666338834367 0.3457737688757669 0.6154460447976027 0.3469282755362171 -0.6175009622129358
-0.2613360409861553 0.3167580563280367 0.10499666338832271 -0.1906870918996382 0.6796850493220719 -0.1913237784561906 -0.6819544548634889
-0.314541147463486 0.3418183000389875 0.0910233314869495 0.5906059918864218 -0.4035482990852503 0.5769822735860837 0.3942395066716312
-0.34073496712799 0.2835699626800019 0.09102333148725358 0.7029732401097976 0.13226976672058838 0.6867575060968929 -0.12921865314570583
-0.28248662978226513 0.2573761430213046 0.0910233314869495 0.40354829908525025 0.5906059918864218 0.39423950667163116 -0.5769822735860837
-0.2562928101177611 0.3156244803802903 0.09102333148725358 -0.13226976672058835 0.7029732401097976 -0.12921865314570577 -0.6867575060968929
-0.29651649975014854 0.3417442287416693 0.054963333034192145 -0.48593642004341575 0.49551232253403393 -0.5040930657473741 -0.5140267648262393
-0.30318225241469215 0.2540631745843652 0.054963333034192145 0.49551232253403393 0.48593642004341575 0.5140267648262393 -0.5040930657473741
-0.34368990316117726 0.30123657798989406 0.05496333303417911 0.6939890612762152 -0.006771183805255241 0.7199194362835203 0.0070241839420351745
-0.25600884900366344 0.2945708253361405 0.05496333303417911 0.006771183805255241 0.6939890612762152 0.0070241839420351745 -0.7199194362835203
-0.2557782828986975 0.3091116798926744 0.09116333147678145 -0.09062742485505366 0.7572670150791347 -0.07685706497485875 -0.6422042738107009
-0.28899943026526104 0.256861615804698 0.09116333147633086 0.4713853746366069 0.5995519081915538 0.3997608479233837 -0.5084531467403364
-0.3080283469804901 0.3423328272555941 0.09116333147633086 0.5995519081915537 -0.471385374636607 0.5084531467403363 0.39976084792338373
-0.34124949434705365 0.2900827631676178 0.09116333147678145 0.7572670150791347 0.09062742485505372 0.6422042738107009 -0.07685706497485878
-0.32126291643941896 0.3386700108720761 0.08087000024427925 0.5823187311838222 -0.30968515986852935 0.6636519162107795 0.35293927406768927
-0.33758667796528713 0.2768481937143829 0.0808700002439976 0.6307420002933433 0.19278104641136384 0.7188385244192531 -0.21970701632228934
-0.259441099280464 0.3223462493459092 0.0808700002439976 -0.19278104641136382 0.6307420002933433 -0.2197070163222893 -0.7188385244192531
-0.27576486080633217 0.2605244321882161 0.08087000024427925 0.3096851598685294 0.5823187311838222 0.3529392740676893 -0.6636519162107795
-0.340359494869717 0.2994212461582958 0.10498999672186458 0.700234981171117 -0.06834450383392908 0.7072726954159102 0.0690314005297052
-0.2986898639921945 0.34144282777648854 0.10498999672185853 -0.4468140407726327 0.5434677663168533 -0.4513047469578926 -0.5489298910756041
-0.2566682823760341 0.2997731969019964 0.10498999672186458 0.06834450383392911 0.700234981171117 0.06903140052970524 -0.7072726954159102
-0.29833791325355663 0.2577516152838036 0.10498999672185853 0.5434677663168533 0.44681404077263287 0.5489298910756042 -0.45130474695789274
-0.2573397705985163 0.27987093700419874 0.08090333357571819 0.13713622133310813 0.6579212152289095 0.15110035294852722 -0.7249151775821929
-0.3182401731481052 0.2584231035054321 0.08090333357611425 0.562190504530109 0.36825060144420313 0.6194365220867336 -0.40574835336357906
-0.3396880066472348 0.31932350605609344 0.08090333357571819 0.6579212152289095 -0.1371362213331081 0.7249151775821929 0.15110035294852717
-0.2787876040976459 0.34077133955486005 0.08090333357611425 -0.368250601444203 0.5621905045301091 -0.405748353363579 -0.6194365220867337
-0.338322118704327 0.29961096774261586 0.09498999880802715 0.700234981171117 -0.06834450383392908 0.7072726954159102 0.0690314005297052
-0.2985276348378767 0.2597889914491936 0.0949899988080211 0.5434677663168533 0.44681404077263287 0.5489298910756042 -0.45130474695789274
-0.25870565854142413 0.2995834753176763 0.09498999880802715 0.06834450383392911 0.700234981171117 0.06903140052970524 -0.7072726954159102
-0.2985001424078744 0.33940545161109853 0.0949899988080211 -0.4468140407726327 0.5434677663168533 -0.4513047469578926 -0.5489298910756041
-0.26645167577445134 0.274022338734589 0.05492999970140148 0.1969749223109529 0.652840623500824 0.21128144260284334 -0.7002572043894378
-0.33324707639038936 0.32178506459144557 0.05492999970140148 0.652840623500824 -0.1969749223109529 0.7002572043894378 0.21128144260284334
-0.32373073900394633 0.2645060013505528 0.05492999970037108 0.6009103332453556 0.32234573146872403 0.6445551577981256 -0.3457580792384794
-0.27596801316089437 0.33130140197548175 0.05492999970037108 -0.32234573146872403 0.6009103332453556 -0.3457580792384794 -0.6445551577981256
-0.34365891518865077 0.29276009430749844 0.100936670177377 0.6822797703778444 0.05317560798556875 0.7269502308476945 -0.056657140053172524
-0.25336886205710035 0.30643434875279374 0.100936670177377 -0.05317560798556871 0.6822797703778444 -0.05665714005317248 -0.7269502308476945
-0.2916767613980683 0.25445219496470944 0.1009366701773794 0.44484381869100154 0.5200454858231928 0.47396878931878605 -0.5540940862335666
-0.3053510158476828 0.3447422480955827 0.1009366701773794 0.5200454858231927 -0.4448438186910016 0.5540940862335665 0.47396878931878605
-0.2932271676156434 0.2542090676186706 0.09093666481296137 0.44484381869100154 0.5200454858231928 0.47396878931878605 -0.5540940862335666
-0.25312573471106153 0.30488394253521867 0.09093666481295896 -0.05317560798556871 0.6822797703778444 -0.05665714005317248 -0.7269502308476945
-0.30380060963010774 0.3449853754416215 0.09093666481296137 0.5200454858231927 -0.4448438186910016 0.5540940862335665 0.47396878931878605
-0.3439020425346896 0.2943105005250735 0.09093666481295896 0.6822797703778444 0.05317560798556875 0.7269502308476945 -0.056657140053172524
-0.3019444412973036 0.25567406558783495 0.08099000023853258 0.5434677663168533 0.44681404077263287 0.5489298910756042 -0.45130474695789274
-0.29508333594844754 0.3435203774724572 0.08099000023853258 -0.4468140407726327 0.5434677663168533 -0.4513047469578926 -0.5489298910756041
-0.2545907326800655 0.29616666885824944 0.08099000023853863 0.06834450383392911 0.700234981171117 0.06903140052970524 -0.7072726954159102
-0.34243704456568563 0.30302777420204274 0.08099000023853863 0.700234981171117 -0.06834450383392908 0.7072726954159102 0.0690314005297052
-0.31657602560731035 0.2615629469596165 0.10912999738214978 0.6112255344272092 0.43749668392028235 0.5363174062156432 -0.38387971737648996
-0.2604796140487935 0.2815350845566467 0.10912999738339749 0.12284484462540282 0.7415585932007591 0.10778971913181526 -0.6506776263623609
-0.33654816319695763 0.31765935850364546 0.10912999738339749 0.7415585932007591 -0.12284484462540275 0.6506776263623609 0.1077897191318152
-0.28045175163844077 0.3376314961006756 0.10912999738214978 -0.43749668392028235 0.6112255344272093 -0.38387971737648996 -0.5363174062156433
-0.2535244651896785 0.2915769621989324 0.09498999880802715 0.06834450383392911 0.700234981171117 0.06903140052970524 -0.7072726954159102
-0.3435033120560726 0.30761748086135976 0.09498999880802715 0.700234981171117 -0.06834450383392908 0.7072726954159102 0.0690314005297052
-0.3065341479566206 0.254607798097448 0.0949899988080211 0.5434677663168533 0.44681404077263287 0.5489298910756042 -0.45130474695789274
-0.29049362928913053 0.34458664496284414 0.0949899988080211 -0.4468140407726327 0.5434677663168533 -0.4513047469578926 -0.5489298910756041
-0.3435033120560726 0.30761748086135976 0.08499000089418972 0.700234981171117 -0.06834450383392908 0.7072726954159102 0.0690314005297052
-0.3065341479566206 0.254607798097448 0.08499000089418367 0.5434677663168533 0.44681404077263287 0.5489298910756042 -0.45130474695789274
-0.2535244651896785 0.2915769621989324 0.08499000089418972 0.06834450383392911 0.700234981171117 0.06903140052970524 -0.7072726954159102
-0.29049362928913053 0.34458664496284414 0.08499000089418367 -0.4468140407726327 0.5434677663168533 -0.4513047469578926 -0.5489298910756041
-0.26005935802449054 0.2829134708219072 0.10104333684942388 0.19429931138567036 0.6956395934461829 0.18605444163907858 -0.6661209187313175
-0.3151976393252865 0.2611426909282156 0.10104333684914261 0.6292818333293618 0.3545011149149251 0.6025789748389849 -0.3394582637787899
-0.3369684192212606 0.31628097223838497 0.10104333684942388 0.6956395934461829 -0.1942993113856703 0.6661209187313175 0.18605444163907853
-0.28183013792046463 0.3380517521320765 0.10104333684914261 -0.35450111491492503 0.6292818333293618 -0.33945826377878985 -0.6025789748389849
-0.3435033120560726 0.30761748086135976 0.10099000351679409 0.700234981171117 -0.06834450383392908 0.7072726954159102 0.0690314005297052
-0.3065341479566206 0.254607798097448 0.10099000351678804 0.5434677663168533 0.44681404077263287 0.5489298910756042 -0.45130474695789274
-0.2535244651896785 0.2915769621989324 0.10099000351679409 0.06834450383392911 0.700234981171117 0.06903140052970524 -0.7072726954159102
-0.29049362928913053 0.34458664496284414 0.10099000351678804 -0.4468140407726327 0.5434677663168533 -0.4513047469578926 -0.5489298910756041
-0.31115047198281415 0.33571647487981604 0.07503666964561989 0.5761000273080332 -0.431789406110792 0.5553498046828975 0.4162370259177342
-0.2620366028661915 0.30920479756536695 0.07503666964557157 -0.10204301989012882 0.7126854528902407 -0.09836758960856969 -0.6870156363904213
-0.3376621492986492 0.2866026057606676 0.07503666964557157 0.7126854528902407 0.10204301989012882 0.6870156363904213 -0.09836758960856969
-0.28854828018202655 0.2600909284462185 0.07503666964561989 0.4317894061107919 0.5761000273080332 0.41623702591773415 -0.5553498046828975
-0.3133294954766727 0.25751273196345514 0.09090333148995168 0.562190504530109 0.36825060144420313 0.6194365220867336 -0.40574835336357906
-0.34059837818921174 0.31441282838466095 0.09090333148955562 0.6579212152289095 -0.1371362213331081 0.7249151775821929 0.15110035294852717
-0.2836982817690784 0.341681711096837 0.09090333148995168 -0.368250601444203 0.5621905045301091 -0.405748353363579 -0.6194365220867337
-0.2564293990565394 0.28478161467563123 0.09090333148955562 0.13713622133310813 0.6579212152289095 0.15110035294852722 -0.7249151775821929
-0.2825045506603859 0.26213175165835007 0.06489666428434443 0.36487562912374394 0.5614259608680933 0.4047461364358074 -0.6227738199179356
-0.26407742607518164 0.31524852707951573 0.0648966642853239 -0.13898207067687945 0.6549941364510142 -0.15416885096865496 -0.7265663291373761
-0.3171942015044548 0.3336756516676845 0.06489666428434443 0.5614259608680933 -0.36487562912374394 0.6227738199179356 0.4047461364358074
-0.33562132608965906 0.2805588762465188 0.0648966642853239 0.6549941364510142 0.13898207067687945 0.7265663291373761 -0.15416885096865496
-0.2985276348378767 0.2597889914491936 0.08499000089418367 0.5434677663168533 0.44681404077263287 0.5489298910756042 -0.45130474695789274
-0.25870565854142413 0.2995834753176763 0.08499000089418972 0.06834450383392911 0.700234981171117 0.06903140052970524 -0.7072726954159102
-0.2985001424078744 0.33940545161109853 0.08499000089418367 -0.4468140407726327 0.5434677663168533 -0.4513047469578926 -0.5489298910756041
-0.338322118704327 0.29961096774261586 0.08499000089418972 0.700234981171117 -0.06834450383392908 0.7072726954159102 0.0690314005297052
-0.25755784772269696 0.2982250399781489 0.05107666571529373 -0.008003320717062912 0.7336683728644166 -0.007411546602616823 -0.6794201457808979
-0.30017071439334425 0.34019523002283264 0.05107666571529163 0.5244410831875262 -0.5131226800172349 0.4856633459144583 0.47518183882825077
-0.29952803777149645 0.2556121733032019 0.05107666571529163 0.5131226800172349 0.5244410831875264 0.4751818388282508 -0.4856633459144584
-0.34214090444214373 0.2975823633478856 0.05107666571529373 0.7336683728644166 0.008003320717062912 0.6794201457808979 -0.007411546602616823
-0.33413327516808466 0.3248655760250076 0.050943332378123096 0.648193984694242 -0.22696084266874417 0.6860273189403223 0.2402079344419076
-0.26556547699675603 0.27094182730102695 0.050943332378123096 0.22696084266874417 0.648193984694242 0.2402079344419076 -0.6860273189403223
-0.2728875017206818 0.33218760074891357 0.050943332378550074 -0.29785681130439723 0.6188279131323768 -0.31524191007041363 -0.6549472284260477
-0.3268112504441589 0.263619802577121 0.050943332378550074 0.6188279131323768 0.29785681130439723 0.6549472284260477 -0.31524191007041363
-0.31442824749846227 0.25799159567958063 0.08490333423176534 0.562190504530109 0.36825060144420313 0.6194365220867336 -0.40574835336357906
-0.28259952974728886 0.3412028473807115 0.08490333423176534 -0.368250601444203 0.5621905045301091 -0.405748353363579 -0.6194365220867337
-0.34011951447308625 0.3155115804064505 0.08490333423136928 0.6579212152289095 -0.1371362213331081 0.7249151775821929 0.15110035294852717
-0.2569082627726649 0.2836828626538417 0.08490333423136928 0.13713622133310813 0.6579212152289095 0.15110035294852722 -0.7249151775821929
-0.2976162187903258 0.2576539006076605 0.05907666702659382 0.5131226800172349 0.5244410831875264 0.4751818388282508 -0.4856633459144584
-0.2595995750271556 0.3001368589593196 0.05907666702659591 -0.008003320717062912 0.7336683728644166 -0.007411546602616823 -0.6794201457808979
-0.3020825333745149 0.338153502718374 0.05907666702659382 0.5244410831875262 -0.5131226800172349 0.4856633459144583 0.47518183882825077
-0.3400991771376851 0.29567054436671497 0.05907666702659591 0.7336683728644166 0.008003320717062912 0.6794201457808979 -0.007411546602616823
-0.3015071503966185 0.25365624688489746 0.06107666735441936 0.5131226800172349 0.5244410831875264 0.4751818388282508 -0.4856633459144584
-0.2556019213043925 0.29624592735302685 0.06107666735442146 -0.008003320717062912 0.7336683728644166 -0.007411546602616823 -0.6794201457808979
-0.2981916017682222 0.3421511564411371 0.06107666735441936 0.5244410831875262 -0.5131226800172349 0.4856633459144583 0.47518183882825077
-0.3440968308604482 0.2995614759730077 0.06107666735442146 0.7336683728644166 0.008003320717062912 0.6794201457808979 -0.007411546602616823
-0.2577950024527255 0.2803898790490396 0.06090333402275303 0.1371362213331081 0.6579212152289095 0.15110035294852717 -0.7249151775821929
-0.3419037497121152 0.31541752427699493 0.06090333402275303 0.6579212152289095 -0.1371362213331081 0.7249151775821929 0.15110035294852717
-0.28233555346916045 0.3399580752930669 0.06090333402314908 -0.36825060144420313 0.562190504530109 -0.40574835336357906 -0.6194365220867336
-0.31736319869568025 0.25584932803296767 0.06090333402314908 0.562190504530109 0.36825060144420313 0.6194365220867336 -0.40574835336357906
-0.2910299347740789 0.3409455873412945 0.06099000068556741 -0.44681404077263287 0.5434677663168533 -0.45130474695789274 -0.5489298910756042
-0.2568074904036442 0.28908426035720713 0.060990000685573455 0.06834450383392908 0.700234981171117 0.0690314005297052 -0.7072726954159102
-0.3086688173907618 0.25486181598474006 0.06099000068556741 0.5434677663168533 0.44681404077263287 0.5489298910756042 -0.45130474695789274
-0.3428912617611965 0.3067231429688274 0.060990000685573455 0.700234981171117 -0.06834450383392908 0.7072726954159102 0.0690314005297052
-0.327574141080439 0.33151761216144715 0.05085666571532388 0.5907318577343603 -0.2817254102078979 0.6824500813653237 0.32546666794829615
-0.3334632865754088 0.27017893665845544 0.05085666571456396 0.616920449170107 0.21850055724160486 0.7127047675487265 -0.25242539530359726
-0.2662354655894319 0.3256284666675791 0.05085666571456396 -0.21850055724160486 0.616920449170107 -0.25242539530359726 -0.7127047675487265
-0.2721246110844017 0.2642897911645874 0.05085666571532388 0.2817254102078979 0.5907318577343603 0.32546666794829615 -0.6824500813653237
-0.33813970040025826 0.2779670458581663 0.05499666636855495 0.6796850493220719 0.19068709189963817 0.6819544548634888 -0.19132377845619059
-0.26155905176458244 0.31784035746786826 0.05499666636855495 -0.1906870918996382 0.6796850493220719 -0.1913237784561906 -0.6819544548634889
-0.2799127202697923 0.25961337734991585 0.054996666368575906 0.3457737688757669 0.6154460447976028 0.3469282755362171 -0.6175009622129359
-0.3197860318950484 0.3361940259761187 0.054996666368575906 0.6154460447976028 -0.3457737688757669 0.6175009622129359 0.3469282755362171
